de	para	tipo	origem
br.com.sawcunhaos.security.grpc.proto.AuthorityProto	com.google.protobuf.Descriptors	externo	protobuf-java-4.34.2.jar
br.com.sawcunhaos.security.grpc.proto.AuthorityProto	com.google.protobuf.Descriptors$Descriptor	externo	protobuf-java-4.34.2.jar
br.com.sawcunhaos.security.grpc.proto.AuthorityProto	com.google.protobuf.Descriptors$FileDescriptor	externo	protobuf-java-4.34.2.jar
br.com.sawcunhaos.security.grpc.proto.AuthorityProto	com.google.protobuf.ExtensionRegistry	externo	protobuf-java-4.34.2.jar
br.com.sawcunhaos.security.grpc.proto.AuthorityProto	com.google.protobuf.ExtensionRegistryLite	externo	protobuf-java-4.34.2.jar
br.com.sawcunhaos.security.grpc.proto.AuthorityProto	com.google.protobuf.GeneratedFile	externo	protobuf-java-4.34.2.jar
br.com.sawcunhaos.security.grpc.proto.AuthorityProto	com.google.protobuf.GeneratedMessage	externo	protobuf-java-4.34.2.jar
br.com.sawcunhaos.security.grpc.proto.AuthorityProto	com.google.protobuf.GeneratedMessage$FieldAccessorTable	externo	protobuf-java-4.34.2.jar
br.com.sawcunhaos.security.grpc.proto.AuthorityProto	com.google.protobuf.RuntimeVersion	externo	protobuf-java-4.34.2.jar
br.com.sawcunhaos.security.grpc.proto.AuthorityProto	com.google.protobuf.RuntimeVersion$RuntimeDomain	externo	protobuf-java-4.34.2.jar
br.com.sawcunhaos.security.grpc.proto.AuthorityProto	com.google.protobuf.WrappersProto	externo	protobuf-java-4.34.2.jar
br.com.sawcunhaos.security.grpc.proto.AuthorityProto	java.lang.String	jdk	java.base
br.com.sawcunhaos.security.grpc.proto.AuthorityRequest	br.com.sawcunhaos.security.grpc.proto.AuthorityProto	interno	classes
br.com.sawcunhaos.security.grpc.proto.AuthorityRequest	br.com.sawcunhaos.security.grpc.proto.AuthorityRequest$1	interno	classes
br.com.sawcunhaos.security.grpc.proto.AuthorityRequest	br.com.sawcunhaos.security.grpc.proto.AuthorityRequest$Builder	interno	classes
br.com.sawcunhaos.security.grpc.proto.AuthorityRequest	br.com.sawcunhaos.security.grpc.proto.AuthorityRequestOrBuilder	interno	classes
br.com.sawcunhaos.security.grpc.proto.AuthorityRequest	com.google.protobuf.AbstractMessage	externo	protobuf-java-4.34.2.jar
br.com.sawcunhaos.security.grpc.proto.AuthorityRequest	com.google.protobuf.AbstractMessage$BuilderParent	externo	protobuf-java-4.34.2.jar
br.com.sawcunhaos.security.grpc.proto.AuthorityRequest	com.google.protobuf.ByteString	externo	protobuf-java-4.34.2.jar
br.com.sawcunhaos.security.grpc.proto.AuthorityRequest	com.google.protobuf.CodedInputStream	externo	protobuf-java-4.34.2.jar
br.com.sawcunhaos.security.grpc.proto.AuthorityRequest	com.google.protobuf.CodedOutputStream	externo	protobuf-java-4.34.2.jar
br.com.sawcunhaos.security.grpc.proto.AuthorityRequest	com.google.protobuf.Descriptors	externo	protobuf-java-4.34.2.jar
br.com.sawcunhaos.security.grpc.proto.AuthorityRequest	com.google.protobuf.Descriptors$Descriptor	externo	protobuf-java-4.34.2.jar
br.com.sawcunhaos.security.grpc.proto.AuthorityRequest	com.google.protobuf.ExtensionRegistryLite	externo	protobuf-java-4.34.2.jar
br.com.sawcunhaos.security.grpc.proto.AuthorityRequest	com.google.protobuf.GeneratedMessage	externo	protobuf-java-4.34.2.jar
br.com.sawcunhaos.security.grpc.proto.AuthorityRequest	com.google.protobuf.GeneratedMessage$Builder	externo	protobuf-java-4.34.2.jar
br.com.sawcunhaos.security.grpc.proto.AuthorityRequest	com.google.protobuf.GeneratedMessage$FieldAccessorTable	externo	protobuf-java-4.34.2.jar
br.com.sawcunhaos.security.grpc.proto.AuthorityRequest	com.google.protobuf.InvalidProtocolBufferException	externo	protobuf-java-4.34.2.jar
br.com.sawcunhaos.security.grpc.proto.AuthorityRequest	com.google.protobuf.Message	externo	protobuf-java-4.34.2.jar
br.com.sawcunhaos.security.grpc.proto.AuthorityRequest	com.google.protobuf.Message$Builder	externo	protobuf-java-4.34.2.jar
br.com.sawcunhaos.security.grpc.proto.AuthorityRequest	com.google.protobuf.MessageLite	externo	protobuf-java-4.34.2.jar
br.com.sawcunhaos.security.grpc.proto.AuthorityRequest	com.google.protobuf.MessageLite$Builder	externo	protobuf-java-4.34.2.jar
br.com.sawcunhaos.security.grpc.proto.AuthorityRequest	com.google.protobuf.Parser	externo	protobuf-java-4.34.2.jar
br.com.sawcunhaos.security.grpc.proto.AuthorityRequest	com.google.protobuf.RuntimeVersion	externo	protobuf-java-4.34.2.jar
br.com.sawcunhaos.security.grpc.proto.AuthorityRequest	com.google.protobuf.RuntimeVersion$RuntimeDomain	externo	protobuf-java-4.34.2.jar
br.com.sawcunhaos.security.grpc.proto.AuthorityRequest	com.google.protobuf.UnknownFieldSet	externo	protobuf-java-4.34.2.jar
br.com.sawcunhaos.security.grpc.proto.AuthorityRequest	java.io.IOException	jdk	java.base
br.com.sawcunhaos.security.grpc.proto.AuthorityRequest	java.io.InputStream	jdk	java.base
br.com.sawcunhaos.security.grpc.proto.AuthorityRequest	java.lang.Class	jdk	java.base
br.com.sawcunhaos.security.grpc.proto.AuthorityRequest	java.lang.IllegalArgumentException	jdk	java.base
br.com.sawcunhaos.security.grpc.proto.AuthorityRequest	java.lang.Object	jdk	java.base
br.com.sawcunhaos.security.grpc.proto.AuthorityRequest	java.lang.String	jdk	java.base
br.com.sawcunhaos.security.grpc.proto.AuthorityRequest	java.nio.ByteBuffer	jdk	java.base
br.com.sawcunhaos.security.grpc.proto.AuthorityRequest$1	br.com.sawcunhaos.security.grpc.proto.AuthorityRequest	interno	classes
br.com.sawcunhaos.security.grpc.proto.AuthorityRequest$1	br.com.sawcunhaos.security.grpc.proto.AuthorityRequest$Builder	interno	classes
br.com.sawcunhaos.security.grpc.proto.AuthorityRequest$1	com.google.protobuf.AbstractParser	externo	protobuf-java-4.34.2.jar
br.com.sawcunhaos.security.grpc.proto.AuthorityRequest$1	com.google.protobuf.CodedInputStream	externo	protobuf-java-4.34.2.jar
br.com.sawcunhaos.security.grpc.proto.AuthorityRequest$1	com.google.protobuf.ExtensionRegistryLite	externo	protobuf-java-4.34.2.jar
br.com.sawcunhaos.security.grpc.proto.AuthorityRequest$1	com.google.protobuf.InvalidProtocolBufferException	externo	protobuf-java-4.34.2.jar
br.com.sawcunhaos.security.grpc.proto.AuthorityRequest$1	com.google.protobuf.MessageLite	externo	protobuf-java-4.34.2.jar
br.com.sawcunhaos.security.grpc.proto.AuthorityRequest$1	com.google.protobuf.UninitializedMessageException	externo	protobuf-java-4.34.2.jar
br.com.sawcunhaos.security.grpc.proto.AuthorityRequest$1	java.io.IOException	jdk	java.base
br.com.sawcunhaos.security.grpc.proto.AuthorityRequest$1	java.lang.Object	jdk	java.base
br.com.sawcunhaos.security.grpc.proto.AuthorityRequest$Builder	br.com.sawcunhaos.security.grpc.proto.AuthorityProto	interno	classes
br.com.sawcunhaos.security.grpc.proto.AuthorityRequest$Builder	br.com.sawcunhaos.security.grpc.proto.AuthorityRequest	interno	classes
br.com.sawcunhaos.security.grpc.proto.AuthorityRequest$Builder	br.com.sawcunhaos.security.grpc.proto.AuthorityRequestOrBuilder	interno	classes
br.com.sawcunhaos.security.grpc.proto.AuthorityRequest$Builder	com.google.protobuf.AbstractMessage	externo	protobuf-java-4.34.2.jar
br.com.sawcunhaos.security.grpc.proto.AuthorityRequest$Builder	com.google.protobuf.AbstractMessage$Builder	externo	protobuf-java-4.34.2.jar
br.com.sawcunhaos.security.grpc.proto.AuthorityRequest$Builder	com.google.protobuf.AbstractMessage$BuilderParent	externo	protobuf-java-4.34.2.jar
br.com.sawcunhaos.security.grpc.proto.AuthorityRequest$Builder	com.google.protobuf.AbstractMessageLite	externo	protobuf-java-4.34.2.jar
br.com.sawcunhaos.security.grpc.proto.AuthorityRequest$Builder	com.google.protobuf.AbstractMessageLite$Builder	externo	protobuf-java-4.34.2.jar
br.com.sawcunhaos.security.grpc.proto.AuthorityRequest$Builder	com.google.protobuf.ByteString	externo	protobuf-java-4.34.2.jar
br.com.sawcunhaos.security.grpc.proto.AuthorityRequest$Builder	com.google.protobuf.CodedInputStream	externo	protobuf-java-4.34.2.jar
br.com.sawcunhaos.security.grpc.proto.AuthorityRequest$Builder	com.google.protobuf.Descriptors	externo	protobuf-java-4.34.2.jar
br.com.sawcunhaos.security.grpc.proto.AuthorityRequest$Builder	com.google.protobuf.Descriptors$Descriptor	externo	protobuf-java-4.34.2.jar
br.com.sawcunhaos.security.grpc.proto.AuthorityRequest$Builder	com.google.protobuf.ExtensionRegistryLite	externo	protobuf-java-4.34.2.jar
br.com.sawcunhaos.security.grpc.proto.AuthorityRequest$Builder	com.google.protobuf.GeneratedMessage	externo	protobuf-java-4.34.2.jar
br.com.sawcunhaos.security.grpc.proto.AuthorityRequest$Builder	com.google.protobuf.GeneratedMessage$Builder	externo	protobuf-java-4.34.2.jar
br.com.sawcunhaos.security.grpc.proto.AuthorityRequest$Builder	com.google.protobuf.GeneratedMessage$FieldAccessorTable	externo	protobuf-java-4.34.2.jar
br.com.sawcunhaos.security.grpc.proto.AuthorityRequest$Builder	com.google.protobuf.InvalidProtocolBufferException	externo	protobuf-java-4.34.2.jar
br.com.sawcunhaos.security.grpc.proto.AuthorityRequest$Builder	com.google.protobuf.Message	externo	protobuf-java-4.34.2.jar
br.com.sawcunhaos.security.grpc.proto.AuthorityRequest$Builder	com.google.protobuf.Message$Builder	externo	protobuf-java-4.34.2.jar
br.com.sawcunhaos.security.grpc.proto.AuthorityRequest$Builder	com.google.protobuf.MessageLite	externo	protobuf-java-4.34.2.jar
br.com.sawcunhaos.security.grpc.proto.AuthorityRequest$Builder	com.google.protobuf.MessageLite$Builder	externo	protobuf-java-4.34.2.jar
br.com.sawcunhaos.security.grpc.proto.AuthorityRequest$Builder	com.google.protobuf.UninitializedMessageException	externo	protobuf-java-4.34.2.jar
br.com.sawcunhaos.security.grpc.proto.AuthorityRequest$Builder	com.google.protobuf.UnknownFieldSet	externo	protobuf-java-4.34.2.jar
br.com.sawcunhaos.security.grpc.proto.AuthorityRequest$Builder	java.io.IOException	jdk	java.base
br.com.sawcunhaos.security.grpc.proto.AuthorityRequest$Builder	java.lang.Class	jdk	java.base
br.com.sawcunhaos.security.grpc.proto.AuthorityRequest$Builder	java.lang.NullPointerException	jdk	java.base
br.com.sawcunhaos.security.grpc.proto.AuthorityRequest$Builder	java.lang.Object	jdk	java.base
br.com.sawcunhaos.security.grpc.proto.AuthorityRequest$Builder	java.lang.String	jdk	java.base
br.com.sawcunhaos.security.grpc.proto.AuthorityRequest$Builder	java.lang.Throwable	jdk	java.base
br.com.sawcunhaos.security.grpc.proto.AuthorityRequestOrBuilder	com.google.protobuf.ByteString	externo	protobuf-java-4.34.2.jar
br.com.sawcunhaos.security.grpc.proto.AuthorityRequestOrBuilder	com.google.protobuf.MessageOrBuilder	externo	protobuf-java-4.34.2.jar
br.com.sawcunhaos.security.grpc.proto.AuthorityRequestOrBuilder	java.lang.Object	jdk	java.base
br.com.sawcunhaos.security.grpc.proto.AuthorityRequestOrBuilder	java.lang.String	jdk	java.base
br.com.sawcunhaos.security.grpc.proto.AuthorityResponse	br.com.sawcunhaos.security.grpc.proto.AuthorityProto	interno	classes
br.com.sawcunhaos.security.grpc.proto.AuthorityResponse	br.com.sawcunhaos.security.grpc.proto.AuthorityResponse$1	interno	classes
br.com.sawcunhaos.security.grpc.proto.AuthorityResponse	br.com.sawcunhaos.security.grpc.proto.AuthorityResponse$Builder	interno	classes
br.com.sawcunhaos.security.grpc.proto.AuthorityResponse	br.com.sawcunhaos.security.grpc.proto.AuthorityResponseOrBuilder	interno	classes
br.com.sawcunhaos.security.grpc.proto.AuthorityResponse	com.google.protobuf.AbstractMessage	externo	protobuf-java-4.34.2.jar
br.com.sawcunhaos.security.grpc.proto.AuthorityResponse	com.google.protobuf.AbstractMessage$BuilderParent	externo	protobuf-java-4.34.2.jar
br.com.sawcunhaos.security.grpc.proto.AuthorityResponse	com.google.protobuf.ByteString	externo	protobuf-java-4.34.2.jar
br.com.sawcunhaos.security.grpc.proto.AuthorityResponse	com.google.protobuf.CodedInputStream	externo	protobuf-java-4.34.2.jar
br.com.sawcunhaos.security.grpc.proto.AuthorityResponse	com.google.protobuf.CodedOutputStream	externo	protobuf-java-4.34.2.jar
br.com.sawcunhaos.security.grpc.proto.AuthorityResponse	com.google.protobuf.Descriptors	externo	protobuf-java-4.34.2.jar
br.com.sawcunhaos.security.grpc.proto.AuthorityResponse	com.google.protobuf.Descriptors$Descriptor	externo	protobuf-java-4.34.2.jar
br.com.sawcunhaos.security.grpc.proto.AuthorityResponse	com.google.protobuf.ExtensionRegistryLite	externo	protobuf-java-4.34.2.jar
br.com.sawcunhaos.security.grpc.proto.AuthorityResponse	com.google.protobuf.GeneratedMessage	externo	protobuf-java-4.34.2.jar
br.com.sawcunhaos.security.grpc.proto.AuthorityResponse	com.google.protobuf.GeneratedMessage$Builder	externo	protobuf-java-4.34.2.jar
br.com.sawcunhaos.security.grpc.proto.AuthorityResponse	com.google.protobuf.GeneratedMessage$FieldAccessorTable	externo	protobuf-java-4.34.2.jar
br.com.sawcunhaos.security.grpc.proto.AuthorityResponse	com.google.protobuf.Internal	externo	protobuf-java-4.34.2.jar
br.com.sawcunhaos.security.grpc.proto.AuthorityResponse	com.google.protobuf.InvalidProtocolBufferException	externo	protobuf-java-4.34.2.jar
br.com.sawcunhaos.security.grpc.proto.AuthorityResponse	com.google.protobuf.LazyStringArrayList	externo	protobuf-java-4.34.2.jar
br.com.sawcunhaos.security.grpc.proto.AuthorityResponse	com.google.protobuf.Message	externo	protobuf-java-4.34.2.jar
br.com.sawcunhaos.security.grpc.proto.AuthorityResponse	com.google.protobuf.Message$Builder	externo	protobuf-java-4.34.2.jar
br.com.sawcunhaos.security.grpc.proto.AuthorityResponse	com.google.protobuf.MessageLite	externo	protobuf-java-4.34.2.jar
br.com.sawcunhaos.security.grpc.proto.AuthorityResponse	com.google.protobuf.MessageLite$Builder	externo	protobuf-java-4.34.2.jar
br.com.sawcunhaos.security.grpc.proto.AuthorityResponse	com.google.protobuf.Parser	externo	protobuf-java-4.34.2.jar
br.com.sawcunhaos.security.grpc.proto.AuthorityResponse	com.google.protobuf.ProtocolStringList	externo	protobuf-java-4.34.2.jar
br.com.sawcunhaos.security.grpc.proto.AuthorityResponse	com.google.protobuf.RuntimeVersion	externo	protobuf-java-4.34.2.jar
br.com.sawcunhaos.security.grpc.proto.AuthorityResponse	com.google.protobuf.RuntimeVersion$RuntimeDomain	externo	protobuf-java-4.34.2.jar
br.com.sawcunhaos.security.grpc.proto.AuthorityResponse	com.google.protobuf.UnknownFieldSet	externo	protobuf-java-4.34.2.jar
br.com.sawcunhaos.security.grpc.proto.AuthorityResponse	java.io.IOException	jdk	java.base
br.com.sawcunhaos.security.grpc.proto.AuthorityResponse	java.io.InputStream	jdk	java.base
br.com.sawcunhaos.security.grpc.proto.AuthorityResponse	java.lang.Class	jdk	java.base
br.com.sawcunhaos.security.grpc.proto.AuthorityResponse	java.lang.IllegalArgumentException	jdk	java.base
br.com.sawcunhaos.security.grpc.proto.AuthorityResponse	java.lang.Object	jdk	java.base
br.com.sawcunhaos.security.grpc.proto.AuthorityResponse	java.lang.String	jdk	java.base
br.com.sawcunhaos.security.grpc.proto.AuthorityResponse	java.nio.ByteBuffer	jdk	java.base
br.com.sawcunhaos.security.grpc.proto.AuthorityResponse	java.util.List	jdk	java.base
br.com.sawcunhaos.security.grpc.proto.AuthorityResponse$1	br.com.sawcunhaos.security.grpc.proto.AuthorityResponse	interno	classes
br.com.sawcunhaos.security.grpc.proto.AuthorityResponse$1	br.com.sawcunhaos.security.grpc.proto.AuthorityResponse$Builder	interno	classes
br.com.sawcunhaos.security.grpc.proto.AuthorityResponse$1	com.google.protobuf.AbstractParser	externo	protobuf-java-4.34.2.jar
br.com.sawcunhaos.security.grpc.proto.AuthorityResponse$1	com.google.protobuf.CodedInputStream	externo	protobuf-java-4.34.2.jar
br.com.sawcunhaos.security.grpc.proto.AuthorityResponse$1	com.google.protobuf.ExtensionRegistryLite	externo	protobuf-java-4.34.2.jar
br.com.sawcunhaos.security.grpc.proto.AuthorityResponse$1	com.google.protobuf.InvalidProtocolBufferException	externo	protobuf-java-4.34.2.jar
br.com.sawcunhaos.security.grpc.proto.AuthorityResponse$1	com.google.protobuf.MessageLite	externo	protobuf-java-4.34.2.jar
br.com.sawcunhaos.security.grpc.proto.AuthorityResponse$1	com.google.protobuf.UninitializedMessageException	externo	protobuf-java-4.34.2.jar
br.com.sawcunhaos.security.grpc.proto.AuthorityResponse$1	java.io.IOException	jdk	java.base
br.com.sawcunhaos.security.grpc.proto.AuthorityResponse$1	java.lang.Object	jdk	java.base
br.com.sawcunhaos.security.grpc.proto.AuthorityResponse$Builder	br.com.sawcunhaos.security.grpc.proto.AuthorityProto	interno	classes
br.com.sawcunhaos.security.grpc.proto.AuthorityResponse$Builder	br.com.sawcunhaos.security.grpc.proto.AuthorityResponse	interno	classes
br.com.sawcunhaos.security.grpc.proto.AuthorityResponse$Builder	br.com.sawcunhaos.security.grpc.proto.AuthorityResponseOrBuilder	interno	classes
br.com.sawcunhaos.security.grpc.proto.AuthorityResponse$Builder	com.google.protobuf.AbstractMessage	externo	protobuf-java-4.34.2.jar
br.com.sawcunhaos.security.grpc.proto.AuthorityResponse$Builder	com.google.protobuf.AbstractMessage$Builder	externo	protobuf-java-4.34.2.jar
br.com.sawcunhaos.security.grpc.proto.AuthorityResponse$Builder	com.google.protobuf.AbstractMessage$BuilderParent	externo	protobuf-java-4.34.2.jar
br.com.sawcunhaos.security.grpc.proto.AuthorityResponse$Builder	com.google.protobuf.AbstractMessageLite	externo	protobuf-java-4.34.2.jar
br.com.sawcunhaos.security.grpc.proto.AuthorityResponse$Builder	com.google.protobuf.AbstractMessageLite$Builder	externo	protobuf-java-4.34.2.jar
br.com.sawcunhaos.security.grpc.proto.AuthorityResponse$Builder	com.google.protobuf.ByteString	externo	protobuf-java-4.34.2.jar
br.com.sawcunhaos.security.grpc.proto.AuthorityResponse$Builder	com.google.protobuf.CodedInputStream	externo	protobuf-java-4.34.2.jar
br.com.sawcunhaos.security.grpc.proto.AuthorityResponse$Builder	com.google.protobuf.Descriptors	externo	protobuf-java-4.34.2.jar
br.com.sawcunhaos.security.grpc.proto.AuthorityResponse$Builder	com.google.protobuf.Descriptors$Descriptor	externo	protobuf-java-4.34.2.jar
br.com.sawcunhaos.security.grpc.proto.AuthorityResponse$Builder	com.google.protobuf.ExtensionRegistryLite	externo	protobuf-java-4.34.2.jar
br.com.sawcunhaos.security.grpc.proto.AuthorityResponse$Builder	com.google.protobuf.GeneratedMessage	externo	protobuf-java-4.34.2.jar
br.com.sawcunhaos.security.grpc.proto.AuthorityResponse$Builder	com.google.protobuf.GeneratedMessage$Builder	externo	protobuf-java-4.34.2.jar
br.com.sawcunhaos.security.grpc.proto.AuthorityResponse$Builder	com.google.protobuf.GeneratedMessage$FieldAccessorTable	externo	protobuf-java-4.34.2.jar
br.com.sawcunhaos.security.grpc.proto.AuthorityResponse$Builder	com.google.protobuf.InvalidProtocolBufferException	externo	protobuf-java-4.34.2.jar
br.com.sawcunhaos.security.grpc.proto.AuthorityResponse$Builder	com.google.protobuf.LazyStringArrayList	externo	protobuf-java-4.34.2.jar
br.com.sawcunhaos.security.grpc.proto.AuthorityResponse$Builder	com.google.protobuf.LazyStringList	externo	protobuf-java-4.34.2.jar
br.com.sawcunhaos.security.grpc.proto.AuthorityResponse$Builder	com.google.protobuf.Message	externo	protobuf-java-4.34.2.jar
br.com.sawcunhaos.security.grpc.proto.AuthorityResponse$Builder	com.google.protobuf.Message$Builder	externo	protobuf-java-4.34.2.jar
br.com.sawcunhaos.security.grpc.proto.AuthorityResponse$Builder	com.google.protobuf.MessageLite	externo	protobuf-java-4.34.2.jar
br.com.sawcunhaos.security.grpc.proto.AuthorityResponse$Builder	com.google.protobuf.MessageLite$Builder	externo	protobuf-java-4.34.2.jar
br.com.sawcunhaos.security.grpc.proto.AuthorityResponse$Builder	com.google.protobuf.ProtocolStringList	externo	protobuf-java-4.34.2.jar
br.com.sawcunhaos.security.grpc.proto.AuthorityResponse$Builder	com.google.protobuf.UninitializedMessageException	externo	protobuf-java-4.34.2.jar
br.com.sawcunhaos.security.grpc.proto.AuthorityResponse$Builder	com.google.protobuf.UnknownFieldSet	externo	protobuf-java-4.34.2.jar
br.com.sawcunhaos.security.grpc.proto.AuthorityResponse$Builder	java.io.IOException	jdk	java.base
br.com.sawcunhaos.security.grpc.proto.AuthorityResponse$Builder	java.lang.Class	jdk	java.base
br.com.sawcunhaos.security.grpc.proto.AuthorityResponse$Builder	java.lang.Iterable	jdk	java.base
br.com.sawcunhaos.security.grpc.proto.AuthorityResponse$Builder	java.lang.NullPointerException	jdk	java.base
br.com.sawcunhaos.security.grpc.proto.AuthorityResponse$Builder	java.lang.Object	jdk	java.base
br.com.sawcunhaos.security.grpc.proto.AuthorityResponse$Builder	java.lang.String	jdk	java.base
br.com.sawcunhaos.security.grpc.proto.AuthorityResponse$Builder	java.lang.Throwable	jdk	java.base
br.com.sawcunhaos.security.grpc.proto.AuthorityResponse$Builder	java.util.Collection	jdk	java.base
br.com.sawcunhaos.security.grpc.proto.AuthorityResponse$Builder	java.util.List	jdk	java.base
br.com.sawcunhaos.security.grpc.proto.AuthorityResponseOrBuilder	com.google.protobuf.ByteString	externo	protobuf-java-4.34.2.jar
br.com.sawcunhaos.security.grpc.proto.AuthorityResponseOrBuilder	com.google.protobuf.MessageOrBuilder	externo	protobuf-java-4.34.2.jar
br.com.sawcunhaos.security.grpc.proto.AuthorityResponseOrBuilder	java.lang.Object	jdk	java.base
br.com.sawcunhaos.security.grpc.proto.AuthorityResponseOrBuilder	java.lang.String	jdk	java.base
br.com.sawcunhaos.security.grpc.proto.AuthorityResponseOrBuilder	java.util.List	jdk	java.base
br.com.sawcunhaos.security.grpc.proto.Empty	br.com.sawcunhaos.security.grpc.proto.Empty$1	interno	classes
br.com.sawcunhaos.security.grpc.proto.Empty	br.com.sawcunhaos.security.grpc.proto.Empty$Builder	interno	classes
br.com.sawcunhaos.security.grpc.proto.Empty	br.com.sawcunhaos.security.grpc.proto.EmptyOrBuilder	interno	classes
br.com.sawcunhaos.security.grpc.proto.Empty	br.com.sawcunhaos.security.grpc.proto.RegistryProto	interno	classes
br.com.sawcunhaos.security.grpc.proto.Empty	com.google.protobuf.AbstractMessage	externo	protobuf-java-4.34.2.jar
br.com.sawcunhaos.security.grpc.proto.Empty	com.google.protobuf.AbstractMessage$BuilderParent	externo	protobuf-java-4.34.2.jar
br.com.sawcunhaos.security.grpc.proto.Empty	com.google.protobuf.ByteString	externo	protobuf-java-4.34.2.jar
br.com.sawcunhaos.security.grpc.proto.Empty	com.google.protobuf.CodedInputStream	externo	protobuf-java-4.34.2.jar
br.com.sawcunhaos.security.grpc.proto.Empty	com.google.protobuf.CodedOutputStream	externo	protobuf-java-4.34.2.jar
br.com.sawcunhaos.security.grpc.proto.Empty	com.google.protobuf.Descriptors	externo	protobuf-java-4.34.2.jar
br.com.sawcunhaos.security.grpc.proto.Empty	com.google.protobuf.Descriptors$Descriptor	externo	protobuf-java-4.34.2.jar
br.com.sawcunhaos.security.grpc.proto.Empty	com.google.protobuf.ExtensionRegistryLite	externo	protobuf-java-4.34.2.jar
br.com.sawcunhaos.security.grpc.proto.Empty	com.google.protobuf.GeneratedMessage	externo	protobuf-java-4.34.2.jar
br.com.sawcunhaos.security.grpc.proto.Empty	com.google.protobuf.GeneratedMessage$Builder	externo	protobuf-java-4.34.2.jar
br.com.sawcunhaos.security.grpc.proto.Empty	com.google.protobuf.GeneratedMessage$FieldAccessorTable	externo	protobuf-java-4.34.2.jar
br.com.sawcunhaos.security.grpc.proto.Empty	com.google.protobuf.InvalidProtocolBufferException	externo	protobuf-java-4.34.2.jar
br.com.sawcunhaos.security.grpc.proto.Empty	com.google.protobuf.Message	externo	protobuf-java-4.34.2.jar
br.com.sawcunhaos.security.grpc.proto.Empty	com.google.protobuf.Message$Builder	externo	protobuf-java-4.34.2.jar
br.com.sawcunhaos.security.grpc.proto.Empty	com.google.protobuf.MessageLite	externo	protobuf-java-4.34.2.jar
br.com.sawcunhaos.security.grpc.proto.Empty	com.google.protobuf.MessageLite$Builder	externo	protobuf-java-4.34.2.jar
br.com.sawcunhaos.security.grpc.proto.Empty	com.google.protobuf.Parser	externo	protobuf-java-4.34.2.jar
br.com.sawcunhaos.security.grpc.proto.Empty	com.google.protobuf.RuntimeVersion	externo	protobuf-java-4.34.2.jar
br.com.sawcunhaos.security.grpc.proto.Empty	com.google.protobuf.RuntimeVersion$RuntimeDomain	externo	protobuf-java-4.34.2.jar
br.com.sawcunhaos.security.grpc.proto.Empty	com.google.protobuf.UnknownFieldSet	externo	protobuf-java-4.34.2.jar
br.com.sawcunhaos.security.grpc.proto.Empty	java.io.IOException	jdk	java.base
br.com.sawcunhaos.security.grpc.proto.Empty	java.io.InputStream	jdk	java.base
br.com.sawcunhaos.security.grpc.proto.Empty	java.lang.Class	jdk	java.base
br.com.sawcunhaos.security.grpc.proto.Empty	java.lang.Object	jdk	java.base
br.com.sawcunhaos.security.grpc.proto.Empty	java.lang.String	jdk	java.base
br.com.sawcunhaos.security.grpc.proto.Empty	java.nio.ByteBuffer	jdk	java.base
br.com.sawcunhaos.security.grpc.proto.Empty$1	br.com.sawcunhaos.security.grpc.proto.Empty	interno	classes
br.com.sawcunhaos.security.grpc.proto.Empty$1	br.com.sawcunhaos.security.grpc.proto.Empty$Builder	interno	classes
br.com.sawcunhaos.security.grpc.proto.Empty$1	com.google.protobuf.AbstractParser	externo	protobuf-java-4.34.2.jar
br.com.sawcunhaos.security.grpc.proto.Empty$1	com.google.protobuf.CodedInputStream	externo	protobuf-java-4.34.2.jar
br.com.sawcunhaos.security.grpc.proto.Empty$1	com.google.protobuf.ExtensionRegistryLite	externo	protobuf-java-4.34.2.jar
br.com.sawcunhaos.security.grpc.proto.Empty$1	com.google.protobuf.InvalidProtocolBufferException	externo	protobuf-java-4.34.2.jar
br.com.sawcunhaos.security.grpc.proto.Empty$1	com.google.protobuf.MessageLite	externo	protobuf-java-4.34.2.jar
br.com.sawcunhaos.security.grpc.proto.Empty$1	com.google.protobuf.UninitializedMessageException	externo	protobuf-java-4.34.2.jar
br.com.sawcunhaos.security.grpc.proto.Empty$1	java.io.IOException	jdk	java.base
br.com.sawcunhaos.security.grpc.proto.Empty$1	java.lang.Object	jdk	java.base
br.com.sawcunhaos.security.grpc.proto.Empty$Builder	br.com.sawcunhaos.security.grpc.proto.Empty	interno	classes
br.com.sawcunhaos.security.grpc.proto.Empty$Builder	br.com.sawcunhaos.security.grpc.proto.EmptyOrBuilder	interno	classes
br.com.sawcunhaos.security.grpc.proto.Empty$Builder	br.com.sawcunhaos.security.grpc.proto.RegistryProto	interno	classes
br.com.sawcunhaos.security.grpc.proto.Empty$Builder	com.google.protobuf.AbstractMessage	externo	protobuf-java-4.34.2.jar
br.com.sawcunhaos.security.grpc.proto.Empty$Builder	com.google.protobuf.AbstractMessage$Builder	externo	protobuf-java-4.34.2.jar
br.com.sawcunhaos.security.grpc.proto.Empty$Builder	com.google.protobuf.AbstractMessage$BuilderParent	externo	protobuf-java-4.34.2.jar
br.com.sawcunhaos.security.grpc.proto.Empty$Builder	com.google.protobuf.AbstractMessageLite	externo	protobuf-java-4.34.2.jar
br.com.sawcunhaos.security.grpc.proto.Empty$Builder	com.google.protobuf.AbstractMessageLite$Builder	externo	protobuf-java-4.34.2.jar
br.com.sawcunhaos.security.grpc.proto.Empty$Builder	com.google.protobuf.CodedInputStream	externo	protobuf-java-4.34.2.jar
br.com.sawcunhaos.security.grpc.proto.Empty$Builder	com.google.protobuf.Descriptors	externo	protobuf-java-4.34.2.jar
br.com.sawcunhaos.security.grpc.proto.Empty$Builder	com.google.protobuf.Descriptors$Descriptor	externo	protobuf-java-4.34.2.jar
br.com.sawcunhaos.security.grpc.proto.Empty$Builder	com.google.protobuf.ExtensionRegistryLite	externo	protobuf-java-4.34.2.jar
br.com.sawcunhaos.security.grpc.proto.Empty$Builder	com.google.protobuf.GeneratedMessage	externo	protobuf-java-4.34.2.jar
br.com.sawcunhaos.security.grpc.proto.Empty$Builder	com.google.protobuf.GeneratedMessage$Builder	externo	protobuf-java-4.34.2.jar
br.com.sawcunhaos.security.grpc.proto.Empty$Builder	com.google.protobuf.GeneratedMessage$FieldAccessorTable	externo	protobuf-java-4.34.2.jar
br.com.sawcunhaos.security.grpc.proto.Empty$Builder	com.google.protobuf.InvalidProtocolBufferException	externo	protobuf-java-4.34.2.jar
br.com.sawcunhaos.security.grpc.proto.Empty$Builder	com.google.protobuf.Message	externo	protobuf-java-4.34.2.jar
br.com.sawcunhaos.security.grpc.proto.Empty$Builder	com.google.protobuf.Message$Builder	externo	protobuf-java-4.34.2.jar
br.com.sawcunhaos.security.grpc.proto.Empty$Builder	com.google.protobuf.MessageLite	externo	protobuf-java-4.34.2.jar
br.com.sawcunhaos.security.grpc.proto.Empty$Builder	com.google.protobuf.MessageLite$Builder	externo	protobuf-java-4.34.2.jar
br.com.sawcunhaos.security.grpc.proto.Empty$Builder	com.google.protobuf.UninitializedMessageException	externo	protobuf-java-4.34.2.jar
br.com.sawcunhaos.security.grpc.proto.Empty$Builder	com.google.protobuf.UnknownFieldSet	externo	protobuf-java-4.34.2.jar
br.com.sawcunhaos.security.grpc.proto.Empty$Builder	java.io.IOException	jdk	java.base
br.com.sawcunhaos.security.grpc.proto.Empty$Builder	java.lang.Class	jdk	java.base
br.com.sawcunhaos.security.grpc.proto.Empty$Builder	java.lang.NullPointerException	jdk	java.base
br.com.sawcunhaos.security.grpc.proto.Empty$Builder	java.lang.Throwable	jdk	java.base
br.com.sawcunhaos.security.grpc.proto.EmptyOrBuilder	com.google.protobuf.MessageOrBuilder	externo	protobuf-java-4.34.2.jar
br.com.sawcunhaos.security.grpc.proto.EmptyOrBuilder	java.lang.Object	jdk	java.base
br.com.sawcunhaos.security.grpc.proto.RegistryProto	com.google.protobuf.Descriptors	externo	protobuf-java-4.34.2.jar
br.com.sawcunhaos.security.grpc.proto.RegistryProto	com.google.protobuf.Descriptors$Descriptor	externo	protobuf-java-4.34.2.jar
br.com.sawcunhaos.security.grpc.proto.RegistryProto	com.google.protobuf.Descriptors$FileDescriptor	externo	protobuf-java-4.34.2.jar
br.com.sawcunhaos.security.grpc.proto.RegistryProto	com.google.protobuf.ExtensionRegistry	externo	protobuf-java-4.34.2.jar
br.com.sawcunhaos.security.grpc.proto.RegistryProto	com.google.protobuf.ExtensionRegistryLite	externo	protobuf-java-4.34.2.jar
br.com.sawcunhaos.security.grpc.proto.RegistryProto	com.google.protobuf.GeneratedFile	externo	protobuf-java-4.34.2.jar
br.com.sawcunhaos.security.grpc.proto.RegistryProto	com.google.protobuf.GeneratedMessage	externo	protobuf-java-4.34.2.jar
br.com.sawcunhaos.security.grpc.proto.RegistryProto	com.google.protobuf.GeneratedMessage$FieldAccessorTable	externo	protobuf-java-4.34.2.jar
br.com.sawcunhaos.security.grpc.proto.RegistryProto	com.google.protobuf.RuntimeVersion	externo	protobuf-java-4.34.2.jar
br.com.sawcunhaos.security.grpc.proto.RegistryProto	com.google.protobuf.RuntimeVersion$RuntimeDomain	externo	protobuf-java-4.34.2.jar
br.com.sawcunhaos.security.grpc.proto.RegistryProto	java.lang.String	jdk	java.base
br.com.sawcunhaos.security.grpc.proto.RegistryResourcesRequest	br.com.sawcunhaos.security.grpc.proto.RegistryProto	interno	classes
br.com.sawcunhaos.security.grpc.proto.RegistryResourcesRequest	br.com.sawcunhaos.security.grpc.proto.RegistryResourcesRequest$1	interno	classes
br.com.sawcunhaos.security.grpc.proto.RegistryResourcesRequest	br.com.sawcunhaos.security.grpc.proto.RegistryResourcesRequest$Builder	interno	classes
br.com.sawcunhaos.security.grpc.proto.RegistryResourcesRequest	br.com.sawcunhaos.security.grpc.proto.RegistryResourcesRequestOrBuilder	interno	classes
br.com.sawcunhaos.security.grpc.proto.RegistryResourcesRequest	br.com.sawcunhaos.security.grpc.proto.Resource	interno	classes
br.com.sawcunhaos.security.grpc.proto.RegistryResourcesRequest	br.com.sawcunhaos.security.grpc.proto.ResourceOrBuilder	interno	classes
br.com.sawcunhaos.security.grpc.proto.RegistryResourcesRequest	com.google.protobuf.AbstractMessage	externo	protobuf-java-4.34.2.jar
br.com.sawcunhaos.security.grpc.proto.RegistryResourcesRequest	com.google.protobuf.AbstractMessage$BuilderParent	externo	protobuf-java-4.34.2.jar
br.com.sawcunhaos.security.grpc.proto.RegistryResourcesRequest	com.google.protobuf.ByteString	externo	protobuf-java-4.34.2.jar
br.com.sawcunhaos.security.grpc.proto.RegistryResourcesRequest	com.google.protobuf.CodedInputStream	externo	protobuf-java-4.34.2.jar
br.com.sawcunhaos.security.grpc.proto.RegistryResourcesRequest	com.google.protobuf.CodedOutputStream	externo	protobuf-java-4.34.2.jar
br.com.sawcunhaos.security.grpc.proto.RegistryResourcesRequest	com.google.protobuf.Descriptors	externo	protobuf-java-4.34.2.jar
br.com.sawcunhaos.security.grpc.proto.RegistryResourcesRequest	com.google.protobuf.Descriptors$Descriptor	externo	protobuf-java-4.34.2.jar
br.com.sawcunhaos.security.grpc.proto.RegistryResourcesRequest	com.google.protobuf.ExtensionRegistryLite	externo	protobuf-java-4.34.2.jar
br.com.sawcunhaos.security.grpc.proto.RegistryResourcesRequest	com.google.protobuf.GeneratedMessage	externo	protobuf-java-4.34.2.jar
br.com.sawcunhaos.security.grpc.proto.RegistryResourcesRequest	com.google.protobuf.GeneratedMessage$Builder	externo	protobuf-java-4.34.2.jar
br.com.sawcunhaos.security.grpc.proto.RegistryResourcesRequest	com.google.protobuf.GeneratedMessage$FieldAccessorTable	externo	protobuf-java-4.34.2.jar
br.com.sawcunhaos.security.grpc.proto.RegistryResourcesRequest	com.google.protobuf.InvalidProtocolBufferException	externo	protobuf-java-4.34.2.jar
br.com.sawcunhaos.security.grpc.proto.RegistryResourcesRequest	com.google.protobuf.Message	externo	protobuf-java-4.34.2.jar
br.com.sawcunhaos.security.grpc.proto.RegistryResourcesRequest	com.google.protobuf.Message$Builder	externo	protobuf-java-4.34.2.jar
br.com.sawcunhaos.security.grpc.proto.RegistryResourcesRequest	com.google.protobuf.MessageLite	externo	protobuf-java-4.34.2.jar
br.com.sawcunhaos.security.grpc.proto.RegistryResourcesRequest	com.google.protobuf.MessageLite$Builder	externo	protobuf-java-4.34.2.jar
br.com.sawcunhaos.security.grpc.proto.RegistryResourcesRequest	com.google.protobuf.Parser	externo	protobuf-java-4.34.2.jar
br.com.sawcunhaos.security.grpc.proto.RegistryResourcesRequest	com.google.protobuf.RuntimeVersion	externo	protobuf-java-4.34.2.jar
br.com.sawcunhaos.security.grpc.proto.RegistryResourcesRequest	com.google.protobuf.RuntimeVersion$RuntimeDomain	externo	protobuf-java-4.34.2.jar
br.com.sawcunhaos.security.grpc.proto.RegistryResourcesRequest	com.google.protobuf.UnknownFieldSet	externo	protobuf-java-4.34.2.jar
br.com.sawcunhaos.security.grpc.proto.RegistryResourcesRequest	java.io.IOException	jdk	java.base
br.com.sawcunhaos.security.grpc.proto.RegistryResourcesRequest	java.io.InputStream	jdk	java.base
br.com.sawcunhaos.security.grpc.proto.RegistryResourcesRequest	java.lang.Class	jdk	java.base
br.com.sawcunhaos.security.grpc.proto.RegistryResourcesRequest	java.lang.IllegalArgumentException	jdk	java.base
br.com.sawcunhaos.security.grpc.proto.RegistryResourcesRequest	java.lang.Object	jdk	java.base
br.com.sawcunhaos.security.grpc.proto.RegistryResourcesRequest	java.lang.String	jdk	java.base
br.com.sawcunhaos.security.grpc.proto.RegistryResourcesRequest	java.nio.ByteBuffer	jdk	java.base
br.com.sawcunhaos.security.grpc.proto.RegistryResourcesRequest	java.util.Collections	jdk	java.base
br.com.sawcunhaos.security.grpc.proto.RegistryResourcesRequest	java.util.List	jdk	java.base
br.com.sawcunhaos.security.grpc.proto.RegistryResourcesRequest$1	br.com.sawcunhaos.security.grpc.proto.RegistryResourcesRequest	interno	classes
br.com.sawcunhaos.security.grpc.proto.RegistryResourcesRequest$1	br.com.sawcunhaos.security.grpc.proto.RegistryResourcesRequest$Builder	interno	classes
br.com.sawcunhaos.security.grpc.proto.RegistryResourcesRequest$1	com.google.protobuf.AbstractParser	externo	protobuf-java-4.34.2.jar
br.com.sawcunhaos.security.grpc.proto.RegistryResourcesRequest$1	com.google.protobuf.CodedInputStream	externo	protobuf-java-4.34.2.jar
br.com.sawcunhaos.security.grpc.proto.RegistryResourcesRequest$1	com.google.protobuf.ExtensionRegistryLite	externo	protobuf-java-4.34.2.jar
br.com.sawcunhaos.security.grpc.proto.RegistryResourcesRequest$1	com.google.protobuf.InvalidProtocolBufferException	externo	protobuf-java-4.34.2.jar
br.com.sawcunhaos.security.grpc.proto.RegistryResourcesRequest$1	com.google.protobuf.MessageLite	externo	protobuf-java-4.34.2.jar
br.com.sawcunhaos.security.grpc.proto.RegistryResourcesRequest$1	com.google.protobuf.UninitializedMessageException	externo	protobuf-java-4.34.2.jar
br.com.sawcunhaos.security.grpc.proto.RegistryResourcesRequest$1	java.io.IOException	jdk	java.base
br.com.sawcunhaos.security.grpc.proto.RegistryResourcesRequest$1	java.lang.Object	jdk	java.base
br.com.sawcunhaos.security.grpc.proto.RegistryResourcesRequest$Builder	br.com.sawcunhaos.security.grpc.proto.RegistryProto	interno	classes
br.com.sawcunhaos.security.grpc.proto.RegistryResourcesRequest$Builder	br.com.sawcunhaos.security.grpc.proto.RegistryResourcesRequest	interno	classes
br.com.sawcunhaos.security.grpc.proto.RegistryResourcesRequest$Builder	br.com.sawcunhaos.security.grpc.proto.RegistryResourcesRequestOrBuilder	interno	classes
br.com.sawcunhaos.security.grpc.proto.RegistryResourcesRequest$Builder	br.com.sawcunhaos.security.grpc.proto.Resource	interno	classes
br.com.sawcunhaos.security.grpc.proto.RegistryResourcesRequest$Builder	br.com.sawcunhaos.security.grpc.proto.Resource$Builder	interno	classes
br.com.sawcunhaos.security.grpc.proto.RegistryResourcesRequest$Builder	br.com.sawcunhaos.security.grpc.proto.ResourceOrBuilder	interno	classes
br.com.sawcunhaos.security.grpc.proto.RegistryResourcesRequest$Builder	com.google.protobuf.AbstractMessage	externo	protobuf-java-4.34.2.jar
br.com.sawcunhaos.security.grpc.proto.RegistryResourcesRequest$Builder	com.google.protobuf.AbstractMessage$Builder	externo	protobuf-java-4.34.2.jar
br.com.sawcunhaos.security.grpc.proto.RegistryResourcesRequest$Builder	com.google.protobuf.AbstractMessage$BuilderParent	externo	protobuf-java-4.34.2.jar
br.com.sawcunhaos.security.grpc.proto.RegistryResourcesRequest$Builder	com.google.protobuf.AbstractMessageLite	externo	protobuf-java-4.34.2.jar
br.com.sawcunhaos.security.grpc.proto.RegistryResourcesRequest$Builder	com.google.protobuf.AbstractMessageLite$Builder	externo	protobuf-java-4.34.2.jar
br.com.sawcunhaos.security.grpc.proto.RegistryResourcesRequest$Builder	com.google.protobuf.ByteString	externo	protobuf-java-4.34.2.jar
br.com.sawcunhaos.security.grpc.proto.RegistryResourcesRequest$Builder	com.google.protobuf.CodedInputStream	externo	protobuf-java-4.34.2.jar
br.com.sawcunhaos.security.grpc.proto.RegistryResourcesRequest$Builder	com.google.protobuf.Descriptors	externo	protobuf-java-4.34.2.jar
br.com.sawcunhaos.security.grpc.proto.RegistryResourcesRequest$Builder	com.google.protobuf.Descriptors$Descriptor	externo	protobuf-java-4.34.2.jar
br.com.sawcunhaos.security.grpc.proto.RegistryResourcesRequest$Builder	com.google.protobuf.ExtensionRegistryLite	externo	protobuf-java-4.34.2.jar
br.com.sawcunhaos.security.grpc.proto.RegistryResourcesRequest$Builder	com.google.protobuf.GeneratedMessage	externo	protobuf-java-4.34.2.jar
br.com.sawcunhaos.security.grpc.proto.RegistryResourcesRequest$Builder	com.google.protobuf.GeneratedMessage$Builder	externo	protobuf-java-4.34.2.jar
br.com.sawcunhaos.security.grpc.proto.RegistryResourcesRequest$Builder	com.google.protobuf.GeneratedMessage$FieldAccessorTable	externo	protobuf-java-4.34.2.jar
br.com.sawcunhaos.security.grpc.proto.RegistryResourcesRequest$Builder	com.google.protobuf.InvalidProtocolBufferException	externo	protobuf-java-4.34.2.jar
br.com.sawcunhaos.security.grpc.proto.RegistryResourcesRequest$Builder	com.google.protobuf.Message	externo	protobuf-java-4.34.2.jar
br.com.sawcunhaos.security.grpc.proto.RegistryResourcesRequest$Builder	com.google.protobuf.Message$Builder	externo	protobuf-java-4.34.2.jar
br.com.sawcunhaos.security.grpc.proto.RegistryResourcesRequest$Builder	com.google.protobuf.MessageLite	externo	protobuf-java-4.34.2.jar
br.com.sawcunhaos.security.grpc.proto.RegistryResourcesRequest$Builder	com.google.protobuf.MessageLite$Builder	externo	protobuf-java-4.34.2.jar
br.com.sawcunhaos.security.grpc.proto.RegistryResourcesRequest$Builder	com.google.protobuf.MessageOrBuilder	externo	protobuf-java-4.34.2.jar
br.com.sawcunhaos.security.grpc.proto.RegistryResourcesRequest$Builder	com.google.protobuf.Parser	externo	protobuf-java-4.34.2.jar
br.com.sawcunhaos.security.grpc.proto.RegistryResourcesRequest$Builder	com.google.protobuf.RepeatedFieldBuilder	externo	protobuf-java-4.34.2.jar
br.com.sawcunhaos.security.grpc.proto.RegistryResourcesRequest$Builder	com.google.protobuf.UninitializedMessageException	externo	protobuf-java-4.34.2.jar
br.com.sawcunhaos.security.grpc.proto.RegistryResourcesRequest$Builder	com.google.protobuf.UnknownFieldSet	externo	protobuf-java-4.34.2.jar
br.com.sawcunhaos.security.grpc.proto.RegistryResourcesRequest$Builder	java.io.IOException	jdk	java.base
br.com.sawcunhaos.security.grpc.proto.RegistryResourcesRequest$Builder	java.lang.Class	jdk	java.base
br.com.sawcunhaos.security.grpc.proto.RegistryResourcesRequest$Builder	java.lang.Iterable	jdk	java.base
br.com.sawcunhaos.security.grpc.proto.RegistryResourcesRequest$Builder	java.lang.NullPointerException	jdk	java.base
br.com.sawcunhaos.security.grpc.proto.RegistryResourcesRequest$Builder	java.lang.Object	jdk	java.base
br.com.sawcunhaos.security.grpc.proto.RegistryResourcesRequest$Builder	java.lang.String	jdk	java.base
br.com.sawcunhaos.security.grpc.proto.RegistryResourcesRequest$Builder	java.lang.Throwable	jdk	java.base
br.com.sawcunhaos.security.grpc.proto.RegistryResourcesRequest$Builder	java.util.ArrayList	jdk	java.base
br.com.sawcunhaos.security.grpc.proto.RegistryResourcesRequest$Builder	java.util.Collection	jdk	java.base
br.com.sawcunhaos.security.grpc.proto.RegistryResourcesRequest$Builder	java.util.Collections	jdk	java.base
br.com.sawcunhaos.security.grpc.proto.RegistryResourcesRequest$Builder	java.util.List	jdk	java.base
br.com.sawcunhaos.security.grpc.proto.RegistryResourcesRequestOrBuilder	br.com.sawcunhaos.security.grpc.proto.Resource	interno	classes
br.com.sawcunhaos.security.grpc.proto.RegistryResourcesRequestOrBuilder	br.com.sawcunhaos.security.grpc.proto.ResourceOrBuilder	interno	classes
br.com.sawcunhaos.security.grpc.proto.RegistryResourcesRequestOrBuilder	com.google.protobuf.ByteString	externo	protobuf-java-4.34.2.jar
br.com.sawcunhaos.security.grpc.proto.RegistryResourcesRequestOrBuilder	com.google.protobuf.MessageOrBuilder	externo	protobuf-java-4.34.2.jar
br.com.sawcunhaos.security.grpc.proto.RegistryResourcesRequestOrBuilder	java.lang.Object	jdk	java.base
br.com.sawcunhaos.security.grpc.proto.RegistryResourcesRequestOrBuilder	java.lang.String	jdk	java.base
br.com.sawcunhaos.security.grpc.proto.RegistryResourcesRequestOrBuilder	java.util.List	jdk	java.base
br.com.sawcunhaos.security.grpc.proto.RegistryServiceGrpc	br.com.sawcunhaos.security.grpc.proto.Empty	interno	classes
br.com.sawcunhaos.security.grpc.proto.RegistryServiceGrpc	br.com.sawcunhaos.security.grpc.proto.RegistryResourcesRequest	interno	classes
br.com.sawcunhaos.security.grpc.proto.RegistryServiceGrpc	br.com.sawcunhaos.security.grpc.proto.RegistryServiceGrpc$1	interno	classes
br.com.sawcunhaos.security.grpc.proto.RegistryServiceGrpc	br.com.sawcunhaos.security.grpc.proto.RegistryServiceGrpc$2	interno	classes
br.com.sawcunhaos.security.grpc.proto.RegistryServiceGrpc	br.com.sawcunhaos.security.grpc.proto.RegistryServiceGrpc$3	interno	classes
br.com.sawcunhaos.security.grpc.proto.RegistryServiceGrpc	br.com.sawcunhaos.security.grpc.proto.RegistryServiceGrpc$4	interno	classes
br.com.sawcunhaos.security.grpc.proto.RegistryServiceGrpc	br.com.sawcunhaos.security.grpc.proto.RegistryServiceGrpc$AsyncService	interno	classes
br.com.sawcunhaos.security.grpc.proto.RegistryServiceGrpc	br.com.sawcunhaos.security.grpc.proto.RegistryServiceGrpc$MethodHandlers	interno	classes
br.com.sawcunhaos.security.grpc.proto.RegistryServiceGrpc	br.com.sawcunhaos.security.grpc.proto.RegistryServiceGrpc$RegistryServiceBaseDescriptorSupplier	interno	classes
br.com.sawcunhaos.security.grpc.proto.RegistryServiceGrpc	br.com.sawcunhaos.security.grpc.proto.RegistryServiceGrpc$RegistryServiceBlockingStub	interno	classes
br.com.sawcunhaos.security.grpc.proto.RegistryServiceGrpc	br.com.sawcunhaos.security.grpc.proto.RegistryServiceGrpc$RegistryServiceBlockingV2Stub	interno	classes
br.com.sawcunhaos.security.grpc.proto.RegistryServiceGrpc	br.com.sawcunhaos.security.grpc.proto.RegistryServiceGrpc$RegistryServiceFileDescriptorSupplier	interno	classes
br.com.sawcunhaos.security.grpc.proto.RegistryServiceGrpc	br.com.sawcunhaos.security.grpc.proto.RegistryServiceGrpc$RegistryServiceFutureStub	interno	classes
br.com.sawcunhaos.security.grpc.proto.RegistryServiceGrpc	br.com.sawcunhaos.security.grpc.proto.RegistryServiceGrpc$RegistryServiceImplBase	interno	classes
br.com.sawcunhaos.security.grpc.proto.RegistryServiceGrpc	br.com.sawcunhaos.security.grpc.proto.RegistryServiceGrpc$RegistryServiceMethodDescriptorSupplier	interno	classes
br.com.sawcunhaos.security.grpc.proto.RegistryServiceGrpc	br.com.sawcunhaos.security.grpc.proto.RegistryServiceGrpc$RegistryServiceStub	interno	classes
br.com.sawcunhaos.security.grpc.proto.RegistryServiceGrpc	br.com.sawcunhaos.security.grpc.proto.RegistrySystemRequest	interno	classes
br.com.sawcunhaos.security.grpc.proto.RegistryServiceGrpc	br.com.sawcunhaos.security.grpc.proto.RegistrySystemResponse	interno	classes
br.com.sawcunhaos.security.grpc.proto.RegistryServiceGrpc	com.google.protobuf.Message	externo	protobuf-java-4.34.2.jar
br.com.sawcunhaos.security.grpc.proto.RegistryServiceGrpc	io.grpc.Channel	externo	grpc-api-1.83.1.jar
br.com.sawcunhaos.security.grpc.proto.RegistryServiceGrpc	io.grpc.MethodDescriptor	externo	grpc-api-1.83.1.jar
br.com.sawcunhaos.security.grpc.proto.RegistryServiceGrpc	io.grpc.MethodDescriptor$Builder	externo	grpc-api-1.83.1.jar
br.com.sawcunhaos.security.grpc.proto.RegistryServiceGrpc	io.grpc.MethodDescriptor$Marshaller	externo	grpc-api-1.83.1.jar
br.com.sawcunhaos.security.grpc.proto.RegistryServiceGrpc	io.grpc.MethodDescriptor$MethodType	externo	grpc-api-1.83.1.jar
br.com.sawcunhaos.security.grpc.proto.RegistryServiceGrpc	io.grpc.ServerCallHandler	externo	grpc-api-1.83.1.jar
br.com.sawcunhaos.security.grpc.proto.RegistryServiceGrpc	io.grpc.ServerServiceDefinition	externo	grpc-api-1.83.1.jar
br.com.sawcunhaos.security.grpc.proto.RegistryServiceGrpc	io.grpc.ServerServiceDefinition$Builder	externo	grpc-api-1.83.1.jar
br.com.sawcunhaos.security.grpc.proto.RegistryServiceGrpc	io.grpc.ServiceDescriptor	externo	grpc-api-1.83.1.jar
br.com.sawcunhaos.security.grpc.proto.RegistryServiceGrpc	io.grpc.ServiceDescriptor$Builder	externo	grpc-api-1.83.1.jar
br.com.sawcunhaos.security.grpc.proto.RegistryServiceGrpc	io.grpc.protobuf.ProtoUtils	externo	grpc-protobuf-1.83.1.jar
br.com.sawcunhaos.security.grpc.proto.RegistryServiceGrpc	io.grpc.stub.AbstractStub	externo	grpc-stub-1.83.1.jar
br.com.sawcunhaos.security.grpc.proto.RegistryServiceGrpc	io.grpc.stub.AbstractStub$StubFactory	externo	grpc-stub-1.83.1.jar
br.com.sawcunhaos.security.grpc.proto.RegistryServiceGrpc	io.grpc.stub.ServerCalls	externo	grpc-stub-1.83.1.jar
br.com.sawcunhaos.security.grpc.proto.RegistryServiceGrpc	io.grpc.stub.ServerCalls$UnaryMethod	externo	grpc-stub-1.83.1.jar
br.com.sawcunhaos.security.grpc.proto.RegistryServiceGrpc	java.lang.Class	jdk	java.base
br.com.sawcunhaos.security.grpc.proto.RegistryServiceGrpc	java.lang.Object	jdk	java.base
br.com.sawcunhaos.security.grpc.proto.RegistryServiceGrpc	java.lang.String	jdk	java.base
br.com.sawcunhaos.security.grpc.proto.RegistryServiceGrpc	java.lang.Throwable	jdk	java.base
br.com.sawcunhaos.security.grpc.proto.RegistryServiceGrpc$1	br.com.sawcunhaos.security.grpc.proto.RegistryServiceGrpc	interno	classes
br.com.sawcunhaos.security.grpc.proto.RegistryServiceGrpc$1	br.com.sawcunhaos.security.grpc.proto.RegistryServiceGrpc$RegistryServiceStub	interno	classes
br.com.sawcunhaos.security.grpc.proto.RegistryServiceGrpc$1	io.grpc.CallOptions	externo	grpc-api-1.83.1.jar
br.com.sawcunhaos.security.grpc.proto.RegistryServiceGrpc$1	io.grpc.Channel	externo	grpc-api-1.83.1.jar
br.com.sawcunhaos.security.grpc.proto.RegistryServiceGrpc$1	io.grpc.stub.AbstractStub	externo	grpc-stub-1.83.1.jar
br.com.sawcunhaos.security.grpc.proto.RegistryServiceGrpc$1	io.grpc.stub.AbstractStub$StubFactory	externo	grpc-stub-1.83.1.jar
br.com.sawcunhaos.security.grpc.proto.RegistryServiceGrpc$1	java.lang.Object	jdk	java.base
br.com.sawcunhaos.security.grpc.proto.RegistryServiceGrpc$2	br.com.sawcunhaos.security.grpc.proto.RegistryServiceGrpc	interno	classes
br.com.sawcunhaos.security.grpc.proto.RegistryServiceGrpc$2	br.com.sawcunhaos.security.grpc.proto.RegistryServiceGrpc$RegistryServiceBlockingV2Stub	interno	classes
br.com.sawcunhaos.security.grpc.proto.RegistryServiceGrpc$2	io.grpc.CallOptions	externo	grpc-api-1.83.1.jar
br.com.sawcunhaos.security.grpc.proto.RegistryServiceGrpc$2	io.grpc.Channel	externo	grpc-api-1.83.1.jar
br.com.sawcunhaos.security.grpc.proto.RegistryServiceGrpc$2	io.grpc.stub.AbstractStub	externo	grpc-stub-1.83.1.jar
br.com.sawcunhaos.security.grpc.proto.RegistryServiceGrpc$2	io.grpc.stub.AbstractStub$StubFactory	externo	grpc-stub-1.83.1.jar
br.com.sawcunhaos.security.grpc.proto.RegistryServiceGrpc$2	java.lang.Object	jdk	java.base
br.com.sawcunhaos.security.grpc.proto.RegistryServiceGrpc$3	br.com.sawcunhaos.security.grpc.proto.RegistryServiceGrpc	interno	classes
br.com.sawcunhaos.security.grpc.proto.RegistryServiceGrpc$3	br.com.sawcunhaos.security.grpc.proto.RegistryServiceGrpc$RegistryServiceBlockingStub	interno	classes
br.com.sawcunhaos.security.grpc.proto.RegistryServiceGrpc$3	io.grpc.CallOptions	externo	grpc-api-1.83.1.jar
br.com.sawcunhaos.security.grpc.proto.RegistryServiceGrpc$3	io.grpc.Channel	externo	grpc-api-1.83.1.jar
br.com.sawcunhaos.security.grpc.proto.RegistryServiceGrpc$3	io.grpc.stub.AbstractStub	externo	grpc-stub-1.83.1.jar
br.com.sawcunhaos.security.grpc.proto.RegistryServiceGrpc$3	io.grpc.stub.AbstractStub$StubFactory	externo	grpc-stub-1.83.1.jar
br.com.sawcunhaos.security.grpc.proto.RegistryServiceGrpc$3	java.lang.Object	jdk	java.base
br.com.sawcunhaos.security.grpc.proto.RegistryServiceGrpc$4	br.com.sawcunhaos.security.grpc.proto.RegistryServiceGrpc	interno	classes
br.com.sawcunhaos.security.grpc.proto.RegistryServiceGrpc$4	br.com.sawcunhaos.security.grpc.proto.RegistryServiceGrpc$RegistryServiceFutureStub	interno	classes
br.com.sawcunhaos.security.grpc.proto.RegistryServiceGrpc$4	io.grpc.CallOptions	externo	grpc-api-1.83.1.jar
br.com.sawcunhaos.security.grpc.proto.RegistryServiceGrpc$4	io.grpc.Channel	externo	grpc-api-1.83.1.jar
br.com.sawcunhaos.security.grpc.proto.RegistryServiceGrpc$4	io.grpc.stub.AbstractStub	externo	grpc-stub-1.83.1.jar
br.com.sawcunhaos.security.grpc.proto.RegistryServiceGrpc$4	io.grpc.stub.AbstractStub$StubFactory	externo	grpc-stub-1.83.1.jar
br.com.sawcunhaos.security.grpc.proto.RegistryServiceGrpc$4	java.lang.Object	jdk	java.base
br.com.sawcunhaos.security.grpc.proto.RegistryServiceGrpc$AsyncService	br.com.sawcunhaos.security.grpc.proto.Empty	interno	classes
br.com.sawcunhaos.security.grpc.proto.RegistryServiceGrpc$AsyncService	br.com.sawcunhaos.security.grpc.proto.RegistryResourcesRequest	interno	classes
br.com.sawcunhaos.security.grpc.proto.RegistryServiceGrpc$AsyncService	br.com.sawcunhaos.security.grpc.proto.RegistryServiceGrpc	interno	classes
br.com.sawcunhaos.security.grpc.proto.RegistryServiceGrpc$AsyncService	br.com.sawcunhaos.security.grpc.proto.RegistrySystemRequest	interno	classes
br.com.sawcunhaos.security.grpc.proto.RegistryServiceGrpc$AsyncService	br.com.sawcunhaos.security.grpc.proto.RegistrySystemResponse	interno	classes
br.com.sawcunhaos.security.grpc.proto.RegistryServiceGrpc$AsyncService	io.grpc.MethodDescriptor	externo	grpc-api-1.83.1.jar
br.com.sawcunhaos.security.grpc.proto.RegistryServiceGrpc$AsyncService	io.grpc.stub.ServerCalls	externo	grpc-stub-1.83.1.jar
br.com.sawcunhaos.security.grpc.proto.RegistryServiceGrpc$AsyncService	io.grpc.stub.StreamObserver	externo	grpc-stub-1.83.1.jar
br.com.sawcunhaos.security.grpc.proto.RegistryServiceGrpc$AsyncService	java.lang.Object	jdk	java.base
br.com.sawcunhaos.security.grpc.proto.RegistryServiceGrpc$MethodHandlers	br.com.sawcunhaos.security.grpc.proto.RegistryResourcesRequest	interno	classes
br.com.sawcunhaos.security.grpc.proto.RegistryServiceGrpc$MethodHandlers	br.com.sawcunhaos.security.grpc.proto.RegistryServiceGrpc	interno	classes
br.com.sawcunhaos.security.grpc.proto.RegistryServiceGrpc$MethodHandlers	br.com.sawcunhaos.security.grpc.proto.RegistryServiceGrpc$AsyncService	interno	classes
br.com.sawcunhaos.security.grpc.proto.RegistryServiceGrpc$MethodHandlers	br.com.sawcunhaos.security.grpc.proto.RegistrySystemRequest	interno	classes
br.com.sawcunhaos.security.grpc.proto.RegistryServiceGrpc$MethodHandlers	io.grpc.stub.ServerCalls	externo	grpc-stub-1.83.1.jar
br.com.sawcunhaos.security.grpc.proto.RegistryServiceGrpc$MethodHandlers	io.grpc.stub.ServerCalls$BidiStreamingMethod	externo	grpc-stub-1.83.1.jar
br.com.sawcunhaos.security.grpc.proto.RegistryServiceGrpc$MethodHandlers	io.grpc.stub.ServerCalls$ClientStreamingMethod	externo	grpc-stub-1.83.1.jar
br.com.sawcunhaos.security.grpc.proto.RegistryServiceGrpc$MethodHandlers	io.grpc.stub.ServerCalls$ServerStreamingMethod	externo	grpc-stub-1.83.1.jar
br.com.sawcunhaos.security.grpc.proto.RegistryServiceGrpc$MethodHandlers	io.grpc.stub.ServerCalls$UnaryMethod	externo	grpc-stub-1.83.1.jar
br.com.sawcunhaos.security.grpc.proto.RegistryServiceGrpc$MethodHandlers	io.grpc.stub.StreamObserver	externo	grpc-stub-1.83.1.jar
br.com.sawcunhaos.security.grpc.proto.RegistryServiceGrpc$MethodHandlers	java.lang.AssertionError	jdk	java.base
br.com.sawcunhaos.security.grpc.proto.RegistryServiceGrpc$MethodHandlers	java.lang.Object	jdk	java.base
br.com.sawcunhaos.security.grpc.proto.RegistryServiceGrpc$RegistryServiceBaseDescriptorSupplier	br.com.sawcunhaos.security.grpc.proto.RegistryProto	interno	classes
br.com.sawcunhaos.security.grpc.proto.RegistryServiceGrpc$RegistryServiceBaseDescriptorSupplier	br.com.sawcunhaos.security.grpc.proto.RegistryServiceGrpc	interno	classes
br.com.sawcunhaos.security.grpc.proto.RegistryServiceGrpc$RegistryServiceBaseDescriptorSupplier	com.google.protobuf.Descriptors	externo	protobuf-java-4.34.2.jar
br.com.sawcunhaos.security.grpc.proto.RegistryServiceGrpc$RegistryServiceBaseDescriptorSupplier	com.google.protobuf.Descriptors$FileDescriptor	externo	protobuf-java-4.34.2.jar
br.com.sawcunhaos.security.grpc.proto.RegistryServiceGrpc$RegistryServiceBaseDescriptorSupplier	com.google.protobuf.Descriptors$ServiceDescriptor	externo	protobuf-java-4.34.2.jar
br.com.sawcunhaos.security.grpc.proto.RegistryServiceGrpc$RegistryServiceBaseDescriptorSupplier	io.grpc.protobuf.ProtoFileDescriptorSupplier	externo	grpc-protobuf-1.83.1.jar
br.com.sawcunhaos.security.grpc.proto.RegistryServiceGrpc$RegistryServiceBaseDescriptorSupplier	io.grpc.protobuf.ProtoServiceDescriptorSupplier	externo	grpc-protobuf-1.83.1.jar
br.com.sawcunhaos.security.grpc.proto.RegistryServiceGrpc$RegistryServiceBaseDescriptorSupplier	java.lang.Object	jdk	java.base
br.com.sawcunhaos.security.grpc.proto.RegistryServiceGrpc$RegistryServiceBaseDescriptorSupplier	java.lang.String	jdk	java.base
br.com.sawcunhaos.security.grpc.proto.RegistryServiceGrpc$RegistryServiceBlockingStub	br.com.sawcunhaos.security.grpc.proto.Empty	interno	classes
br.com.sawcunhaos.security.grpc.proto.RegistryServiceGrpc$RegistryServiceBlockingStub	br.com.sawcunhaos.security.grpc.proto.RegistryResourcesRequest	interno	classes
br.com.sawcunhaos.security.grpc.proto.RegistryServiceGrpc$RegistryServiceBlockingStub	br.com.sawcunhaos.security.grpc.proto.RegistryServiceGrpc	interno	classes
br.com.sawcunhaos.security.grpc.proto.RegistryServiceGrpc$RegistryServiceBlockingStub	br.com.sawcunhaos.security.grpc.proto.RegistrySystemRequest	interno	classes
br.com.sawcunhaos.security.grpc.proto.RegistryServiceGrpc$RegistryServiceBlockingStub	br.com.sawcunhaos.security.grpc.proto.RegistrySystemResponse	interno	classes
br.com.sawcunhaos.security.grpc.proto.RegistryServiceGrpc$RegistryServiceBlockingStub	io.grpc.CallOptions	externo	grpc-api-1.83.1.jar
br.com.sawcunhaos.security.grpc.proto.RegistryServiceGrpc$RegistryServiceBlockingStub	io.grpc.Channel	externo	grpc-api-1.83.1.jar
br.com.sawcunhaos.security.grpc.proto.RegistryServiceGrpc$RegistryServiceBlockingStub	io.grpc.MethodDescriptor	externo	grpc-api-1.83.1.jar
br.com.sawcunhaos.security.grpc.proto.RegistryServiceGrpc$RegistryServiceBlockingStub	io.grpc.stub.AbstractBlockingStub	externo	grpc-stub-1.83.1.jar
br.com.sawcunhaos.security.grpc.proto.RegistryServiceGrpc$RegistryServiceBlockingStub	io.grpc.stub.AbstractStub	externo	grpc-stub-1.83.1.jar
br.com.sawcunhaos.security.grpc.proto.RegistryServiceGrpc$RegistryServiceBlockingStub	io.grpc.stub.ClientCalls	externo	grpc-stub-1.83.1.jar
br.com.sawcunhaos.security.grpc.proto.RegistryServiceGrpc$RegistryServiceBlockingStub	java.lang.Object	jdk	java.base
br.com.sawcunhaos.security.grpc.proto.RegistryServiceGrpc$RegistryServiceBlockingV2Stub	br.com.sawcunhaos.security.grpc.proto.Empty	interno	classes
br.com.sawcunhaos.security.grpc.proto.RegistryServiceGrpc$RegistryServiceBlockingV2Stub	br.com.sawcunhaos.security.grpc.proto.RegistryResourcesRequest	interno	classes
br.com.sawcunhaos.security.grpc.proto.RegistryServiceGrpc$RegistryServiceBlockingV2Stub	br.com.sawcunhaos.security.grpc.proto.RegistryServiceGrpc	interno	classes
br.com.sawcunhaos.security.grpc.proto.RegistryServiceGrpc$RegistryServiceBlockingV2Stub	br.com.sawcunhaos.security.grpc.proto.RegistrySystemRequest	interno	classes
br.com.sawcunhaos.security.grpc.proto.RegistryServiceGrpc$RegistryServiceBlockingV2Stub	br.com.sawcunhaos.security.grpc.proto.RegistrySystemResponse	interno	classes
br.com.sawcunhaos.security.grpc.proto.RegistryServiceGrpc$RegistryServiceBlockingV2Stub	io.grpc.CallOptions	externo	grpc-api-1.83.1.jar
br.com.sawcunhaos.security.grpc.proto.RegistryServiceGrpc$RegistryServiceBlockingV2Stub	io.grpc.Channel	externo	grpc-api-1.83.1.jar
br.com.sawcunhaos.security.grpc.proto.RegistryServiceGrpc$RegistryServiceBlockingV2Stub	io.grpc.MethodDescriptor	externo	grpc-api-1.83.1.jar
br.com.sawcunhaos.security.grpc.proto.RegistryServiceGrpc$RegistryServiceBlockingV2Stub	io.grpc.StatusException	externo	grpc-api-1.83.1.jar
br.com.sawcunhaos.security.grpc.proto.RegistryServiceGrpc$RegistryServiceBlockingV2Stub	io.grpc.stub.AbstractBlockingStub	externo	grpc-stub-1.83.1.jar
br.com.sawcunhaos.security.grpc.proto.RegistryServiceGrpc$RegistryServiceBlockingV2Stub	io.grpc.stub.AbstractStub	externo	grpc-stub-1.83.1.jar
br.com.sawcunhaos.security.grpc.proto.RegistryServiceGrpc$RegistryServiceBlockingV2Stub	io.grpc.stub.ClientCalls	externo	grpc-stub-1.83.1.jar
br.com.sawcunhaos.security.grpc.proto.RegistryServiceGrpc$RegistryServiceBlockingV2Stub	java.lang.Object	jdk	java.base
br.com.sawcunhaos.security.grpc.proto.RegistryServiceGrpc$RegistryServiceFileDescriptorSupplier	br.com.sawcunhaos.security.grpc.proto.RegistryServiceGrpc	interno	classes
br.com.sawcunhaos.security.grpc.proto.RegistryServiceGrpc$RegistryServiceFileDescriptorSupplier	br.com.sawcunhaos.security.grpc.proto.RegistryServiceGrpc$RegistryServiceBaseDescriptorSupplier	interno	classes
br.com.sawcunhaos.security.grpc.proto.RegistryServiceGrpc$RegistryServiceFutureStub	br.com.sawcunhaos.security.grpc.proto.Empty	interno	classes
br.com.sawcunhaos.security.grpc.proto.RegistryServiceGrpc$RegistryServiceFutureStub	br.com.sawcunhaos.security.grpc.proto.RegistryResourcesRequest	interno	classes
br.com.sawcunhaos.security.grpc.proto.RegistryServiceGrpc$RegistryServiceFutureStub	br.com.sawcunhaos.security.grpc.proto.RegistryServiceGrpc	interno	classes
br.com.sawcunhaos.security.grpc.proto.RegistryServiceGrpc$RegistryServiceFutureStub	br.com.sawcunhaos.security.grpc.proto.RegistrySystemRequest	interno	classes
br.com.sawcunhaos.security.grpc.proto.RegistryServiceGrpc$RegistryServiceFutureStub	br.com.sawcunhaos.security.grpc.proto.RegistrySystemResponse	interno	classes
br.com.sawcunhaos.security.grpc.proto.RegistryServiceGrpc$RegistryServiceFutureStub	com.google.common.util.concurrent.ListenableFuture	externo	guava-33.7.1-jre.jar
br.com.sawcunhaos.security.grpc.proto.RegistryServiceGrpc$RegistryServiceFutureStub	io.grpc.CallOptions	externo	grpc-api-1.83.1.jar
br.com.sawcunhaos.security.grpc.proto.RegistryServiceGrpc$RegistryServiceFutureStub	io.grpc.Channel	externo	grpc-api-1.83.1.jar
br.com.sawcunhaos.security.grpc.proto.RegistryServiceGrpc$RegistryServiceFutureStub	io.grpc.ClientCall	externo	grpc-api-1.83.1.jar
br.com.sawcunhaos.security.grpc.proto.RegistryServiceGrpc$RegistryServiceFutureStub	io.grpc.MethodDescriptor	externo	grpc-api-1.83.1.jar
br.com.sawcunhaos.security.grpc.proto.RegistryServiceGrpc$RegistryServiceFutureStub	io.grpc.stub.AbstractFutureStub	externo	grpc-stub-1.83.1.jar
br.com.sawcunhaos.security.grpc.proto.RegistryServiceGrpc$RegistryServiceFutureStub	io.grpc.stub.AbstractStub	externo	grpc-stub-1.83.1.jar
br.com.sawcunhaos.security.grpc.proto.RegistryServiceGrpc$RegistryServiceFutureStub	io.grpc.stub.ClientCalls	externo	grpc-stub-1.83.1.jar
br.com.sawcunhaos.security.grpc.proto.RegistryServiceGrpc$RegistryServiceFutureStub	java.lang.Object	jdk	java.base
br.com.sawcunhaos.security.grpc.proto.RegistryServiceGrpc$RegistryServiceImplBase	br.com.sawcunhaos.security.grpc.proto.RegistryServiceGrpc	interno	classes
br.com.sawcunhaos.security.grpc.proto.RegistryServiceGrpc$RegistryServiceImplBase	br.com.sawcunhaos.security.grpc.proto.RegistryServiceGrpc$AsyncService	interno	classes
br.com.sawcunhaos.security.grpc.proto.RegistryServiceGrpc$RegistryServiceImplBase	io.grpc.BindableService	externo	grpc-api-1.83.1.jar
br.com.sawcunhaos.security.grpc.proto.RegistryServiceGrpc$RegistryServiceImplBase	io.grpc.ServerServiceDefinition	externo	grpc-api-1.83.1.jar
br.com.sawcunhaos.security.grpc.proto.RegistryServiceGrpc$RegistryServiceImplBase	java.lang.Object	jdk	java.base
br.com.sawcunhaos.security.grpc.proto.RegistryServiceGrpc$RegistryServiceMethodDescriptorSupplier	br.com.sawcunhaos.security.grpc.proto.RegistryServiceGrpc	interno	classes
br.com.sawcunhaos.security.grpc.proto.RegistryServiceGrpc$RegistryServiceMethodDescriptorSupplier	br.com.sawcunhaos.security.grpc.proto.RegistryServiceGrpc$RegistryServiceBaseDescriptorSupplier	interno	classes
br.com.sawcunhaos.security.grpc.proto.RegistryServiceGrpc$RegistryServiceMethodDescriptorSupplier	com.google.protobuf.Descriptors	externo	protobuf-java-4.34.2.jar
br.com.sawcunhaos.security.grpc.proto.RegistryServiceGrpc$RegistryServiceMethodDescriptorSupplier	com.google.protobuf.Descriptors$MethodDescriptor	externo	protobuf-java-4.34.2.jar
br.com.sawcunhaos.security.grpc.proto.RegistryServiceGrpc$RegistryServiceMethodDescriptorSupplier	com.google.protobuf.Descriptors$ServiceDescriptor	externo	protobuf-java-4.34.2.jar
br.com.sawcunhaos.security.grpc.proto.RegistryServiceGrpc$RegistryServiceMethodDescriptorSupplier	io.grpc.protobuf.ProtoMethodDescriptorSupplier	externo	grpc-protobuf-1.83.1.jar
br.com.sawcunhaos.security.grpc.proto.RegistryServiceGrpc$RegistryServiceMethodDescriptorSupplier	java.lang.String	jdk	java.base
br.com.sawcunhaos.security.grpc.proto.RegistryServiceGrpc$RegistryServiceStub	br.com.sawcunhaos.security.grpc.proto.Empty	interno	classes
br.com.sawcunhaos.security.grpc.proto.RegistryServiceGrpc$RegistryServiceStub	br.com.sawcunhaos.security.grpc.proto.RegistryResourcesRequest	interno	classes
br.com.sawcunhaos.security.grpc.proto.RegistryServiceGrpc$RegistryServiceStub	br.com.sawcunhaos.security.grpc.proto.RegistryServiceGrpc	interno	classes
br.com.sawcunhaos.security.grpc.proto.RegistryServiceGrpc$RegistryServiceStub	br.com.sawcunhaos.security.grpc.proto.RegistrySystemRequest	interno	classes
br.com.sawcunhaos.security.grpc.proto.RegistryServiceGrpc$RegistryServiceStub	br.com.sawcunhaos.security.grpc.proto.RegistrySystemResponse	interno	classes
br.com.sawcunhaos.security.grpc.proto.RegistryServiceGrpc$RegistryServiceStub	io.grpc.CallOptions	externo	grpc-api-1.83.1.jar
br.com.sawcunhaos.security.grpc.proto.RegistryServiceGrpc$RegistryServiceStub	io.grpc.Channel	externo	grpc-api-1.83.1.jar
br.com.sawcunhaos.security.grpc.proto.RegistryServiceGrpc$RegistryServiceStub	io.grpc.ClientCall	externo	grpc-api-1.83.1.jar
br.com.sawcunhaos.security.grpc.proto.RegistryServiceGrpc$RegistryServiceStub	io.grpc.MethodDescriptor	externo	grpc-api-1.83.1.jar
br.com.sawcunhaos.security.grpc.proto.RegistryServiceGrpc$RegistryServiceStub	io.grpc.stub.AbstractAsyncStub	externo	grpc-stub-1.83.1.jar
br.com.sawcunhaos.security.grpc.proto.RegistryServiceGrpc$RegistryServiceStub	io.grpc.stub.AbstractStub	externo	grpc-stub-1.83.1.jar
br.com.sawcunhaos.security.grpc.proto.RegistryServiceGrpc$RegistryServiceStub	io.grpc.stub.ClientCalls	externo	grpc-stub-1.83.1.jar
br.com.sawcunhaos.security.grpc.proto.RegistryServiceGrpc$RegistryServiceStub	io.grpc.stub.StreamObserver	externo	grpc-stub-1.83.1.jar
br.com.sawcunhaos.security.grpc.proto.RegistryServiceGrpc$RegistryServiceStub	java.lang.Object	jdk	java.base
br.com.sawcunhaos.security.grpc.proto.RegistrySystemRequest	br.com.sawcunhaos.security.grpc.proto.RegistryProto	interno	classes
br.com.sawcunhaos.security.grpc.proto.RegistrySystemRequest	br.com.sawcunhaos.security.grpc.proto.RegistrySystemRequest$1	interno	classes
br.com.sawcunhaos.security.grpc.proto.RegistrySystemRequest	br.com.sawcunhaos.security.grpc.proto.RegistrySystemRequest$Builder	interno	classes
br.com.sawcunhaos.security.grpc.proto.RegistrySystemRequest	br.com.sawcunhaos.security.grpc.proto.RegistrySystemRequestOrBuilder	interno	classes
br.com.sawcunhaos.security.grpc.proto.RegistrySystemRequest	com.google.protobuf.AbstractMessage	externo	protobuf-java-4.34.2.jar
br.com.sawcunhaos.security.grpc.proto.RegistrySystemRequest	com.google.protobuf.AbstractMessage$BuilderParent	externo	protobuf-java-4.34.2.jar
br.com.sawcunhaos.security.grpc.proto.RegistrySystemRequest	com.google.protobuf.ByteString	externo	protobuf-java-4.34.2.jar
br.com.sawcunhaos.security.grpc.proto.RegistrySystemRequest	com.google.protobuf.CodedInputStream	externo	protobuf-java-4.34.2.jar
br.com.sawcunhaos.security.grpc.proto.RegistrySystemRequest	com.google.protobuf.CodedOutputStream	externo	protobuf-java-4.34.2.jar
br.com.sawcunhaos.security.grpc.proto.RegistrySystemRequest	com.google.protobuf.Descriptors	externo	protobuf-java-4.34.2.jar
br.com.sawcunhaos.security.grpc.proto.RegistrySystemRequest	com.google.protobuf.Descriptors$Descriptor	externo	protobuf-java-4.34.2.jar
br.com.sawcunhaos.security.grpc.proto.RegistrySystemRequest	com.google.protobuf.ExtensionRegistryLite	externo	protobuf-java-4.34.2.jar
br.com.sawcunhaos.security.grpc.proto.RegistrySystemRequest	com.google.protobuf.GeneratedMessage	externo	protobuf-java-4.34.2.jar
br.com.sawcunhaos.security.grpc.proto.RegistrySystemRequest	com.google.protobuf.GeneratedMessage$Builder	externo	protobuf-java-4.34.2.jar
br.com.sawcunhaos.security.grpc.proto.RegistrySystemRequest	com.google.protobuf.GeneratedMessage$FieldAccessorTable	externo	protobuf-java-4.34.2.jar
br.com.sawcunhaos.security.grpc.proto.RegistrySystemRequest	com.google.protobuf.InvalidProtocolBufferException	externo	protobuf-java-4.34.2.jar
br.com.sawcunhaos.security.grpc.proto.RegistrySystemRequest	com.google.protobuf.Message	externo	protobuf-java-4.34.2.jar
br.com.sawcunhaos.security.grpc.proto.RegistrySystemRequest	com.google.protobuf.Message$Builder	externo	protobuf-java-4.34.2.jar
br.com.sawcunhaos.security.grpc.proto.RegistrySystemRequest	com.google.protobuf.MessageLite	externo	protobuf-java-4.34.2.jar
br.com.sawcunhaos.security.grpc.proto.RegistrySystemRequest	com.google.protobuf.MessageLite$Builder	externo	protobuf-java-4.34.2.jar
br.com.sawcunhaos.security.grpc.proto.RegistrySystemRequest	com.google.protobuf.Parser	externo	protobuf-java-4.34.2.jar
br.com.sawcunhaos.security.grpc.proto.RegistrySystemRequest	com.google.protobuf.RuntimeVersion	externo	protobuf-java-4.34.2.jar
br.com.sawcunhaos.security.grpc.proto.RegistrySystemRequest	com.google.protobuf.RuntimeVersion$RuntimeDomain	externo	protobuf-java-4.34.2.jar
br.com.sawcunhaos.security.grpc.proto.RegistrySystemRequest	com.google.protobuf.UnknownFieldSet	externo	protobuf-java-4.34.2.jar
br.com.sawcunhaos.security.grpc.proto.RegistrySystemRequest	java.io.IOException	jdk	java.base
br.com.sawcunhaos.security.grpc.proto.RegistrySystemRequest	java.io.InputStream	jdk	java.base
br.com.sawcunhaos.security.grpc.proto.RegistrySystemRequest	java.lang.Class	jdk	java.base
br.com.sawcunhaos.security.grpc.proto.RegistrySystemRequest	java.lang.IllegalArgumentException	jdk	java.base
br.com.sawcunhaos.security.grpc.proto.RegistrySystemRequest	java.lang.Object	jdk	java.base
br.com.sawcunhaos.security.grpc.proto.RegistrySystemRequest	java.lang.String	jdk	java.base
br.com.sawcunhaos.security.grpc.proto.RegistrySystemRequest	java.nio.ByteBuffer	jdk	java.base
br.com.sawcunhaos.security.grpc.proto.RegistrySystemRequest$1	br.com.sawcunhaos.security.grpc.proto.RegistrySystemRequest	interno	classes
br.com.sawcunhaos.security.grpc.proto.RegistrySystemRequest$1	br.com.sawcunhaos.security.grpc.proto.RegistrySystemRequest$Builder	interno	classes
br.com.sawcunhaos.security.grpc.proto.RegistrySystemRequest$1	com.google.protobuf.AbstractParser	externo	protobuf-java-4.34.2.jar
br.com.sawcunhaos.security.grpc.proto.RegistrySystemRequest$1	com.google.protobuf.CodedInputStream	externo	protobuf-java-4.34.2.jar
br.com.sawcunhaos.security.grpc.proto.RegistrySystemRequest$1	com.google.protobuf.ExtensionRegistryLite	externo	protobuf-java-4.34.2.jar
br.com.sawcunhaos.security.grpc.proto.RegistrySystemRequest$1	com.google.protobuf.InvalidProtocolBufferException	externo	protobuf-java-4.34.2.jar
br.com.sawcunhaos.security.grpc.proto.RegistrySystemRequest$1	com.google.protobuf.MessageLite	externo	protobuf-java-4.34.2.jar
br.com.sawcunhaos.security.grpc.proto.RegistrySystemRequest$1	com.google.protobuf.UninitializedMessageException	externo	protobuf-java-4.34.2.jar
br.com.sawcunhaos.security.grpc.proto.RegistrySystemRequest$1	java.io.IOException	jdk	java.base
br.com.sawcunhaos.security.grpc.proto.RegistrySystemRequest$1	java.lang.Object	jdk	java.base
br.com.sawcunhaos.security.grpc.proto.RegistrySystemRequest$Builder	br.com.sawcunhaos.security.grpc.proto.RegistryProto	interno	classes
br.com.sawcunhaos.security.grpc.proto.RegistrySystemRequest$Builder	br.com.sawcunhaos.security.grpc.proto.RegistrySystemRequest	interno	classes
br.com.sawcunhaos.security.grpc.proto.RegistrySystemRequest$Builder	br.com.sawcunhaos.security.grpc.proto.RegistrySystemRequestOrBuilder	interno	classes
br.com.sawcunhaos.security.grpc.proto.RegistrySystemRequest$Builder	com.google.protobuf.AbstractMessage	externo	protobuf-java-4.34.2.jar
br.com.sawcunhaos.security.grpc.proto.RegistrySystemRequest$Builder	com.google.protobuf.AbstractMessage$Builder	externo	protobuf-java-4.34.2.jar
br.com.sawcunhaos.security.grpc.proto.RegistrySystemRequest$Builder	com.google.protobuf.AbstractMessage$BuilderParent	externo	protobuf-java-4.34.2.jar
br.com.sawcunhaos.security.grpc.proto.RegistrySystemRequest$Builder	com.google.protobuf.AbstractMessageLite	externo	protobuf-java-4.34.2.jar
br.com.sawcunhaos.security.grpc.proto.RegistrySystemRequest$Builder	com.google.protobuf.AbstractMessageLite$Builder	externo	protobuf-java-4.34.2.jar
br.com.sawcunhaos.security.grpc.proto.RegistrySystemRequest$Builder	com.google.protobuf.ByteString	externo	protobuf-java-4.34.2.jar
br.com.sawcunhaos.security.grpc.proto.RegistrySystemRequest$Builder	com.google.protobuf.CodedInputStream	externo	protobuf-java-4.34.2.jar
br.com.sawcunhaos.security.grpc.proto.RegistrySystemRequest$Builder	com.google.protobuf.Descriptors	externo	protobuf-java-4.34.2.jar
br.com.sawcunhaos.security.grpc.proto.RegistrySystemRequest$Builder	com.google.protobuf.Descriptors$Descriptor	externo	protobuf-java-4.34.2.jar
br.com.sawcunhaos.security.grpc.proto.RegistrySystemRequest$Builder	com.google.protobuf.ExtensionRegistryLite	externo	protobuf-java-4.34.2.jar
br.com.sawcunhaos.security.grpc.proto.RegistrySystemRequest$Builder	com.google.protobuf.GeneratedMessage	externo	protobuf-java-4.34.2.jar
br.com.sawcunhaos.security.grpc.proto.RegistrySystemRequest$Builder	com.google.protobuf.GeneratedMessage$Builder	externo	protobuf-java-4.34.2.jar
br.com.sawcunhaos.security.grpc.proto.RegistrySystemRequest$Builder	com.google.protobuf.GeneratedMessage$FieldAccessorTable	externo	protobuf-java-4.34.2.jar
br.com.sawcunhaos.security.grpc.proto.RegistrySystemRequest$Builder	com.google.protobuf.InvalidProtocolBufferException	externo	protobuf-java-4.34.2.jar
br.com.sawcunhaos.security.grpc.proto.RegistrySystemRequest$Builder	com.google.protobuf.Message	externo	protobuf-java-4.34.2.jar
br.com.sawcunhaos.security.grpc.proto.RegistrySystemRequest$Builder	com.google.protobuf.Message$Builder	externo	protobuf-java-4.34.2.jar
br.com.sawcunhaos.security.grpc.proto.RegistrySystemRequest$Builder	com.google.protobuf.MessageLite	externo	protobuf-java-4.34.2.jar
br.com.sawcunhaos.security.grpc.proto.RegistrySystemRequest$Builder	com.google.protobuf.MessageLite$Builder	externo	protobuf-java-4.34.2.jar
br.com.sawcunhaos.security.grpc.proto.RegistrySystemRequest$Builder	com.google.protobuf.UninitializedMessageException	externo	protobuf-java-4.34.2.jar
br.com.sawcunhaos.security.grpc.proto.RegistrySystemRequest$Builder	com.google.protobuf.UnknownFieldSet	externo	protobuf-java-4.34.2.jar
br.com.sawcunhaos.security.grpc.proto.RegistrySystemRequest$Builder	java.io.IOException	jdk	java.base
br.com.sawcunhaos.security.grpc.proto.RegistrySystemRequest$Builder	java.lang.Class	jdk	java.base
br.com.sawcunhaos.security.grpc.proto.RegistrySystemRequest$Builder	java.lang.NullPointerException	jdk	java.base
br.com.sawcunhaos.security.grpc.proto.RegistrySystemRequest$Builder	java.lang.Object	jdk	java.base
br.com.sawcunhaos.security.grpc.proto.RegistrySystemRequest$Builder	java.lang.String	jdk	java.base
br.com.sawcunhaos.security.grpc.proto.RegistrySystemRequest$Builder	java.lang.Throwable	jdk	java.base
br.com.sawcunhaos.security.grpc.proto.RegistrySystemRequestOrBuilder	com.google.protobuf.ByteString	externo	protobuf-java-4.34.2.jar
br.com.sawcunhaos.security.grpc.proto.RegistrySystemRequestOrBuilder	com.google.protobuf.MessageOrBuilder	externo	protobuf-java-4.34.2.jar
br.com.sawcunhaos.security.grpc.proto.RegistrySystemRequestOrBuilder	java.lang.Object	jdk	java.base
br.com.sawcunhaos.security.grpc.proto.RegistrySystemRequestOrBuilder	java.lang.String	jdk	java.base
br.com.sawcunhaos.security.grpc.proto.RegistrySystemResponse	br.com.sawcunhaos.security.grpc.proto.RegistryProto	interno	classes
br.com.sawcunhaos.security.grpc.proto.RegistrySystemResponse	br.com.sawcunhaos.security.grpc.proto.RegistrySystemResponse$1	interno	classes
br.com.sawcunhaos.security.grpc.proto.RegistrySystemResponse	br.com.sawcunhaos.security.grpc.proto.RegistrySystemResponse$Builder	interno	classes
br.com.sawcunhaos.security.grpc.proto.RegistrySystemResponse	br.com.sawcunhaos.security.grpc.proto.RegistrySystemResponseOrBuilder	interno	classes
br.com.sawcunhaos.security.grpc.proto.RegistrySystemResponse	com.google.protobuf.AbstractMessage	externo	protobuf-java-4.34.2.jar
br.com.sawcunhaos.security.grpc.proto.RegistrySystemResponse	com.google.protobuf.AbstractMessage$BuilderParent	externo	protobuf-java-4.34.2.jar
br.com.sawcunhaos.security.grpc.proto.RegistrySystemResponse	com.google.protobuf.ByteString	externo	protobuf-java-4.34.2.jar
br.com.sawcunhaos.security.grpc.proto.RegistrySystemResponse	com.google.protobuf.CodedInputStream	externo	protobuf-java-4.34.2.jar
br.com.sawcunhaos.security.grpc.proto.RegistrySystemResponse	com.google.protobuf.CodedOutputStream	externo	protobuf-java-4.34.2.jar
br.com.sawcunhaos.security.grpc.proto.RegistrySystemResponse	com.google.protobuf.Descriptors	externo	protobuf-java-4.34.2.jar
br.com.sawcunhaos.security.grpc.proto.RegistrySystemResponse	com.google.protobuf.Descriptors$Descriptor	externo	protobuf-java-4.34.2.jar
br.com.sawcunhaos.security.grpc.proto.RegistrySystemResponse	com.google.protobuf.ExtensionRegistryLite	externo	protobuf-java-4.34.2.jar
br.com.sawcunhaos.security.grpc.proto.RegistrySystemResponse	com.google.protobuf.GeneratedMessage	externo	protobuf-java-4.34.2.jar
br.com.sawcunhaos.security.grpc.proto.RegistrySystemResponse	com.google.protobuf.GeneratedMessage$Builder	externo	protobuf-java-4.34.2.jar
br.com.sawcunhaos.security.grpc.proto.RegistrySystemResponse	com.google.protobuf.GeneratedMessage$FieldAccessorTable	externo	protobuf-java-4.34.2.jar
br.com.sawcunhaos.security.grpc.proto.RegistrySystemResponse	com.google.protobuf.Internal	externo	protobuf-java-4.34.2.jar
br.com.sawcunhaos.security.grpc.proto.RegistrySystemResponse	com.google.protobuf.InvalidProtocolBufferException	externo	protobuf-java-4.34.2.jar
br.com.sawcunhaos.security.grpc.proto.RegistrySystemResponse	com.google.protobuf.Message	externo	protobuf-java-4.34.2.jar
br.com.sawcunhaos.security.grpc.proto.RegistrySystemResponse	com.google.protobuf.Message$Builder	externo	protobuf-java-4.34.2.jar
br.com.sawcunhaos.security.grpc.proto.RegistrySystemResponse	com.google.protobuf.MessageLite	externo	protobuf-java-4.34.2.jar
br.com.sawcunhaos.security.grpc.proto.RegistrySystemResponse	com.google.protobuf.MessageLite$Builder	externo	protobuf-java-4.34.2.jar
br.com.sawcunhaos.security.grpc.proto.RegistrySystemResponse	com.google.protobuf.Parser	externo	protobuf-java-4.34.2.jar
br.com.sawcunhaos.security.grpc.proto.RegistrySystemResponse	com.google.protobuf.RuntimeVersion	externo	protobuf-java-4.34.2.jar
br.com.sawcunhaos.security.grpc.proto.RegistrySystemResponse	com.google.protobuf.RuntimeVersion$RuntimeDomain	externo	protobuf-java-4.34.2.jar
br.com.sawcunhaos.security.grpc.proto.RegistrySystemResponse	com.google.protobuf.UnknownFieldSet	externo	protobuf-java-4.34.2.jar
br.com.sawcunhaos.security.grpc.proto.RegistrySystemResponse	java.io.IOException	jdk	java.base
br.com.sawcunhaos.security.grpc.proto.RegistrySystemResponse	java.io.InputStream	jdk	java.base
br.com.sawcunhaos.security.grpc.proto.RegistrySystemResponse	java.lang.Class	jdk	java.base
br.com.sawcunhaos.security.grpc.proto.RegistrySystemResponse	java.lang.IllegalArgumentException	jdk	java.base
br.com.sawcunhaos.security.grpc.proto.RegistrySystemResponse	java.lang.Object	jdk	java.base
br.com.sawcunhaos.security.grpc.proto.RegistrySystemResponse	java.lang.String	jdk	java.base
br.com.sawcunhaos.security.grpc.proto.RegistrySystemResponse	java.nio.ByteBuffer	jdk	java.base
br.com.sawcunhaos.security.grpc.proto.RegistrySystemResponse$1	br.com.sawcunhaos.security.grpc.proto.RegistrySystemResponse	interno	classes
br.com.sawcunhaos.security.grpc.proto.RegistrySystemResponse$1	br.com.sawcunhaos.security.grpc.proto.RegistrySystemResponse$Builder	interno	classes
br.com.sawcunhaos.security.grpc.proto.RegistrySystemResponse$1	com.google.protobuf.AbstractParser	externo	protobuf-java-4.34.2.jar
br.com.sawcunhaos.security.grpc.proto.RegistrySystemResponse$1	com.google.protobuf.CodedInputStream	externo	protobuf-java-4.34.2.jar
br.com.sawcunhaos.security.grpc.proto.RegistrySystemResponse$1	com.google.protobuf.ExtensionRegistryLite	externo	protobuf-java-4.34.2.jar
br.com.sawcunhaos.security.grpc.proto.RegistrySystemResponse$1	com.google.protobuf.InvalidProtocolBufferException	externo	protobuf-java-4.34.2.jar
br.com.sawcunhaos.security.grpc.proto.RegistrySystemResponse$1	com.google.protobuf.MessageLite	externo	protobuf-java-4.34.2.jar
br.com.sawcunhaos.security.grpc.proto.RegistrySystemResponse$1	com.google.protobuf.UninitializedMessageException	externo	protobuf-java-4.34.2.jar
br.com.sawcunhaos.security.grpc.proto.RegistrySystemResponse$1	java.io.IOException	jdk	java.base
br.com.sawcunhaos.security.grpc.proto.RegistrySystemResponse$1	java.lang.Object	jdk	java.base
br.com.sawcunhaos.security.grpc.proto.RegistrySystemResponse$Builder	br.com.sawcunhaos.security.grpc.proto.RegistryProto	interno	classes
br.com.sawcunhaos.security.grpc.proto.RegistrySystemResponse$Builder	br.com.sawcunhaos.security.grpc.proto.RegistrySystemResponse	interno	classes
br.com.sawcunhaos.security.grpc.proto.RegistrySystemResponse$Builder	br.com.sawcunhaos.security.grpc.proto.RegistrySystemResponseOrBuilder	interno	classes
br.com.sawcunhaos.security.grpc.proto.RegistrySystemResponse$Builder	com.google.protobuf.AbstractMessage	externo	protobuf-java-4.34.2.jar
br.com.sawcunhaos.security.grpc.proto.RegistrySystemResponse$Builder	com.google.protobuf.AbstractMessage$Builder	externo	protobuf-java-4.34.2.jar
br.com.sawcunhaos.security.grpc.proto.RegistrySystemResponse$Builder	com.google.protobuf.AbstractMessage$BuilderParent	externo	protobuf-java-4.34.2.jar
br.com.sawcunhaos.security.grpc.proto.RegistrySystemResponse$Builder	com.google.protobuf.AbstractMessageLite	externo	protobuf-java-4.34.2.jar
br.com.sawcunhaos.security.grpc.proto.RegistrySystemResponse$Builder	com.google.protobuf.AbstractMessageLite$Builder	externo	protobuf-java-4.34.2.jar
br.com.sawcunhaos.security.grpc.proto.RegistrySystemResponse$Builder	com.google.protobuf.ByteString	externo	protobuf-java-4.34.2.jar
br.com.sawcunhaos.security.grpc.proto.RegistrySystemResponse$Builder	com.google.protobuf.CodedInputStream	externo	protobuf-java-4.34.2.jar
br.com.sawcunhaos.security.grpc.proto.RegistrySystemResponse$Builder	com.google.protobuf.Descriptors	externo	protobuf-java-4.34.2.jar
br.com.sawcunhaos.security.grpc.proto.RegistrySystemResponse$Builder	com.google.protobuf.Descriptors$Descriptor	externo	protobuf-java-4.34.2.jar
br.com.sawcunhaos.security.grpc.proto.RegistrySystemResponse$Builder	com.google.protobuf.ExtensionRegistryLite	externo	protobuf-java-4.34.2.jar
br.com.sawcunhaos.security.grpc.proto.RegistrySystemResponse$Builder	com.google.protobuf.GeneratedMessage	externo	protobuf-java-4.34.2.jar
br.com.sawcunhaos.security.grpc.proto.RegistrySystemResponse$Builder	com.google.protobuf.GeneratedMessage$Builder	externo	protobuf-java-4.34.2.jar
br.com.sawcunhaos.security.grpc.proto.RegistrySystemResponse$Builder	com.google.protobuf.GeneratedMessage$FieldAccessorTable	externo	protobuf-java-4.34.2.jar
br.com.sawcunhaos.security.grpc.proto.RegistrySystemResponse$Builder	com.google.protobuf.InvalidProtocolBufferException	externo	protobuf-java-4.34.2.jar
br.com.sawcunhaos.security.grpc.proto.RegistrySystemResponse$Builder	com.google.protobuf.Message	externo	protobuf-java-4.34.2.jar
br.com.sawcunhaos.security.grpc.proto.RegistrySystemResponse$Builder	com.google.protobuf.Message$Builder	externo	protobuf-java-4.34.2.jar
br.com.sawcunhaos.security.grpc.proto.RegistrySystemResponse$Builder	com.google.protobuf.MessageLite	externo	protobuf-java-4.34.2.jar
br.com.sawcunhaos.security.grpc.proto.RegistrySystemResponse$Builder	com.google.protobuf.MessageLite$Builder	externo	protobuf-java-4.34.2.jar
br.com.sawcunhaos.security.grpc.proto.RegistrySystemResponse$Builder	com.google.protobuf.UninitializedMessageException	externo	protobuf-java-4.34.2.jar
br.com.sawcunhaos.security.grpc.proto.RegistrySystemResponse$Builder	com.google.protobuf.UnknownFieldSet	externo	protobuf-java-4.34.2.jar
br.com.sawcunhaos.security.grpc.proto.RegistrySystemResponse$Builder	java.io.IOException	jdk	java.base
br.com.sawcunhaos.security.grpc.proto.RegistrySystemResponse$Builder	java.lang.Class	jdk	java.base
br.com.sawcunhaos.security.grpc.proto.RegistrySystemResponse$Builder	java.lang.NullPointerException	jdk	java.base
br.com.sawcunhaos.security.grpc.proto.RegistrySystemResponse$Builder	java.lang.Object	jdk	java.base
br.com.sawcunhaos.security.grpc.proto.RegistrySystemResponse$Builder	java.lang.String	jdk	java.base
br.com.sawcunhaos.security.grpc.proto.RegistrySystemResponse$Builder	java.lang.Throwable	jdk	java.base
br.com.sawcunhaos.security.grpc.proto.RegistrySystemResponseOrBuilder	com.google.protobuf.ByteString	externo	protobuf-java-4.34.2.jar
br.com.sawcunhaos.security.grpc.proto.RegistrySystemResponseOrBuilder	com.google.protobuf.MessageOrBuilder	externo	protobuf-java-4.34.2.jar
br.com.sawcunhaos.security.grpc.proto.RegistrySystemResponseOrBuilder	java.lang.Object	jdk	java.base
br.com.sawcunhaos.security.grpc.proto.RegistrySystemResponseOrBuilder	java.lang.String	jdk	java.base
br.com.sawcunhaos.security.grpc.proto.Resource	br.com.sawcunhaos.security.grpc.proto.RegistryProto	interno	classes
br.com.sawcunhaos.security.grpc.proto.Resource	br.com.sawcunhaos.security.grpc.proto.Resource$1	interno	classes
br.com.sawcunhaos.security.grpc.proto.Resource	br.com.sawcunhaos.security.grpc.proto.Resource$Builder	interno	classes
br.com.sawcunhaos.security.grpc.proto.Resource	br.com.sawcunhaos.security.grpc.proto.ResourceOrBuilder	interno	classes
br.com.sawcunhaos.security.grpc.proto.Resource	com.google.protobuf.AbstractMessage	externo	protobuf-java-4.34.2.jar
br.com.sawcunhaos.security.grpc.proto.Resource	com.google.protobuf.AbstractMessage$BuilderParent	externo	protobuf-java-4.34.2.jar
br.com.sawcunhaos.security.grpc.proto.Resource	com.google.protobuf.ByteString	externo	protobuf-java-4.34.2.jar
br.com.sawcunhaos.security.grpc.proto.Resource	com.google.protobuf.CodedInputStream	externo	protobuf-java-4.34.2.jar
br.com.sawcunhaos.security.grpc.proto.Resource	com.google.protobuf.CodedOutputStream	externo	protobuf-java-4.34.2.jar
br.com.sawcunhaos.security.grpc.proto.Resource	com.google.protobuf.Descriptors	externo	protobuf-java-4.34.2.jar
br.com.sawcunhaos.security.grpc.proto.Resource	com.google.protobuf.Descriptors$Descriptor	externo	protobuf-java-4.34.2.jar
br.com.sawcunhaos.security.grpc.proto.Resource	com.google.protobuf.ExtensionRegistryLite	externo	protobuf-java-4.34.2.jar
br.com.sawcunhaos.security.grpc.proto.Resource	com.google.protobuf.GeneratedMessage	externo	protobuf-java-4.34.2.jar
br.com.sawcunhaos.security.grpc.proto.Resource	com.google.protobuf.GeneratedMessage$Builder	externo	protobuf-java-4.34.2.jar
br.com.sawcunhaos.security.grpc.proto.Resource	com.google.protobuf.GeneratedMessage$FieldAccessorTable	externo	protobuf-java-4.34.2.jar
br.com.sawcunhaos.security.grpc.proto.Resource	com.google.protobuf.Internal	externo	protobuf-java-4.34.2.jar
br.com.sawcunhaos.security.grpc.proto.Resource	com.google.protobuf.InvalidProtocolBufferException	externo	protobuf-java-4.34.2.jar
br.com.sawcunhaos.security.grpc.proto.Resource	com.google.protobuf.Message	externo	protobuf-java-4.34.2.jar
br.com.sawcunhaos.security.grpc.proto.Resource	com.google.protobuf.Message$Builder	externo	protobuf-java-4.34.2.jar
br.com.sawcunhaos.security.grpc.proto.Resource	com.google.protobuf.MessageLite	externo	protobuf-java-4.34.2.jar
br.com.sawcunhaos.security.grpc.proto.Resource	com.google.protobuf.MessageLite$Builder	externo	protobuf-java-4.34.2.jar
br.com.sawcunhaos.security.grpc.proto.Resource	com.google.protobuf.Parser	externo	protobuf-java-4.34.2.jar
br.com.sawcunhaos.security.grpc.proto.Resource	com.google.protobuf.RuntimeVersion	externo	protobuf-java-4.34.2.jar
br.com.sawcunhaos.security.grpc.proto.Resource	com.google.protobuf.RuntimeVersion$RuntimeDomain	externo	protobuf-java-4.34.2.jar
br.com.sawcunhaos.security.grpc.proto.Resource	com.google.protobuf.UnknownFieldSet	externo	protobuf-java-4.34.2.jar
br.com.sawcunhaos.security.grpc.proto.Resource	java.io.IOException	jdk	java.base
br.com.sawcunhaos.security.grpc.proto.Resource	java.io.InputStream	jdk	java.base
br.com.sawcunhaos.security.grpc.proto.Resource	java.lang.Class	jdk	java.base
br.com.sawcunhaos.security.grpc.proto.Resource	java.lang.IllegalArgumentException	jdk	java.base
br.com.sawcunhaos.security.grpc.proto.Resource	java.lang.Object	jdk	java.base
br.com.sawcunhaos.security.grpc.proto.Resource	java.lang.String	jdk	java.base
br.com.sawcunhaos.security.grpc.proto.Resource	java.nio.ByteBuffer	jdk	java.base
br.com.sawcunhaos.security.grpc.proto.Resource$1	br.com.sawcunhaos.security.grpc.proto.Resource	interno	classes
br.com.sawcunhaos.security.grpc.proto.Resource$1	br.com.sawcunhaos.security.grpc.proto.Resource$Builder	interno	classes
br.com.sawcunhaos.security.grpc.proto.Resource$1	com.google.protobuf.AbstractParser	externo	protobuf-java-4.34.2.jar
br.com.sawcunhaos.security.grpc.proto.Resource$1	com.google.protobuf.CodedInputStream	externo	protobuf-java-4.34.2.jar
br.com.sawcunhaos.security.grpc.proto.Resource$1	com.google.protobuf.ExtensionRegistryLite	externo	protobuf-java-4.34.2.jar
br.com.sawcunhaos.security.grpc.proto.Resource$1	com.google.protobuf.InvalidProtocolBufferException	externo	protobuf-java-4.34.2.jar
br.com.sawcunhaos.security.grpc.proto.Resource$1	com.google.protobuf.MessageLite	externo	protobuf-java-4.34.2.jar
br.com.sawcunhaos.security.grpc.proto.Resource$1	com.google.protobuf.UninitializedMessageException	externo	protobuf-java-4.34.2.jar
br.com.sawcunhaos.security.grpc.proto.Resource$1	java.io.IOException	jdk	java.base
br.com.sawcunhaos.security.grpc.proto.Resource$1	java.lang.Object	jdk	java.base
br.com.sawcunhaos.security.grpc.proto.Resource$Builder	br.com.sawcunhaos.security.grpc.proto.RegistryProto	interno	classes
br.com.sawcunhaos.security.grpc.proto.Resource$Builder	br.com.sawcunhaos.security.grpc.proto.Resource	interno	classes
br.com.sawcunhaos.security.grpc.proto.Resource$Builder	br.com.sawcunhaos.security.grpc.proto.ResourceOrBuilder	interno	classes
br.com.sawcunhaos.security.grpc.proto.Resource$Builder	com.google.protobuf.AbstractMessage	externo	protobuf-java-4.34.2.jar
br.com.sawcunhaos.security.grpc.proto.Resource$Builder	com.google.protobuf.AbstractMessage$Builder	externo	protobuf-java-4.34.2.jar
br.com.sawcunhaos.security.grpc.proto.Resource$Builder	com.google.protobuf.AbstractMessage$BuilderParent	externo	protobuf-java-4.34.2.jar
br.com.sawcunhaos.security.grpc.proto.Resource$Builder	com.google.protobuf.AbstractMessageLite	externo	protobuf-java-4.34.2.jar
br.com.sawcunhaos.security.grpc.proto.Resource$Builder	com.google.protobuf.AbstractMessageLite$Builder	externo	protobuf-java-4.34.2.jar
br.com.sawcunhaos.security.grpc.proto.Resource$Builder	com.google.protobuf.ByteString	externo	protobuf-java-4.34.2.jar
br.com.sawcunhaos.security.grpc.proto.Resource$Builder	com.google.protobuf.CodedInputStream	externo	protobuf-java-4.34.2.jar
br.com.sawcunhaos.security.grpc.proto.Resource$Builder	com.google.protobuf.Descriptors	externo	protobuf-java-4.34.2.jar
br.com.sawcunhaos.security.grpc.proto.Resource$Builder	com.google.protobuf.Descriptors$Descriptor	externo	protobuf-java-4.34.2.jar
br.com.sawcunhaos.security.grpc.proto.Resource$Builder	com.google.protobuf.ExtensionRegistryLite	externo	protobuf-java-4.34.2.jar
br.com.sawcunhaos.security.grpc.proto.Resource$Builder	com.google.protobuf.GeneratedMessage	externo	protobuf-java-4.34.2.jar
br.com.sawcunhaos.security.grpc.proto.Resource$Builder	com.google.protobuf.GeneratedMessage$Builder	externo	protobuf-java-4.34.2.jar
br.com.sawcunhaos.security.grpc.proto.Resource$Builder	com.google.protobuf.GeneratedMessage$FieldAccessorTable	externo	protobuf-java-4.34.2.jar
br.com.sawcunhaos.security.grpc.proto.Resource$Builder	com.google.protobuf.InvalidProtocolBufferException	externo	protobuf-java-4.34.2.jar
br.com.sawcunhaos.security.grpc.proto.Resource$Builder	com.google.protobuf.Message	externo	protobuf-java-4.34.2.jar
br.com.sawcunhaos.security.grpc.proto.Resource$Builder	com.google.protobuf.Message$Builder	externo	protobuf-java-4.34.2.jar
br.com.sawcunhaos.security.grpc.proto.Resource$Builder	com.google.protobuf.MessageLite	externo	protobuf-java-4.34.2.jar
br.com.sawcunhaos.security.grpc.proto.Resource$Builder	com.google.protobuf.MessageLite$Builder	externo	protobuf-java-4.34.2.jar
br.com.sawcunhaos.security.grpc.proto.Resource$Builder	com.google.protobuf.UninitializedMessageException	externo	protobuf-java-4.34.2.jar
br.com.sawcunhaos.security.grpc.proto.Resource$Builder	com.google.protobuf.UnknownFieldSet	externo	protobuf-java-4.34.2.jar
br.com.sawcunhaos.security.grpc.proto.Resource$Builder	java.io.IOException	jdk	java.base
br.com.sawcunhaos.security.grpc.proto.Resource$Builder	java.lang.Class	jdk	java.base
br.com.sawcunhaos.security.grpc.proto.Resource$Builder	java.lang.NullPointerException	jdk	java.base
br.com.sawcunhaos.security.grpc.proto.Resource$Builder	java.lang.Object	jdk	java.base
br.com.sawcunhaos.security.grpc.proto.Resource$Builder	java.lang.String	jdk	java.base
br.com.sawcunhaos.security.grpc.proto.Resource$Builder	java.lang.Throwable	jdk	java.base
br.com.sawcunhaos.security.grpc.proto.ResourceOrBuilder	com.google.protobuf.ByteString	externo	protobuf-java-4.34.2.jar
br.com.sawcunhaos.security.grpc.proto.ResourceOrBuilder	com.google.protobuf.MessageOrBuilder	externo	protobuf-java-4.34.2.jar
br.com.sawcunhaos.security.grpc.proto.ResourceOrBuilder	java.lang.Object	jdk	java.base
br.com.sawcunhaos.security.grpc.proto.ResourceOrBuilder	java.lang.String	jdk	java.base
br.com.sawcunhaos.security.grpc.proto.ValidateAuthorityServiceGrpc	br.com.sawcunhaos.security.grpc.proto.AuthorityRequest	interno	classes
br.com.sawcunhaos.security.grpc.proto.ValidateAuthorityServiceGrpc	br.com.sawcunhaos.security.grpc.proto.AuthorityResponse	interno	classes
br.com.sawcunhaos.security.grpc.proto.ValidateAuthorityServiceGrpc	br.com.sawcunhaos.security.grpc.proto.ValidateAuthorityServiceGrpc$1	interno	classes
br.com.sawcunhaos.security.grpc.proto.ValidateAuthorityServiceGrpc	br.com.sawcunhaos.security.grpc.proto.ValidateAuthorityServiceGrpc$2	interno	classes
br.com.sawcunhaos.security.grpc.proto.ValidateAuthorityServiceGrpc	br.com.sawcunhaos.security.grpc.proto.ValidateAuthorityServiceGrpc$3	interno	classes
br.com.sawcunhaos.security.grpc.proto.ValidateAuthorityServiceGrpc	br.com.sawcunhaos.security.grpc.proto.ValidateAuthorityServiceGrpc$4	interno	classes
br.com.sawcunhaos.security.grpc.proto.ValidateAuthorityServiceGrpc	br.com.sawcunhaos.security.grpc.proto.ValidateAuthorityServiceGrpc$AsyncService	interno	classes
br.com.sawcunhaos.security.grpc.proto.ValidateAuthorityServiceGrpc	br.com.sawcunhaos.security.grpc.proto.ValidateAuthorityServiceGrpc$MethodHandlers	interno	classes
br.com.sawcunhaos.security.grpc.proto.ValidateAuthorityServiceGrpc	br.com.sawcunhaos.security.grpc.proto.ValidateAuthorityServiceGrpc$ValidateAuthorityServiceBaseDescriptorSupplier	interno	classes
br.com.sawcunhaos.security.grpc.proto.ValidateAuthorityServiceGrpc	br.com.sawcunhaos.security.grpc.proto.ValidateAuthorityServiceGrpc$ValidateAuthorityServiceBlockingStub	interno	classes
br.com.sawcunhaos.security.grpc.proto.ValidateAuthorityServiceGrpc	br.com.sawcunhaos.security.grpc.proto.ValidateAuthorityServiceGrpc$ValidateAuthorityServiceBlockingV2Stub	interno	classes
br.com.sawcunhaos.security.grpc.proto.ValidateAuthorityServiceGrpc	br.com.sawcunhaos.security.grpc.proto.ValidateAuthorityServiceGrpc$ValidateAuthorityServiceFileDescriptorSupplier	interno	classes
br.com.sawcunhaos.security.grpc.proto.ValidateAuthorityServiceGrpc	br.com.sawcunhaos.security.grpc.proto.ValidateAuthorityServiceGrpc$ValidateAuthorityServiceFutureStub	interno	classes
br.com.sawcunhaos.security.grpc.proto.ValidateAuthorityServiceGrpc	br.com.sawcunhaos.security.grpc.proto.ValidateAuthorityServiceGrpc$ValidateAuthorityServiceImplBase	interno	classes
br.com.sawcunhaos.security.grpc.proto.ValidateAuthorityServiceGrpc	br.com.sawcunhaos.security.grpc.proto.ValidateAuthorityServiceGrpc$ValidateAuthorityServiceMethodDescriptorSupplier	interno	classes
br.com.sawcunhaos.security.grpc.proto.ValidateAuthorityServiceGrpc	br.com.sawcunhaos.security.grpc.proto.ValidateAuthorityServiceGrpc$ValidateAuthorityServiceStub	interno	classes
br.com.sawcunhaos.security.grpc.proto.ValidateAuthorityServiceGrpc	com.google.protobuf.Message	externo	protobuf-java-4.34.2.jar
br.com.sawcunhaos.security.grpc.proto.ValidateAuthorityServiceGrpc	io.grpc.Channel	externo	grpc-api-1.83.1.jar
br.com.sawcunhaos.security.grpc.proto.ValidateAuthorityServiceGrpc	io.grpc.MethodDescriptor	externo	grpc-api-1.83.1.jar
br.com.sawcunhaos.security.grpc.proto.ValidateAuthorityServiceGrpc	io.grpc.MethodDescriptor$Builder	externo	grpc-api-1.83.1.jar
br.com.sawcunhaos.security.grpc.proto.ValidateAuthorityServiceGrpc	io.grpc.MethodDescriptor$Marshaller	externo	grpc-api-1.83.1.jar
br.com.sawcunhaos.security.grpc.proto.ValidateAuthorityServiceGrpc	io.grpc.MethodDescriptor$MethodType	externo	grpc-api-1.83.1.jar
br.com.sawcunhaos.security.grpc.proto.ValidateAuthorityServiceGrpc	io.grpc.ServerCallHandler	externo	grpc-api-1.83.1.jar
br.com.sawcunhaos.security.grpc.proto.ValidateAuthorityServiceGrpc	io.grpc.ServerServiceDefinition	externo	grpc-api-1.83.1.jar
br.com.sawcunhaos.security.grpc.proto.ValidateAuthorityServiceGrpc	io.grpc.ServerServiceDefinition$Builder	externo	grpc-api-1.83.1.jar
br.com.sawcunhaos.security.grpc.proto.ValidateAuthorityServiceGrpc	io.grpc.ServiceDescriptor	externo	grpc-api-1.83.1.jar
br.com.sawcunhaos.security.grpc.proto.ValidateAuthorityServiceGrpc	io.grpc.ServiceDescriptor$Builder	externo	grpc-api-1.83.1.jar
br.com.sawcunhaos.security.grpc.proto.ValidateAuthorityServiceGrpc	io.grpc.protobuf.ProtoUtils	externo	grpc-protobuf-1.83.1.jar
br.com.sawcunhaos.security.grpc.proto.ValidateAuthorityServiceGrpc	io.grpc.stub.AbstractStub	externo	grpc-stub-1.83.1.jar
br.com.sawcunhaos.security.grpc.proto.ValidateAuthorityServiceGrpc	io.grpc.stub.AbstractStub$StubFactory	externo	grpc-stub-1.83.1.jar
br.com.sawcunhaos.security.grpc.proto.ValidateAuthorityServiceGrpc	io.grpc.stub.ServerCalls	externo	grpc-stub-1.83.1.jar
br.com.sawcunhaos.security.grpc.proto.ValidateAuthorityServiceGrpc	io.grpc.stub.ServerCalls$UnaryMethod	externo	grpc-stub-1.83.1.jar
br.com.sawcunhaos.security.grpc.proto.ValidateAuthorityServiceGrpc	java.lang.Class	jdk	java.base
br.com.sawcunhaos.security.grpc.proto.ValidateAuthorityServiceGrpc	java.lang.Object	jdk	java.base
br.com.sawcunhaos.security.grpc.proto.ValidateAuthorityServiceGrpc	java.lang.String	jdk	java.base
br.com.sawcunhaos.security.grpc.proto.ValidateAuthorityServiceGrpc	java.lang.Throwable	jdk	java.base
br.com.sawcunhaos.security.grpc.proto.ValidateAuthorityServiceGrpc$1	br.com.sawcunhaos.security.grpc.proto.ValidateAuthorityServiceGrpc	interno	classes
br.com.sawcunhaos.security.grpc.proto.ValidateAuthorityServiceGrpc$1	br.com.sawcunhaos.security.grpc.proto.ValidateAuthorityServiceGrpc$ValidateAuthorityServiceStub	interno	classes
br.com.sawcunhaos.security.grpc.proto.ValidateAuthorityServiceGrpc$1	io.grpc.CallOptions	externo	grpc-api-1.83.1.jar
br.com.sawcunhaos.security.grpc.proto.ValidateAuthorityServiceGrpc$1	io.grpc.Channel	externo	grpc-api-1.83.1.jar
br.com.sawcunhaos.security.grpc.proto.ValidateAuthorityServiceGrpc$1	io.grpc.stub.AbstractStub	externo	grpc-stub-1.83.1.jar
br.com.sawcunhaos.security.grpc.proto.ValidateAuthorityServiceGrpc$1	io.grpc.stub.AbstractStub$StubFactory	externo	grpc-stub-1.83.1.jar
br.com.sawcunhaos.security.grpc.proto.ValidateAuthorityServiceGrpc$1	java.lang.Object	jdk	java.base
br.com.sawcunhaos.security.grpc.proto.ValidateAuthorityServiceGrpc$2	br.com.sawcunhaos.security.grpc.proto.ValidateAuthorityServiceGrpc	interno	classes
br.com.sawcunhaos.security.grpc.proto.ValidateAuthorityServiceGrpc$2	br.com.sawcunhaos.security.grpc.proto.ValidateAuthorityServiceGrpc$ValidateAuthorityServiceBlockingV2Stub	interno	classes
br.com.sawcunhaos.security.grpc.proto.ValidateAuthorityServiceGrpc$2	io.grpc.CallOptions	externo	grpc-api-1.83.1.jar
br.com.sawcunhaos.security.grpc.proto.ValidateAuthorityServiceGrpc$2	io.grpc.Channel	externo	grpc-api-1.83.1.jar
br.com.sawcunhaos.security.grpc.proto.ValidateAuthorityServiceGrpc$2	io.grpc.stub.AbstractStub	externo	grpc-stub-1.83.1.jar
br.com.sawcunhaos.security.grpc.proto.ValidateAuthorityServiceGrpc$2	io.grpc.stub.AbstractStub$StubFactory	externo	grpc-stub-1.83.1.jar
br.com.sawcunhaos.security.grpc.proto.ValidateAuthorityServiceGrpc$2	java.lang.Object	jdk	java.base
br.com.sawcunhaos.security.grpc.proto.ValidateAuthorityServiceGrpc$3	br.com.sawcunhaos.security.grpc.proto.ValidateAuthorityServiceGrpc	interno	classes
br.com.sawcunhaos.security.grpc.proto.ValidateAuthorityServiceGrpc$3	br.com.sawcunhaos.security.grpc.proto.ValidateAuthorityServiceGrpc$ValidateAuthorityServiceBlockingStub	interno	classes
br.com.sawcunhaos.security.grpc.proto.ValidateAuthorityServiceGrpc$3	io.grpc.CallOptions	externo	grpc-api-1.83.1.jar
br.com.sawcunhaos.security.grpc.proto.ValidateAuthorityServiceGrpc$3	io.grpc.Channel	externo	grpc-api-1.83.1.jar
br.com.sawcunhaos.security.grpc.proto.ValidateAuthorityServiceGrpc$3	io.grpc.stub.AbstractStub	externo	grpc-stub-1.83.1.jar
br.com.sawcunhaos.security.grpc.proto.ValidateAuthorityServiceGrpc$3	io.grpc.stub.AbstractStub$StubFactory	externo	grpc-stub-1.83.1.jar
br.com.sawcunhaos.security.grpc.proto.ValidateAuthorityServiceGrpc$3	java.lang.Object	jdk	java.base
br.com.sawcunhaos.security.grpc.proto.ValidateAuthorityServiceGrpc$4	br.com.sawcunhaos.security.grpc.proto.ValidateAuthorityServiceGrpc	interno	classes
br.com.sawcunhaos.security.grpc.proto.ValidateAuthorityServiceGrpc$4	br.com.sawcunhaos.security.grpc.proto.ValidateAuthorityServiceGrpc$ValidateAuthorityServiceFutureStub	interno	classes
br.com.sawcunhaos.security.grpc.proto.ValidateAuthorityServiceGrpc$4	io.grpc.CallOptions	externo	grpc-api-1.83.1.jar
br.com.sawcunhaos.security.grpc.proto.ValidateAuthorityServiceGrpc$4	io.grpc.Channel	externo	grpc-api-1.83.1.jar
br.com.sawcunhaos.security.grpc.proto.ValidateAuthorityServiceGrpc$4	io.grpc.stub.AbstractStub	externo	grpc-stub-1.83.1.jar
br.com.sawcunhaos.security.grpc.proto.ValidateAuthorityServiceGrpc$4	io.grpc.stub.AbstractStub$StubFactory	externo	grpc-stub-1.83.1.jar
br.com.sawcunhaos.security.grpc.proto.ValidateAuthorityServiceGrpc$4	java.lang.Object	jdk	java.base
br.com.sawcunhaos.security.grpc.proto.ValidateAuthorityServiceGrpc$AsyncService	br.com.sawcunhaos.security.grpc.proto.AuthorityRequest	interno	classes
br.com.sawcunhaos.security.grpc.proto.ValidateAuthorityServiceGrpc$AsyncService	br.com.sawcunhaos.security.grpc.proto.AuthorityResponse	interno	classes
br.com.sawcunhaos.security.grpc.proto.ValidateAuthorityServiceGrpc$AsyncService	br.com.sawcunhaos.security.grpc.proto.ValidateAuthorityServiceGrpc	interno	classes
br.com.sawcunhaos.security.grpc.proto.ValidateAuthorityServiceGrpc$AsyncService	io.grpc.MethodDescriptor	externo	grpc-api-1.83.1.jar
br.com.sawcunhaos.security.grpc.proto.ValidateAuthorityServiceGrpc$AsyncService	io.grpc.stub.ServerCalls	externo	grpc-stub-1.83.1.jar
br.com.sawcunhaos.security.grpc.proto.ValidateAuthorityServiceGrpc$AsyncService	io.grpc.stub.StreamObserver	externo	grpc-stub-1.83.1.jar
br.com.sawcunhaos.security.grpc.proto.ValidateAuthorityServiceGrpc$AsyncService	java.lang.Object	jdk	java.base
br.com.sawcunhaos.security.grpc.proto.ValidateAuthorityServiceGrpc$MethodHandlers	br.com.sawcunhaos.security.grpc.proto.AuthorityRequest	interno	classes
br.com.sawcunhaos.security.grpc.proto.ValidateAuthorityServiceGrpc$MethodHandlers	br.com.sawcunhaos.security.grpc.proto.ValidateAuthorityServiceGrpc	interno	classes
br.com.sawcunhaos.security.grpc.proto.ValidateAuthorityServiceGrpc$MethodHandlers	br.com.sawcunhaos.security.grpc.proto.ValidateAuthorityServiceGrpc$AsyncService	interno	classes
br.com.sawcunhaos.security.grpc.proto.ValidateAuthorityServiceGrpc$MethodHandlers	io.grpc.stub.ServerCalls	externo	grpc-stub-1.83.1.jar
br.com.sawcunhaos.security.grpc.proto.ValidateAuthorityServiceGrpc$MethodHandlers	io.grpc.stub.ServerCalls$BidiStreamingMethod	externo	grpc-stub-1.83.1.jar
br.com.sawcunhaos.security.grpc.proto.ValidateAuthorityServiceGrpc$MethodHandlers	io.grpc.stub.ServerCalls$ClientStreamingMethod	externo	grpc-stub-1.83.1.jar
br.com.sawcunhaos.security.grpc.proto.ValidateAuthorityServiceGrpc$MethodHandlers	io.grpc.stub.ServerCalls$ServerStreamingMethod	externo	grpc-stub-1.83.1.jar
br.com.sawcunhaos.security.grpc.proto.ValidateAuthorityServiceGrpc$MethodHandlers	io.grpc.stub.ServerCalls$UnaryMethod	externo	grpc-stub-1.83.1.jar
br.com.sawcunhaos.security.grpc.proto.ValidateAuthorityServiceGrpc$MethodHandlers	io.grpc.stub.StreamObserver	externo	grpc-stub-1.83.1.jar
br.com.sawcunhaos.security.grpc.proto.ValidateAuthorityServiceGrpc$MethodHandlers	java.lang.AssertionError	jdk	java.base
br.com.sawcunhaos.security.grpc.proto.ValidateAuthorityServiceGrpc$MethodHandlers	java.lang.Object	jdk	java.base
br.com.sawcunhaos.security.grpc.proto.ValidateAuthorityServiceGrpc$ValidateAuthorityServiceBaseDescriptorSupplier	br.com.sawcunhaos.security.grpc.proto.AuthorityProto	interno	classes
br.com.sawcunhaos.security.grpc.proto.ValidateAuthorityServiceGrpc$ValidateAuthorityServiceBaseDescriptorSupplier	br.com.sawcunhaos.security.grpc.proto.ValidateAuthorityServiceGrpc	interno	classes
br.com.sawcunhaos.security.grpc.proto.ValidateAuthorityServiceGrpc$ValidateAuthorityServiceBaseDescriptorSupplier	com.google.protobuf.Descriptors	externo	protobuf-java-4.34.2.jar
br.com.sawcunhaos.security.grpc.proto.ValidateAuthorityServiceGrpc$ValidateAuthorityServiceBaseDescriptorSupplier	com.google.protobuf.Descriptors$FileDescriptor	externo	protobuf-java-4.34.2.jar
br.com.sawcunhaos.security.grpc.proto.ValidateAuthorityServiceGrpc$ValidateAuthorityServiceBaseDescriptorSupplier	com.google.protobuf.Descriptors$ServiceDescriptor	externo	protobuf-java-4.34.2.jar
br.com.sawcunhaos.security.grpc.proto.ValidateAuthorityServiceGrpc$ValidateAuthorityServiceBaseDescriptorSupplier	io.grpc.protobuf.ProtoFileDescriptorSupplier	externo	grpc-protobuf-1.83.1.jar
br.com.sawcunhaos.security.grpc.proto.ValidateAuthorityServiceGrpc$ValidateAuthorityServiceBaseDescriptorSupplier	io.grpc.protobuf.ProtoServiceDescriptorSupplier	externo	grpc-protobuf-1.83.1.jar
br.com.sawcunhaos.security.grpc.proto.ValidateAuthorityServiceGrpc$ValidateAuthorityServiceBaseDescriptorSupplier	java.lang.Object	jdk	java.base
br.com.sawcunhaos.security.grpc.proto.ValidateAuthorityServiceGrpc$ValidateAuthorityServiceBaseDescriptorSupplier	java.lang.String	jdk	java.base
br.com.sawcunhaos.security.grpc.proto.ValidateAuthorityServiceGrpc$ValidateAuthorityServiceBlockingStub	br.com.sawcunhaos.security.grpc.proto.AuthorityRequest	interno	classes
br.com.sawcunhaos.security.grpc.proto.ValidateAuthorityServiceGrpc$ValidateAuthorityServiceBlockingStub	br.com.sawcunhaos.security.grpc.proto.AuthorityResponse	interno	classes
br.com.sawcunhaos.security.grpc.proto.ValidateAuthorityServiceGrpc$ValidateAuthorityServiceBlockingStub	br.com.sawcunhaos.security.grpc.proto.ValidateAuthorityServiceGrpc	interno	classes
br.com.sawcunhaos.security.grpc.proto.ValidateAuthorityServiceGrpc$ValidateAuthorityServiceBlockingStub	io.grpc.CallOptions	externo	grpc-api-1.83.1.jar
br.com.sawcunhaos.security.grpc.proto.ValidateAuthorityServiceGrpc$ValidateAuthorityServiceBlockingStub	io.grpc.Channel	externo	grpc-api-1.83.1.jar
br.com.sawcunhaos.security.grpc.proto.ValidateAuthorityServiceGrpc$ValidateAuthorityServiceBlockingStub	io.grpc.MethodDescriptor	externo	grpc-api-1.83.1.jar
br.com.sawcunhaos.security.grpc.proto.ValidateAuthorityServiceGrpc$ValidateAuthorityServiceBlockingStub	io.grpc.stub.AbstractBlockingStub	externo	grpc-stub-1.83.1.jar
br.com.sawcunhaos.security.grpc.proto.ValidateAuthorityServiceGrpc$ValidateAuthorityServiceBlockingStub	io.grpc.stub.AbstractStub	externo	grpc-stub-1.83.1.jar
br.com.sawcunhaos.security.grpc.proto.ValidateAuthorityServiceGrpc$ValidateAuthorityServiceBlockingStub	io.grpc.stub.ClientCalls	externo	grpc-stub-1.83.1.jar
br.com.sawcunhaos.security.grpc.proto.ValidateAuthorityServiceGrpc$ValidateAuthorityServiceBlockingStub	java.lang.Object	jdk	java.base
br.com.sawcunhaos.security.grpc.proto.ValidateAuthorityServiceGrpc$ValidateAuthorityServiceBlockingV2Stub	br.com.sawcunhaos.security.grpc.proto.AuthorityRequest	interno	classes
br.com.sawcunhaos.security.grpc.proto.ValidateAuthorityServiceGrpc$ValidateAuthorityServiceBlockingV2Stub	br.com.sawcunhaos.security.grpc.proto.AuthorityResponse	interno	classes
br.com.sawcunhaos.security.grpc.proto.ValidateAuthorityServiceGrpc$ValidateAuthorityServiceBlockingV2Stub	br.com.sawcunhaos.security.grpc.proto.ValidateAuthorityServiceGrpc	interno	classes
br.com.sawcunhaos.security.grpc.proto.ValidateAuthorityServiceGrpc$ValidateAuthorityServiceBlockingV2Stub	io.grpc.CallOptions	externo	grpc-api-1.83.1.jar
br.com.sawcunhaos.security.grpc.proto.ValidateAuthorityServiceGrpc$ValidateAuthorityServiceBlockingV2Stub	io.grpc.Channel	externo	grpc-api-1.83.1.jar
br.com.sawcunhaos.security.grpc.proto.ValidateAuthorityServiceGrpc$ValidateAuthorityServiceBlockingV2Stub	io.grpc.MethodDescriptor	externo	grpc-api-1.83.1.jar
br.com.sawcunhaos.security.grpc.proto.ValidateAuthorityServiceGrpc$ValidateAuthorityServiceBlockingV2Stub	io.grpc.StatusException	externo	grpc-api-1.83.1.jar
br.com.sawcunhaos.security.grpc.proto.ValidateAuthorityServiceGrpc$ValidateAuthorityServiceBlockingV2Stub	io.grpc.stub.AbstractBlockingStub	externo	grpc-stub-1.83.1.jar
br.com.sawcunhaos.security.grpc.proto.ValidateAuthorityServiceGrpc$ValidateAuthorityServiceBlockingV2Stub	io.grpc.stub.AbstractStub	externo	grpc-stub-1.83.1.jar
br.com.sawcunhaos.security.grpc.proto.ValidateAuthorityServiceGrpc$ValidateAuthorityServiceBlockingV2Stub	io.grpc.stub.ClientCalls	externo	grpc-stub-1.83.1.jar
br.com.sawcunhaos.security.grpc.proto.ValidateAuthorityServiceGrpc$ValidateAuthorityServiceBlockingV2Stub	java.lang.Object	jdk	java.base
br.com.sawcunhaos.security.grpc.proto.ValidateAuthorityServiceGrpc$ValidateAuthorityServiceFileDescriptorSupplier	br.com.sawcunhaos.security.grpc.proto.ValidateAuthorityServiceGrpc	interno	classes
br.com.sawcunhaos.security.grpc.proto.ValidateAuthorityServiceGrpc$ValidateAuthorityServiceFileDescriptorSupplier	br.com.sawcunhaos.security.grpc.proto.ValidateAuthorityServiceGrpc$ValidateAuthorityServiceBaseDescriptorSupplier	interno	classes
br.com.sawcunhaos.security.grpc.proto.ValidateAuthorityServiceGrpc$ValidateAuthorityServiceFutureStub	br.com.sawcunhaos.security.grpc.proto.AuthorityRequest	interno	classes
br.com.sawcunhaos.security.grpc.proto.ValidateAuthorityServiceGrpc$ValidateAuthorityServiceFutureStub	br.com.sawcunhaos.security.grpc.proto.AuthorityResponse	interno	classes
br.com.sawcunhaos.security.grpc.proto.ValidateAuthorityServiceGrpc$ValidateAuthorityServiceFutureStub	br.com.sawcunhaos.security.grpc.proto.ValidateAuthorityServiceGrpc	interno	classes
br.com.sawcunhaos.security.grpc.proto.ValidateAuthorityServiceGrpc$ValidateAuthorityServiceFutureStub	com.google.common.util.concurrent.ListenableFuture	externo	guava-33.7.1-jre.jar
br.com.sawcunhaos.security.grpc.proto.ValidateAuthorityServiceGrpc$ValidateAuthorityServiceFutureStub	io.grpc.CallOptions	externo	grpc-api-1.83.1.jar
br.com.sawcunhaos.security.grpc.proto.ValidateAuthorityServiceGrpc$ValidateAuthorityServiceFutureStub	io.grpc.Channel	externo	grpc-api-1.83.1.jar
br.com.sawcunhaos.security.grpc.proto.ValidateAuthorityServiceGrpc$ValidateAuthorityServiceFutureStub	io.grpc.ClientCall	externo	grpc-api-1.83.1.jar
br.com.sawcunhaos.security.grpc.proto.ValidateAuthorityServiceGrpc$ValidateAuthorityServiceFutureStub	io.grpc.MethodDescriptor	externo	grpc-api-1.83.1.jar
br.com.sawcunhaos.security.grpc.proto.ValidateAuthorityServiceGrpc$ValidateAuthorityServiceFutureStub	io.grpc.stub.AbstractFutureStub	externo	grpc-stub-1.83.1.jar
br.com.sawcunhaos.security.grpc.proto.ValidateAuthorityServiceGrpc$ValidateAuthorityServiceFutureStub	io.grpc.stub.AbstractStub	externo	grpc-stub-1.83.1.jar
br.com.sawcunhaos.security.grpc.proto.ValidateAuthorityServiceGrpc$ValidateAuthorityServiceFutureStub	io.grpc.stub.ClientCalls	externo	grpc-stub-1.83.1.jar
br.com.sawcunhaos.security.grpc.proto.ValidateAuthorityServiceGrpc$ValidateAuthorityServiceFutureStub	java.lang.Object	jdk	java.base
br.com.sawcunhaos.security.grpc.proto.ValidateAuthorityServiceGrpc$ValidateAuthorityServiceImplBase	br.com.sawcunhaos.security.grpc.proto.ValidateAuthorityServiceGrpc	interno	classes
br.com.sawcunhaos.security.grpc.proto.ValidateAuthorityServiceGrpc$ValidateAuthorityServiceImplBase	br.com.sawcunhaos.security.grpc.proto.ValidateAuthorityServiceGrpc$AsyncService	interno	classes
br.com.sawcunhaos.security.grpc.proto.ValidateAuthorityServiceGrpc$ValidateAuthorityServiceImplBase	io.grpc.BindableService	externo	grpc-api-1.83.1.jar
br.com.sawcunhaos.security.grpc.proto.ValidateAuthorityServiceGrpc$ValidateAuthorityServiceImplBase	io.grpc.ServerServiceDefinition	externo	grpc-api-1.83.1.jar
br.com.sawcunhaos.security.grpc.proto.ValidateAuthorityServiceGrpc$ValidateAuthorityServiceImplBase	java.lang.Object	jdk	java.base
br.com.sawcunhaos.security.grpc.proto.ValidateAuthorityServiceGrpc$ValidateAuthorityServiceMethodDescriptorSupplier	br.com.sawcunhaos.security.grpc.proto.ValidateAuthorityServiceGrpc	interno	classes
br.com.sawcunhaos.security.grpc.proto.ValidateAuthorityServiceGrpc$ValidateAuthorityServiceMethodDescriptorSupplier	br.com.sawcunhaos.security.grpc.proto.ValidateAuthorityServiceGrpc$ValidateAuthorityServiceBaseDescriptorSupplier	interno	classes
br.com.sawcunhaos.security.grpc.proto.ValidateAuthorityServiceGrpc$ValidateAuthorityServiceMethodDescriptorSupplier	com.google.protobuf.Descriptors	externo	protobuf-java-4.34.2.jar
br.com.sawcunhaos.security.grpc.proto.ValidateAuthorityServiceGrpc$ValidateAuthorityServiceMethodDescriptorSupplier	com.google.protobuf.Descriptors$MethodDescriptor	externo	protobuf-java-4.34.2.jar
br.com.sawcunhaos.security.grpc.proto.ValidateAuthorityServiceGrpc$ValidateAuthorityServiceMethodDescriptorSupplier	com.google.protobuf.Descriptors$ServiceDescriptor	externo	protobuf-java-4.34.2.jar
br.com.sawcunhaos.security.grpc.proto.ValidateAuthorityServiceGrpc$ValidateAuthorityServiceMethodDescriptorSupplier	io.grpc.protobuf.ProtoMethodDescriptorSupplier	externo	grpc-protobuf-1.83.1.jar
br.com.sawcunhaos.security.grpc.proto.ValidateAuthorityServiceGrpc$ValidateAuthorityServiceMethodDescriptorSupplier	java.lang.String	jdk	java.base
br.com.sawcunhaos.security.grpc.proto.ValidateAuthorityServiceGrpc$ValidateAuthorityServiceStub	br.com.sawcunhaos.security.grpc.proto.AuthorityRequest	interno	classes
br.com.sawcunhaos.security.grpc.proto.ValidateAuthorityServiceGrpc$ValidateAuthorityServiceStub	br.com.sawcunhaos.security.grpc.proto.AuthorityResponse	interno	classes
br.com.sawcunhaos.security.grpc.proto.ValidateAuthorityServiceGrpc$ValidateAuthorityServiceStub	br.com.sawcunhaos.security.grpc.proto.ValidateAuthorityServiceGrpc	interno	classes
br.com.sawcunhaos.security.grpc.proto.ValidateAuthorityServiceGrpc$ValidateAuthorityServiceStub	io.grpc.CallOptions	externo	grpc-api-1.83.1.jar
br.com.sawcunhaos.security.grpc.proto.ValidateAuthorityServiceGrpc$ValidateAuthorityServiceStub	io.grpc.Channel	externo	grpc-api-1.83.1.jar
br.com.sawcunhaos.security.grpc.proto.ValidateAuthorityServiceGrpc$ValidateAuthorityServiceStub	io.grpc.ClientCall	externo	grpc-api-1.83.1.jar
br.com.sawcunhaos.security.grpc.proto.ValidateAuthorityServiceGrpc$ValidateAuthorityServiceStub	io.grpc.MethodDescriptor	externo	grpc-api-1.83.1.jar
br.com.sawcunhaos.security.grpc.proto.ValidateAuthorityServiceGrpc$ValidateAuthorityServiceStub	io.grpc.stub.AbstractAsyncStub	externo	grpc-stub-1.83.1.jar
br.com.sawcunhaos.security.grpc.proto.ValidateAuthorityServiceGrpc$ValidateAuthorityServiceStub	io.grpc.stub.AbstractStub	externo	grpc-stub-1.83.1.jar
br.com.sawcunhaos.security.grpc.proto.ValidateAuthorityServiceGrpc$ValidateAuthorityServiceStub	io.grpc.stub.ClientCalls	externo	grpc-stub-1.83.1.jar
br.com.sawcunhaos.security.grpc.proto.ValidateAuthorityServiceGrpc$ValidateAuthorityServiceStub	io.grpc.stub.StreamObserver	externo	grpc-stub-1.83.1.jar
br.com.sawcunhaos.security.grpc.proto.ValidateAuthorityServiceGrpc$ValidateAuthorityServiceStub	java.lang.Object	jdk	java.base
