de	para	tipo	origem
br.com.sawcunhaos.organization.api.controller.AddressTypeApi	br.com.sawcunhaos.foundation.jdempotent.api.JdempotentRequestPayload	externo	scos-foundation-jdempotent-api-1.2.0-SNAPSHOT.jar
br.com.sawcunhaos.organization.api.controller.AddressTypeApi	br.com.sawcunhaos.foundation.jdempotent.api.JdempotentResource	externo	scos-foundation-jdempotent-api-1.2.0-SNAPSHOT.jar
br.com.sawcunhaos.organization.api.controller.AddressTypeApi	br.com.sawcunhaos.foundation.web.annotation.ScosRequestGET	externo	scos-foundation-web-1.2.0-SNAPSHOT.jar
br.com.sawcunhaos.organization.api.controller.AddressTypeApi	br.com.sawcunhaos.foundation.web.annotation.ScosRequestPOST	externo	scos-foundation-web-1.2.0-SNAPSHOT.jar
br.com.sawcunhaos.organization.api.controller.AddressTypeApi	br.com.sawcunhaos.foundation.web.annotation.ScosRequestPUT	externo	scos-foundation-web-1.2.0-SNAPSHOT.jar
br.com.sawcunhaos.organization.api.controller.AddressTypeApi	br.com.sawcunhaos.organization.api.controller.AddressTypeApi$1	interno	classes
br.com.sawcunhaos.organization.api.controller.AddressTypeApi	br.com.sawcunhaos.organization.api.controller.AddressTypeApiDelegate	interno	classes
br.com.sawcunhaos.organization.api.controller.AddressTypeApi	br.com.sawcunhaos.organization.api.dto.CatalogEntityType	externo	flow-organization-usecase-1.0.0-SNAPSHOT.jar
br.com.sawcunhaos.organization.api.controller.AddressTypeApi	br.com.sawcunhaos.organization.api.dto.CreateAddressTypeRequest	externo	flow-organization-usecase-1.0.0-SNAPSHOT.jar
br.com.sawcunhaos.organization.api.controller.AddressTypeApi	br.com.sawcunhaos.organization.api.dto.CreateResponse	externo	flow-organization-usecase-1.0.0-SNAPSHOT.jar
br.com.sawcunhaos.organization.api.controller.AddressTypeApi	br.com.sawcunhaos.organization.api.dto.GetAddressTypeResponse	externo	flow-organization-usecase-1.0.0-SNAPSHOT.jar
br.com.sawcunhaos.organization.api.controller.AddressTypeApi	br.com.sawcunhaos.organization.api.dto.GetAllAddressTypesResponse	externo	flow-organization-usecase-1.0.0-SNAPSHOT.jar
br.com.sawcunhaos.organization.api.controller.AddressTypeApi	br.com.sawcunhaos.organization.api.dto.PaginationFilter	externo	flow-organization-usecase-1.0.0-SNAPSHOT.jar
br.com.sawcunhaos.organization.api.controller.AddressTypeApi	br.com.sawcunhaos.organization.api.dto.UpdateAddressTypeRequest	externo	flow-organization-usecase-1.0.0-SNAPSHOT.jar
br.com.sawcunhaos.organization.api.controller.AddressTypeApi	jakarta.validation.Valid	externo	jakarta.validation-api-3.1.1.jar
br.com.sawcunhaos.organization.api.controller.AddressTypeApi	jakarta.validation.constraints.NotNull	externo	jakarta.validation-api-3.1.1.jar
br.com.sawcunhaos.organization.api.controller.AddressTypeApi	java.lang.Boolean	jdk	java.base
br.com.sawcunhaos.organization.api.controller.AddressTypeApi	java.lang.Long	jdk	java.base
br.com.sawcunhaos.organization.api.controller.AddressTypeApi	java.lang.Object	jdk	java.base
br.com.sawcunhaos.organization.api.controller.AddressTypeApi	java.lang.String	jdk	java.base
br.com.sawcunhaos.organization.api.controller.AddressTypeApi	java.lang.Void	jdk	java.base
br.com.sawcunhaos.organization.api.controller.AddressTypeApi	java.util.Optional	jdk	java.base
br.com.sawcunhaos.organization.api.controller.AddressTypeApi	java.util.UUID	jdk	java.base
br.com.sawcunhaos.organization.api.controller.AddressTypeApi	org.springframework.security.access.prepost.PreAuthorize	externo	spring-security-core-7.1.1.jar
br.com.sawcunhaos.organization.api.controller.AddressTypeApi	org.springframework.web.bind.annotation.PathVariable	externo	spring-web-7.0.9.jar
br.com.sawcunhaos.organization.api.controller.AddressTypeApi	org.springframework.web.bind.annotation.RequestBody	externo	spring-web-7.0.9.jar
br.com.sawcunhaos.organization.api.controller.AddressTypeApi	org.springframework.web.bind.annotation.RequestHeader	externo	spring-web-7.0.9.jar
br.com.sawcunhaos.organization.api.controller.AddressTypeApi	org.springframework.web.bind.annotation.RequestParam	externo	spring-web-7.0.9.jar
br.com.sawcunhaos.organization.api.controller.AddressTypeApi$1	br.com.sawcunhaos.organization.api.controller.AddressTypeApi	interno	classes
br.com.sawcunhaos.organization.api.controller.AddressTypeApi$1	br.com.sawcunhaos.organization.api.controller.AddressTypeApiDelegate	interno	classes
br.com.sawcunhaos.organization.api.controller.AddressTypeApi$1	java.lang.Object	jdk	java.base
br.com.sawcunhaos.organization.api.controller.AddressTypeApiController	br.com.sawcunhaos.foundation.web.annotation.ScosController	externo	scos-foundation-web-1.2.0-SNAPSHOT.jar
br.com.sawcunhaos.organization.api.controller.AddressTypeApiController	br.com.sawcunhaos.organization.api.controller.AddressTypeApi	interno	classes
br.com.sawcunhaos.organization.api.controller.AddressTypeApiController	br.com.sawcunhaos.organization.api.controller.AddressTypeApiController$1	interno	classes
br.com.sawcunhaos.organization.api.controller.AddressTypeApiController	br.com.sawcunhaos.organization.api.controller.AddressTypeApiDelegate	interno	classes
br.com.sawcunhaos.organization.api.controller.AddressTypeApiController	java.lang.Object	jdk	java.base
br.com.sawcunhaos.organization.api.controller.AddressTypeApiController	java.util.Optional	jdk	java.base
br.com.sawcunhaos.organization.api.controller.AddressTypeApiController	org.springframework.beans.factory.annotation.Autowired	externo	spring-beans-7.0.9.jar
br.com.sawcunhaos.organization.api.controller.AddressTypeApiController$1	br.com.sawcunhaos.organization.api.controller.AddressTypeApiController	interno	classes
br.com.sawcunhaos.organization.api.controller.AddressTypeApiController$1	br.com.sawcunhaos.organization.api.controller.AddressTypeApiDelegate	interno	classes
br.com.sawcunhaos.organization.api.controller.AddressTypeApiController$1	java.lang.Object	jdk	java.base
br.com.sawcunhaos.organization.api.controller.AddressTypeApiDelegate	br.com.sawcunhaos.foundation.core.exception.MethodNotImplementedException	externo	scos-foundation-core-1.2.0-SNAPSHOT.jar
br.com.sawcunhaos.organization.api.controller.AddressTypeApiDelegate	br.com.sawcunhaos.organization.api.dto.CatalogEntityType	externo	flow-organization-usecase-1.0.0-SNAPSHOT.jar
br.com.sawcunhaos.organization.api.controller.AddressTypeApiDelegate	br.com.sawcunhaos.organization.api.dto.CreateAddressTypeRequest	externo	flow-organization-usecase-1.0.0-SNAPSHOT.jar
br.com.sawcunhaos.organization.api.controller.AddressTypeApiDelegate	br.com.sawcunhaos.organization.api.dto.CreateResponse	externo	flow-organization-usecase-1.0.0-SNAPSHOT.jar
br.com.sawcunhaos.organization.api.controller.AddressTypeApiDelegate	br.com.sawcunhaos.organization.api.dto.GetAddressTypeResponse	externo	flow-organization-usecase-1.0.0-SNAPSHOT.jar
br.com.sawcunhaos.organization.api.controller.AddressTypeApiDelegate	br.com.sawcunhaos.organization.api.dto.GetAllAddressTypesResponse	externo	flow-organization-usecase-1.0.0-SNAPSHOT.jar
br.com.sawcunhaos.organization.api.controller.AddressTypeApiDelegate	br.com.sawcunhaos.organization.api.dto.PaginationFilter	externo	flow-organization-usecase-1.0.0-SNAPSHOT.jar
br.com.sawcunhaos.organization.api.controller.AddressTypeApiDelegate	br.com.sawcunhaos.organization.api.dto.UpdateAddressTypeRequest	externo	flow-organization-usecase-1.0.0-SNAPSHOT.jar
br.com.sawcunhaos.organization.api.controller.AddressTypeApiDelegate	java.lang.Boolean	jdk	java.base
br.com.sawcunhaos.organization.api.controller.AddressTypeApiDelegate	java.lang.Long	jdk	java.base
br.com.sawcunhaos.organization.api.controller.AddressTypeApiDelegate	java.lang.Object	jdk	java.base
br.com.sawcunhaos.organization.api.controller.AddressTypeApiDelegate	java.lang.String	jdk	java.base
br.com.sawcunhaos.organization.api.controller.AddressTypeApiDelegate	java.lang.Void	jdk	java.base
br.com.sawcunhaos.organization.api.controller.AddressTypeApiDelegate	java.util.Optional	jdk	java.base
br.com.sawcunhaos.organization.api.controller.AddressTypeApiDelegate	java.util.UUID	jdk	java.base
br.com.sawcunhaos.organization.api.controller.CnaeApi	br.com.sawcunhaos.foundation.jdempotent.api.JdempotentRequestPayload	externo	scos-foundation-jdempotent-api-1.2.0-SNAPSHOT.jar
br.com.sawcunhaos.organization.api.controller.CnaeApi	br.com.sawcunhaos.foundation.jdempotent.api.JdempotentResource	externo	scos-foundation-jdempotent-api-1.2.0-SNAPSHOT.jar
br.com.sawcunhaos.organization.api.controller.CnaeApi	br.com.sawcunhaos.foundation.web.annotation.ScosRequestDELETE	externo	scos-foundation-web-1.2.0-SNAPSHOT.jar
br.com.sawcunhaos.organization.api.controller.CnaeApi	br.com.sawcunhaos.foundation.web.annotation.ScosRequestGET	externo	scos-foundation-web-1.2.0-SNAPSHOT.jar
br.com.sawcunhaos.organization.api.controller.CnaeApi	br.com.sawcunhaos.foundation.web.annotation.ScosRequestPOST	externo	scos-foundation-web-1.2.0-SNAPSHOT.jar
br.com.sawcunhaos.organization.api.controller.CnaeApi	br.com.sawcunhaos.foundation.web.annotation.ScosRequestPUT	externo	scos-foundation-web-1.2.0-SNAPSHOT.jar
br.com.sawcunhaos.organization.api.controller.CnaeApi	br.com.sawcunhaos.organization.api.controller.CnaeApi$1	interno	classes
br.com.sawcunhaos.organization.api.controller.CnaeApi	br.com.sawcunhaos.organization.api.controller.CnaeApiDelegate	interno	classes
br.com.sawcunhaos.organization.api.controller.CnaeApi	br.com.sawcunhaos.organization.api.dto.CreateCnaeRequest	externo	flow-organization-usecase-1.0.0-SNAPSHOT.jar
br.com.sawcunhaos.organization.api.controller.CnaeApi	br.com.sawcunhaos.organization.api.dto.CreateResponse	externo	flow-organization-usecase-1.0.0-SNAPSHOT.jar
br.com.sawcunhaos.organization.api.controller.CnaeApi	br.com.sawcunhaos.organization.api.dto.GetAllCnaesResponse	externo	flow-organization-usecase-1.0.0-SNAPSHOT.jar
br.com.sawcunhaos.organization.api.controller.CnaeApi	br.com.sawcunhaos.organization.api.dto.GetCnaeResponse	externo	flow-organization-usecase-1.0.0-SNAPSHOT.jar
br.com.sawcunhaos.organization.api.controller.CnaeApi	br.com.sawcunhaos.organization.api.dto.PaginationFilter	externo	flow-organization-usecase-1.0.0-SNAPSHOT.jar
br.com.sawcunhaos.organization.api.controller.CnaeApi	br.com.sawcunhaos.organization.api.dto.UpdateCnaeRequest	externo	flow-organization-usecase-1.0.0-SNAPSHOT.jar
br.com.sawcunhaos.organization.api.controller.CnaeApi	jakarta.validation.Valid	externo	jakarta.validation-api-3.1.1.jar
br.com.sawcunhaos.organization.api.controller.CnaeApi	jakarta.validation.constraints.NotNull	externo	jakarta.validation-api-3.1.1.jar
br.com.sawcunhaos.organization.api.controller.CnaeApi	java.lang.Long	jdk	java.base
br.com.sawcunhaos.organization.api.controller.CnaeApi	java.lang.Object	jdk	java.base
br.com.sawcunhaos.organization.api.controller.CnaeApi	java.lang.String	jdk	java.base
br.com.sawcunhaos.organization.api.controller.CnaeApi	java.lang.Void	jdk	java.base
br.com.sawcunhaos.organization.api.controller.CnaeApi	java.util.Optional	jdk	java.base
br.com.sawcunhaos.organization.api.controller.CnaeApi	java.util.UUID	jdk	java.base
br.com.sawcunhaos.organization.api.controller.CnaeApi	org.springframework.security.access.prepost.PreAuthorize	externo	spring-security-core-7.1.1.jar
br.com.sawcunhaos.organization.api.controller.CnaeApi	org.springframework.web.bind.annotation.PathVariable	externo	spring-web-7.0.9.jar
br.com.sawcunhaos.organization.api.controller.CnaeApi	org.springframework.web.bind.annotation.RequestBody	externo	spring-web-7.0.9.jar
br.com.sawcunhaos.organization.api.controller.CnaeApi	org.springframework.web.bind.annotation.RequestHeader	externo	spring-web-7.0.9.jar
br.com.sawcunhaos.organization.api.controller.CnaeApi$1	br.com.sawcunhaos.organization.api.controller.CnaeApi	interno	classes
br.com.sawcunhaos.organization.api.controller.CnaeApi$1	br.com.sawcunhaos.organization.api.controller.CnaeApiDelegate	interno	classes
br.com.sawcunhaos.organization.api.controller.CnaeApi$1	java.lang.Object	jdk	java.base
br.com.sawcunhaos.organization.api.controller.CnaeApiController	br.com.sawcunhaos.foundation.web.annotation.ScosController	externo	scos-foundation-web-1.2.0-SNAPSHOT.jar
br.com.sawcunhaos.organization.api.controller.CnaeApiController	br.com.sawcunhaos.organization.api.controller.CnaeApi	interno	classes
br.com.sawcunhaos.organization.api.controller.CnaeApiController	br.com.sawcunhaos.organization.api.controller.CnaeApiController$1	interno	classes
br.com.sawcunhaos.organization.api.controller.CnaeApiController	br.com.sawcunhaos.organization.api.controller.CnaeApiDelegate	interno	classes
br.com.sawcunhaos.organization.api.controller.CnaeApiController	java.lang.Object	jdk	java.base
br.com.sawcunhaos.organization.api.controller.CnaeApiController	java.util.Optional	jdk	java.base
br.com.sawcunhaos.organization.api.controller.CnaeApiController	org.springframework.beans.factory.annotation.Autowired	externo	spring-beans-7.0.9.jar
br.com.sawcunhaos.organization.api.controller.CnaeApiController$1	br.com.sawcunhaos.organization.api.controller.CnaeApiController	interno	classes
br.com.sawcunhaos.organization.api.controller.CnaeApiController$1	br.com.sawcunhaos.organization.api.controller.CnaeApiDelegate	interno	classes
br.com.sawcunhaos.organization.api.controller.CnaeApiController$1	java.lang.Object	jdk	java.base
br.com.sawcunhaos.organization.api.controller.CnaeApiDelegate	br.com.sawcunhaos.foundation.core.exception.MethodNotImplementedException	externo	scos-foundation-core-1.2.0-SNAPSHOT.jar
br.com.sawcunhaos.organization.api.controller.CnaeApiDelegate	br.com.sawcunhaos.organization.api.dto.CreateCnaeRequest	externo	flow-organization-usecase-1.0.0-SNAPSHOT.jar
br.com.sawcunhaos.organization.api.controller.CnaeApiDelegate	br.com.sawcunhaos.organization.api.dto.CreateResponse	externo	flow-organization-usecase-1.0.0-SNAPSHOT.jar
br.com.sawcunhaos.organization.api.controller.CnaeApiDelegate	br.com.sawcunhaos.organization.api.dto.GetAllCnaesResponse	externo	flow-organization-usecase-1.0.0-SNAPSHOT.jar
br.com.sawcunhaos.organization.api.controller.CnaeApiDelegate	br.com.sawcunhaos.organization.api.dto.GetCnaeResponse	externo	flow-organization-usecase-1.0.0-SNAPSHOT.jar
br.com.sawcunhaos.organization.api.controller.CnaeApiDelegate	br.com.sawcunhaos.organization.api.dto.PaginationFilter	externo	flow-organization-usecase-1.0.0-SNAPSHOT.jar
br.com.sawcunhaos.organization.api.controller.CnaeApiDelegate	br.com.sawcunhaos.organization.api.dto.UpdateCnaeRequest	externo	flow-organization-usecase-1.0.0-SNAPSHOT.jar
br.com.sawcunhaos.organization.api.controller.CnaeApiDelegate	java.lang.Long	jdk	java.base
br.com.sawcunhaos.organization.api.controller.CnaeApiDelegate	java.lang.Object	jdk	java.base
br.com.sawcunhaos.organization.api.controller.CnaeApiDelegate	java.lang.String	jdk	java.base
br.com.sawcunhaos.organization.api.controller.CnaeApiDelegate	java.lang.Void	jdk	java.base
br.com.sawcunhaos.organization.api.controller.CnaeApiDelegate	java.util.Optional	jdk	java.base
br.com.sawcunhaos.organization.api.controller.CnaeApiDelegate	java.util.UUID	jdk	java.base
br.com.sawcunhaos.organization.api.controller.CompanyAddressApi	br.com.sawcunhaos.foundation.jdempotent.api.JdempotentRequestPayload	externo	scos-foundation-jdempotent-api-1.2.0-SNAPSHOT.jar
br.com.sawcunhaos.organization.api.controller.CompanyAddressApi	br.com.sawcunhaos.foundation.jdempotent.api.JdempotentResource	externo	scos-foundation-jdempotent-api-1.2.0-SNAPSHOT.jar
br.com.sawcunhaos.organization.api.controller.CompanyAddressApi	br.com.sawcunhaos.foundation.web.annotation.ScosRequestDELETE	externo	scos-foundation-web-1.2.0-SNAPSHOT.jar
br.com.sawcunhaos.organization.api.controller.CompanyAddressApi	br.com.sawcunhaos.foundation.web.annotation.ScosRequestGET	externo	scos-foundation-web-1.2.0-SNAPSHOT.jar
br.com.sawcunhaos.organization.api.controller.CompanyAddressApi	br.com.sawcunhaos.foundation.web.annotation.ScosRequestPOST	externo	scos-foundation-web-1.2.0-SNAPSHOT.jar
br.com.sawcunhaos.organization.api.controller.CompanyAddressApi	br.com.sawcunhaos.foundation.web.annotation.ScosRequestPUT	externo	scos-foundation-web-1.2.0-SNAPSHOT.jar
br.com.sawcunhaos.organization.api.controller.CompanyAddressApi	br.com.sawcunhaos.organization.api.controller.CompanyAddressApi$1	interno	classes
br.com.sawcunhaos.organization.api.controller.CompanyAddressApi	br.com.sawcunhaos.organization.api.controller.CompanyAddressApiDelegate	interno	classes
br.com.sawcunhaos.organization.api.controller.CompanyAddressApi	br.com.sawcunhaos.organization.api.dto.CreateCompanyAddressRequest	externo	flow-organization-usecase-1.0.0-SNAPSHOT.jar
br.com.sawcunhaos.organization.api.controller.CompanyAddressApi	br.com.sawcunhaos.organization.api.dto.CreateResponse	externo	flow-organization-usecase-1.0.0-SNAPSHOT.jar
br.com.sawcunhaos.organization.api.controller.CompanyAddressApi	br.com.sawcunhaos.organization.api.dto.GetAllCompanyAddressResponse	externo	flow-organization-usecase-1.0.0-SNAPSHOT.jar
br.com.sawcunhaos.organization.api.controller.CompanyAddressApi	br.com.sawcunhaos.organization.api.dto.GetCompanyAddressResponse	externo	flow-organization-usecase-1.0.0-SNAPSHOT.jar
br.com.sawcunhaos.organization.api.controller.CompanyAddressApi	br.com.sawcunhaos.organization.api.dto.PaginationFilter	externo	flow-organization-usecase-1.0.0-SNAPSHOT.jar
br.com.sawcunhaos.organization.api.controller.CompanyAddressApi	br.com.sawcunhaos.organization.api.dto.UpdateCompanyAddressRequest	externo	flow-organization-usecase-1.0.0-SNAPSHOT.jar
br.com.sawcunhaos.organization.api.controller.CompanyAddressApi	jakarta.validation.Valid	externo	jakarta.validation-api-3.1.1.jar
br.com.sawcunhaos.organization.api.controller.CompanyAddressApi	jakarta.validation.constraints.NotNull	externo	jakarta.validation-api-3.1.1.jar
br.com.sawcunhaos.organization.api.controller.CompanyAddressApi	java.lang.Long	jdk	java.base
br.com.sawcunhaos.organization.api.controller.CompanyAddressApi	java.lang.Object	jdk	java.base
br.com.sawcunhaos.organization.api.controller.CompanyAddressApi	java.lang.String	jdk	java.base
br.com.sawcunhaos.organization.api.controller.CompanyAddressApi	java.lang.Void	jdk	java.base
br.com.sawcunhaos.organization.api.controller.CompanyAddressApi	java.util.Optional	jdk	java.base
br.com.sawcunhaos.organization.api.controller.CompanyAddressApi	java.util.UUID	jdk	java.base
br.com.sawcunhaos.organization.api.controller.CompanyAddressApi	org.springframework.security.access.prepost.PreAuthorize	externo	spring-security-core-7.1.1.jar
br.com.sawcunhaos.organization.api.controller.CompanyAddressApi	org.springframework.web.bind.annotation.PathVariable	externo	spring-web-7.0.9.jar
br.com.sawcunhaos.organization.api.controller.CompanyAddressApi	org.springframework.web.bind.annotation.RequestBody	externo	spring-web-7.0.9.jar
br.com.sawcunhaos.organization.api.controller.CompanyAddressApi	org.springframework.web.bind.annotation.RequestHeader	externo	spring-web-7.0.9.jar
br.com.sawcunhaos.organization.api.controller.CompanyAddressApi$1	br.com.sawcunhaos.organization.api.controller.CompanyAddressApi	interno	classes
br.com.sawcunhaos.organization.api.controller.CompanyAddressApi$1	br.com.sawcunhaos.organization.api.controller.CompanyAddressApiDelegate	interno	classes
br.com.sawcunhaos.organization.api.controller.CompanyAddressApi$1	java.lang.Object	jdk	java.base
br.com.sawcunhaos.organization.api.controller.CompanyAddressApiController	br.com.sawcunhaos.foundation.web.annotation.ScosController	externo	scos-foundation-web-1.2.0-SNAPSHOT.jar
br.com.sawcunhaos.organization.api.controller.CompanyAddressApiController	br.com.sawcunhaos.organization.api.controller.CompanyAddressApi	interno	classes
br.com.sawcunhaos.organization.api.controller.CompanyAddressApiController	br.com.sawcunhaos.organization.api.controller.CompanyAddressApiController$1	interno	classes
br.com.sawcunhaos.organization.api.controller.CompanyAddressApiController	br.com.sawcunhaos.organization.api.controller.CompanyAddressApiDelegate	interno	classes
br.com.sawcunhaos.organization.api.controller.CompanyAddressApiController	java.lang.Object	jdk	java.base
br.com.sawcunhaos.organization.api.controller.CompanyAddressApiController	java.util.Optional	jdk	java.base
br.com.sawcunhaos.organization.api.controller.CompanyAddressApiController	org.springframework.beans.factory.annotation.Autowired	externo	spring-beans-7.0.9.jar
br.com.sawcunhaos.organization.api.controller.CompanyAddressApiController$1	br.com.sawcunhaos.organization.api.controller.CompanyAddressApiController	interno	classes
br.com.sawcunhaos.organization.api.controller.CompanyAddressApiController$1	br.com.sawcunhaos.organization.api.controller.CompanyAddressApiDelegate	interno	classes
br.com.sawcunhaos.organization.api.controller.CompanyAddressApiController$1	java.lang.Object	jdk	java.base
br.com.sawcunhaos.organization.api.controller.CompanyAddressApiDelegate	br.com.sawcunhaos.foundation.core.exception.MethodNotImplementedException	externo	scos-foundation-core-1.2.0-SNAPSHOT.jar
br.com.sawcunhaos.organization.api.controller.CompanyAddressApiDelegate	br.com.sawcunhaos.organization.api.dto.CreateCompanyAddressRequest	externo	flow-organization-usecase-1.0.0-SNAPSHOT.jar
br.com.sawcunhaos.organization.api.controller.CompanyAddressApiDelegate	br.com.sawcunhaos.organization.api.dto.CreateResponse	externo	flow-organization-usecase-1.0.0-SNAPSHOT.jar
br.com.sawcunhaos.organization.api.controller.CompanyAddressApiDelegate	br.com.sawcunhaos.organization.api.dto.GetAllCompanyAddressResponse	externo	flow-organization-usecase-1.0.0-SNAPSHOT.jar
br.com.sawcunhaos.organization.api.controller.CompanyAddressApiDelegate	br.com.sawcunhaos.organization.api.dto.GetCompanyAddressResponse	externo	flow-organization-usecase-1.0.0-SNAPSHOT.jar
br.com.sawcunhaos.organization.api.controller.CompanyAddressApiDelegate	br.com.sawcunhaos.organization.api.dto.PaginationFilter	externo	flow-organization-usecase-1.0.0-SNAPSHOT.jar
br.com.sawcunhaos.organization.api.controller.CompanyAddressApiDelegate	br.com.sawcunhaos.organization.api.dto.UpdateCompanyAddressRequest	externo	flow-organization-usecase-1.0.0-SNAPSHOT.jar
br.com.sawcunhaos.organization.api.controller.CompanyAddressApiDelegate	java.lang.Long	jdk	java.base
br.com.sawcunhaos.organization.api.controller.CompanyAddressApiDelegate	java.lang.Object	jdk	java.base
br.com.sawcunhaos.organization.api.controller.CompanyAddressApiDelegate	java.lang.String	jdk	java.base
br.com.sawcunhaos.organization.api.controller.CompanyAddressApiDelegate	java.lang.Void	jdk	java.base
br.com.sawcunhaos.organization.api.controller.CompanyAddressApiDelegate	java.util.Optional	jdk	java.base
br.com.sawcunhaos.organization.api.controller.CompanyAddressApiDelegate	java.util.UUID	jdk	java.base
br.com.sawcunhaos.organization.api.controller.CompanyApi	br.com.sawcunhaos.foundation.jdempotent.api.JdempotentRequestPayload	externo	scos-foundation-jdempotent-api-1.2.0-SNAPSHOT.jar
br.com.sawcunhaos.organization.api.controller.CompanyApi	br.com.sawcunhaos.foundation.jdempotent.api.JdempotentResource	externo	scos-foundation-jdempotent-api-1.2.0-SNAPSHOT.jar
br.com.sawcunhaos.organization.api.controller.CompanyApi	br.com.sawcunhaos.foundation.web.annotation.ScosRequestGET	externo	scos-foundation-web-1.2.0-SNAPSHOT.jar
br.com.sawcunhaos.organization.api.controller.CompanyApi	br.com.sawcunhaos.foundation.web.annotation.ScosRequestPOST	externo	scos-foundation-web-1.2.0-SNAPSHOT.jar
br.com.sawcunhaos.organization.api.controller.CompanyApi	br.com.sawcunhaos.foundation.web.annotation.ScosRequestPUT	externo	scos-foundation-web-1.2.0-SNAPSHOT.jar
br.com.sawcunhaos.organization.api.controller.CompanyApi	br.com.sawcunhaos.organization.api.controller.CompanyApi$1	interno	classes
br.com.sawcunhaos.organization.api.controller.CompanyApi	br.com.sawcunhaos.organization.api.controller.CompanyApiDelegate	interno	classes
br.com.sawcunhaos.organization.api.controller.CompanyApi	br.com.sawcunhaos.organization.api.dto.CompanyStatusTransitionRequest	externo	flow-organization-usecase-1.0.0-SNAPSHOT.jar
br.com.sawcunhaos.organization.api.controller.CompanyApi	br.com.sawcunhaos.organization.api.dto.CreateCompanyRequest	externo	flow-organization-usecase-1.0.0-SNAPSHOT.jar
br.com.sawcunhaos.organization.api.controller.CompanyApi	br.com.sawcunhaos.organization.api.dto.CreateResponse	externo	flow-organization-usecase-1.0.0-SNAPSHOT.jar
br.com.sawcunhaos.organization.api.controller.CompanyApi	br.com.sawcunhaos.organization.api.dto.GetAllCompaniesResponse	externo	flow-organization-usecase-1.0.0-SNAPSHOT.jar
br.com.sawcunhaos.organization.api.controller.CompanyApi	br.com.sawcunhaos.organization.api.dto.GetAllCompanyStatusHistoryResponse	externo	flow-organization-usecase-1.0.0-SNAPSHOT.jar
br.com.sawcunhaos.organization.api.controller.CompanyApi	br.com.sawcunhaos.organization.api.dto.GetCompanyHierarchyResponse	externo	flow-organization-usecase-1.0.0-SNAPSHOT.jar
br.com.sawcunhaos.organization.api.controller.CompanyApi	br.com.sawcunhaos.organization.api.dto.GetCompanyResponse	externo	flow-organization-usecase-1.0.0-SNAPSHOT.jar
br.com.sawcunhaos.organization.api.controller.CompanyApi	br.com.sawcunhaos.organization.api.dto.PaginationFilter	externo	flow-organization-usecase-1.0.0-SNAPSHOT.jar
br.com.sawcunhaos.organization.api.controller.CompanyApi	br.com.sawcunhaos.organization.api.dto.StatusCompany	externo	flow-organization-usecase-1.0.0-SNAPSHOT.jar
br.com.sawcunhaos.organization.api.controller.CompanyApi	br.com.sawcunhaos.organization.api.dto.UpdateCompanyRequest	externo	flow-organization-usecase-1.0.0-SNAPSHOT.jar
br.com.sawcunhaos.organization.api.controller.CompanyApi	jakarta.validation.Valid	externo	jakarta.validation-api-3.1.1.jar
br.com.sawcunhaos.organization.api.controller.CompanyApi	jakarta.validation.constraints.NotNull	externo	jakarta.validation-api-3.1.1.jar
br.com.sawcunhaos.organization.api.controller.CompanyApi	java.lang.Long	jdk	java.base
br.com.sawcunhaos.organization.api.controller.CompanyApi	java.lang.Object	jdk	java.base
br.com.sawcunhaos.organization.api.controller.CompanyApi	java.lang.String	jdk	java.base
br.com.sawcunhaos.organization.api.controller.CompanyApi	java.lang.Void	jdk	java.base
br.com.sawcunhaos.organization.api.controller.CompanyApi	java.util.Optional	jdk	java.base
br.com.sawcunhaos.organization.api.controller.CompanyApi	java.util.UUID	jdk	java.base
br.com.sawcunhaos.organization.api.controller.CompanyApi	org.springframework.security.access.prepost.PreAuthorize	externo	spring-security-core-7.1.1.jar
br.com.sawcunhaos.organization.api.controller.CompanyApi	org.springframework.web.bind.annotation.PathVariable	externo	spring-web-7.0.9.jar
br.com.sawcunhaos.organization.api.controller.CompanyApi	org.springframework.web.bind.annotation.RequestBody	externo	spring-web-7.0.9.jar
br.com.sawcunhaos.organization.api.controller.CompanyApi	org.springframework.web.bind.annotation.RequestHeader	externo	spring-web-7.0.9.jar
br.com.sawcunhaos.organization.api.controller.CompanyApi	org.springframework.web.bind.annotation.RequestParam	externo	spring-web-7.0.9.jar
br.com.sawcunhaos.organization.api.controller.CompanyApi$1	br.com.sawcunhaos.organization.api.controller.CompanyApi	interno	classes
br.com.sawcunhaos.organization.api.controller.CompanyApi$1	br.com.sawcunhaos.organization.api.controller.CompanyApiDelegate	interno	classes
br.com.sawcunhaos.organization.api.controller.CompanyApi$1	java.lang.Object	jdk	java.base
br.com.sawcunhaos.organization.api.controller.CompanyApiController	br.com.sawcunhaos.foundation.web.annotation.ScosController	externo	scos-foundation-web-1.2.0-SNAPSHOT.jar
br.com.sawcunhaos.organization.api.controller.CompanyApiController	br.com.sawcunhaos.organization.api.controller.CompanyApi	interno	classes
br.com.sawcunhaos.organization.api.controller.CompanyApiController	br.com.sawcunhaos.organization.api.controller.CompanyApiController$1	interno	classes
br.com.sawcunhaos.organization.api.controller.CompanyApiController	br.com.sawcunhaos.organization.api.controller.CompanyApiDelegate	interno	classes
br.com.sawcunhaos.organization.api.controller.CompanyApiController	java.lang.Object	jdk	java.base
br.com.sawcunhaos.organization.api.controller.CompanyApiController	java.util.Optional	jdk	java.base
br.com.sawcunhaos.organization.api.controller.CompanyApiController	org.springframework.beans.factory.annotation.Autowired	externo	spring-beans-7.0.9.jar
br.com.sawcunhaos.organization.api.controller.CompanyApiController$1	br.com.sawcunhaos.organization.api.controller.CompanyApiController	interno	classes
br.com.sawcunhaos.organization.api.controller.CompanyApiController$1	br.com.sawcunhaos.organization.api.controller.CompanyApiDelegate	interno	classes
br.com.sawcunhaos.organization.api.controller.CompanyApiController$1	java.lang.Object	jdk	java.base
br.com.sawcunhaos.organization.api.controller.CompanyApiDelegate	br.com.sawcunhaos.foundation.core.exception.MethodNotImplementedException	externo	scos-foundation-core-1.2.0-SNAPSHOT.jar
br.com.sawcunhaos.organization.api.controller.CompanyApiDelegate	br.com.sawcunhaos.organization.api.dto.CompanyStatusTransitionRequest	externo	flow-organization-usecase-1.0.0-SNAPSHOT.jar
br.com.sawcunhaos.organization.api.controller.CompanyApiDelegate	br.com.sawcunhaos.organization.api.dto.CreateCompanyRequest	externo	flow-organization-usecase-1.0.0-SNAPSHOT.jar
br.com.sawcunhaos.organization.api.controller.CompanyApiDelegate	br.com.sawcunhaos.organization.api.dto.CreateResponse	externo	flow-organization-usecase-1.0.0-SNAPSHOT.jar
br.com.sawcunhaos.organization.api.controller.CompanyApiDelegate	br.com.sawcunhaos.organization.api.dto.GetAllCompaniesResponse	externo	flow-organization-usecase-1.0.0-SNAPSHOT.jar
br.com.sawcunhaos.organization.api.controller.CompanyApiDelegate	br.com.sawcunhaos.organization.api.dto.GetAllCompanyStatusHistoryResponse	externo	flow-organization-usecase-1.0.0-SNAPSHOT.jar
br.com.sawcunhaos.organization.api.controller.CompanyApiDelegate	br.com.sawcunhaos.organization.api.dto.GetCompanyHierarchyResponse	externo	flow-organization-usecase-1.0.0-SNAPSHOT.jar
br.com.sawcunhaos.organization.api.controller.CompanyApiDelegate	br.com.sawcunhaos.organization.api.dto.GetCompanyResponse	externo	flow-organization-usecase-1.0.0-SNAPSHOT.jar
br.com.sawcunhaos.organization.api.controller.CompanyApiDelegate	br.com.sawcunhaos.organization.api.dto.PaginationFilter	externo	flow-organization-usecase-1.0.0-SNAPSHOT.jar
br.com.sawcunhaos.organization.api.controller.CompanyApiDelegate	br.com.sawcunhaos.organization.api.dto.StatusCompany	externo	flow-organization-usecase-1.0.0-SNAPSHOT.jar
br.com.sawcunhaos.organization.api.controller.CompanyApiDelegate	br.com.sawcunhaos.organization.api.dto.UpdateCompanyRequest	externo	flow-organization-usecase-1.0.0-SNAPSHOT.jar
br.com.sawcunhaos.organization.api.controller.CompanyApiDelegate	java.lang.Long	jdk	java.base
br.com.sawcunhaos.organization.api.controller.CompanyApiDelegate	java.lang.Object	jdk	java.base
br.com.sawcunhaos.organization.api.controller.CompanyApiDelegate	java.lang.String	jdk	java.base
br.com.sawcunhaos.organization.api.controller.CompanyApiDelegate	java.lang.Void	jdk	java.base
br.com.sawcunhaos.organization.api.controller.CompanyApiDelegate	java.util.Optional	jdk	java.base
br.com.sawcunhaos.organization.api.controller.CompanyApiDelegate	java.util.UUID	jdk	java.base
br.com.sawcunhaos.organization.api.controller.CompanyCnaeSecondaryApi	br.com.sawcunhaos.foundation.jdempotent.api.JdempotentRequestPayload	externo	scos-foundation-jdempotent-api-1.2.0-SNAPSHOT.jar
br.com.sawcunhaos.organization.api.controller.CompanyCnaeSecondaryApi	br.com.sawcunhaos.foundation.jdempotent.api.JdempotentResource	externo	scos-foundation-jdempotent-api-1.2.0-SNAPSHOT.jar
br.com.sawcunhaos.organization.api.controller.CompanyCnaeSecondaryApi	br.com.sawcunhaos.foundation.web.annotation.ScosRequestDELETE	externo	scos-foundation-web-1.2.0-SNAPSHOT.jar
br.com.sawcunhaos.organization.api.controller.CompanyCnaeSecondaryApi	br.com.sawcunhaos.foundation.web.annotation.ScosRequestGET	externo	scos-foundation-web-1.2.0-SNAPSHOT.jar
br.com.sawcunhaos.organization.api.controller.CompanyCnaeSecondaryApi	br.com.sawcunhaos.foundation.web.annotation.ScosRequestPOST	externo	scos-foundation-web-1.2.0-SNAPSHOT.jar
br.com.sawcunhaos.organization.api.controller.CompanyCnaeSecondaryApi	br.com.sawcunhaos.organization.api.controller.CompanyCnaeSecondaryApi$1	interno	classes
br.com.sawcunhaos.organization.api.controller.CompanyCnaeSecondaryApi	br.com.sawcunhaos.organization.api.controller.CompanyCnaeSecondaryApiDelegate	interno	classes
br.com.sawcunhaos.organization.api.controller.CompanyCnaeSecondaryApi	br.com.sawcunhaos.organization.api.dto.CreateResponse	externo	flow-organization-usecase-1.0.0-SNAPSHOT.jar
br.com.sawcunhaos.organization.api.controller.CompanyCnaeSecondaryApi	br.com.sawcunhaos.organization.api.dto.GetAllCompanyCnaeSecondaryResponse	externo	flow-organization-usecase-1.0.0-SNAPSHOT.jar
br.com.sawcunhaos.organization.api.controller.CompanyCnaeSecondaryApi	br.com.sawcunhaos.organization.api.dto.PaginationFilter	externo	flow-organization-usecase-1.0.0-SNAPSHOT.jar
br.com.sawcunhaos.organization.api.controller.CompanyCnaeSecondaryApi	jakarta.validation.Valid	externo	jakarta.validation-api-3.1.1.jar
br.com.sawcunhaos.organization.api.controller.CompanyCnaeSecondaryApi	jakarta.validation.constraints.NotNull	externo	jakarta.validation-api-3.1.1.jar
br.com.sawcunhaos.organization.api.controller.CompanyCnaeSecondaryApi	java.lang.Long	jdk	java.base
br.com.sawcunhaos.organization.api.controller.CompanyCnaeSecondaryApi	java.lang.Object	jdk	java.base
br.com.sawcunhaos.organization.api.controller.CompanyCnaeSecondaryApi	java.lang.String	jdk	java.base
br.com.sawcunhaos.organization.api.controller.CompanyCnaeSecondaryApi	java.lang.Void	jdk	java.base
br.com.sawcunhaos.organization.api.controller.CompanyCnaeSecondaryApi	java.util.Optional	jdk	java.base
br.com.sawcunhaos.organization.api.controller.CompanyCnaeSecondaryApi	java.util.UUID	jdk	java.base
br.com.sawcunhaos.organization.api.controller.CompanyCnaeSecondaryApi	org.springframework.security.access.prepost.PreAuthorize	externo	spring-security-core-7.1.1.jar
br.com.sawcunhaos.organization.api.controller.CompanyCnaeSecondaryApi	org.springframework.web.bind.annotation.PathVariable	externo	spring-web-7.0.9.jar
br.com.sawcunhaos.organization.api.controller.CompanyCnaeSecondaryApi	org.springframework.web.bind.annotation.RequestHeader	externo	spring-web-7.0.9.jar
br.com.sawcunhaos.organization.api.controller.CompanyCnaeSecondaryApi$1	br.com.sawcunhaos.organization.api.controller.CompanyCnaeSecondaryApi	interno	classes
br.com.sawcunhaos.organization.api.controller.CompanyCnaeSecondaryApi$1	br.com.sawcunhaos.organization.api.controller.CompanyCnaeSecondaryApiDelegate	interno	classes
br.com.sawcunhaos.organization.api.controller.CompanyCnaeSecondaryApi$1	java.lang.Object	jdk	java.base
br.com.sawcunhaos.organization.api.controller.CompanyCnaeSecondaryApiController	br.com.sawcunhaos.foundation.web.annotation.ScosController	externo	scos-foundation-web-1.2.0-SNAPSHOT.jar
br.com.sawcunhaos.organization.api.controller.CompanyCnaeSecondaryApiController	br.com.sawcunhaos.organization.api.controller.CompanyCnaeSecondaryApi	interno	classes
br.com.sawcunhaos.organization.api.controller.CompanyCnaeSecondaryApiController	br.com.sawcunhaos.organization.api.controller.CompanyCnaeSecondaryApiController$1	interno	classes
br.com.sawcunhaos.organization.api.controller.CompanyCnaeSecondaryApiController	br.com.sawcunhaos.organization.api.controller.CompanyCnaeSecondaryApiDelegate	interno	classes
br.com.sawcunhaos.organization.api.controller.CompanyCnaeSecondaryApiController	java.lang.Object	jdk	java.base
br.com.sawcunhaos.organization.api.controller.CompanyCnaeSecondaryApiController	java.util.Optional	jdk	java.base
br.com.sawcunhaos.organization.api.controller.CompanyCnaeSecondaryApiController	org.springframework.beans.factory.annotation.Autowired	externo	spring-beans-7.0.9.jar
br.com.sawcunhaos.organization.api.controller.CompanyCnaeSecondaryApiController$1	br.com.sawcunhaos.organization.api.controller.CompanyCnaeSecondaryApiController	interno	classes
br.com.sawcunhaos.organization.api.controller.CompanyCnaeSecondaryApiController$1	br.com.sawcunhaos.organization.api.controller.CompanyCnaeSecondaryApiDelegate	interno	classes
br.com.sawcunhaos.organization.api.controller.CompanyCnaeSecondaryApiController$1	java.lang.Object	jdk	java.base
br.com.sawcunhaos.organization.api.controller.CompanyCnaeSecondaryApiDelegate	br.com.sawcunhaos.foundation.core.exception.MethodNotImplementedException	externo	scos-foundation-core-1.2.0-SNAPSHOT.jar
br.com.sawcunhaos.organization.api.controller.CompanyCnaeSecondaryApiDelegate	br.com.sawcunhaos.organization.api.dto.CreateResponse	externo	flow-organization-usecase-1.0.0-SNAPSHOT.jar
br.com.sawcunhaos.organization.api.controller.CompanyCnaeSecondaryApiDelegate	br.com.sawcunhaos.organization.api.dto.GetAllCompanyCnaeSecondaryResponse	externo	flow-organization-usecase-1.0.0-SNAPSHOT.jar
br.com.sawcunhaos.organization.api.controller.CompanyCnaeSecondaryApiDelegate	br.com.sawcunhaos.organization.api.dto.PaginationFilter	externo	flow-organization-usecase-1.0.0-SNAPSHOT.jar
br.com.sawcunhaos.organization.api.controller.CompanyCnaeSecondaryApiDelegate	java.lang.Long	jdk	java.base
br.com.sawcunhaos.organization.api.controller.CompanyCnaeSecondaryApiDelegate	java.lang.Object	jdk	java.base
br.com.sawcunhaos.organization.api.controller.CompanyCnaeSecondaryApiDelegate	java.lang.String	jdk	java.base
br.com.sawcunhaos.organization.api.controller.CompanyCnaeSecondaryApiDelegate	java.lang.Void	jdk	java.base
br.com.sawcunhaos.organization.api.controller.CompanyCnaeSecondaryApiDelegate	java.util.Optional	jdk	java.base
br.com.sawcunhaos.organization.api.controller.CompanyCnaeSecondaryApiDelegate	java.util.UUID	jdk	java.base
br.com.sawcunhaos.organization.api.controller.CompanyContactApi	br.com.sawcunhaos.foundation.jdempotent.api.JdempotentRequestPayload	externo	scos-foundation-jdempotent-api-1.2.0-SNAPSHOT.jar
br.com.sawcunhaos.organization.api.controller.CompanyContactApi	br.com.sawcunhaos.foundation.jdempotent.api.JdempotentResource	externo	scos-foundation-jdempotent-api-1.2.0-SNAPSHOT.jar
br.com.sawcunhaos.organization.api.controller.CompanyContactApi	br.com.sawcunhaos.foundation.web.annotation.ScosRequestDELETE	externo	scos-foundation-web-1.2.0-SNAPSHOT.jar
br.com.sawcunhaos.organization.api.controller.CompanyContactApi	br.com.sawcunhaos.foundation.web.annotation.ScosRequestGET	externo	scos-foundation-web-1.2.0-SNAPSHOT.jar
br.com.sawcunhaos.organization.api.controller.CompanyContactApi	br.com.sawcunhaos.foundation.web.annotation.ScosRequestPOST	externo	scos-foundation-web-1.2.0-SNAPSHOT.jar
br.com.sawcunhaos.organization.api.controller.CompanyContactApi	br.com.sawcunhaos.foundation.web.annotation.ScosRequestPUT	externo	scos-foundation-web-1.2.0-SNAPSHOT.jar
br.com.sawcunhaos.organization.api.controller.CompanyContactApi	br.com.sawcunhaos.organization.api.controller.CompanyContactApi$1	interno	classes
br.com.sawcunhaos.organization.api.controller.CompanyContactApi	br.com.sawcunhaos.organization.api.controller.CompanyContactApiDelegate	interno	classes
br.com.sawcunhaos.organization.api.controller.CompanyContactApi	br.com.sawcunhaos.organization.api.dto.CreateCompanyContactRequest	externo	flow-organization-usecase-1.0.0-SNAPSHOT.jar
br.com.sawcunhaos.organization.api.controller.CompanyContactApi	br.com.sawcunhaos.organization.api.dto.CreateResponse	externo	flow-organization-usecase-1.0.0-SNAPSHOT.jar
br.com.sawcunhaos.organization.api.controller.CompanyContactApi	br.com.sawcunhaos.organization.api.dto.GetAllCompanyContactsResponse	externo	flow-organization-usecase-1.0.0-SNAPSHOT.jar
br.com.sawcunhaos.organization.api.controller.CompanyContactApi	br.com.sawcunhaos.organization.api.dto.GetCompanyContactResponse	externo	flow-organization-usecase-1.0.0-SNAPSHOT.jar
br.com.sawcunhaos.organization.api.controller.CompanyContactApi	br.com.sawcunhaos.organization.api.dto.PaginationFilter	externo	flow-organization-usecase-1.0.0-SNAPSHOT.jar
br.com.sawcunhaos.organization.api.controller.CompanyContactApi	br.com.sawcunhaos.organization.api.dto.UpdateCompanyContactRequest	externo	flow-organization-usecase-1.0.0-SNAPSHOT.jar
br.com.sawcunhaos.organization.api.controller.CompanyContactApi	jakarta.validation.Valid	externo	jakarta.validation-api-3.1.1.jar
br.com.sawcunhaos.organization.api.controller.CompanyContactApi	jakarta.validation.constraints.NotNull	externo	jakarta.validation-api-3.1.1.jar
br.com.sawcunhaos.organization.api.controller.CompanyContactApi	java.lang.Long	jdk	java.base
br.com.sawcunhaos.organization.api.controller.CompanyContactApi	java.lang.Object	jdk	java.base
br.com.sawcunhaos.organization.api.controller.CompanyContactApi	java.lang.String	jdk	java.base
br.com.sawcunhaos.organization.api.controller.CompanyContactApi	java.lang.Void	jdk	java.base
br.com.sawcunhaos.organization.api.controller.CompanyContactApi	java.util.Optional	jdk	java.base
br.com.sawcunhaos.organization.api.controller.CompanyContactApi	java.util.UUID	jdk	java.base
br.com.sawcunhaos.organization.api.controller.CompanyContactApi	org.springframework.security.access.prepost.PreAuthorize	externo	spring-security-core-7.1.1.jar
br.com.sawcunhaos.organization.api.controller.CompanyContactApi	org.springframework.web.bind.annotation.PathVariable	externo	spring-web-7.0.9.jar
br.com.sawcunhaos.organization.api.controller.CompanyContactApi	org.springframework.web.bind.annotation.RequestBody	externo	spring-web-7.0.9.jar
br.com.sawcunhaos.organization.api.controller.CompanyContactApi	org.springframework.web.bind.annotation.RequestHeader	externo	spring-web-7.0.9.jar
br.com.sawcunhaos.organization.api.controller.CompanyContactApi$1	br.com.sawcunhaos.organization.api.controller.CompanyContactApi	interno	classes
br.com.sawcunhaos.organization.api.controller.CompanyContactApi$1	br.com.sawcunhaos.organization.api.controller.CompanyContactApiDelegate	interno	classes
br.com.sawcunhaos.organization.api.controller.CompanyContactApi$1	java.lang.Object	jdk	java.base
br.com.sawcunhaos.organization.api.controller.CompanyContactApiController	br.com.sawcunhaos.foundation.web.annotation.ScosController	externo	scos-foundation-web-1.2.0-SNAPSHOT.jar
br.com.sawcunhaos.organization.api.controller.CompanyContactApiController	br.com.sawcunhaos.organization.api.controller.CompanyContactApi	interno	classes
br.com.sawcunhaos.organization.api.controller.CompanyContactApiController	br.com.sawcunhaos.organization.api.controller.CompanyContactApiController$1	interno	classes
br.com.sawcunhaos.organization.api.controller.CompanyContactApiController	br.com.sawcunhaos.organization.api.controller.CompanyContactApiDelegate	interno	classes
br.com.sawcunhaos.organization.api.controller.CompanyContactApiController	java.lang.Object	jdk	java.base
br.com.sawcunhaos.organization.api.controller.CompanyContactApiController	java.util.Optional	jdk	java.base
br.com.sawcunhaos.organization.api.controller.CompanyContactApiController	org.springframework.beans.factory.annotation.Autowired	externo	spring-beans-7.0.9.jar
br.com.sawcunhaos.organization.api.controller.CompanyContactApiController$1	br.com.sawcunhaos.organization.api.controller.CompanyContactApiController	interno	classes
br.com.sawcunhaos.organization.api.controller.CompanyContactApiController$1	br.com.sawcunhaos.organization.api.controller.CompanyContactApiDelegate	interno	classes
br.com.sawcunhaos.organization.api.controller.CompanyContactApiController$1	java.lang.Object	jdk	java.base
br.com.sawcunhaos.organization.api.controller.CompanyContactApiDelegate	br.com.sawcunhaos.foundation.core.exception.MethodNotImplementedException	externo	scos-foundation-core-1.2.0-SNAPSHOT.jar
br.com.sawcunhaos.organization.api.controller.CompanyContactApiDelegate	br.com.sawcunhaos.organization.api.dto.CreateCompanyContactRequest	externo	flow-organization-usecase-1.0.0-SNAPSHOT.jar
br.com.sawcunhaos.organization.api.controller.CompanyContactApiDelegate	br.com.sawcunhaos.organization.api.dto.CreateResponse	externo	flow-organization-usecase-1.0.0-SNAPSHOT.jar
br.com.sawcunhaos.organization.api.controller.CompanyContactApiDelegate	br.com.sawcunhaos.organization.api.dto.GetAllCompanyContactsResponse	externo	flow-organization-usecase-1.0.0-SNAPSHOT.jar
br.com.sawcunhaos.organization.api.controller.CompanyContactApiDelegate	br.com.sawcunhaos.organization.api.dto.GetCompanyContactResponse	externo	flow-organization-usecase-1.0.0-SNAPSHOT.jar
br.com.sawcunhaos.organization.api.controller.CompanyContactApiDelegate	br.com.sawcunhaos.organization.api.dto.PaginationFilter	externo	flow-organization-usecase-1.0.0-SNAPSHOT.jar
br.com.sawcunhaos.organization.api.controller.CompanyContactApiDelegate	br.com.sawcunhaos.organization.api.dto.UpdateCompanyContactRequest	externo	flow-organization-usecase-1.0.0-SNAPSHOT.jar
br.com.sawcunhaos.organization.api.controller.CompanyContactApiDelegate	java.lang.Long	jdk	java.base
br.com.sawcunhaos.organization.api.controller.CompanyContactApiDelegate	java.lang.Object	jdk	java.base
br.com.sawcunhaos.organization.api.controller.CompanyContactApiDelegate	java.lang.String	jdk	java.base
br.com.sawcunhaos.organization.api.controller.CompanyContactApiDelegate	java.lang.Void	jdk	java.base
br.com.sawcunhaos.organization.api.controller.CompanyContactApiDelegate	java.util.Optional	jdk	java.base
br.com.sawcunhaos.organization.api.controller.CompanyContactApiDelegate	java.util.UUID	jdk	java.base
br.com.sawcunhaos.organization.api.controller.ConfigurationApi	br.com.sawcunhaos.foundation.jdempotent.api.JdempotentRequestPayload	externo	scos-foundation-jdempotent-api-1.2.0-SNAPSHOT.jar
br.com.sawcunhaos.organization.api.controller.ConfigurationApi	br.com.sawcunhaos.foundation.jdempotent.api.JdempotentResource	externo	scos-foundation-jdempotent-api-1.2.0-SNAPSHOT.jar
br.com.sawcunhaos.organization.api.controller.ConfigurationApi	br.com.sawcunhaos.foundation.web.annotation.ScosRequestGET	externo	scos-foundation-web-1.2.0-SNAPSHOT.jar
br.com.sawcunhaos.organization.api.controller.ConfigurationApi	br.com.sawcunhaos.foundation.web.annotation.ScosRequestPUT	externo	scos-foundation-web-1.2.0-SNAPSHOT.jar
br.com.sawcunhaos.organization.api.controller.ConfigurationApi	br.com.sawcunhaos.organization.api.controller.ConfigurationApi$1	interno	classes
br.com.sawcunhaos.organization.api.controller.ConfigurationApi	br.com.sawcunhaos.organization.api.controller.ConfigurationApiDelegate	interno	classes
br.com.sawcunhaos.organization.api.controller.ConfigurationApi	br.com.sawcunhaos.organization.api.dto.GetAllConfigurationsResponse	externo	flow-organization-usecase-1.0.0-SNAPSHOT.jar
br.com.sawcunhaos.organization.api.controller.ConfigurationApi	br.com.sawcunhaos.organization.api.dto.GetAllKeysConfigurationsResponse	externo	flow-organization-usecase-1.0.0-SNAPSHOT.jar
br.com.sawcunhaos.organization.api.controller.ConfigurationApi	br.com.sawcunhaos.organization.api.dto.GetConfigurationResponse	externo	flow-organization-usecase-1.0.0-SNAPSHOT.jar
br.com.sawcunhaos.organization.api.controller.ConfigurationApi	br.com.sawcunhaos.organization.api.dto.UpdateConfigurationRequest	externo	flow-organization-usecase-1.0.0-SNAPSHOT.jar
br.com.sawcunhaos.organization.api.controller.ConfigurationApi	jakarta.validation.Valid	externo	jakarta.validation-api-3.1.1.jar
br.com.sawcunhaos.organization.api.controller.ConfigurationApi	jakarta.validation.constraints.NotNull	externo	jakarta.validation-api-3.1.1.jar
br.com.sawcunhaos.organization.api.controller.ConfigurationApi	java.lang.Object	jdk	java.base
br.com.sawcunhaos.organization.api.controller.ConfigurationApi	java.lang.String	jdk	java.base
br.com.sawcunhaos.organization.api.controller.ConfigurationApi	java.lang.Void	jdk	java.base
br.com.sawcunhaos.organization.api.controller.ConfigurationApi	java.util.Optional	jdk	java.base
br.com.sawcunhaos.organization.api.controller.ConfigurationApi	java.util.UUID	jdk	java.base
br.com.sawcunhaos.organization.api.controller.ConfigurationApi	org.springframework.security.access.prepost.PreAuthorize	externo	spring-security-core-7.1.1.jar
br.com.sawcunhaos.organization.api.controller.ConfigurationApi	org.springframework.web.bind.annotation.PathVariable	externo	spring-web-7.0.9.jar
br.com.sawcunhaos.organization.api.controller.ConfigurationApi	org.springframework.web.bind.annotation.RequestBody	externo	spring-web-7.0.9.jar
br.com.sawcunhaos.organization.api.controller.ConfigurationApi	org.springframework.web.bind.annotation.RequestHeader	externo	spring-web-7.0.9.jar
br.com.sawcunhaos.organization.api.controller.ConfigurationApi$1	br.com.sawcunhaos.organization.api.controller.ConfigurationApi	interno	classes
br.com.sawcunhaos.organization.api.controller.ConfigurationApi$1	br.com.sawcunhaos.organization.api.controller.ConfigurationApiDelegate	interno	classes
br.com.sawcunhaos.organization.api.controller.ConfigurationApi$1	java.lang.Object	jdk	java.base
br.com.sawcunhaos.organization.api.controller.ConfigurationApiController	br.com.sawcunhaos.foundation.web.annotation.ScosController	externo	scos-foundation-web-1.2.0-SNAPSHOT.jar
br.com.sawcunhaos.organization.api.controller.ConfigurationApiController	br.com.sawcunhaos.organization.api.controller.ConfigurationApi	interno	classes
br.com.sawcunhaos.organization.api.controller.ConfigurationApiController	br.com.sawcunhaos.organization.api.controller.ConfigurationApiController$1	interno	classes
br.com.sawcunhaos.organization.api.controller.ConfigurationApiController	br.com.sawcunhaos.organization.api.controller.ConfigurationApiDelegate	interno	classes
br.com.sawcunhaos.organization.api.controller.ConfigurationApiController	java.lang.Object	jdk	java.base
br.com.sawcunhaos.organization.api.controller.ConfigurationApiController	java.util.Optional	jdk	java.base
br.com.sawcunhaos.organization.api.controller.ConfigurationApiController	org.springframework.beans.factory.annotation.Autowired	externo	spring-beans-7.0.9.jar
br.com.sawcunhaos.organization.api.controller.ConfigurationApiController$1	br.com.sawcunhaos.organization.api.controller.ConfigurationApiController	interno	classes
br.com.sawcunhaos.organization.api.controller.ConfigurationApiController$1	br.com.sawcunhaos.organization.api.controller.ConfigurationApiDelegate	interno	classes
br.com.sawcunhaos.organization.api.controller.ConfigurationApiController$1	java.lang.Object	jdk	java.base
br.com.sawcunhaos.organization.api.controller.ConfigurationApiDelegate	br.com.sawcunhaos.foundation.core.exception.MethodNotImplementedException	externo	scos-foundation-core-1.2.0-SNAPSHOT.jar
br.com.sawcunhaos.organization.api.controller.ConfigurationApiDelegate	br.com.sawcunhaos.organization.api.dto.GetAllConfigurationsResponse	externo	flow-organization-usecase-1.0.0-SNAPSHOT.jar
br.com.sawcunhaos.organization.api.controller.ConfigurationApiDelegate	br.com.sawcunhaos.organization.api.dto.GetAllKeysConfigurationsResponse	externo	flow-organization-usecase-1.0.0-SNAPSHOT.jar
br.com.sawcunhaos.organization.api.controller.ConfigurationApiDelegate	br.com.sawcunhaos.organization.api.dto.GetConfigurationResponse	externo	flow-organization-usecase-1.0.0-SNAPSHOT.jar
br.com.sawcunhaos.organization.api.controller.ConfigurationApiDelegate	br.com.sawcunhaos.organization.api.dto.UpdateConfigurationRequest	externo	flow-organization-usecase-1.0.0-SNAPSHOT.jar
br.com.sawcunhaos.organization.api.controller.ConfigurationApiDelegate	java.lang.Object	jdk	java.base
br.com.sawcunhaos.organization.api.controller.ConfigurationApiDelegate	java.lang.String	jdk	java.base
br.com.sawcunhaos.organization.api.controller.ConfigurationApiDelegate	java.lang.Void	jdk	java.base
br.com.sawcunhaos.organization.api.controller.ConfigurationApiDelegate	java.util.Optional	jdk	java.base
br.com.sawcunhaos.organization.api.controller.ConfigurationApiDelegate	java.util.UUID	jdk	java.base
br.com.sawcunhaos.organization.api.controller.ContactTypeApi	br.com.sawcunhaos.foundation.jdempotent.api.JdempotentRequestPayload	externo	scos-foundation-jdempotent-api-1.2.0-SNAPSHOT.jar
br.com.sawcunhaos.organization.api.controller.ContactTypeApi	br.com.sawcunhaos.foundation.jdempotent.api.JdempotentResource	externo	scos-foundation-jdempotent-api-1.2.0-SNAPSHOT.jar
br.com.sawcunhaos.organization.api.controller.ContactTypeApi	br.com.sawcunhaos.foundation.web.annotation.ScosRequestGET	externo	scos-foundation-web-1.2.0-SNAPSHOT.jar
br.com.sawcunhaos.organization.api.controller.ContactTypeApi	br.com.sawcunhaos.foundation.web.annotation.ScosRequestPOST	externo	scos-foundation-web-1.2.0-SNAPSHOT.jar
br.com.sawcunhaos.organization.api.controller.ContactTypeApi	br.com.sawcunhaos.foundation.web.annotation.ScosRequestPUT	externo	scos-foundation-web-1.2.0-SNAPSHOT.jar
br.com.sawcunhaos.organization.api.controller.ContactTypeApi	br.com.sawcunhaos.organization.api.controller.ContactTypeApi$1	interno	classes
br.com.sawcunhaos.organization.api.controller.ContactTypeApi	br.com.sawcunhaos.organization.api.controller.ContactTypeApiDelegate	interno	classes
br.com.sawcunhaos.organization.api.controller.ContactTypeApi	br.com.sawcunhaos.organization.api.dto.CatalogEntityType	externo	flow-organization-usecase-1.0.0-SNAPSHOT.jar
br.com.sawcunhaos.organization.api.controller.ContactTypeApi	br.com.sawcunhaos.organization.api.dto.CreateContactTypeRequest	externo	flow-organization-usecase-1.0.0-SNAPSHOT.jar
br.com.sawcunhaos.organization.api.controller.ContactTypeApi	br.com.sawcunhaos.organization.api.dto.CreateResponse	externo	flow-organization-usecase-1.0.0-SNAPSHOT.jar
br.com.sawcunhaos.organization.api.controller.ContactTypeApi	br.com.sawcunhaos.organization.api.dto.GetAllContactTypesResponse	externo	flow-organization-usecase-1.0.0-SNAPSHOT.jar
br.com.sawcunhaos.organization.api.controller.ContactTypeApi	br.com.sawcunhaos.organization.api.dto.GetContactTypeResponse	externo	flow-organization-usecase-1.0.0-SNAPSHOT.jar
br.com.sawcunhaos.organization.api.controller.ContactTypeApi	br.com.sawcunhaos.organization.api.dto.PaginationFilter	externo	flow-organization-usecase-1.0.0-SNAPSHOT.jar
br.com.sawcunhaos.organization.api.controller.ContactTypeApi	br.com.sawcunhaos.organization.api.dto.UpdateContactTypeRequest	externo	flow-organization-usecase-1.0.0-SNAPSHOT.jar
br.com.sawcunhaos.organization.api.controller.ContactTypeApi	jakarta.validation.Valid	externo	jakarta.validation-api-3.1.1.jar
br.com.sawcunhaos.organization.api.controller.ContactTypeApi	jakarta.validation.constraints.NotNull	externo	jakarta.validation-api-3.1.1.jar
br.com.sawcunhaos.organization.api.controller.ContactTypeApi	java.lang.Boolean	jdk	java.base
br.com.sawcunhaos.organization.api.controller.ContactTypeApi	java.lang.Long	jdk	java.base
br.com.sawcunhaos.organization.api.controller.ContactTypeApi	java.lang.Object	jdk	java.base
br.com.sawcunhaos.organization.api.controller.ContactTypeApi	java.lang.String	jdk	java.base
br.com.sawcunhaos.organization.api.controller.ContactTypeApi	java.lang.Void	jdk	java.base
br.com.sawcunhaos.organization.api.controller.ContactTypeApi	java.util.Optional	jdk	java.base
br.com.sawcunhaos.organization.api.controller.ContactTypeApi	java.util.UUID	jdk	java.base
br.com.sawcunhaos.organization.api.controller.ContactTypeApi	org.springframework.security.access.prepost.PreAuthorize	externo	spring-security-core-7.1.1.jar
br.com.sawcunhaos.organization.api.controller.ContactTypeApi	org.springframework.web.bind.annotation.PathVariable	externo	spring-web-7.0.9.jar
br.com.sawcunhaos.organization.api.controller.ContactTypeApi	org.springframework.web.bind.annotation.RequestBody	externo	spring-web-7.0.9.jar
br.com.sawcunhaos.organization.api.controller.ContactTypeApi	org.springframework.web.bind.annotation.RequestHeader	externo	spring-web-7.0.9.jar
br.com.sawcunhaos.organization.api.controller.ContactTypeApi	org.springframework.web.bind.annotation.RequestParam	externo	spring-web-7.0.9.jar
br.com.sawcunhaos.organization.api.controller.ContactTypeApi$1	br.com.sawcunhaos.organization.api.controller.ContactTypeApi	interno	classes
br.com.sawcunhaos.organization.api.controller.ContactTypeApi$1	br.com.sawcunhaos.organization.api.controller.ContactTypeApiDelegate	interno	classes
br.com.sawcunhaos.organization.api.controller.ContactTypeApi$1	java.lang.Object	jdk	java.base
br.com.sawcunhaos.organization.api.controller.ContactTypeApiController	br.com.sawcunhaos.foundation.web.annotation.ScosController	externo	scos-foundation-web-1.2.0-SNAPSHOT.jar
br.com.sawcunhaos.organization.api.controller.ContactTypeApiController	br.com.sawcunhaos.organization.api.controller.ContactTypeApi	interno	classes
br.com.sawcunhaos.organization.api.controller.ContactTypeApiController	br.com.sawcunhaos.organization.api.controller.ContactTypeApiController$1	interno	classes
br.com.sawcunhaos.organization.api.controller.ContactTypeApiController	br.com.sawcunhaos.organization.api.controller.ContactTypeApiDelegate	interno	classes
br.com.sawcunhaos.organization.api.controller.ContactTypeApiController	java.lang.Object	jdk	java.base
br.com.sawcunhaos.organization.api.controller.ContactTypeApiController	java.util.Optional	jdk	java.base
br.com.sawcunhaos.organization.api.controller.ContactTypeApiController	org.springframework.beans.factory.annotation.Autowired	externo	spring-beans-7.0.9.jar
br.com.sawcunhaos.organization.api.controller.ContactTypeApiController$1	br.com.sawcunhaos.organization.api.controller.ContactTypeApiController	interno	classes
br.com.sawcunhaos.organization.api.controller.ContactTypeApiController$1	br.com.sawcunhaos.organization.api.controller.ContactTypeApiDelegate	interno	classes
br.com.sawcunhaos.organization.api.controller.ContactTypeApiController$1	java.lang.Object	jdk	java.base
br.com.sawcunhaos.organization.api.controller.ContactTypeApiDelegate	br.com.sawcunhaos.foundation.core.exception.MethodNotImplementedException	externo	scos-foundation-core-1.2.0-SNAPSHOT.jar
br.com.sawcunhaos.organization.api.controller.ContactTypeApiDelegate	br.com.sawcunhaos.organization.api.dto.CatalogEntityType	externo	flow-organization-usecase-1.0.0-SNAPSHOT.jar
br.com.sawcunhaos.organization.api.controller.ContactTypeApiDelegate	br.com.sawcunhaos.organization.api.dto.CreateContactTypeRequest	externo	flow-organization-usecase-1.0.0-SNAPSHOT.jar
br.com.sawcunhaos.organization.api.controller.ContactTypeApiDelegate	br.com.sawcunhaos.organization.api.dto.CreateResponse	externo	flow-organization-usecase-1.0.0-SNAPSHOT.jar
br.com.sawcunhaos.organization.api.controller.ContactTypeApiDelegate	br.com.sawcunhaos.organization.api.dto.GetAllContactTypesResponse	externo	flow-organization-usecase-1.0.0-SNAPSHOT.jar
br.com.sawcunhaos.organization.api.controller.ContactTypeApiDelegate	br.com.sawcunhaos.organization.api.dto.GetContactTypeResponse	externo	flow-organization-usecase-1.0.0-SNAPSHOT.jar
br.com.sawcunhaos.organization.api.controller.ContactTypeApiDelegate	br.com.sawcunhaos.organization.api.dto.PaginationFilter	externo	flow-organization-usecase-1.0.0-SNAPSHOT.jar
br.com.sawcunhaos.organization.api.controller.ContactTypeApiDelegate	br.com.sawcunhaos.organization.api.dto.UpdateContactTypeRequest	externo	flow-organization-usecase-1.0.0-SNAPSHOT.jar
br.com.sawcunhaos.organization.api.controller.ContactTypeApiDelegate	java.lang.Boolean	jdk	java.base
br.com.sawcunhaos.organization.api.controller.ContactTypeApiDelegate	java.lang.Long	jdk	java.base
br.com.sawcunhaos.organization.api.controller.ContactTypeApiDelegate	java.lang.Object	jdk	java.base
br.com.sawcunhaos.organization.api.controller.ContactTypeApiDelegate	java.lang.String	jdk	java.base
br.com.sawcunhaos.organization.api.controller.ContactTypeApiDelegate	java.lang.Void	jdk	java.base
br.com.sawcunhaos.organization.api.controller.ContactTypeApiDelegate	java.util.Optional	jdk	java.base
br.com.sawcunhaos.organization.api.controller.ContactTypeApiDelegate	java.util.UUID	jdk	java.base
br.com.sawcunhaos.organization.api.controller.DepartmentApi	br.com.sawcunhaos.foundation.jdempotent.api.JdempotentRequestPayload	externo	scos-foundation-jdempotent-api-1.2.0-SNAPSHOT.jar
br.com.sawcunhaos.organization.api.controller.DepartmentApi	br.com.sawcunhaos.foundation.jdempotent.api.JdempotentResource	externo	scos-foundation-jdempotent-api-1.2.0-SNAPSHOT.jar
br.com.sawcunhaos.organization.api.controller.DepartmentApi	br.com.sawcunhaos.foundation.web.annotation.ScosRequestGET	externo	scos-foundation-web-1.2.0-SNAPSHOT.jar
br.com.sawcunhaos.organization.api.controller.DepartmentApi	br.com.sawcunhaos.foundation.web.annotation.ScosRequestPOST	externo	scos-foundation-web-1.2.0-SNAPSHOT.jar
br.com.sawcunhaos.organization.api.controller.DepartmentApi	br.com.sawcunhaos.foundation.web.annotation.ScosRequestPUT	externo	scos-foundation-web-1.2.0-SNAPSHOT.jar
br.com.sawcunhaos.organization.api.controller.DepartmentApi	br.com.sawcunhaos.organization.api.controller.DepartmentApi$1	interno	classes
br.com.sawcunhaos.organization.api.controller.DepartmentApi	br.com.sawcunhaos.organization.api.controller.DepartmentApiDelegate	interno	classes
br.com.sawcunhaos.organization.api.controller.DepartmentApi	br.com.sawcunhaos.organization.api.dto.CreateDepartmentRequest	externo	flow-organization-usecase-1.0.0-SNAPSHOT.jar
br.com.sawcunhaos.organization.api.controller.DepartmentApi	br.com.sawcunhaos.organization.api.dto.CreateResponse	externo	flow-organization-usecase-1.0.0-SNAPSHOT.jar
br.com.sawcunhaos.organization.api.controller.DepartmentApi	br.com.sawcunhaos.organization.api.dto.GetAllDepartmentsResponse	externo	flow-organization-usecase-1.0.0-SNAPSHOT.jar
br.com.sawcunhaos.organization.api.controller.DepartmentApi	br.com.sawcunhaos.organization.api.dto.GetDepartmentResponse	externo	flow-organization-usecase-1.0.0-SNAPSHOT.jar
br.com.sawcunhaos.organization.api.controller.DepartmentApi	br.com.sawcunhaos.organization.api.dto.PaginationFilter	externo	flow-organization-usecase-1.0.0-SNAPSHOT.jar
br.com.sawcunhaos.organization.api.controller.DepartmentApi	br.com.sawcunhaos.organization.api.dto.UpdateDepartmentRequest	externo	flow-organization-usecase-1.0.0-SNAPSHOT.jar
br.com.sawcunhaos.organization.api.controller.DepartmentApi	jakarta.validation.Valid	externo	jakarta.validation-api-3.1.1.jar
br.com.sawcunhaos.organization.api.controller.DepartmentApi	jakarta.validation.constraints.NotNull	externo	jakarta.validation-api-3.1.1.jar
br.com.sawcunhaos.organization.api.controller.DepartmentApi	java.lang.Boolean	jdk	java.base
br.com.sawcunhaos.organization.api.controller.DepartmentApi	java.lang.Long	jdk	java.base
br.com.sawcunhaos.organization.api.controller.DepartmentApi	java.lang.Object	jdk	java.base
br.com.sawcunhaos.organization.api.controller.DepartmentApi	java.lang.String	jdk	java.base
br.com.sawcunhaos.organization.api.controller.DepartmentApi	java.lang.Void	jdk	java.base
br.com.sawcunhaos.organization.api.controller.DepartmentApi	java.util.Optional	jdk	java.base
br.com.sawcunhaos.organization.api.controller.DepartmentApi	java.util.UUID	jdk	java.base
br.com.sawcunhaos.organization.api.controller.DepartmentApi	org.springframework.security.access.prepost.PreAuthorize	externo	spring-security-core-7.1.1.jar
br.com.sawcunhaos.organization.api.controller.DepartmentApi	org.springframework.web.bind.annotation.PathVariable	externo	spring-web-7.0.9.jar
br.com.sawcunhaos.organization.api.controller.DepartmentApi	org.springframework.web.bind.annotation.RequestBody	externo	spring-web-7.0.9.jar
br.com.sawcunhaos.organization.api.controller.DepartmentApi	org.springframework.web.bind.annotation.RequestHeader	externo	spring-web-7.0.9.jar
br.com.sawcunhaos.organization.api.controller.DepartmentApi	org.springframework.web.bind.annotation.RequestParam	externo	spring-web-7.0.9.jar
br.com.sawcunhaos.organization.api.controller.DepartmentApi$1	br.com.sawcunhaos.organization.api.controller.DepartmentApi	interno	classes
br.com.sawcunhaos.organization.api.controller.DepartmentApi$1	br.com.sawcunhaos.organization.api.controller.DepartmentApiDelegate	interno	classes
br.com.sawcunhaos.organization.api.controller.DepartmentApi$1	java.lang.Object	jdk	java.base
br.com.sawcunhaos.organization.api.controller.DepartmentApiController	br.com.sawcunhaos.foundation.web.annotation.ScosController	externo	scos-foundation-web-1.2.0-SNAPSHOT.jar
br.com.sawcunhaos.organization.api.controller.DepartmentApiController	br.com.sawcunhaos.organization.api.controller.DepartmentApi	interno	classes
br.com.sawcunhaos.organization.api.controller.DepartmentApiController	br.com.sawcunhaos.organization.api.controller.DepartmentApiController$1	interno	classes
br.com.sawcunhaos.organization.api.controller.DepartmentApiController	br.com.sawcunhaos.organization.api.controller.DepartmentApiDelegate	interno	classes
br.com.sawcunhaos.organization.api.controller.DepartmentApiController	java.lang.Object	jdk	java.base
br.com.sawcunhaos.organization.api.controller.DepartmentApiController	java.util.Optional	jdk	java.base
br.com.sawcunhaos.organization.api.controller.DepartmentApiController	org.springframework.beans.factory.annotation.Autowired	externo	spring-beans-7.0.9.jar
br.com.sawcunhaos.organization.api.controller.DepartmentApiController$1	br.com.sawcunhaos.organization.api.controller.DepartmentApiController	interno	classes
br.com.sawcunhaos.organization.api.controller.DepartmentApiController$1	br.com.sawcunhaos.organization.api.controller.DepartmentApiDelegate	interno	classes
br.com.sawcunhaos.organization.api.controller.DepartmentApiController$1	java.lang.Object	jdk	java.base
br.com.sawcunhaos.organization.api.controller.DepartmentApiDelegate	br.com.sawcunhaos.foundation.core.exception.MethodNotImplementedException	externo	scos-foundation-core-1.2.0-SNAPSHOT.jar
br.com.sawcunhaos.organization.api.controller.DepartmentApiDelegate	br.com.sawcunhaos.organization.api.dto.CreateDepartmentRequest	externo	flow-organization-usecase-1.0.0-SNAPSHOT.jar
br.com.sawcunhaos.organization.api.controller.DepartmentApiDelegate	br.com.sawcunhaos.organization.api.dto.CreateResponse	externo	flow-organization-usecase-1.0.0-SNAPSHOT.jar
br.com.sawcunhaos.organization.api.controller.DepartmentApiDelegate	br.com.sawcunhaos.organization.api.dto.GetAllDepartmentsResponse	externo	flow-organization-usecase-1.0.0-SNAPSHOT.jar
br.com.sawcunhaos.organization.api.controller.DepartmentApiDelegate	br.com.sawcunhaos.organization.api.dto.GetDepartmentResponse	externo	flow-organization-usecase-1.0.0-SNAPSHOT.jar
br.com.sawcunhaos.organization.api.controller.DepartmentApiDelegate	br.com.sawcunhaos.organization.api.dto.PaginationFilter	externo	flow-organization-usecase-1.0.0-SNAPSHOT.jar
br.com.sawcunhaos.organization.api.controller.DepartmentApiDelegate	br.com.sawcunhaos.organization.api.dto.UpdateDepartmentRequest	externo	flow-organization-usecase-1.0.0-SNAPSHOT.jar
br.com.sawcunhaos.organization.api.controller.DepartmentApiDelegate	java.lang.Boolean	jdk	java.base
br.com.sawcunhaos.organization.api.controller.DepartmentApiDelegate	java.lang.Long	jdk	java.base
br.com.sawcunhaos.organization.api.controller.DepartmentApiDelegate	java.lang.Object	jdk	java.base
br.com.sawcunhaos.organization.api.controller.DepartmentApiDelegate	java.lang.String	jdk	java.base
br.com.sawcunhaos.organization.api.controller.DepartmentApiDelegate	java.lang.Void	jdk	java.base
br.com.sawcunhaos.organization.api.controller.DepartmentApiDelegate	java.util.Optional	jdk	java.base
br.com.sawcunhaos.organization.api.controller.DepartmentApiDelegate	java.util.UUID	jdk	java.base
br.com.sawcunhaos.organization.api.controller.EmployeeAddressApi	br.com.sawcunhaos.foundation.jdempotent.api.JdempotentRequestPayload	externo	scos-foundation-jdempotent-api-1.2.0-SNAPSHOT.jar
br.com.sawcunhaos.organization.api.controller.EmployeeAddressApi	br.com.sawcunhaos.foundation.jdempotent.api.JdempotentResource	externo	scos-foundation-jdempotent-api-1.2.0-SNAPSHOT.jar
br.com.sawcunhaos.organization.api.controller.EmployeeAddressApi	br.com.sawcunhaos.foundation.web.annotation.ScosRequestDELETE	externo	scos-foundation-web-1.2.0-SNAPSHOT.jar
br.com.sawcunhaos.organization.api.controller.EmployeeAddressApi	br.com.sawcunhaos.foundation.web.annotation.ScosRequestGET	externo	scos-foundation-web-1.2.0-SNAPSHOT.jar
br.com.sawcunhaos.organization.api.controller.EmployeeAddressApi	br.com.sawcunhaos.foundation.web.annotation.ScosRequestPOST	externo	scos-foundation-web-1.2.0-SNAPSHOT.jar
br.com.sawcunhaos.organization.api.controller.EmployeeAddressApi	br.com.sawcunhaos.foundation.web.annotation.ScosRequestPUT	externo	scos-foundation-web-1.2.0-SNAPSHOT.jar
br.com.sawcunhaos.organization.api.controller.EmployeeAddressApi	br.com.sawcunhaos.organization.api.controller.EmployeeAddressApi$1	interno	classes
br.com.sawcunhaos.organization.api.controller.EmployeeAddressApi	br.com.sawcunhaos.organization.api.controller.EmployeeAddressApiDelegate	interno	classes
br.com.sawcunhaos.organization.api.controller.EmployeeAddressApi	br.com.sawcunhaos.organization.api.dto.CreateEmployeeAddressRequest	externo	flow-organization-usecase-1.0.0-SNAPSHOT.jar
br.com.sawcunhaos.organization.api.controller.EmployeeAddressApi	br.com.sawcunhaos.organization.api.dto.CreateResponse	externo	flow-organization-usecase-1.0.0-SNAPSHOT.jar
br.com.sawcunhaos.organization.api.controller.EmployeeAddressApi	br.com.sawcunhaos.organization.api.dto.GetAllEmployeeAddressResponse	externo	flow-organization-usecase-1.0.0-SNAPSHOT.jar
br.com.sawcunhaos.organization.api.controller.EmployeeAddressApi	br.com.sawcunhaos.organization.api.dto.GetEmployeeAddressResponse	externo	flow-organization-usecase-1.0.0-SNAPSHOT.jar
br.com.sawcunhaos.organization.api.controller.EmployeeAddressApi	br.com.sawcunhaos.organization.api.dto.PaginationFilter	externo	flow-organization-usecase-1.0.0-SNAPSHOT.jar
br.com.sawcunhaos.organization.api.controller.EmployeeAddressApi	br.com.sawcunhaos.organization.api.dto.UpdateEmployeeAddressRequest	externo	flow-organization-usecase-1.0.0-SNAPSHOT.jar
br.com.sawcunhaos.organization.api.controller.EmployeeAddressApi	jakarta.validation.Valid	externo	jakarta.validation-api-3.1.1.jar
br.com.sawcunhaos.organization.api.controller.EmployeeAddressApi	jakarta.validation.constraints.NotNull	externo	jakarta.validation-api-3.1.1.jar
br.com.sawcunhaos.organization.api.controller.EmployeeAddressApi	java.lang.Long	jdk	java.base
br.com.sawcunhaos.organization.api.controller.EmployeeAddressApi	java.lang.Object	jdk	java.base
br.com.sawcunhaos.organization.api.controller.EmployeeAddressApi	java.lang.String	jdk	java.base
br.com.sawcunhaos.organization.api.controller.EmployeeAddressApi	java.lang.Void	jdk	java.base
br.com.sawcunhaos.organization.api.controller.EmployeeAddressApi	java.util.Optional	jdk	java.base
br.com.sawcunhaos.organization.api.controller.EmployeeAddressApi	java.util.UUID	jdk	java.base
br.com.sawcunhaos.organization.api.controller.EmployeeAddressApi	org.springframework.security.access.prepost.PreAuthorize	externo	spring-security-core-7.1.1.jar
br.com.sawcunhaos.organization.api.controller.EmployeeAddressApi	org.springframework.web.bind.annotation.PathVariable	externo	spring-web-7.0.9.jar
br.com.sawcunhaos.organization.api.controller.EmployeeAddressApi	org.springframework.web.bind.annotation.RequestBody	externo	spring-web-7.0.9.jar
br.com.sawcunhaos.organization.api.controller.EmployeeAddressApi	org.springframework.web.bind.annotation.RequestHeader	externo	spring-web-7.0.9.jar
br.com.sawcunhaos.organization.api.controller.EmployeeAddressApi$1	br.com.sawcunhaos.organization.api.controller.EmployeeAddressApi	interno	classes
br.com.sawcunhaos.organization.api.controller.EmployeeAddressApi$1	br.com.sawcunhaos.organization.api.controller.EmployeeAddressApiDelegate	interno	classes
br.com.sawcunhaos.organization.api.controller.EmployeeAddressApi$1	java.lang.Object	jdk	java.base
br.com.sawcunhaos.organization.api.controller.EmployeeAddressApiController	br.com.sawcunhaos.foundation.web.annotation.ScosController	externo	scos-foundation-web-1.2.0-SNAPSHOT.jar
br.com.sawcunhaos.organization.api.controller.EmployeeAddressApiController	br.com.sawcunhaos.organization.api.controller.EmployeeAddressApi	interno	classes
br.com.sawcunhaos.organization.api.controller.EmployeeAddressApiController	br.com.sawcunhaos.organization.api.controller.EmployeeAddressApiController$1	interno	classes
br.com.sawcunhaos.organization.api.controller.EmployeeAddressApiController	br.com.sawcunhaos.organization.api.controller.EmployeeAddressApiDelegate	interno	classes
br.com.sawcunhaos.organization.api.controller.EmployeeAddressApiController	java.lang.Object	jdk	java.base
br.com.sawcunhaos.organization.api.controller.EmployeeAddressApiController	java.util.Optional	jdk	java.base
br.com.sawcunhaos.organization.api.controller.EmployeeAddressApiController	org.springframework.beans.factory.annotation.Autowired	externo	spring-beans-7.0.9.jar
br.com.sawcunhaos.organization.api.controller.EmployeeAddressApiController$1	br.com.sawcunhaos.organization.api.controller.EmployeeAddressApiController	interno	classes
br.com.sawcunhaos.organization.api.controller.EmployeeAddressApiController$1	br.com.sawcunhaos.organization.api.controller.EmployeeAddressApiDelegate	interno	classes
br.com.sawcunhaos.organization.api.controller.EmployeeAddressApiController$1	java.lang.Object	jdk	java.base
br.com.sawcunhaos.organization.api.controller.EmployeeAddressApiDelegate	br.com.sawcunhaos.foundation.core.exception.MethodNotImplementedException	externo	scos-foundation-core-1.2.0-SNAPSHOT.jar
br.com.sawcunhaos.organization.api.controller.EmployeeAddressApiDelegate	br.com.sawcunhaos.organization.api.dto.CreateEmployeeAddressRequest	externo	flow-organization-usecase-1.0.0-SNAPSHOT.jar
br.com.sawcunhaos.organization.api.controller.EmployeeAddressApiDelegate	br.com.sawcunhaos.organization.api.dto.CreateResponse	externo	flow-organization-usecase-1.0.0-SNAPSHOT.jar
br.com.sawcunhaos.organization.api.controller.EmployeeAddressApiDelegate	br.com.sawcunhaos.organization.api.dto.GetAllEmployeeAddressResponse	externo	flow-organization-usecase-1.0.0-SNAPSHOT.jar
br.com.sawcunhaos.organization.api.controller.EmployeeAddressApiDelegate	br.com.sawcunhaos.organization.api.dto.GetEmployeeAddressResponse	externo	flow-organization-usecase-1.0.0-SNAPSHOT.jar
br.com.sawcunhaos.organization.api.controller.EmployeeAddressApiDelegate	br.com.sawcunhaos.organization.api.dto.PaginationFilter	externo	flow-organization-usecase-1.0.0-SNAPSHOT.jar
br.com.sawcunhaos.organization.api.controller.EmployeeAddressApiDelegate	br.com.sawcunhaos.organization.api.dto.UpdateEmployeeAddressRequest	externo	flow-organization-usecase-1.0.0-SNAPSHOT.jar
br.com.sawcunhaos.organization.api.controller.EmployeeAddressApiDelegate	java.lang.Long	jdk	java.base
br.com.sawcunhaos.organization.api.controller.EmployeeAddressApiDelegate	java.lang.Object	jdk	java.base
br.com.sawcunhaos.organization.api.controller.EmployeeAddressApiDelegate	java.lang.String	jdk	java.base
br.com.sawcunhaos.organization.api.controller.EmployeeAddressApiDelegate	java.lang.Void	jdk	java.base
br.com.sawcunhaos.organization.api.controller.EmployeeAddressApiDelegate	java.util.Optional	jdk	java.base
br.com.sawcunhaos.organization.api.controller.EmployeeAddressApiDelegate	java.util.UUID	jdk	java.base
br.com.sawcunhaos.organization.api.controller.EmployeeApi	br.com.sawcunhaos.foundation.jdempotent.api.JdempotentRequestPayload	externo	scos-foundation-jdempotent-api-1.2.0-SNAPSHOT.jar
br.com.sawcunhaos.organization.api.controller.EmployeeApi	br.com.sawcunhaos.foundation.jdempotent.api.JdempotentResource	externo	scos-foundation-jdempotent-api-1.2.0-SNAPSHOT.jar
br.com.sawcunhaos.organization.api.controller.EmployeeApi	br.com.sawcunhaos.foundation.web.annotation.ScosRequestGET	externo	scos-foundation-web-1.2.0-SNAPSHOT.jar
br.com.sawcunhaos.organization.api.controller.EmployeeApi	br.com.sawcunhaos.foundation.web.annotation.ScosRequestPATCH	externo	scos-foundation-web-1.2.0-SNAPSHOT.jar
br.com.sawcunhaos.organization.api.controller.EmployeeApi	br.com.sawcunhaos.foundation.web.annotation.ScosRequestPOST	externo	scos-foundation-web-1.2.0-SNAPSHOT.jar
br.com.sawcunhaos.organization.api.controller.EmployeeApi	br.com.sawcunhaos.foundation.web.annotation.ScosRequestPUT	externo	scos-foundation-web-1.2.0-SNAPSHOT.jar
br.com.sawcunhaos.organization.api.controller.EmployeeApi	br.com.sawcunhaos.organization.api.controller.EmployeeApi$1	interno	classes
br.com.sawcunhaos.organization.api.controller.EmployeeApi	br.com.sawcunhaos.organization.api.controller.EmployeeApiDelegate	interno	classes
br.com.sawcunhaos.organization.api.controller.EmployeeApi	br.com.sawcunhaos.organization.api.dto.CreateEmployeeRequest	externo	flow-organization-usecase-1.0.0-SNAPSHOT.jar
br.com.sawcunhaos.organization.api.controller.EmployeeApi	br.com.sawcunhaos.organization.api.dto.CreateResponse	externo	flow-organization-usecase-1.0.0-SNAPSHOT.jar
br.com.sawcunhaos.organization.api.controller.EmployeeApi	br.com.sawcunhaos.organization.api.dto.EmployeeStatus	externo	flow-organization-usecase-1.0.0-SNAPSHOT.jar
br.com.sawcunhaos.organization.api.controller.EmployeeApi	br.com.sawcunhaos.organization.api.dto.EmployeeStatusTransitionRequest	externo	flow-organization-usecase-1.0.0-SNAPSHOT.jar
br.com.sawcunhaos.organization.api.controller.EmployeeApi	br.com.sawcunhaos.organization.api.dto.GetAllEmployeePositionHistoryResponse	externo	flow-organization-usecase-1.0.0-SNAPSHOT.jar
br.com.sawcunhaos.organization.api.controller.EmployeeApi	br.com.sawcunhaos.organization.api.dto.GetAllEmployeeStatusHistoryResponse	externo	flow-organization-usecase-1.0.0-SNAPSHOT.jar
br.com.sawcunhaos.organization.api.controller.EmployeeApi	br.com.sawcunhaos.organization.api.dto.GetAllEmployeesResponse	externo	flow-organization-usecase-1.0.0-SNAPSHOT.jar
br.com.sawcunhaos.organization.api.controller.EmployeeApi	br.com.sawcunhaos.organization.api.dto.GetEmployeeHierarchyResponse	externo	flow-organization-usecase-1.0.0-SNAPSHOT.jar
br.com.sawcunhaos.organization.api.controller.EmployeeApi	br.com.sawcunhaos.organization.api.dto.GetEmployeeResponse	externo	flow-organization-usecase-1.0.0-SNAPSHOT.jar
br.com.sawcunhaos.organization.api.controller.EmployeeApi	br.com.sawcunhaos.organization.api.dto.PaginationFilter	externo	flow-organization-usecase-1.0.0-SNAPSHOT.jar
br.com.sawcunhaos.organization.api.controller.EmployeeApi	br.com.sawcunhaos.organization.api.dto.RehireEmployeeRequest	externo	flow-organization-usecase-1.0.0-SNAPSHOT.jar
br.com.sawcunhaos.organization.api.controller.EmployeeApi	br.com.sawcunhaos.organization.api.dto.TransferEmployeeRequest	externo	flow-organization-usecase-1.0.0-SNAPSHOT.jar
br.com.sawcunhaos.organization.api.controller.EmployeeApi	br.com.sawcunhaos.organization.api.dto.UpdateEmployeeRequest	externo	flow-organization-usecase-1.0.0-SNAPSHOT.jar
br.com.sawcunhaos.organization.api.controller.EmployeeApi	jakarta.validation.Valid	externo	jakarta.validation-api-3.1.1.jar
br.com.sawcunhaos.organization.api.controller.EmployeeApi	jakarta.validation.constraints.NotNull	externo	jakarta.validation-api-3.1.1.jar
br.com.sawcunhaos.organization.api.controller.EmployeeApi	java.lang.Long	jdk	java.base
br.com.sawcunhaos.organization.api.controller.EmployeeApi	java.lang.Object	jdk	java.base
br.com.sawcunhaos.organization.api.controller.EmployeeApi	java.lang.String	jdk	java.base
br.com.sawcunhaos.organization.api.controller.EmployeeApi	java.lang.Void	jdk	java.base
br.com.sawcunhaos.organization.api.controller.EmployeeApi	java.util.Optional	jdk	java.base
br.com.sawcunhaos.organization.api.controller.EmployeeApi	java.util.UUID	jdk	java.base
br.com.sawcunhaos.organization.api.controller.EmployeeApi	org.springframework.security.access.prepost.PreAuthorize	externo	spring-security-core-7.1.1.jar
br.com.sawcunhaos.organization.api.controller.EmployeeApi	org.springframework.web.bind.annotation.PathVariable	externo	spring-web-7.0.9.jar
br.com.sawcunhaos.organization.api.controller.EmployeeApi	org.springframework.web.bind.annotation.RequestBody	externo	spring-web-7.0.9.jar
br.com.sawcunhaos.organization.api.controller.EmployeeApi	org.springframework.web.bind.annotation.RequestHeader	externo	spring-web-7.0.9.jar
br.com.sawcunhaos.organization.api.controller.EmployeeApi	org.springframework.web.bind.annotation.RequestParam	externo	spring-web-7.0.9.jar
br.com.sawcunhaos.organization.api.controller.EmployeeApi$1	br.com.sawcunhaos.organization.api.controller.EmployeeApi	interno	classes
br.com.sawcunhaos.organization.api.controller.EmployeeApi$1	br.com.sawcunhaos.organization.api.controller.EmployeeApiDelegate	interno	classes
br.com.sawcunhaos.organization.api.controller.EmployeeApi$1	java.lang.Object	jdk	java.base
br.com.sawcunhaos.organization.api.controller.EmployeeApiController	br.com.sawcunhaos.foundation.web.annotation.ScosController	externo	scos-foundation-web-1.2.0-SNAPSHOT.jar
br.com.sawcunhaos.organization.api.controller.EmployeeApiController	br.com.sawcunhaos.organization.api.controller.EmployeeApi	interno	classes
br.com.sawcunhaos.organization.api.controller.EmployeeApiController	br.com.sawcunhaos.organization.api.controller.EmployeeApiController$1	interno	classes
br.com.sawcunhaos.organization.api.controller.EmployeeApiController	br.com.sawcunhaos.organization.api.controller.EmployeeApiDelegate	interno	classes
br.com.sawcunhaos.organization.api.controller.EmployeeApiController	java.lang.Object	jdk	java.base
br.com.sawcunhaos.organization.api.controller.EmployeeApiController	java.util.Optional	jdk	java.base
br.com.sawcunhaos.organization.api.controller.EmployeeApiController	org.springframework.beans.factory.annotation.Autowired	externo	spring-beans-7.0.9.jar
br.com.sawcunhaos.organization.api.controller.EmployeeApiController$1	br.com.sawcunhaos.organization.api.controller.EmployeeApiController	interno	classes
br.com.sawcunhaos.organization.api.controller.EmployeeApiController$1	br.com.sawcunhaos.organization.api.controller.EmployeeApiDelegate	interno	classes
br.com.sawcunhaos.organization.api.controller.EmployeeApiController$1	java.lang.Object	jdk	java.base
br.com.sawcunhaos.organization.api.controller.EmployeeApiDelegate	br.com.sawcunhaos.foundation.core.exception.MethodNotImplementedException	externo	scos-foundation-core-1.2.0-SNAPSHOT.jar
br.com.sawcunhaos.organization.api.controller.EmployeeApiDelegate	br.com.sawcunhaos.organization.api.dto.CreateEmployeeRequest	externo	flow-organization-usecase-1.0.0-SNAPSHOT.jar
br.com.sawcunhaos.organization.api.controller.EmployeeApiDelegate	br.com.sawcunhaos.organization.api.dto.CreateResponse	externo	flow-organization-usecase-1.0.0-SNAPSHOT.jar
br.com.sawcunhaos.organization.api.controller.EmployeeApiDelegate	br.com.sawcunhaos.organization.api.dto.EmployeeStatus	externo	flow-organization-usecase-1.0.0-SNAPSHOT.jar
br.com.sawcunhaos.organization.api.controller.EmployeeApiDelegate	br.com.sawcunhaos.organization.api.dto.EmployeeStatusTransitionRequest	externo	flow-organization-usecase-1.0.0-SNAPSHOT.jar
br.com.sawcunhaos.organization.api.controller.EmployeeApiDelegate	br.com.sawcunhaos.organization.api.dto.GetAllEmployeePositionHistoryResponse	externo	flow-organization-usecase-1.0.0-SNAPSHOT.jar
br.com.sawcunhaos.organization.api.controller.EmployeeApiDelegate	br.com.sawcunhaos.organization.api.dto.GetAllEmployeeStatusHistoryResponse	externo	flow-organization-usecase-1.0.0-SNAPSHOT.jar
br.com.sawcunhaos.organization.api.controller.EmployeeApiDelegate	br.com.sawcunhaos.organization.api.dto.GetAllEmployeesResponse	externo	flow-organization-usecase-1.0.0-SNAPSHOT.jar
br.com.sawcunhaos.organization.api.controller.EmployeeApiDelegate	br.com.sawcunhaos.organization.api.dto.GetEmployeeHierarchyResponse	externo	flow-organization-usecase-1.0.0-SNAPSHOT.jar
br.com.sawcunhaos.organization.api.controller.EmployeeApiDelegate	br.com.sawcunhaos.organization.api.dto.GetEmployeeResponse	externo	flow-organization-usecase-1.0.0-SNAPSHOT.jar
br.com.sawcunhaos.organization.api.controller.EmployeeApiDelegate	br.com.sawcunhaos.organization.api.dto.PaginationFilter	externo	flow-organization-usecase-1.0.0-SNAPSHOT.jar
br.com.sawcunhaos.organization.api.controller.EmployeeApiDelegate	br.com.sawcunhaos.organization.api.dto.RehireEmployeeRequest	externo	flow-organization-usecase-1.0.0-SNAPSHOT.jar
br.com.sawcunhaos.organization.api.controller.EmployeeApiDelegate	br.com.sawcunhaos.organization.api.dto.TransferEmployeeRequest	externo	flow-organization-usecase-1.0.0-SNAPSHOT.jar
br.com.sawcunhaos.organization.api.controller.EmployeeApiDelegate	br.com.sawcunhaos.organization.api.dto.UpdateEmployeeRequest	externo	flow-organization-usecase-1.0.0-SNAPSHOT.jar
br.com.sawcunhaos.organization.api.controller.EmployeeApiDelegate	java.lang.Long	jdk	java.base
br.com.sawcunhaos.organization.api.controller.EmployeeApiDelegate	java.lang.Object	jdk	java.base
br.com.sawcunhaos.organization.api.controller.EmployeeApiDelegate	java.lang.String	jdk	java.base
br.com.sawcunhaos.organization.api.controller.EmployeeApiDelegate	java.lang.Void	jdk	java.base
br.com.sawcunhaos.organization.api.controller.EmployeeApiDelegate	java.util.Optional	jdk	java.base
br.com.sawcunhaos.organization.api.controller.EmployeeApiDelegate	java.util.UUID	jdk	java.base
br.com.sawcunhaos.organization.api.controller.EmployeeContactApi	br.com.sawcunhaos.foundation.jdempotent.api.JdempotentRequestPayload	externo	scos-foundation-jdempotent-api-1.2.0-SNAPSHOT.jar
br.com.sawcunhaos.organization.api.controller.EmployeeContactApi	br.com.sawcunhaos.foundation.jdempotent.api.JdempotentResource	externo	scos-foundation-jdempotent-api-1.2.0-SNAPSHOT.jar
br.com.sawcunhaos.organization.api.controller.EmployeeContactApi	br.com.sawcunhaos.foundation.web.annotation.ScosRequestDELETE	externo	scos-foundation-web-1.2.0-SNAPSHOT.jar
br.com.sawcunhaos.organization.api.controller.EmployeeContactApi	br.com.sawcunhaos.foundation.web.annotation.ScosRequestGET	externo	scos-foundation-web-1.2.0-SNAPSHOT.jar
br.com.sawcunhaos.organization.api.controller.EmployeeContactApi	br.com.sawcunhaos.foundation.web.annotation.ScosRequestPOST	externo	scos-foundation-web-1.2.0-SNAPSHOT.jar
br.com.sawcunhaos.organization.api.controller.EmployeeContactApi	br.com.sawcunhaos.foundation.web.annotation.ScosRequestPUT	externo	scos-foundation-web-1.2.0-SNAPSHOT.jar
br.com.sawcunhaos.organization.api.controller.EmployeeContactApi	br.com.sawcunhaos.organization.api.controller.EmployeeContactApi$1	interno	classes
br.com.sawcunhaos.organization.api.controller.EmployeeContactApi	br.com.sawcunhaos.organization.api.controller.EmployeeContactApiDelegate	interno	classes
br.com.sawcunhaos.organization.api.controller.EmployeeContactApi	br.com.sawcunhaos.organization.api.dto.CreateEmployeeContactRequest	externo	flow-organization-usecase-1.0.0-SNAPSHOT.jar
br.com.sawcunhaos.organization.api.controller.EmployeeContactApi	br.com.sawcunhaos.organization.api.dto.CreateResponse	externo	flow-organization-usecase-1.0.0-SNAPSHOT.jar
br.com.sawcunhaos.organization.api.controller.EmployeeContactApi	br.com.sawcunhaos.organization.api.dto.GetAllEmployeeContactsResponse	externo	flow-organization-usecase-1.0.0-SNAPSHOT.jar
br.com.sawcunhaos.organization.api.controller.EmployeeContactApi	br.com.sawcunhaos.organization.api.dto.GetEmployeeContactResponse	externo	flow-organization-usecase-1.0.0-SNAPSHOT.jar
br.com.sawcunhaos.organization.api.controller.EmployeeContactApi	br.com.sawcunhaos.organization.api.dto.PaginationFilter	externo	flow-organization-usecase-1.0.0-SNAPSHOT.jar
br.com.sawcunhaos.organization.api.controller.EmployeeContactApi	br.com.sawcunhaos.organization.api.dto.UpdateEmployeeContactRequest	externo	flow-organization-usecase-1.0.0-SNAPSHOT.jar
br.com.sawcunhaos.organization.api.controller.EmployeeContactApi	jakarta.validation.Valid	externo	jakarta.validation-api-3.1.1.jar
br.com.sawcunhaos.organization.api.controller.EmployeeContactApi	jakarta.validation.constraints.NotNull	externo	jakarta.validation-api-3.1.1.jar
br.com.sawcunhaos.organization.api.controller.EmployeeContactApi	java.lang.Long	jdk	java.base
br.com.sawcunhaos.organization.api.controller.EmployeeContactApi	java.lang.Object	jdk	java.base
br.com.sawcunhaos.organization.api.controller.EmployeeContactApi	java.lang.String	jdk	java.base
br.com.sawcunhaos.organization.api.controller.EmployeeContactApi	java.lang.Void	jdk	java.base
br.com.sawcunhaos.organization.api.controller.EmployeeContactApi	java.util.Optional	jdk	java.base
br.com.sawcunhaos.organization.api.controller.EmployeeContactApi	java.util.UUID	jdk	java.base
br.com.sawcunhaos.organization.api.controller.EmployeeContactApi	org.springframework.security.access.prepost.PreAuthorize	externo	spring-security-core-7.1.1.jar
br.com.sawcunhaos.organization.api.controller.EmployeeContactApi	org.springframework.web.bind.annotation.PathVariable	externo	spring-web-7.0.9.jar
br.com.sawcunhaos.organization.api.controller.EmployeeContactApi	org.springframework.web.bind.annotation.RequestBody	externo	spring-web-7.0.9.jar
br.com.sawcunhaos.organization.api.controller.EmployeeContactApi	org.springframework.web.bind.annotation.RequestHeader	externo	spring-web-7.0.9.jar
br.com.sawcunhaos.organization.api.controller.EmployeeContactApi$1	br.com.sawcunhaos.organization.api.controller.EmployeeContactApi	interno	classes
br.com.sawcunhaos.organization.api.controller.EmployeeContactApi$1	br.com.sawcunhaos.organization.api.controller.EmployeeContactApiDelegate	interno	classes
br.com.sawcunhaos.organization.api.controller.EmployeeContactApi$1	java.lang.Object	jdk	java.base
br.com.sawcunhaos.organization.api.controller.EmployeeContactApiController	br.com.sawcunhaos.foundation.web.annotation.ScosController	externo	scos-foundation-web-1.2.0-SNAPSHOT.jar
br.com.sawcunhaos.organization.api.controller.EmployeeContactApiController	br.com.sawcunhaos.organization.api.controller.EmployeeContactApi	interno	classes
br.com.sawcunhaos.organization.api.controller.EmployeeContactApiController	br.com.sawcunhaos.organization.api.controller.EmployeeContactApiController$1	interno	classes
br.com.sawcunhaos.organization.api.controller.EmployeeContactApiController	br.com.sawcunhaos.organization.api.controller.EmployeeContactApiDelegate	interno	classes
br.com.sawcunhaos.organization.api.controller.EmployeeContactApiController	java.lang.Object	jdk	java.base
br.com.sawcunhaos.organization.api.controller.EmployeeContactApiController	java.util.Optional	jdk	java.base
br.com.sawcunhaos.organization.api.controller.EmployeeContactApiController	org.springframework.beans.factory.annotation.Autowired	externo	spring-beans-7.0.9.jar
br.com.sawcunhaos.organization.api.controller.EmployeeContactApiController$1	br.com.sawcunhaos.organization.api.controller.EmployeeContactApiController	interno	classes
br.com.sawcunhaos.organization.api.controller.EmployeeContactApiController$1	br.com.sawcunhaos.organization.api.controller.EmployeeContactApiDelegate	interno	classes
br.com.sawcunhaos.organization.api.controller.EmployeeContactApiController$1	java.lang.Object	jdk	java.base
br.com.sawcunhaos.organization.api.controller.EmployeeContactApiDelegate	br.com.sawcunhaos.foundation.core.exception.MethodNotImplementedException	externo	scos-foundation-core-1.2.0-SNAPSHOT.jar
br.com.sawcunhaos.organization.api.controller.EmployeeContactApiDelegate	br.com.sawcunhaos.organization.api.dto.CreateEmployeeContactRequest	externo	flow-organization-usecase-1.0.0-SNAPSHOT.jar
br.com.sawcunhaos.organization.api.controller.EmployeeContactApiDelegate	br.com.sawcunhaos.organization.api.dto.CreateResponse	externo	flow-organization-usecase-1.0.0-SNAPSHOT.jar
br.com.sawcunhaos.organization.api.controller.EmployeeContactApiDelegate	br.com.sawcunhaos.organization.api.dto.GetAllEmployeeContactsResponse	externo	flow-organization-usecase-1.0.0-SNAPSHOT.jar
br.com.sawcunhaos.organization.api.controller.EmployeeContactApiDelegate	br.com.sawcunhaos.organization.api.dto.GetEmployeeContactResponse	externo	flow-organization-usecase-1.0.0-SNAPSHOT.jar
br.com.sawcunhaos.organization.api.controller.EmployeeContactApiDelegate	br.com.sawcunhaos.organization.api.dto.PaginationFilter	externo	flow-organization-usecase-1.0.0-SNAPSHOT.jar
br.com.sawcunhaos.organization.api.controller.EmployeeContactApiDelegate	br.com.sawcunhaos.organization.api.dto.UpdateEmployeeContactRequest	externo	flow-organization-usecase-1.0.0-SNAPSHOT.jar
br.com.sawcunhaos.organization.api.controller.EmployeeContactApiDelegate	java.lang.Long	jdk	java.base
br.com.sawcunhaos.organization.api.controller.EmployeeContactApiDelegate	java.lang.Object	jdk	java.base
br.com.sawcunhaos.organization.api.controller.EmployeeContactApiDelegate	java.lang.String	jdk	java.base
br.com.sawcunhaos.organization.api.controller.EmployeeContactApiDelegate	java.lang.Void	jdk	java.base
br.com.sawcunhaos.organization.api.controller.EmployeeContactApiDelegate	java.util.Optional	jdk	java.base
br.com.sawcunhaos.organization.api.controller.EmployeeContactApiDelegate	java.util.UUID	jdk	java.base
br.com.sawcunhaos.organization.api.controller.EmployeeWorkScheduleApi	br.com.sawcunhaos.foundation.jdempotent.api.JdempotentRequestPayload	externo	scos-foundation-jdempotent-api-1.2.0-SNAPSHOT.jar
br.com.sawcunhaos.organization.api.controller.EmployeeWorkScheduleApi	br.com.sawcunhaos.foundation.jdempotent.api.JdempotentResource	externo	scos-foundation-jdempotent-api-1.2.0-SNAPSHOT.jar
br.com.sawcunhaos.organization.api.controller.EmployeeWorkScheduleApi	br.com.sawcunhaos.foundation.web.annotation.ScosRequestDELETE	externo	scos-foundation-web-1.2.0-SNAPSHOT.jar
br.com.sawcunhaos.organization.api.controller.EmployeeWorkScheduleApi	br.com.sawcunhaos.foundation.web.annotation.ScosRequestGET	externo	scos-foundation-web-1.2.0-SNAPSHOT.jar
br.com.sawcunhaos.organization.api.controller.EmployeeWorkScheduleApi	br.com.sawcunhaos.foundation.web.annotation.ScosRequestPOST	externo	scos-foundation-web-1.2.0-SNAPSHOT.jar
br.com.sawcunhaos.organization.api.controller.EmployeeWorkScheduleApi	br.com.sawcunhaos.foundation.web.annotation.ScosRequestPUT	externo	scos-foundation-web-1.2.0-SNAPSHOT.jar
br.com.sawcunhaos.organization.api.controller.EmployeeWorkScheduleApi	br.com.sawcunhaos.organization.api.controller.EmployeeWorkScheduleApi$1	interno	classes
br.com.sawcunhaos.organization.api.controller.EmployeeWorkScheduleApi	br.com.sawcunhaos.organization.api.controller.EmployeeWorkScheduleApiDelegate	interno	classes
br.com.sawcunhaos.organization.api.controller.EmployeeWorkScheduleApi	br.com.sawcunhaos.organization.api.dto.CreateEmployeeWorkScheduleRequest	externo	flow-organization-usecase-1.0.0-SNAPSHOT.jar
br.com.sawcunhaos.organization.api.controller.EmployeeWorkScheduleApi	br.com.sawcunhaos.organization.api.dto.CreateResponse	externo	flow-organization-usecase-1.0.0-SNAPSHOT.jar
br.com.sawcunhaos.organization.api.controller.EmployeeWorkScheduleApi	br.com.sawcunhaos.organization.api.dto.DayOfWeek	externo	flow-organization-usecase-1.0.0-SNAPSHOT.jar
br.com.sawcunhaos.organization.api.controller.EmployeeWorkScheduleApi	br.com.sawcunhaos.organization.api.dto.EmployeeWorkSchedule	externo	flow-organization-usecase-1.0.0-SNAPSHOT.jar
br.com.sawcunhaos.organization.api.controller.EmployeeWorkScheduleApi	br.com.sawcunhaos.organization.api.dto.UpdateEmployeeWorkScheduleRequest	externo	flow-organization-usecase-1.0.0-SNAPSHOT.jar
br.com.sawcunhaos.organization.api.controller.EmployeeWorkScheduleApi	jakarta.validation.Valid	externo	jakarta.validation-api-3.1.1.jar
br.com.sawcunhaos.organization.api.controller.EmployeeWorkScheduleApi	jakarta.validation.constraints.NotNull	externo	jakarta.validation-api-3.1.1.jar
br.com.sawcunhaos.organization.api.controller.EmployeeWorkScheduleApi	java.lang.Long	jdk	java.base
br.com.sawcunhaos.organization.api.controller.EmployeeWorkScheduleApi	java.lang.Object	jdk	java.base
br.com.sawcunhaos.organization.api.controller.EmployeeWorkScheduleApi	java.lang.String	jdk	java.base
br.com.sawcunhaos.organization.api.controller.EmployeeWorkScheduleApi	java.lang.Void	jdk	java.base
br.com.sawcunhaos.organization.api.controller.EmployeeWorkScheduleApi	java.util.List	jdk	java.base
br.com.sawcunhaos.organization.api.controller.EmployeeWorkScheduleApi	java.util.Optional	jdk	java.base
br.com.sawcunhaos.organization.api.controller.EmployeeWorkScheduleApi	java.util.UUID	jdk	java.base
br.com.sawcunhaos.organization.api.controller.EmployeeWorkScheduleApi	org.springframework.security.access.prepost.PreAuthorize	externo	spring-security-core-7.1.1.jar
br.com.sawcunhaos.organization.api.controller.EmployeeWorkScheduleApi	org.springframework.web.bind.annotation.PathVariable	externo	spring-web-7.0.9.jar
br.com.sawcunhaos.organization.api.controller.EmployeeWorkScheduleApi	org.springframework.web.bind.annotation.RequestBody	externo	spring-web-7.0.9.jar
br.com.sawcunhaos.organization.api.controller.EmployeeWorkScheduleApi	org.springframework.web.bind.annotation.RequestHeader	externo	spring-web-7.0.9.jar
br.com.sawcunhaos.organization.api.controller.EmployeeWorkScheduleApi$1	br.com.sawcunhaos.organization.api.controller.EmployeeWorkScheduleApi	interno	classes
br.com.sawcunhaos.organization.api.controller.EmployeeWorkScheduleApi$1	br.com.sawcunhaos.organization.api.controller.EmployeeWorkScheduleApiDelegate	interno	classes
br.com.sawcunhaos.organization.api.controller.EmployeeWorkScheduleApi$1	java.lang.Object	jdk	java.base
br.com.sawcunhaos.organization.api.controller.EmployeeWorkScheduleApiController	br.com.sawcunhaos.foundation.web.annotation.ScosController	externo	scos-foundation-web-1.2.0-SNAPSHOT.jar
br.com.sawcunhaos.organization.api.controller.EmployeeWorkScheduleApiController	br.com.sawcunhaos.organization.api.controller.EmployeeWorkScheduleApi	interno	classes
br.com.sawcunhaos.organization.api.controller.EmployeeWorkScheduleApiController	br.com.sawcunhaos.organization.api.controller.EmployeeWorkScheduleApiController$1	interno	classes
br.com.sawcunhaos.organization.api.controller.EmployeeWorkScheduleApiController	br.com.sawcunhaos.organization.api.controller.EmployeeWorkScheduleApiDelegate	interno	classes
br.com.sawcunhaos.organization.api.controller.EmployeeWorkScheduleApiController	java.lang.Object	jdk	java.base
br.com.sawcunhaos.organization.api.controller.EmployeeWorkScheduleApiController	java.util.Optional	jdk	java.base
br.com.sawcunhaos.organization.api.controller.EmployeeWorkScheduleApiController	org.springframework.beans.factory.annotation.Autowired	externo	spring-beans-7.0.9.jar
br.com.sawcunhaos.organization.api.controller.EmployeeWorkScheduleApiController$1	br.com.sawcunhaos.organization.api.controller.EmployeeWorkScheduleApiController	interno	classes
br.com.sawcunhaos.organization.api.controller.EmployeeWorkScheduleApiController$1	br.com.sawcunhaos.organization.api.controller.EmployeeWorkScheduleApiDelegate	interno	classes
br.com.sawcunhaos.organization.api.controller.EmployeeWorkScheduleApiController$1	java.lang.Object	jdk	java.base
br.com.sawcunhaos.organization.api.controller.EmployeeWorkScheduleApiDelegate	br.com.sawcunhaos.foundation.core.exception.MethodNotImplementedException	externo	scos-foundation-core-1.2.0-SNAPSHOT.jar
br.com.sawcunhaos.organization.api.controller.EmployeeWorkScheduleApiDelegate	br.com.sawcunhaos.organization.api.dto.CreateEmployeeWorkScheduleRequest	externo	flow-organization-usecase-1.0.0-SNAPSHOT.jar
br.com.sawcunhaos.organization.api.controller.EmployeeWorkScheduleApiDelegate	br.com.sawcunhaos.organization.api.dto.CreateResponse	externo	flow-organization-usecase-1.0.0-SNAPSHOT.jar
br.com.sawcunhaos.organization.api.controller.EmployeeWorkScheduleApiDelegate	br.com.sawcunhaos.organization.api.dto.DayOfWeek	externo	flow-organization-usecase-1.0.0-SNAPSHOT.jar
br.com.sawcunhaos.organization.api.controller.EmployeeWorkScheduleApiDelegate	br.com.sawcunhaos.organization.api.dto.EmployeeWorkSchedule	externo	flow-organization-usecase-1.0.0-SNAPSHOT.jar
br.com.sawcunhaos.organization.api.controller.EmployeeWorkScheduleApiDelegate	br.com.sawcunhaos.organization.api.dto.UpdateEmployeeWorkScheduleRequest	externo	flow-organization-usecase-1.0.0-SNAPSHOT.jar
br.com.sawcunhaos.organization.api.controller.EmployeeWorkScheduleApiDelegate	java.lang.Long	jdk	java.base
br.com.sawcunhaos.organization.api.controller.EmployeeWorkScheduleApiDelegate	java.lang.Object	jdk	java.base
br.com.sawcunhaos.organization.api.controller.EmployeeWorkScheduleApiDelegate	java.lang.String	jdk	java.base
br.com.sawcunhaos.organization.api.controller.EmployeeWorkScheduleApiDelegate	java.lang.Void	jdk	java.base
br.com.sawcunhaos.organization.api.controller.EmployeeWorkScheduleApiDelegate	java.util.List	jdk	java.base
br.com.sawcunhaos.organization.api.controller.EmployeeWorkScheduleApiDelegate	java.util.Optional	jdk	java.base
br.com.sawcunhaos.organization.api.controller.EmployeeWorkScheduleApiDelegate	java.util.UUID	jdk	java.base
br.com.sawcunhaos.organization.api.controller.LegalNatureApi	br.com.sawcunhaos.foundation.jdempotent.api.JdempotentRequestPayload	externo	scos-foundation-jdempotent-api-1.2.0-SNAPSHOT.jar
br.com.sawcunhaos.organization.api.controller.LegalNatureApi	br.com.sawcunhaos.foundation.jdempotent.api.JdempotentResource	externo	scos-foundation-jdempotent-api-1.2.0-SNAPSHOT.jar
br.com.sawcunhaos.organization.api.controller.LegalNatureApi	br.com.sawcunhaos.foundation.web.annotation.ScosRequestDELETE	externo	scos-foundation-web-1.2.0-SNAPSHOT.jar
br.com.sawcunhaos.organization.api.controller.LegalNatureApi	br.com.sawcunhaos.foundation.web.annotation.ScosRequestGET	externo	scos-foundation-web-1.2.0-SNAPSHOT.jar
br.com.sawcunhaos.organization.api.controller.LegalNatureApi	br.com.sawcunhaos.foundation.web.annotation.ScosRequestPOST	externo	scos-foundation-web-1.2.0-SNAPSHOT.jar
br.com.sawcunhaos.organization.api.controller.LegalNatureApi	br.com.sawcunhaos.foundation.web.annotation.ScosRequestPUT	externo	scos-foundation-web-1.2.0-SNAPSHOT.jar
br.com.sawcunhaos.organization.api.controller.LegalNatureApi	br.com.sawcunhaos.organization.api.controller.LegalNatureApi$1	interno	classes
br.com.sawcunhaos.organization.api.controller.LegalNatureApi	br.com.sawcunhaos.organization.api.controller.LegalNatureApiDelegate	interno	classes
br.com.sawcunhaos.organization.api.controller.LegalNatureApi	br.com.sawcunhaos.organization.api.dto.CreateLegalNatureRequest	externo	flow-organization-usecase-1.0.0-SNAPSHOT.jar
br.com.sawcunhaos.organization.api.controller.LegalNatureApi	br.com.sawcunhaos.organization.api.dto.CreateResponse	externo	flow-organization-usecase-1.0.0-SNAPSHOT.jar
br.com.sawcunhaos.organization.api.controller.LegalNatureApi	br.com.sawcunhaos.organization.api.dto.GetAllLegalNaturesResponse	externo	flow-organization-usecase-1.0.0-SNAPSHOT.jar
br.com.sawcunhaos.organization.api.controller.LegalNatureApi	br.com.sawcunhaos.organization.api.dto.GetLegalNatureResponse	externo	flow-organization-usecase-1.0.0-SNAPSHOT.jar
br.com.sawcunhaos.organization.api.controller.LegalNatureApi	br.com.sawcunhaos.organization.api.dto.PaginationFilter	externo	flow-organization-usecase-1.0.0-SNAPSHOT.jar
br.com.sawcunhaos.organization.api.controller.LegalNatureApi	br.com.sawcunhaos.organization.api.dto.UpdateLegalNatureRequest	externo	flow-organization-usecase-1.0.0-SNAPSHOT.jar
br.com.sawcunhaos.organization.api.controller.LegalNatureApi	jakarta.validation.Valid	externo	jakarta.validation-api-3.1.1.jar
br.com.sawcunhaos.organization.api.controller.LegalNatureApi	jakarta.validation.constraints.NotNull	externo	jakarta.validation-api-3.1.1.jar
br.com.sawcunhaos.organization.api.controller.LegalNatureApi	java.lang.Long	jdk	java.base
br.com.sawcunhaos.organization.api.controller.LegalNatureApi	java.lang.Object	jdk	java.base
br.com.sawcunhaos.organization.api.controller.LegalNatureApi	java.lang.String	jdk	java.base
br.com.sawcunhaos.organization.api.controller.LegalNatureApi	java.lang.Void	jdk	java.base
br.com.sawcunhaos.organization.api.controller.LegalNatureApi	java.util.Optional	jdk	java.base
br.com.sawcunhaos.organization.api.controller.LegalNatureApi	java.util.UUID	jdk	java.base
br.com.sawcunhaos.organization.api.controller.LegalNatureApi	org.springframework.security.access.prepost.PreAuthorize	externo	spring-security-core-7.1.1.jar
br.com.sawcunhaos.organization.api.controller.LegalNatureApi	org.springframework.web.bind.annotation.PathVariable	externo	spring-web-7.0.9.jar
br.com.sawcunhaos.organization.api.controller.LegalNatureApi	org.springframework.web.bind.annotation.RequestBody	externo	spring-web-7.0.9.jar
br.com.sawcunhaos.organization.api.controller.LegalNatureApi	org.springframework.web.bind.annotation.RequestHeader	externo	spring-web-7.0.9.jar
br.com.sawcunhaos.organization.api.controller.LegalNatureApi$1	br.com.sawcunhaos.organization.api.controller.LegalNatureApi	interno	classes
br.com.sawcunhaos.organization.api.controller.LegalNatureApi$1	br.com.sawcunhaos.organization.api.controller.LegalNatureApiDelegate	interno	classes
br.com.sawcunhaos.organization.api.controller.LegalNatureApi$1	java.lang.Object	jdk	java.base
br.com.sawcunhaos.organization.api.controller.LegalNatureApiController	br.com.sawcunhaos.foundation.web.annotation.ScosController	externo	scos-foundation-web-1.2.0-SNAPSHOT.jar
br.com.sawcunhaos.organization.api.controller.LegalNatureApiController	br.com.sawcunhaos.organization.api.controller.LegalNatureApi	interno	classes
br.com.sawcunhaos.organization.api.controller.LegalNatureApiController	br.com.sawcunhaos.organization.api.controller.LegalNatureApiController$1	interno	classes
br.com.sawcunhaos.organization.api.controller.LegalNatureApiController	br.com.sawcunhaos.organization.api.controller.LegalNatureApiDelegate	interno	classes
br.com.sawcunhaos.organization.api.controller.LegalNatureApiController	java.lang.Object	jdk	java.base
br.com.sawcunhaos.organization.api.controller.LegalNatureApiController	java.util.Optional	jdk	java.base
br.com.sawcunhaos.organization.api.controller.LegalNatureApiController	org.springframework.beans.factory.annotation.Autowired	externo	spring-beans-7.0.9.jar
br.com.sawcunhaos.organization.api.controller.LegalNatureApiController$1	br.com.sawcunhaos.organization.api.controller.LegalNatureApiController	interno	classes
br.com.sawcunhaos.organization.api.controller.LegalNatureApiController$1	br.com.sawcunhaos.organization.api.controller.LegalNatureApiDelegate	interno	classes
br.com.sawcunhaos.organization.api.controller.LegalNatureApiController$1	java.lang.Object	jdk	java.base
br.com.sawcunhaos.organization.api.controller.LegalNatureApiDelegate	br.com.sawcunhaos.foundation.core.exception.MethodNotImplementedException	externo	scos-foundation-core-1.2.0-SNAPSHOT.jar
br.com.sawcunhaos.organization.api.controller.LegalNatureApiDelegate	br.com.sawcunhaos.organization.api.dto.CreateLegalNatureRequest	externo	flow-organization-usecase-1.0.0-SNAPSHOT.jar
br.com.sawcunhaos.organization.api.controller.LegalNatureApiDelegate	br.com.sawcunhaos.organization.api.dto.CreateResponse	externo	flow-organization-usecase-1.0.0-SNAPSHOT.jar
br.com.sawcunhaos.organization.api.controller.LegalNatureApiDelegate	br.com.sawcunhaos.organization.api.dto.GetAllLegalNaturesResponse	externo	flow-organization-usecase-1.0.0-SNAPSHOT.jar
br.com.sawcunhaos.organization.api.controller.LegalNatureApiDelegate	br.com.sawcunhaos.organization.api.dto.GetLegalNatureResponse	externo	flow-organization-usecase-1.0.0-SNAPSHOT.jar
br.com.sawcunhaos.organization.api.controller.LegalNatureApiDelegate	br.com.sawcunhaos.organization.api.dto.PaginationFilter	externo	flow-organization-usecase-1.0.0-SNAPSHOT.jar
br.com.sawcunhaos.organization.api.controller.LegalNatureApiDelegate	br.com.sawcunhaos.organization.api.dto.UpdateLegalNatureRequest	externo	flow-organization-usecase-1.0.0-SNAPSHOT.jar
br.com.sawcunhaos.organization.api.controller.LegalNatureApiDelegate	java.lang.Long	jdk	java.base
br.com.sawcunhaos.organization.api.controller.LegalNatureApiDelegate	java.lang.Object	jdk	java.base
br.com.sawcunhaos.organization.api.controller.LegalNatureApiDelegate	java.lang.String	jdk	java.base
br.com.sawcunhaos.organization.api.controller.LegalNatureApiDelegate	java.lang.Void	jdk	java.base
br.com.sawcunhaos.organization.api.controller.LegalNatureApiDelegate	java.util.Optional	jdk	java.base
br.com.sawcunhaos.organization.api.controller.LegalNatureApiDelegate	java.util.UUID	jdk	java.base
br.com.sawcunhaos.organization.api.controller.LoginApi	br.com.sawcunhaos.foundation.jdempotent.api.JdempotentRequestPayload	externo	scos-foundation-jdempotent-api-1.2.0-SNAPSHOT.jar
br.com.sawcunhaos.organization.api.controller.LoginApi	br.com.sawcunhaos.foundation.jdempotent.api.JdempotentResource	externo	scos-foundation-jdempotent-api-1.2.0-SNAPSHOT.jar
br.com.sawcunhaos.organization.api.controller.LoginApi	br.com.sawcunhaos.foundation.web.annotation.ScosRequestDELETE	externo	scos-foundation-web-1.2.0-SNAPSHOT.jar
br.com.sawcunhaos.organization.api.controller.LoginApi	br.com.sawcunhaos.foundation.web.annotation.ScosRequestGET	externo	scos-foundation-web-1.2.0-SNAPSHOT.jar
br.com.sawcunhaos.organization.api.controller.LoginApi	br.com.sawcunhaos.foundation.web.annotation.ScosRequestPOST	externo	scos-foundation-web-1.2.0-SNAPSHOT.jar
br.com.sawcunhaos.organization.api.controller.LoginApi	br.com.sawcunhaos.foundation.web.annotation.ScosRequestPUT	externo	scos-foundation-web-1.2.0-SNAPSHOT.jar
br.com.sawcunhaos.organization.api.controller.LoginApi	br.com.sawcunhaos.organization.api.controller.LoginApi$1	interno	classes
br.com.sawcunhaos.organization.api.controller.LoginApi	br.com.sawcunhaos.organization.api.controller.LoginApiDelegate	interno	classes
br.com.sawcunhaos.organization.api.controller.LoginApi	br.com.sawcunhaos.organization.api.dto.CreateEmployeeLoginRequest	externo	flow-organization-usecase-1.0.0-SNAPSHOT.jar
br.com.sawcunhaos.organization.api.controller.LoginApi	br.com.sawcunhaos.organization.api.dto.CreateLoginRequest	externo	flow-organization-usecase-1.0.0-SNAPSHOT.jar
br.com.sawcunhaos.organization.api.controller.LoginApi	br.com.sawcunhaos.organization.api.dto.CreateResponse	externo	flow-organization-usecase-1.0.0-SNAPSHOT.jar
br.com.sawcunhaos.organization.api.controller.LoginApi	br.com.sawcunhaos.organization.api.dto.GetAllLoginProfilesResponse	externo	flow-organization-usecase-1.0.0-SNAPSHOT.jar
br.com.sawcunhaos.organization.api.controller.LoginApi	br.com.sawcunhaos.organization.api.dto.GetAllLoginStatusHistoryResponse	externo	flow-organization-usecase-1.0.0-SNAPSHOT.jar
br.com.sawcunhaos.organization.api.controller.LoginApi	br.com.sawcunhaos.organization.api.dto.GetAllLoginsResponse	externo	flow-organization-usecase-1.0.0-SNAPSHOT.jar
br.com.sawcunhaos.organization.api.controller.LoginApi	br.com.sawcunhaos.organization.api.dto.GetLoginMeResponse	externo	flow-organization-usecase-1.0.0-SNAPSHOT.jar
br.com.sawcunhaos.organization.api.controller.LoginApi	br.com.sawcunhaos.organization.api.dto.GetLoginResponse	externo	flow-organization-usecase-1.0.0-SNAPSHOT.jar
br.com.sawcunhaos.organization.api.controller.LoginApi	br.com.sawcunhaos.organization.api.dto.LoginReactivationRequest	externo	flow-organization-usecase-1.0.0-SNAPSHOT.jar
br.com.sawcunhaos.organization.api.controller.LoginApi	br.com.sawcunhaos.organization.api.dto.LoginStatus	externo	flow-organization-usecase-1.0.0-SNAPSHOT.jar
br.com.sawcunhaos.organization.api.controller.LoginApi	br.com.sawcunhaos.organization.api.dto.LoginStatusTransitionRequest	externo	flow-organization-usecase-1.0.0-SNAPSHOT.jar
br.com.sawcunhaos.organization.api.controller.LoginApi	br.com.sawcunhaos.organization.api.dto.LoginType	externo	flow-organization-usecase-1.0.0-SNAPSHOT.jar
br.com.sawcunhaos.organization.api.controller.LoginApi	br.com.sawcunhaos.organization.api.dto.PaginationFilter	externo	flow-organization-usecase-1.0.0-SNAPSHOT.jar
br.com.sawcunhaos.organization.api.controller.LoginApi	br.com.sawcunhaos.organization.api.dto.UpdateLoginRequest	externo	flow-organization-usecase-1.0.0-SNAPSHOT.jar
br.com.sawcunhaos.organization.api.controller.LoginApi	jakarta.validation.Valid	externo	jakarta.validation-api-3.1.1.jar
br.com.sawcunhaos.organization.api.controller.LoginApi	jakarta.validation.constraints.NotNull	externo	jakarta.validation-api-3.1.1.jar
br.com.sawcunhaos.organization.api.controller.LoginApi	java.lang.Long	jdk	java.base
br.com.sawcunhaos.organization.api.controller.LoginApi	java.lang.Object	jdk	java.base
br.com.sawcunhaos.organization.api.controller.LoginApi	java.lang.String	jdk	java.base
br.com.sawcunhaos.organization.api.controller.LoginApi	java.lang.Void	jdk	java.base
br.com.sawcunhaos.organization.api.controller.LoginApi	java.util.Optional	jdk	java.base
br.com.sawcunhaos.organization.api.controller.LoginApi	java.util.UUID	jdk	java.base
br.com.sawcunhaos.organization.api.controller.LoginApi	org.springframework.security.access.prepost.PreAuthorize	externo	spring-security-core-7.1.1.jar
br.com.sawcunhaos.organization.api.controller.LoginApi	org.springframework.web.bind.annotation.PathVariable	externo	spring-web-7.0.9.jar
br.com.sawcunhaos.organization.api.controller.LoginApi	org.springframework.web.bind.annotation.RequestBody	externo	spring-web-7.0.9.jar
br.com.sawcunhaos.organization.api.controller.LoginApi	org.springframework.web.bind.annotation.RequestHeader	externo	spring-web-7.0.9.jar
br.com.sawcunhaos.organization.api.controller.LoginApi	org.springframework.web.bind.annotation.RequestParam	externo	spring-web-7.0.9.jar
br.com.sawcunhaos.organization.api.controller.LoginApi$1	br.com.sawcunhaos.organization.api.controller.LoginApi	interno	classes
br.com.sawcunhaos.organization.api.controller.LoginApi$1	br.com.sawcunhaos.organization.api.controller.LoginApiDelegate	interno	classes
br.com.sawcunhaos.organization.api.controller.LoginApi$1	java.lang.Object	jdk	java.base
br.com.sawcunhaos.organization.api.controller.LoginApiController	br.com.sawcunhaos.foundation.web.annotation.ScosController	externo	scos-foundation-web-1.2.0-SNAPSHOT.jar
br.com.sawcunhaos.organization.api.controller.LoginApiController	br.com.sawcunhaos.organization.api.controller.LoginApi	interno	classes
br.com.sawcunhaos.organization.api.controller.LoginApiController	br.com.sawcunhaos.organization.api.controller.LoginApiController$1	interno	classes
br.com.sawcunhaos.organization.api.controller.LoginApiController	br.com.sawcunhaos.organization.api.controller.LoginApiDelegate	interno	classes
br.com.sawcunhaos.organization.api.controller.LoginApiController	java.lang.Object	jdk	java.base
br.com.sawcunhaos.organization.api.controller.LoginApiController	java.util.Optional	jdk	java.base
br.com.sawcunhaos.organization.api.controller.LoginApiController	org.springframework.beans.factory.annotation.Autowired	externo	spring-beans-7.0.9.jar
br.com.sawcunhaos.organization.api.controller.LoginApiController$1	br.com.sawcunhaos.organization.api.controller.LoginApiController	interno	classes
br.com.sawcunhaos.organization.api.controller.LoginApiController$1	br.com.sawcunhaos.organization.api.controller.LoginApiDelegate	interno	classes
br.com.sawcunhaos.organization.api.controller.LoginApiController$1	java.lang.Object	jdk	java.base
br.com.sawcunhaos.organization.api.controller.LoginApiDelegate	br.com.sawcunhaos.foundation.core.exception.MethodNotImplementedException	externo	scos-foundation-core-1.2.0-SNAPSHOT.jar
br.com.sawcunhaos.organization.api.controller.LoginApiDelegate	br.com.sawcunhaos.organization.api.dto.CreateEmployeeLoginRequest	externo	flow-organization-usecase-1.0.0-SNAPSHOT.jar
br.com.sawcunhaos.organization.api.controller.LoginApiDelegate	br.com.sawcunhaos.organization.api.dto.CreateLoginRequest	externo	flow-organization-usecase-1.0.0-SNAPSHOT.jar
br.com.sawcunhaos.organization.api.controller.LoginApiDelegate	br.com.sawcunhaos.organization.api.dto.CreateResponse	externo	flow-organization-usecase-1.0.0-SNAPSHOT.jar
br.com.sawcunhaos.organization.api.controller.LoginApiDelegate	br.com.sawcunhaos.organization.api.dto.GetAllLoginProfilesResponse	externo	flow-organization-usecase-1.0.0-SNAPSHOT.jar
br.com.sawcunhaos.organization.api.controller.LoginApiDelegate	br.com.sawcunhaos.organization.api.dto.GetAllLoginStatusHistoryResponse	externo	flow-organization-usecase-1.0.0-SNAPSHOT.jar
br.com.sawcunhaos.organization.api.controller.LoginApiDelegate	br.com.sawcunhaos.organization.api.dto.GetAllLoginsResponse	externo	flow-organization-usecase-1.0.0-SNAPSHOT.jar
br.com.sawcunhaos.organization.api.controller.LoginApiDelegate	br.com.sawcunhaos.organization.api.dto.GetLoginMeResponse	externo	flow-organization-usecase-1.0.0-SNAPSHOT.jar
br.com.sawcunhaos.organization.api.controller.LoginApiDelegate	br.com.sawcunhaos.organization.api.dto.GetLoginResponse	externo	flow-organization-usecase-1.0.0-SNAPSHOT.jar
br.com.sawcunhaos.organization.api.controller.LoginApiDelegate	br.com.sawcunhaos.organization.api.dto.LoginReactivationRequest	externo	flow-organization-usecase-1.0.0-SNAPSHOT.jar
br.com.sawcunhaos.organization.api.controller.LoginApiDelegate	br.com.sawcunhaos.organization.api.dto.LoginStatus	externo	flow-organization-usecase-1.0.0-SNAPSHOT.jar
br.com.sawcunhaos.organization.api.controller.LoginApiDelegate	br.com.sawcunhaos.organization.api.dto.LoginStatusTransitionRequest	externo	flow-organization-usecase-1.0.0-SNAPSHOT.jar
br.com.sawcunhaos.organization.api.controller.LoginApiDelegate	br.com.sawcunhaos.organization.api.dto.LoginType	externo	flow-organization-usecase-1.0.0-SNAPSHOT.jar
br.com.sawcunhaos.organization.api.controller.LoginApiDelegate	br.com.sawcunhaos.organization.api.dto.PaginationFilter	externo	flow-organization-usecase-1.0.0-SNAPSHOT.jar
br.com.sawcunhaos.organization.api.controller.LoginApiDelegate	br.com.sawcunhaos.organization.api.dto.UpdateLoginRequest	externo	flow-organization-usecase-1.0.0-SNAPSHOT.jar
br.com.sawcunhaos.organization.api.controller.LoginApiDelegate	java.lang.Long	jdk	java.base
br.com.sawcunhaos.organization.api.controller.LoginApiDelegate	java.lang.Object	jdk	java.base
br.com.sawcunhaos.organization.api.controller.LoginApiDelegate	java.lang.String	jdk	java.base
br.com.sawcunhaos.organization.api.controller.LoginApiDelegate	java.lang.Void	jdk	java.base
br.com.sawcunhaos.organization.api.controller.LoginApiDelegate	java.util.Optional	jdk	java.base
br.com.sawcunhaos.organization.api.controller.LoginApiDelegate	java.util.UUID	jdk	java.base
br.com.sawcunhaos.organization.api.controller.LoginApprovalRequestApi	br.com.sawcunhaos.foundation.jdempotent.api.JdempotentRequestPayload	externo	scos-foundation-jdempotent-api-1.2.0-SNAPSHOT.jar
br.com.sawcunhaos.organization.api.controller.LoginApprovalRequestApi	br.com.sawcunhaos.foundation.jdempotent.api.JdempotentResource	externo	scos-foundation-jdempotent-api-1.2.0-SNAPSHOT.jar
br.com.sawcunhaos.organization.api.controller.LoginApprovalRequestApi	br.com.sawcunhaos.foundation.web.annotation.ScosRequestGET	externo	scos-foundation-web-1.2.0-SNAPSHOT.jar
br.com.sawcunhaos.organization.api.controller.LoginApprovalRequestApi	br.com.sawcunhaos.foundation.web.annotation.ScosRequestPUT	externo	scos-foundation-web-1.2.0-SNAPSHOT.jar
br.com.sawcunhaos.organization.api.controller.LoginApprovalRequestApi	br.com.sawcunhaos.organization.api.controller.LoginApprovalRequestApi$1	interno	classes
br.com.sawcunhaos.organization.api.controller.LoginApprovalRequestApi	br.com.sawcunhaos.organization.api.controller.LoginApprovalRequestApiDelegate	interno	classes
br.com.sawcunhaos.organization.api.controller.LoginApprovalRequestApi	br.com.sawcunhaos.organization.api.dto.ApproveLoginApprovalRequestRequest	externo	flow-organization-usecase-1.0.0-SNAPSHOT.jar
br.com.sawcunhaos.organization.api.controller.LoginApprovalRequestApi	br.com.sawcunhaos.organization.api.dto.GetAllLoginApprovalRequestsResponse	externo	flow-organization-usecase-1.0.0-SNAPSHOT.jar
br.com.sawcunhaos.organization.api.controller.LoginApprovalRequestApi	br.com.sawcunhaos.organization.api.dto.GetLoginApprovalRequestResponse	externo	flow-organization-usecase-1.0.0-SNAPSHOT.jar
br.com.sawcunhaos.organization.api.controller.LoginApprovalRequestApi	br.com.sawcunhaos.organization.api.dto.GetSystemAccessApproversResponse	externo	flow-organization-usecase-1.0.0-SNAPSHOT.jar
br.com.sawcunhaos.organization.api.controller.LoginApprovalRequestApi	br.com.sawcunhaos.organization.api.dto.LoginApprovalRequestStatus	externo	flow-organization-usecase-1.0.0-SNAPSHOT.jar
br.com.sawcunhaos.organization.api.controller.LoginApprovalRequestApi	br.com.sawcunhaos.organization.api.dto.PaginationFilter	externo	flow-organization-usecase-1.0.0-SNAPSHOT.jar
br.com.sawcunhaos.organization.api.controller.LoginApprovalRequestApi	br.com.sawcunhaos.organization.api.dto.RejectLoginApprovalRequestRequest	externo	flow-organization-usecase-1.0.0-SNAPSHOT.jar
br.com.sawcunhaos.organization.api.controller.LoginApprovalRequestApi	jakarta.validation.Valid	externo	jakarta.validation-api-3.1.1.jar
br.com.sawcunhaos.organization.api.controller.LoginApprovalRequestApi	jakarta.validation.constraints.NotNull	externo	jakarta.validation-api-3.1.1.jar
br.com.sawcunhaos.organization.api.controller.LoginApprovalRequestApi	java.lang.Long	jdk	java.base
br.com.sawcunhaos.organization.api.controller.LoginApprovalRequestApi	java.lang.Object	jdk	java.base
br.com.sawcunhaos.organization.api.controller.LoginApprovalRequestApi	java.lang.String	jdk	java.base
br.com.sawcunhaos.organization.api.controller.LoginApprovalRequestApi	java.lang.Void	jdk	java.base
br.com.sawcunhaos.organization.api.controller.LoginApprovalRequestApi	java.util.Optional	jdk	java.base
br.com.sawcunhaos.organization.api.controller.LoginApprovalRequestApi	java.util.UUID	jdk	java.base
br.com.sawcunhaos.organization.api.controller.LoginApprovalRequestApi	org.springframework.security.access.prepost.PreAuthorize	externo	spring-security-core-7.1.1.jar
br.com.sawcunhaos.organization.api.controller.LoginApprovalRequestApi	org.springframework.web.bind.annotation.PathVariable	externo	spring-web-7.0.9.jar
br.com.sawcunhaos.organization.api.controller.LoginApprovalRequestApi	org.springframework.web.bind.annotation.RequestBody	externo	spring-web-7.0.9.jar
br.com.sawcunhaos.organization.api.controller.LoginApprovalRequestApi	org.springframework.web.bind.annotation.RequestHeader	externo	spring-web-7.0.9.jar
br.com.sawcunhaos.organization.api.controller.LoginApprovalRequestApi	org.springframework.web.bind.annotation.RequestParam	externo	spring-web-7.0.9.jar
br.com.sawcunhaos.organization.api.controller.LoginApprovalRequestApi$1	br.com.sawcunhaos.organization.api.controller.LoginApprovalRequestApi	interno	classes
br.com.sawcunhaos.organization.api.controller.LoginApprovalRequestApi$1	br.com.sawcunhaos.organization.api.controller.LoginApprovalRequestApiDelegate	interno	classes
br.com.sawcunhaos.organization.api.controller.LoginApprovalRequestApi$1	java.lang.Object	jdk	java.base
br.com.sawcunhaos.organization.api.controller.LoginApprovalRequestApiController	br.com.sawcunhaos.foundation.web.annotation.ScosController	externo	scos-foundation-web-1.2.0-SNAPSHOT.jar
br.com.sawcunhaos.organization.api.controller.LoginApprovalRequestApiController	br.com.sawcunhaos.organization.api.controller.LoginApprovalRequestApi	interno	classes
br.com.sawcunhaos.organization.api.controller.LoginApprovalRequestApiController	br.com.sawcunhaos.organization.api.controller.LoginApprovalRequestApiController$1	interno	classes
br.com.sawcunhaos.organization.api.controller.LoginApprovalRequestApiController	br.com.sawcunhaos.organization.api.controller.LoginApprovalRequestApiDelegate	interno	classes
br.com.sawcunhaos.organization.api.controller.LoginApprovalRequestApiController	java.lang.Object	jdk	java.base
br.com.sawcunhaos.organization.api.controller.LoginApprovalRequestApiController	java.util.Optional	jdk	java.base
br.com.sawcunhaos.organization.api.controller.LoginApprovalRequestApiController	org.springframework.beans.factory.annotation.Autowired	externo	spring-beans-7.0.9.jar
br.com.sawcunhaos.organization.api.controller.LoginApprovalRequestApiController$1	br.com.sawcunhaos.organization.api.controller.LoginApprovalRequestApiController	interno	classes
br.com.sawcunhaos.organization.api.controller.LoginApprovalRequestApiController$1	br.com.sawcunhaos.organization.api.controller.LoginApprovalRequestApiDelegate	interno	classes
br.com.sawcunhaos.organization.api.controller.LoginApprovalRequestApiController$1	java.lang.Object	jdk	java.base
br.com.sawcunhaos.organization.api.controller.LoginApprovalRequestApiDelegate	br.com.sawcunhaos.foundation.core.exception.MethodNotImplementedException	externo	scos-foundation-core-1.2.0-SNAPSHOT.jar
br.com.sawcunhaos.organization.api.controller.LoginApprovalRequestApiDelegate	br.com.sawcunhaos.organization.api.dto.ApproveLoginApprovalRequestRequest	externo	flow-organization-usecase-1.0.0-SNAPSHOT.jar
br.com.sawcunhaos.organization.api.controller.LoginApprovalRequestApiDelegate	br.com.sawcunhaos.organization.api.dto.GetAllLoginApprovalRequestsResponse	externo	flow-organization-usecase-1.0.0-SNAPSHOT.jar
br.com.sawcunhaos.organization.api.controller.LoginApprovalRequestApiDelegate	br.com.sawcunhaos.organization.api.dto.GetLoginApprovalRequestResponse	externo	flow-organization-usecase-1.0.0-SNAPSHOT.jar
br.com.sawcunhaos.organization.api.controller.LoginApprovalRequestApiDelegate	br.com.sawcunhaos.organization.api.dto.GetSystemAccessApproversResponse	externo	flow-organization-usecase-1.0.0-SNAPSHOT.jar
br.com.sawcunhaos.organization.api.controller.LoginApprovalRequestApiDelegate	br.com.sawcunhaos.organization.api.dto.LoginApprovalRequestStatus	externo	flow-organization-usecase-1.0.0-SNAPSHOT.jar
br.com.sawcunhaos.organization.api.controller.LoginApprovalRequestApiDelegate	br.com.sawcunhaos.organization.api.dto.PaginationFilter	externo	flow-organization-usecase-1.0.0-SNAPSHOT.jar
br.com.sawcunhaos.organization.api.controller.LoginApprovalRequestApiDelegate	br.com.sawcunhaos.organization.api.dto.RejectLoginApprovalRequestRequest	externo	flow-organization-usecase-1.0.0-SNAPSHOT.jar
br.com.sawcunhaos.organization.api.controller.LoginApprovalRequestApiDelegate	java.lang.Long	jdk	java.base
br.com.sawcunhaos.organization.api.controller.LoginApprovalRequestApiDelegate	java.lang.Object	jdk	java.base
br.com.sawcunhaos.organization.api.controller.LoginApprovalRequestApiDelegate	java.lang.String	jdk	java.base
br.com.sawcunhaos.organization.api.controller.LoginApprovalRequestApiDelegate	java.lang.Void	jdk	java.base
br.com.sawcunhaos.organization.api.controller.LoginApprovalRequestApiDelegate	java.util.Optional	jdk	java.base
br.com.sawcunhaos.organization.api.controller.LoginApprovalRequestApiDelegate	java.util.UUID	jdk	java.base
br.com.sawcunhaos.organization.api.controller.OutboxApi	br.com.sawcunhaos.foundation.jdempotent.api.JdempotentRequestPayload	externo	scos-foundation-jdempotent-api-1.2.0-SNAPSHOT.jar
br.com.sawcunhaos.organization.api.controller.OutboxApi	br.com.sawcunhaos.foundation.jdempotent.api.JdempotentResource	externo	scos-foundation-jdempotent-api-1.2.0-SNAPSHOT.jar
br.com.sawcunhaos.organization.api.controller.OutboxApi	br.com.sawcunhaos.foundation.web.annotation.ScosRequestGET	externo	scos-foundation-web-1.2.0-SNAPSHOT.jar
br.com.sawcunhaos.organization.api.controller.OutboxApi	br.com.sawcunhaos.foundation.web.annotation.ScosRequestPUT	externo	scos-foundation-web-1.2.0-SNAPSHOT.jar
br.com.sawcunhaos.organization.api.controller.OutboxApi	br.com.sawcunhaos.organization.api.controller.OutboxApi$1	interno	classes
br.com.sawcunhaos.organization.api.controller.OutboxApi	br.com.sawcunhaos.organization.api.controller.OutboxApiDelegate	interno	classes
br.com.sawcunhaos.organization.api.controller.OutboxApi	br.com.sawcunhaos.organization.api.dto.GetAllOutboxEventDeadLettersResponse	externo	flow-organization-usecase-1.0.0-SNAPSHOT.jar
br.com.sawcunhaos.organization.api.controller.OutboxApi	br.com.sawcunhaos.organization.api.dto.GetAllOutboxEventLogsResponse	externo	flow-organization-usecase-1.0.0-SNAPSHOT.jar
br.com.sawcunhaos.organization.api.controller.OutboxApi	br.com.sawcunhaos.organization.api.dto.GetAllOutboxEventsResponse	externo	flow-organization-usecase-1.0.0-SNAPSHOT.jar
br.com.sawcunhaos.organization.api.controller.OutboxApi	br.com.sawcunhaos.organization.api.dto.GetAllOutboxTopicsResponse	externo	flow-organization-usecase-1.0.0-SNAPSHOT.jar
br.com.sawcunhaos.organization.api.controller.OutboxApi	br.com.sawcunhaos.organization.api.dto.GetOutboxEventResponse	externo	flow-organization-usecase-1.0.0-SNAPSHOT.jar
br.com.sawcunhaos.organization.api.controller.OutboxApi	br.com.sawcunhaos.organization.api.dto.GetOutboxTopicResponse	externo	flow-organization-usecase-1.0.0-SNAPSHOT.jar
br.com.sawcunhaos.organization.api.controller.OutboxApi	br.com.sawcunhaos.organization.api.dto.OutboxEventStatus	externo	flow-organization-usecase-1.0.0-SNAPSHOT.jar
br.com.sawcunhaos.organization.api.controller.OutboxApi	br.com.sawcunhaos.organization.api.dto.OutboxTopicBackend	externo	flow-organization-usecase-1.0.0-SNAPSHOT.jar
br.com.sawcunhaos.organization.api.controller.OutboxApi	br.com.sawcunhaos.organization.api.dto.PaginationFilter	externo	flow-organization-usecase-1.0.0-SNAPSHOT.jar
br.com.sawcunhaos.organization.api.controller.OutboxApi	jakarta.validation.Valid	externo	jakarta.validation-api-3.1.1.jar
br.com.sawcunhaos.organization.api.controller.OutboxApi	jakarta.validation.constraints.NotNull	externo	jakarta.validation-api-3.1.1.jar
br.com.sawcunhaos.organization.api.controller.OutboxApi	java.lang.Boolean	jdk	java.base
br.com.sawcunhaos.organization.api.controller.OutboxApi	java.lang.Long	jdk	java.base
br.com.sawcunhaos.organization.api.controller.OutboxApi	java.lang.Object	jdk	java.base
br.com.sawcunhaos.organization.api.controller.OutboxApi	java.lang.String	jdk	java.base
br.com.sawcunhaos.organization.api.controller.OutboxApi	java.lang.Void	jdk	java.base
br.com.sawcunhaos.organization.api.controller.OutboxApi	java.util.Optional	jdk	java.base
br.com.sawcunhaos.organization.api.controller.OutboxApi	java.util.UUID	jdk	java.base
br.com.sawcunhaos.organization.api.controller.OutboxApi	org.springframework.security.access.prepost.PreAuthorize	externo	spring-security-core-7.1.1.jar
br.com.sawcunhaos.organization.api.controller.OutboxApi	org.springframework.web.bind.annotation.PathVariable	externo	spring-web-7.0.9.jar
br.com.sawcunhaos.organization.api.controller.OutboxApi	org.springframework.web.bind.annotation.RequestHeader	externo	spring-web-7.0.9.jar
br.com.sawcunhaos.organization.api.controller.OutboxApi	org.springframework.web.bind.annotation.RequestParam	externo	spring-web-7.0.9.jar
br.com.sawcunhaos.organization.api.controller.OutboxApi$1	br.com.sawcunhaos.organization.api.controller.OutboxApi	interno	classes
br.com.sawcunhaos.organization.api.controller.OutboxApi$1	br.com.sawcunhaos.organization.api.controller.OutboxApiDelegate	interno	classes
br.com.sawcunhaos.organization.api.controller.OutboxApi$1	java.lang.Object	jdk	java.base
br.com.sawcunhaos.organization.api.controller.OutboxApiController	br.com.sawcunhaos.foundation.web.annotation.ScosController	externo	scos-foundation-web-1.2.0-SNAPSHOT.jar
br.com.sawcunhaos.organization.api.controller.OutboxApiController	br.com.sawcunhaos.organization.api.controller.OutboxApi	interno	classes
br.com.sawcunhaos.organization.api.controller.OutboxApiController	br.com.sawcunhaos.organization.api.controller.OutboxApiController$1	interno	classes
br.com.sawcunhaos.organization.api.controller.OutboxApiController	br.com.sawcunhaos.organization.api.controller.OutboxApiDelegate	interno	classes
br.com.sawcunhaos.organization.api.controller.OutboxApiController	java.lang.Object	jdk	java.base
br.com.sawcunhaos.organization.api.controller.OutboxApiController	java.util.Optional	jdk	java.base
br.com.sawcunhaos.organization.api.controller.OutboxApiController	org.springframework.beans.factory.annotation.Autowired	externo	spring-beans-7.0.9.jar
br.com.sawcunhaos.organization.api.controller.OutboxApiController$1	br.com.sawcunhaos.organization.api.controller.OutboxApiController	interno	classes
br.com.sawcunhaos.organization.api.controller.OutboxApiController$1	br.com.sawcunhaos.organization.api.controller.OutboxApiDelegate	interno	classes
br.com.sawcunhaos.organization.api.controller.OutboxApiController$1	java.lang.Object	jdk	java.base
br.com.sawcunhaos.organization.api.controller.OutboxApiDelegate	br.com.sawcunhaos.foundation.core.exception.MethodNotImplementedException	externo	scos-foundation-core-1.2.0-SNAPSHOT.jar
br.com.sawcunhaos.organization.api.controller.OutboxApiDelegate	br.com.sawcunhaos.organization.api.dto.GetAllOutboxEventDeadLettersResponse	externo	flow-organization-usecase-1.0.0-SNAPSHOT.jar
br.com.sawcunhaos.organization.api.controller.OutboxApiDelegate	br.com.sawcunhaos.organization.api.dto.GetAllOutboxEventLogsResponse	externo	flow-organization-usecase-1.0.0-SNAPSHOT.jar
br.com.sawcunhaos.organization.api.controller.OutboxApiDelegate	br.com.sawcunhaos.organization.api.dto.GetAllOutboxEventsResponse	externo	flow-organization-usecase-1.0.0-SNAPSHOT.jar
br.com.sawcunhaos.organization.api.controller.OutboxApiDelegate	br.com.sawcunhaos.organization.api.dto.GetAllOutboxTopicsResponse	externo	flow-organization-usecase-1.0.0-SNAPSHOT.jar
br.com.sawcunhaos.organization.api.controller.OutboxApiDelegate	br.com.sawcunhaos.organization.api.dto.GetOutboxEventResponse	externo	flow-organization-usecase-1.0.0-SNAPSHOT.jar
br.com.sawcunhaos.organization.api.controller.OutboxApiDelegate	br.com.sawcunhaos.organization.api.dto.GetOutboxTopicResponse	externo	flow-organization-usecase-1.0.0-SNAPSHOT.jar
br.com.sawcunhaos.organization.api.controller.OutboxApiDelegate	br.com.sawcunhaos.organization.api.dto.OutboxEventStatus	externo	flow-organization-usecase-1.0.0-SNAPSHOT.jar
br.com.sawcunhaos.organization.api.controller.OutboxApiDelegate	br.com.sawcunhaos.organization.api.dto.OutboxTopicBackend	externo	flow-organization-usecase-1.0.0-SNAPSHOT.jar
br.com.sawcunhaos.organization.api.controller.OutboxApiDelegate	br.com.sawcunhaos.organization.api.dto.PaginationFilter	externo	flow-organization-usecase-1.0.0-SNAPSHOT.jar
br.com.sawcunhaos.organization.api.controller.OutboxApiDelegate	java.lang.Boolean	jdk	java.base
br.com.sawcunhaos.organization.api.controller.OutboxApiDelegate	java.lang.Long	jdk	java.base
br.com.sawcunhaos.organization.api.controller.OutboxApiDelegate	java.lang.Object	jdk	java.base
br.com.sawcunhaos.organization.api.controller.OutboxApiDelegate	java.lang.String	jdk	java.base
br.com.sawcunhaos.organization.api.controller.OutboxApiDelegate	java.lang.Void	jdk	java.base
br.com.sawcunhaos.organization.api.controller.OutboxApiDelegate	java.util.Optional	jdk	java.base
br.com.sawcunhaos.organization.api.controller.OutboxApiDelegate	java.util.UUID	jdk	java.base
br.com.sawcunhaos.organization.api.controller.PositionApi	br.com.sawcunhaos.foundation.jdempotent.api.JdempotentRequestPayload	externo	scos-foundation-jdempotent-api-1.2.0-SNAPSHOT.jar
br.com.sawcunhaos.organization.api.controller.PositionApi	br.com.sawcunhaos.foundation.jdempotent.api.JdempotentResource	externo	scos-foundation-jdempotent-api-1.2.0-SNAPSHOT.jar
br.com.sawcunhaos.organization.api.controller.PositionApi	br.com.sawcunhaos.foundation.web.annotation.ScosRequestDELETE	externo	scos-foundation-web-1.2.0-SNAPSHOT.jar
br.com.sawcunhaos.organization.api.controller.PositionApi	br.com.sawcunhaos.foundation.web.annotation.ScosRequestGET	externo	scos-foundation-web-1.2.0-SNAPSHOT.jar
br.com.sawcunhaos.organization.api.controller.PositionApi	br.com.sawcunhaos.foundation.web.annotation.ScosRequestPOST	externo	scos-foundation-web-1.2.0-SNAPSHOT.jar
br.com.sawcunhaos.organization.api.controller.PositionApi	br.com.sawcunhaos.foundation.web.annotation.ScosRequestPUT	externo	scos-foundation-web-1.2.0-SNAPSHOT.jar
br.com.sawcunhaos.organization.api.controller.PositionApi	br.com.sawcunhaos.organization.api.controller.PositionApi$1	interno	classes
br.com.sawcunhaos.organization.api.controller.PositionApi	br.com.sawcunhaos.organization.api.controller.PositionApiDelegate	interno	classes
br.com.sawcunhaos.organization.api.controller.PositionApi	br.com.sawcunhaos.organization.api.dto.CreatePositionRequest	externo	flow-organization-usecase-1.0.0-SNAPSHOT.jar
br.com.sawcunhaos.organization.api.controller.PositionApi	br.com.sawcunhaos.organization.api.dto.CreatePositionWorkScheduleRequest	externo	flow-organization-usecase-1.0.0-SNAPSHOT.jar
br.com.sawcunhaos.organization.api.controller.PositionApi	br.com.sawcunhaos.organization.api.dto.CreateResponse	externo	flow-organization-usecase-1.0.0-SNAPSHOT.jar
br.com.sawcunhaos.organization.api.controller.PositionApi	br.com.sawcunhaos.organization.api.dto.DayOfWeek	externo	flow-organization-usecase-1.0.0-SNAPSHOT.jar
br.com.sawcunhaos.organization.api.controller.PositionApi	br.com.sawcunhaos.organization.api.dto.GetAllPositionsResponse	externo	flow-organization-usecase-1.0.0-SNAPSHOT.jar
br.com.sawcunhaos.organization.api.controller.PositionApi	br.com.sawcunhaos.organization.api.dto.GetPositionResponse	externo	flow-organization-usecase-1.0.0-SNAPSHOT.jar
br.com.sawcunhaos.organization.api.controller.PositionApi	br.com.sawcunhaos.organization.api.dto.PaginationFilter	externo	flow-organization-usecase-1.0.0-SNAPSHOT.jar
br.com.sawcunhaos.organization.api.controller.PositionApi	br.com.sawcunhaos.organization.api.dto.PositionWorkSchedule	externo	flow-organization-usecase-1.0.0-SNAPSHOT.jar
br.com.sawcunhaos.organization.api.controller.PositionApi	br.com.sawcunhaos.organization.api.dto.UpdatePositionRequest	externo	flow-organization-usecase-1.0.0-SNAPSHOT.jar
br.com.sawcunhaos.organization.api.controller.PositionApi	br.com.sawcunhaos.organization.api.dto.UpdatePositionWorkScheduleRequest	externo	flow-organization-usecase-1.0.0-SNAPSHOT.jar
br.com.sawcunhaos.organization.api.controller.PositionApi	jakarta.validation.Valid	externo	jakarta.validation-api-3.1.1.jar
br.com.sawcunhaos.organization.api.controller.PositionApi	jakarta.validation.constraints.NotNull	externo	jakarta.validation-api-3.1.1.jar
br.com.sawcunhaos.organization.api.controller.PositionApi	java.lang.Boolean	jdk	java.base
br.com.sawcunhaos.organization.api.controller.PositionApi	java.lang.Long	jdk	java.base
br.com.sawcunhaos.organization.api.controller.PositionApi	java.lang.Object	jdk	java.base
br.com.sawcunhaos.organization.api.controller.PositionApi	java.lang.String	jdk	java.base
br.com.sawcunhaos.organization.api.controller.PositionApi	java.lang.Void	jdk	java.base
br.com.sawcunhaos.organization.api.controller.PositionApi	java.util.List	jdk	java.base
br.com.sawcunhaos.organization.api.controller.PositionApi	java.util.Optional	jdk	java.base
br.com.sawcunhaos.organization.api.controller.PositionApi	java.util.UUID	jdk	java.base
br.com.sawcunhaos.organization.api.controller.PositionApi	org.springframework.security.access.prepost.PreAuthorize	externo	spring-security-core-7.1.1.jar
br.com.sawcunhaos.organization.api.controller.PositionApi	org.springframework.web.bind.annotation.PathVariable	externo	spring-web-7.0.9.jar
br.com.sawcunhaos.organization.api.controller.PositionApi	org.springframework.web.bind.annotation.RequestBody	externo	spring-web-7.0.9.jar
br.com.sawcunhaos.organization.api.controller.PositionApi	org.springframework.web.bind.annotation.RequestHeader	externo	spring-web-7.0.9.jar
br.com.sawcunhaos.organization.api.controller.PositionApi	org.springframework.web.bind.annotation.RequestParam	externo	spring-web-7.0.9.jar
br.com.sawcunhaos.organization.api.controller.PositionApi$1	br.com.sawcunhaos.organization.api.controller.PositionApi	interno	classes
br.com.sawcunhaos.organization.api.controller.PositionApi$1	br.com.sawcunhaos.organization.api.controller.PositionApiDelegate	interno	classes
br.com.sawcunhaos.organization.api.controller.PositionApi$1	java.lang.Object	jdk	java.base
br.com.sawcunhaos.organization.api.controller.PositionApiController	br.com.sawcunhaos.foundation.web.annotation.ScosController	externo	scos-foundation-web-1.2.0-SNAPSHOT.jar
br.com.sawcunhaos.organization.api.controller.PositionApiController	br.com.sawcunhaos.organization.api.controller.PositionApi	interno	classes
br.com.sawcunhaos.organization.api.controller.PositionApiController	br.com.sawcunhaos.organization.api.controller.PositionApiController$1	interno	classes
br.com.sawcunhaos.organization.api.controller.PositionApiController	br.com.sawcunhaos.organization.api.controller.PositionApiDelegate	interno	classes
br.com.sawcunhaos.organization.api.controller.PositionApiController	java.lang.Object	jdk	java.base
br.com.sawcunhaos.organization.api.controller.PositionApiController	java.util.Optional	jdk	java.base
br.com.sawcunhaos.organization.api.controller.PositionApiController	org.springframework.beans.factory.annotation.Autowired	externo	spring-beans-7.0.9.jar
br.com.sawcunhaos.organization.api.controller.PositionApiController$1	br.com.sawcunhaos.organization.api.controller.PositionApiController	interno	classes
br.com.sawcunhaos.organization.api.controller.PositionApiController$1	br.com.sawcunhaos.organization.api.controller.PositionApiDelegate	interno	classes
br.com.sawcunhaos.organization.api.controller.PositionApiController$1	java.lang.Object	jdk	java.base
br.com.sawcunhaos.organization.api.controller.PositionApiDelegate	br.com.sawcunhaos.foundation.core.exception.MethodNotImplementedException	externo	scos-foundation-core-1.2.0-SNAPSHOT.jar
br.com.sawcunhaos.organization.api.controller.PositionApiDelegate	br.com.sawcunhaos.organization.api.dto.CreatePositionRequest	externo	flow-organization-usecase-1.0.0-SNAPSHOT.jar
br.com.sawcunhaos.organization.api.controller.PositionApiDelegate	br.com.sawcunhaos.organization.api.dto.CreatePositionWorkScheduleRequest	externo	flow-organization-usecase-1.0.0-SNAPSHOT.jar
br.com.sawcunhaos.organization.api.controller.PositionApiDelegate	br.com.sawcunhaos.organization.api.dto.CreateResponse	externo	flow-organization-usecase-1.0.0-SNAPSHOT.jar
br.com.sawcunhaos.organization.api.controller.PositionApiDelegate	br.com.sawcunhaos.organization.api.dto.DayOfWeek	externo	flow-organization-usecase-1.0.0-SNAPSHOT.jar
br.com.sawcunhaos.organization.api.controller.PositionApiDelegate	br.com.sawcunhaos.organization.api.dto.GetAllPositionsResponse	externo	flow-organization-usecase-1.0.0-SNAPSHOT.jar
br.com.sawcunhaos.organization.api.controller.PositionApiDelegate	br.com.sawcunhaos.organization.api.dto.GetPositionResponse	externo	flow-organization-usecase-1.0.0-SNAPSHOT.jar
br.com.sawcunhaos.organization.api.controller.PositionApiDelegate	br.com.sawcunhaos.organization.api.dto.PaginationFilter	externo	flow-organization-usecase-1.0.0-SNAPSHOT.jar
br.com.sawcunhaos.organization.api.controller.PositionApiDelegate	br.com.sawcunhaos.organization.api.dto.PositionWorkSchedule	externo	flow-organization-usecase-1.0.0-SNAPSHOT.jar
br.com.sawcunhaos.organization.api.controller.PositionApiDelegate	br.com.sawcunhaos.organization.api.dto.UpdatePositionRequest	externo	flow-organization-usecase-1.0.0-SNAPSHOT.jar
br.com.sawcunhaos.organization.api.controller.PositionApiDelegate	br.com.sawcunhaos.organization.api.dto.UpdatePositionWorkScheduleRequest	externo	flow-organization-usecase-1.0.0-SNAPSHOT.jar
br.com.sawcunhaos.organization.api.controller.PositionApiDelegate	java.lang.Boolean	jdk	java.base
br.com.sawcunhaos.organization.api.controller.PositionApiDelegate	java.lang.Long	jdk	java.base
br.com.sawcunhaos.organization.api.controller.PositionApiDelegate	java.lang.Object	jdk	java.base
br.com.sawcunhaos.organization.api.controller.PositionApiDelegate	java.lang.String	jdk	java.base
br.com.sawcunhaos.organization.api.controller.PositionApiDelegate	java.lang.Void	jdk	java.base
br.com.sawcunhaos.organization.api.controller.PositionApiDelegate	java.util.List	jdk	java.base
br.com.sawcunhaos.organization.api.controller.PositionApiDelegate	java.util.Optional	jdk	java.base
br.com.sawcunhaos.organization.api.controller.PositionApiDelegate	java.util.UUID	jdk	java.base
br.com.sawcunhaos.organization.api.controller.ProfileApi	br.com.sawcunhaos.foundation.jdempotent.api.JdempotentRequestPayload	externo	scos-foundation-jdempotent-api-1.2.0-SNAPSHOT.jar
br.com.sawcunhaos.organization.api.controller.ProfileApi	br.com.sawcunhaos.foundation.jdempotent.api.JdempotentResource	externo	scos-foundation-jdempotent-api-1.2.0-SNAPSHOT.jar
br.com.sawcunhaos.organization.api.controller.ProfileApi	br.com.sawcunhaos.foundation.web.annotation.ScosRequestDELETE	externo	scos-foundation-web-1.2.0-SNAPSHOT.jar
br.com.sawcunhaos.organization.api.controller.ProfileApi	br.com.sawcunhaos.foundation.web.annotation.ScosRequestGET	externo	scos-foundation-web-1.2.0-SNAPSHOT.jar
br.com.sawcunhaos.organization.api.controller.ProfileApi	br.com.sawcunhaos.foundation.web.annotation.ScosRequestPOST	externo	scos-foundation-web-1.2.0-SNAPSHOT.jar
br.com.sawcunhaos.organization.api.controller.ProfileApi	br.com.sawcunhaos.foundation.web.annotation.ScosRequestPUT	externo	scos-foundation-web-1.2.0-SNAPSHOT.jar
br.com.sawcunhaos.organization.api.controller.ProfileApi	br.com.sawcunhaos.organization.api.controller.ProfileApi$1	interno	classes
br.com.sawcunhaos.organization.api.controller.ProfileApi	br.com.sawcunhaos.organization.api.controller.ProfileApiDelegate	interno	classes
br.com.sawcunhaos.organization.api.controller.ProfileApi	br.com.sawcunhaos.organization.api.dto.CreateProfileRequest	externo	flow-organization-usecase-1.0.0-SNAPSHOT.jar
br.com.sawcunhaos.organization.api.controller.ProfileApi	br.com.sawcunhaos.organization.api.dto.CreateResponse	externo	flow-organization-usecase-1.0.0-SNAPSHOT.jar
br.com.sawcunhaos.organization.api.controller.ProfileApi	br.com.sawcunhaos.organization.api.dto.GetAllProfilesResponse	externo	flow-organization-usecase-1.0.0-SNAPSHOT.jar
br.com.sawcunhaos.organization.api.controller.ProfileApi	br.com.sawcunhaos.organization.api.dto.GetProfileResourcesResponse	externo	flow-organization-usecase-1.0.0-SNAPSHOT.jar
br.com.sawcunhaos.organization.api.controller.ProfileApi	br.com.sawcunhaos.organization.api.dto.GetProfileResponse	externo	flow-organization-usecase-1.0.0-SNAPSHOT.jar
br.com.sawcunhaos.organization.api.controller.ProfileApi	br.com.sawcunhaos.organization.api.dto.PaginationFilter	externo	flow-organization-usecase-1.0.0-SNAPSHOT.jar
br.com.sawcunhaos.organization.api.controller.ProfileApi	br.com.sawcunhaos.organization.api.dto.UpdateProfileRequest	externo	flow-organization-usecase-1.0.0-SNAPSHOT.jar
br.com.sawcunhaos.organization.api.controller.ProfileApi	br.com.sawcunhaos.organization.api.dto.UpdateProfileResourcesRequest	externo	flow-organization-usecase-1.0.0-SNAPSHOT.jar
br.com.sawcunhaos.organization.api.controller.ProfileApi	jakarta.validation.Valid	externo	jakarta.validation-api-3.1.1.jar
br.com.sawcunhaos.organization.api.controller.ProfileApi	jakarta.validation.constraints.NotNull	externo	jakarta.validation-api-3.1.1.jar
br.com.sawcunhaos.organization.api.controller.ProfileApi	java.lang.Boolean	jdk	java.base
br.com.sawcunhaos.organization.api.controller.ProfileApi	java.lang.Long	jdk	java.base
br.com.sawcunhaos.organization.api.controller.ProfileApi	java.lang.Object	jdk	java.base
br.com.sawcunhaos.organization.api.controller.ProfileApi	java.lang.String	jdk	java.base
br.com.sawcunhaos.organization.api.controller.ProfileApi	java.lang.Void	jdk	java.base
br.com.sawcunhaos.organization.api.controller.ProfileApi	java.util.Optional	jdk	java.base
br.com.sawcunhaos.organization.api.controller.ProfileApi	java.util.UUID	jdk	java.base
br.com.sawcunhaos.organization.api.controller.ProfileApi	org.springframework.security.access.prepost.PreAuthorize	externo	spring-security-core-7.1.1.jar
br.com.sawcunhaos.organization.api.controller.ProfileApi	org.springframework.web.bind.annotation.PathVariable	externo	spring-web-7.0.9.jar
br.com.sawcunhaos.organization.api.controller.ProfileApi	org.springframework.web.bind.annotation.RequestBody	externo	spring-web-7.0.9.jar
br.com.sawcunhaos.organization.api.controller.ProfileApi	org.springframework.web.bind.annotation.RequestHeader	externo	spring-web-7.0.9.jar
br.com.sawcunhaos.organization.api.controller.ProfileApi	org.springframework.web.bind.annotation.RequestParam	externo	spring-web-7.0.9.jar
br.com.sawcunhaos.organization.api.controller.ProfileApi$1	br.com.sawcunhaos.organization.api.controller.ProfileApi	interno	classes
br.com.sawcunhaos.organization.api.controller.ProfileApi$1	br.com.sawcunhaos.organization.api.controller.ProfileApiDelegate	interno	classes
br.com.sawcunhaos.organization.api.controller.ProfileApi$1	java.lang.Object	jdk	java.base
br.com.sawcunhaos.organization.api.controller.ProfileApiController	br.com.sawcunhaos.foundation.web.annotation.ScosController	externo	scos-foundation-web-1.2.0-SNAPSHOT.jar
br.com.sawcunhaos.organization.api.controller.ProfileApiController	br.com.sawcunhaos.organization.api.controller.ProfileApi	interno	classes
br.com.sawcunhaos.organization.api.controller.ProfileApiController	br.com.sawcunhaos.organization.api.controller.ProfileApiController$1	interno	classes
br.com.sawcunhaos.organization.api.controller.ProfileApiController	br.com.sawcunhaos.organization.api.controller.ProfileApiDelegate	interno	classes
br.com.sawcunhaos.organization.api.controller.ProfileApiController	java.lang.Object	jdk	java.base
br.com.sawcunhaos.organization.api.controller.ProfileApiController	java.util.Optional	jdk	java.base
br.com.sawcunhaos.organization.api.controller.ProfileApiController	org.springframework.beans.factory.annotation.Autowired	externo	spring-beans-7.0.9.jar
br.com.sawcunhaos.organization.api.controller.ProfileApiController$1	br.com.sawcunhaos.organization.api.controller.ProfileApiController	interno	classes
br.com.sawcunhaos.organization.api.controller.ProfileApiController$1	br.com.sawcunhaos.organization.api.controller.ProfileApiDelegate	interno	classes
br.com.sawcunhaos.organization.api.controller.ProfileApiController$1	java.lang.Object	jdk	java.base
br.com.sawcunhaos.organization.api.controller.ProfileApiDelegate	br.com.sawcunhaos.foundation.core.exception.MethodNotImplementedException	externo	scos-foundation-core-1.2.0-SNAPSHOT.jar
br.com.sawcunhaos.organization.api.controller.ProfileApiDelegate	br.com.sawcunhaos.organization.api.dto.CreateProfileRequest	externo	flow-organization-usecase-1.0.0-SNAPSHOT.jar
br.com.sawcunhaos.organization.api.controller.ProfileApiDelegate	br.com.sawcunhaos.organization.api.dto.CreateResponse	externo	flow-organization-usecase-1.0.0-SNAPSHOT.jar
br.com.sawcunhaos.organization.api.controller.ProfileApiDelegate	br.com.sawcunhaos.organization.api.dto.GetAllProfilesResponse	externo	flow-organization-usecase-1.0.0-SNAPSHOT.jar
br.com.sawcunhaos.organization.api.controller.ProfileApiDelegate	br.com.sawcunhaos.organization.api.dto.GetProfileResourcesResponse	externo	flow-organization-usecase-1.0.0-SNAPSHOT.jar
br.com.sawcunhaos.organization.api.controller.ProfileApiDelegate	br.com.sawcunhaos.organization.api.dto.GetProfileResponse	externo	flow-organization-usecase-1.0.0-SNAPSHOT.jar
br.com.sawcunhaos.organization.api.controller.ProfileApiDelegate	br.com.sawcunhaos.organization.api.dto.PaginationFilter	externo	flow-organization-usecase-1.0.0-SNAPSHOT.jar
br.com.sawcunhaos.organization.api.controller.ProfileApiDelegate	br.com.sawcunhaos.organization.api.dto.UpdateProfileRequest	externo	flow-organization-usecase-1.0.0-SNAPSHOT.jar
br.com.sawcunhaos.organization.api.controller.ProfileApiDelegate	br.com.sawcunhaos.organization.api.dto.UpdateProfileResourcesRequest	externo	flow-organization-usecase-1.0.0-SNAPSHOT.jar
br.com.sawcunhaos.organization.api.controller.ProfileApiDelegate	java.lang.Boolean	jdk	java.base
br.com.sawcunhaos.organization.api.controller.ProfileApiDelegate	java.lang.Long	jdk	java.base
br.com.sawcunhaos.organization.api.controller.ProfileApiDelegate	java.lang.Object	jdk	java.base
br.com.sawcunhaos.organization.api.controller.ProfileApiDelegate	java.lang.String	jdk	java.base
br.com.sawcunhaos.organization.api.controller.ProfileApiDelegate	java.lang.Void	jdk	java.base
br.com.sawcunhaos.organization.api.controller.ProfileApiDelegate	java.util.Optional	jdk	java.base
br.com.sawcunhaos.organization.api.controller.ProfileApiDelegate	java.util.UUID	jdk	java.base
br.com.sawcunhaos.organization.api.controller.ReasonActivateApi	br.com.sawcunhaos.foundation.jdempotent.api.JdempotentRequestPayload	externo	scos-foundation-jdempotent-api-1.2.0-SNAPSHOT.jar
br.com.sawcunhaos.organization.api.controller.ReasonActivateApi	br.com.sawcunhaos.foundation.jdempotent.api.JdempotentResource	externo	scos-foundation-jdempotent-api-1.2.0-SNAPSHOT.jar
br.com.sawcunhaos.organization.api.controller.ReasonActivateApi	br.com.sawcunhaos.foundation.web.annotation.ScosRequestGET	externo	scos-foundation-web-1.2.0-SNAPSHOT.jar
br.com.sawcunhaos.organization.api.controller.ReasonActivateApi	br.com.sawcunhaos.foundation.web.annotation.ScosRequestPOST	externo	scos-foundation-web-1.2.0-SNAPSHOT.jar
br.com.sawcunhaos.organization.api.controller.ReasonActivateApi	br.com.sawcunhaos.foundation.web.annotation.ScosRequestPUT	externo	scos-foundation-web-1.2.0-SNAPSHOT.jar
br.com.sawcunhaos.organization.api.controller.ReasonActivateApi	br.com.sawcunhaos.organization.api.controller.ReasonActivateApi$1	interno	classes
br.com.sawcunhaos.organization.api.controller.ReasonActivateApi	br.com.sawcunhaos.organization.api.controller.ReasonActivateApiDelegate	interno	classes
br.com.sawcunhaos.organization.api.controller.ReasonActivateApi	br.com.sawcunhaos.organization.api.dto.CreateReasonActivateRequest	externo	flow-organization-usecase-1.0.0-SNAPSHOT.jar
br.com.sawcunhaos.organization.api.controller.ReasonActivateApi	br.com.sawcunhaos.organization.api.dto.CreateResponse	externo	flow-organization-usecase-1.0.0-SNAPSHOT.jar
br.com.sawcunhaos.organization.api.controller.ReasonActivateApi	br.com.sawcunhaos.organization.api.dto.GetAllReasonActivateResponse	externo	flow-organization-usecase-1.0.0-SNAPSHOT.jar
br.com.sawcunhaos.organization.api.controller.ReasonActivateApi	br.com.sawcunhaos.organization.api.dto.GetReasonActivateResponse	externo	flow-organization-usecase-1.0.0-SNAPSHOT.jar
br.com.sawcunhaos.organization.api.controller.ReasonActivateApi	br.com.sawcunhaos.organization.api.dto.PaginationFilter	externo	flow-organization-usecase-1.0.0-SNAPSHOT.jar
br.com.sawcunhaos.organization.api.controller.ReasonActivateApi	br.com.sawcunhaos.organization.api.dto.ReasonEntityType	externo	flow-organization-usecase-1.0.0-SNAPSHOT.jar
br.com.sawcunhaos.organization.api.controller.ReasonActivateApi	br.com.sawcunhaos.organization.api.dto.UpdateReasonActivateRequest	externo	flow-organization-usecase-1.0.0-SNAPSHOT.jar
br.com.sawcunhaos.organization.api.controller.ReasonActivateApi	jakarta.validation.Valid	externo	jakarta.validation-api-3.1.1.jar
br.com.sawcunhaos.organization.api.controller.ReasonActivateApi	jakarta.validation.constraints.NotNull	externo	jakarta.validation-api-3.1.1.jar
br.com.sawcunhaos.organization.api.controller.ReasonActivateApi	java.lang.Boolean	jdk	java.base
br.com.sawcunhaos.organization.api.controller.ReasonActivateApi	java.lang.Long	jdk	java.base
br.com.sawcunhaos.organization.api.controller.ReasonActivateApi	java.lang.Object	jdk	java.base
br.com.sawcunhaos.organization.api.controller.ReasonActivateApi	java.lang.String	jdk	java.base
br.com.sawcunhaos.organization.api.controller.ReasonActivateApi	java.lang.Void	jdk	java.base
br.com.sawcunhaos.organization.api.controller.ReasonActivateApi	java.util.Optional	jdk	java.base
br.com.sawcunhaos.organization.api.controller.ReasonActivateApi	java.util.UUID	jdk	java.base
br.com.sawcunhaos.organization.api.controller.ReasonActivateApi	org.springframework.security.access.prepost.PreAuthorize	externo	spring-security-core-7.1.1.jar
br.com.sawcunhaos.organization.api.controller.ReasonActivateApi	org.springframework.web.bind.annotation.PathVariable	externo	spring-web-7.0.9.jar
br.com.sawcunhaos.organization.api.controller.ReasonActivateApi	org.springframework.web.bind.annotation.RequestBody	externo	spring-web-7.0.9.jar
br.com.sawcunhaos.organization.api.controller.ReasonActivateApi	org.springframework.web.bind.annotation.RequestHeader	externo	spring-web-7.0.9.jar
br.com.sawcunhaos.organization.api.controller.ReasonActivateApi	org.springframework.web.bind.annotation.RequestParam	externo	spring-web-7.0.9.jar
br.com.sawcunhaos.organization.api.controller.ReasonActivateApi$1	br.com.sawcunhaos.organization.api.controller.ReasonActivateApi	interno	classes
br.com.sawcunhaos.organization.api.controller.ReasonActivateApi$1	br.com.sawcunhaos.organization.api.controller.ReasonActivateApiDelegate	interno	classes
br.com.sawcunhaos.organization.api.controller.ReasonActivateApi$1	java.lang.Object	jdk	java.base
br.com.sawcunhaos.organization.api.controller.ReasonActivateApiController	br.com.sawcunhaos.foundation.web.annotation.ScosController	externo	scos-foundation-web-1.2.0-SNAPSHOT.jar
br.com.sawcunhaos.organization.api.controller.ReasonActivateApiController	br.com.sawcunhaos.organization.api.controller.ReasonActivateApi	interno	classes
br.com.sawcunhaos.organization.api.controller.ReasonActivateApiController	br.com.sawcunhaos.organization.api.controller.ReasonActivateApiController$1	interno	classes
br.com.sawcunhaos.organization.api.controller.ReasonActivateApiController	br.com.sawcunhaos.organization.api.controller.ReasonActivateApiDelegate	interno	classes
br.com.sawcunhaos.organization.api.controller.ReasonActivateApiController	java.lang.Object	jdk	java.base
br.com.sawcunhaos.organization.api.controller.ReasonActivateApiController	java.util.Optional	jdk	java.base
br.com.sawcunhaos.organization.api.controller.ReasonActivateApiController	org.springframework.beans.factory.annotation.Autowired	externo	spring-beans-7.0.9.jar
br.com.sawcunhaos.organization.api.controller.ReasonActivateApiController$1	br.com.sawcunhaos.organization.api.controller.ReasonActivateApiController	interno	classes
br.com.sawcunhaos.organization.api.controller.ReasonActivateApiController$1	br.com.sawcunhaos.organization.api.controller.ReasonActivateApiDelegate	interno	classes
br.com.sawcunhaos.organization.api.controller.ReasonActivateApiController$1	java.lang.Object	jdk	java.base
br.com.sawcunhaos.organization.api.controller.ReasonActivateApiDelegate	br.com.sawcunhaos.foundation.core.exception.MethodNotImplementedException	externo	scos-foundation-core-1.2.0-SNAPSHOT.jar
br.com.sawcunhaos.organization.api.controller.ReasonActivateApiDelegate	br.com.sawcunhaos.organization.api.dto.CreateReasonActivateRequest	externo	flow-organization-usecase-1.0.0-SNAPSHOT.jar
br.com.sawcunhaos.organization.api.controller.ReasonActivateApiDelegate	br.com.sawcunhaos.organization.api.dto.CreateResponse	externo	flow-organization-usecase-1.0.0-SNAPSHOT.jar
br.com.sawcunhaos.organization.api.controller.ReasonActivateApiDelegate	br.com.sawcunhaos.organization.api.dto.GetAllReasonActivateResponse	externo	flow-organization-usecase-1.0.0-SNAPSHOT.jar
br.com.sawcunhaos.organization.api.controller.ReasonActivateApiDelegate	br.com.sawcunhaos.organization.api.dto.GetReasonActivateResponse	externo	flow-organization-usecase-1.0.0-SNAPSHOT.jar
br.com.sawcunhaos.organization.api.controller.ReasonActivateApiDelegate	br.com.sawcunhaos.organization.api.dto.PaginationFilter	externo	flow-organization-usecase-1.0.0-SNAPSHOT.jar
br.com.sawcunhaos.organization.api.controller.ReasonActivateApiDelegate	br.com.sawcunhaos.organization.api.dto.ReasonEntityType	externo	flow-organization-usecase-1.0.0-SNAPSHOT.jar
br.com.sawcunhaos.organization.api.controller.ReasonActivateApiDelegate	br.com.sawcunhaos.organization.api.dto.UpdateReasonActivateRequest	externo	flow-organization-usecase-1.0.0-SNAPSHOT.jar
br.com.sawcunhaos.organization.api.controller.ReasonActivateApiDelegate	java.lang.Boolean	jdk	java.base
br.com.sawcunhaos.organization.api.controller.ReasonActivateApiDelegate	java.lang.Long	jdk	java.base
br.com.sawcunhaos.organization.api.controller.ReasonActivateApiDelegate	java.lang.Object	jdk	java.base
br.com.sawcunhaos.organization.api.controller.ReasonActivateApiDelegate	java.lang.String	jdk	java.base
br.com.sawcunhaos.organization.api.controller.ReasonActivateApiDelegate	java.lang.Void	jdk	java.base
br.com.sawcunhaos.organization.api.controller.ReasonActivateApiDelegate	java.util.Optional	jdk	java.base
br.com.sawcunhaos.organization.api.controller.ReasonActivateApiDelegate	java.util.UUID	jdk	java.base
br.com.sawcunhaos.organization.api.controller.ReasonDisableApi	br.com.sawcunhaos.foundation.jdempotent.api.JdempotentRequestPayload	externo	scos-foundation-jdempotent-api-1.2.0-SNAPSHOT.jar
br.com.sawcunhaos.organization.api.controller.ReasonDisableApi	br.com.sawcunhaos.foundation.jdempotent.api.JdempotentResource	externo	scos-foundation-jdempotent-api-1.2.0-SNAPSHOT.jar
br.com.sawcunhaos.organization.api.controller.ReasonDisableApi	br.com.sawcunhaos.foundation.web.annotation.ScosRequestGET	externo	scos-foundation-web-1.2.0-SNAPSHOT.jar
br.com.sawcunhaos.organization.api.controller.ReasonDisableApi	br.com.sawcunhaos.foundation.web.annotation.ScosRequestPOST	externo	scos-foundation-web-1.2.0-SNAPSHOT.jar
br.com.sawcunhaos.organization.api.controller.ReasonDisableApi	br.com.sawcunhaos.foundation.web.annotation.ScosRequestPUT	externo	scos-foundation-web-1.2.0-SNAPSHOT.jar
br.com.sawcunhaos.organization.api.controller.ReasonDisableApi	br.com.sawcunhaos.organization.api.controller.ReasonDisableApi$1	interno	classes
br.com.sawcunhaos.organization.api.controller.ReasonDisableApi	br.com.sawcunhaos.organization.api.controller.ReasonDisableApiDelegate	interno	classes
br.com.sawcunhaos.organization.api.controller.ReasonDisableApi	br.com.sawcunhaos.organization.api.dto.CreateReasonDisableRequest	externo	flow-organization-usecase-1.0.0-SNAPSHOT.jar
br.com.sawcunhaos.organization.api.controller.ReasonDisableApi	br.com.sawcunhaos.organization.api.dto.CreateResponse	externo	flow-organization-usecase-1.0.0-SNAPSHOT.jar
br.com.sawcunhaos.organization.api.controller.ReasonDisableApi	br.com.sawcunhaos.organization.api.dto.GetAllReasonDisableResponse	externo	flow-organization-usecase-1.0.0-SNAPSHOT.jar
br.com.sawcunhaos.organization.api.controller.ReasonDisableApi	br.com.sawcunhaos.organization.api.dto.GetReasonDisableResponse	externo	flow-organization-usecase-1.0.0-SNAPSHOT.jar
br.com.sawcunhaos.organization.api.controller.ReasonDisableApi	br.com.sawcunhaos.organization.api.dto.PaginationFilter	externo	flow-organization-usecase-1.0.0-SNAPSHOT.jar
br.com.sawcunhaos.organization.api.controller.ReasonDisableApi	br.com.sawcunhaos.organization.api.dto.ReasonEntityType	externo	flow-organization-usecase-1.0.0-SNAPSHOT.jar
br.com.sawcunhaos.organization.api.controller.ReasonDisableApi	br.com.sawcunhaos.organization.api.dto.UpdateReasonDisableRequest	externo	flow-organization-usecase-1.0.0-SNAPSHOT.jar
br.com.sawcunhaos.organization.api.controller.ReasonDisableApi	jakarta.validation.Valid	externo	jakarta.validation-api-3.1.1.jar
br.com.sawcunhaos.organization.api.controller.ReasonDisableApi	jakarta.validation.constraints.NotNull	externo	jakarta.validation-api-3.1.1.jar
br.com.sawcunhaos.organization.api.controller.ReasonDisableApi	java.lang.Boolean	jdk	java.base
br.com.sawcunhaos.organization.api.controller.ReasonDisableApi	java.lang.Long	jdk	java.base
br.com.sawcunhaos.organization.api.controller.ReasonDisableApi	java.lang.Object	jdk	java.base
br.com.sawcunhaos.organization.api.controller.ReasonDisableApi	java.lang.String	jdk	java.base
br.com.sawcunhaos.organization.api.controller.ReasonDisableApi	java.lang.Void	jdk	java.base
br.com.sawcunhaos.organization.api.controller.ReasonDisableApi	java.util.Optional	jdk	java.base
br.com.sawcunhaos.organization.api.controller.ReasonDisableApi	java.util.UUID	jdk	java.base
br.com.sawcunhaos.organization.api.controller.ReasonDisableApi	org.springframework.security.access.prepost.PreAuthorize	externo	spring-security-core-7.1.1.jar
br.com.sawcunhaos.organization.api.controller.ReasonDisableApi	org.springframework.web.bind.annotation.PathVariable	externo	spring-web-7.0.9.jar
br.com.sawcunhaos.organization.api.controller.ReasonDisableApi	org.springframework.web.bind.annotation.RequestBody	externo	spring-web-7.0.9.jar
br.com.sawcunhaos.organization.api.controller.ReasonDisableApi	org.springframework.web.bind.annotation.RequestHeader	externo	spring-web-7.0.9.jar
br.com.sawcunhaos.organization.api.controller.ReasonDisableApi	org.springframework.web.bind.annotation.RequestParam	externo	spring-web-7.0.9.jar
br.com.sawcunhaos.organization.api.controller.ReasonDisableApi$1	br.com.sawcunhaos.organization.api.controller.ReasonDisableApi	interno	classes
br.com.sawcunhaos.organization.api.controller.ReasonDisableApi$1	br.com.sawcunhaos.organization.api.controller.ReasonDisableApiDelegate	interno	classes
br.com.sawcunhaos.organization.api.controller.ReasonDisableApi$1	java.lang.Object	jdk	java.base
br.com.sawcunhaos.organization.api.controller.ReasonDisableApiController	br.com.sawcunhaos.foundation.web.annotation.ScosController	externo	scos-foundation-web-1.2.0-SNAPSHOT.jar
br.com.sawcunhaos.organization.api.controller.ReasonDisableApiController	br.com.sawcunhaos.organization.api.controller.ReasonDisableApi	interno	classes
br.com.sawcunhaos.organization.api.controller.ReasonDisableApiController	br.com.sawcunhaos.organization.api.controller.ReasonDisableApiController$1	interno	classes
br.com.sawcunhaos.organization.api.controller.ReasonDisableApiController	br.com.sawcunhaos.organization.api.controller.ReasonDisableApiDelegate	interno	classes
br.com.sawcunhaos.organization.api.controller.ReasonDisableApiController	java.lang.Object	jdk	java.base
br.com.sawcunhaos.organization.api.controller.ReasonDisableApiController	java.util.Optional	jdk	java.base
br.com.sawcunhaos.organization.api.controller.ReasonDisableApiController	org.springframework.beans.factory.annotation.Autowired	externo	spring-beans-7.0.9.jar
br.com.sawcunhaos.organization.api.controller.ReasonDisableApiController$1	br.com.sawcunhaos.organization.api.controller.ReasonDisableApiController	interno	classes
br.com.sawcunhaos.organization.api.controller.ReasonDisableApiController$1	br.com.sawcunhaos.organization.api.controller.ReasonDisableApiDelegate	interno	classes
br.com.sawcunhaos.organization.api.controller.ReasonDisableApiController$1	java.lang.Object	jdk	java.base
br.com.sawcunhaos.organization.api.controller.ReasonDisableApiDelegate	br.com.sawcunhaos.foundation.core.exception.MethodNotImplementedException	externo	scos-foundation-core-1.2.0-SNAPSHOT.jar
br.com.sawcunhaos.organization.api.controller.ReasonDisableApiDelegate	br.com.sawcunhaos.organization.api.dto.CreateReasonDisableRequest	externo	flow-organization-usecase-1.0.0-SNAPSHOT.jar
br.com.sawcunhaos.organization.api.controller.ReasonDisableApiDelegate	br.com.sawcunhaos.organization.api.dto.CreateResponse	externo	flow-organization-usecase-1.0.0-SNAPSHOT.jar
br.com.sawcunhaos.organization.api.controller.ReasonDisableApiDelegate	br.com.sawcunhaos.organization.api.dto.GetAllReasonDisableResponse	externo	flow-organization-usecase-1.0.0-SNAPSHOT.jar
br.com.sawcunhaos.organization.api.controller.ReasonDisableApiDelegate	br.com.sawcunhaos.organization.api.dto.GetReasonDisableResponse	externo	flow-organization-usecase-1.0.0-SNAPSHOT.jar
br.com.sawcunhaos.organization.api.controller.ReasonDisableApiDelegate	br.com.sawcunhaos.organization.api.dto.PaginationFilter	externo	flow-organization-usecase-1.0.0-SNAPSHOT.jar
br.com.sawcunhaos.organization.api.controller.ReasonDisableApiDelegate	br.com.sawcunhaos.organization.api.dto.ReasonEntityType	externo	flow-organization-usecase-1.0.0-SNAPSHOT.jar
br.com.sawcunhaos.organization.api.controller.ReasonDisableApiDelegate	br.com.sawcunhaos.organization.api.dto.UpdateReasonDisableRequest	externo	flow-organization-usecase-1.0.0-SNAPSHOT.jar
br.com.sawcunhaos.organization.api.controller.ReasonDisableApiDelegate	java.lang.Boolean	jdk	java.base
br.com.sawcunhaos.organization.api.controller.ReasonDisableApiDelegate	java.lang.Long	jdk	java.base
br.com.sawcunhaos.organization.api.controller.ReasonDisableApiDelegate	java.lang.Object	jdk	java.base
br.com.sawcunhaos.organization.api.controller.ReasonDisableApiDelegate	java.lang.String	jdk	java.base
br.com.sawcunhaos.organization.api.controller.ReasonDisableApiDelegate	java.lang.Void	jdk	java.base
br.com.sawcunhaos.organization.api.controller.ReasonDisableApiDelegate	java.util.Optional	jdk	java.base
br.com.sawcunhaos.organization.api.controller.ReasonDisableApiDelegate	java.util.UUID	jdk	java.base
br.com.sawcunhaos.organization.api.controller.ReasonEnableApi	br.com.sawcunhaos.foundation.jdempotent.api.JdempotentRequestPayload	externo	scos-foundation-jdempotent-api-1.2.0-SNAPSHOT.jar
br.com.sawcunhaos.organization.api.controller.ReasonEnableApi	br.com.sawcunhaos.foundation.jdempotent.api.JdempotentResource	externo	scos-foundation-jdempotent-api-1.2.0-SNAPSHOT.jar
br.com.sawcunhaos.organization.api.controller.ReasonEnableApi	br.com.sawcunhaos.foundation.web.annotation.ScosRequestGET	externo	scos-foundation-web-1.2.0-SNAPSHOT.jar
br.com.sawcunhaos.organization.api.controller.ReasonEnableApi	br.com.sawcunhaos.foundation.web.annotation.ScosRequestPOST	externo	scos-foundation-web-1.2.0-SNAPSHOT.jar
br.com.sawcunhaos.organization.api.controller.ReasonEnableApi	br.com.sawcunhaos.foundation.web.annotation.ScosRequestPUT	externo	scos-foundation-web-1.2.0-SNAPSHOT.jar
br.com.sawcunhaos.organization.api.controller.ReasonEnableApi	br.com.sawcunhaos.organization.api.controller.ReasonEnableApi$1	interno	classes
br.com.sawcunhaos.organization.api.controller.ReasonEnableApi	br.com.sawcunhaos.organization.api.controller.ReasonEnableApiDelegate	interno	classes
br.com.sawcunhaos.organization.api.controller.ReasonEnableApi	br.com.sawcunhaos.organization.api.dto.CreateReasonEnableRequest	externo	flow-organization-usecase-1.0.0-SNAPSHOT.jar
br.com.sawcunhaos.organization.api.controller.ReasonEnableApi	br.com.sawcunhaos.organization.api.dto.CreateResponse	externo	flow-organization-usecase-1.0.0-SNAPSHOT.jar
br.com.sawcunhaos.organization.api.controller.ReasonEnableApi	br.com.sawcunhaos.organization.api.dto.GetAllReasonEnableResponse	externo	flow-organization-usecase-1.0.0-SNAPSHOT.jar
br.com.sawcunhaos.organization.api.controller.ReasonEnableApi	br.com.sawcunhaos.organization.api.dto.GetReasonEnableResponse	externo	flow-organization-usecase-1.0.0-SNAPSHOT.jar
br.com.sawcunhaos.organization.api.controller.ReasonEnableApi	br.com.sawcunhaos.organization.api.dto.PaginationFilter	externo	flow-organization-usecase-1.0.0-SNAPSHOT.jar
br.com.sawcunhaos.organization.api.controller.ReasonEnableApi	br.com.sawcunhaos.organization.api.dto.ReasonEntityType	externo	flow-organization-usecase-1.0.0-SNAPSHOT.jar
br.com.sawcunhaos.organization.api.controller.ReasonEnableApi	br.com.sawcunhaos.organization.api.dto.UpdateReasonEnableRequest	externo	flow-organization-usecase-1.0.0-SNAPSHOT.jar
br.com.sawcunhaos.organization.api.controller.ReasonEnableApi	jakarta.validation.Valid	externo	jakarta.validation-api-3.1.1.jar
br.com.sawcunhaos.organization.api.controller.ReasonEnableApi	jakarta.validation.constraints.NotNull	externo	jakarta.validation-api-3.1.1.jar
br.com.sawcunhaos.organization.api.controller.ReasonEnableApi	java.lang.Boolean	jdk	java.base
br.com.sawcunhaos.organization.api.controller.ReasonEnableApi	java.lang.Long	jdk	java.base
br.com.sawcunhaos.organization.api.controller.ReasonEnableApi	java.lang.Object	jdk	java.base
br.com.sawcunhaos.organization.api.controller.ReasonEnableApi	java.lang.String	jdk	java.base
br.com.sawcunhaos.organization.api.controller.ReasonEnableApi	java.lang.Void	jdk	java.base
br.com.sawcunhaos.organization.api.controller.ReasonEnableApi	java.util.Optional	jdk	java.base
br.com.sawcunhaos.organization.api.controller.ReasonEnableApi	java.util.UUID	jdk	java.base
br.com.sawcunhaos.organization.api.controller.ReasonEnableApi	org.springframework.security.access.prepost.PreAuthorize	externo	spring-security-core-7.1.1.jar
br.com.sawcunhaos.organization.api.controller.ReasonEnableApi	org.springframework.web.bind.annotation.PathVariable	externo	spring-web-7.0.9.jar
br.com.sawcunhaos.organization.api.controller.ReasonEnableApi	org.springframework.web.bind.annotation.RequestBody	externo	spring-web-7.0.9.jar
br.com.sawcunhaos.organization.api.controller.ReasonEnableApi	org.springframework.web.bind.annotation.RequestHeader	externo	spring-web-7.0.9.jar
br.com.sawcunhaos.organization.api.controller.ReasonEnableApi	org.springframework.web.bind.annotation.RequestParam	externo	spring-web-7.0.9.jar
br.com.sawcunhaos.organization.api.controller.ReasonEnableApi$1	br.com.sawcunhaos.organization.api.controller.ReasonEnableApi	interno	classes
br.com.sawcunhaos.organization.api.controller.ReasonEnableApi$1	br.com.sawcunhaos.organization.api.controller.ReasonEnableApiDelegate	interno	classes
br.com.sawcunhaos.organization.api.controller.ReasonEnableApi$1	java.lang.Object	jdk	java.base
br.com.sawcunhaos.organization.api.controller.ReasonEnableApiController	br.com.sawcunhaos.foundation.web.annotation.ScosController	externo	scos-foundation-web-1.2.0-SNAPSHOT.jar
br.com.sawcunhaos.organization.api.controller.ReasonEnableApiController	br.com.sawcunhaos.organization.api.controller.ReasonEnableApi	interno	classes
br.com.sawcunhaos.organization.api.controller.ReasonEnableApiController	br.com.sawcunhaos.organization.api.controller.ReasonEnableApiController$1	interno	classes
br.com.sawcunhaos.organization.api.controller.ReasonEnableApiController	br.com.sawcunhaos.organization.api.controller.ReasonEnableApiDelegate	interno	classes
br.com.sawcunhaos.organization.api.controller.ReasonEnableApiController	java.lang.Object	jdk	java.base
br.com.sawcunhaos.organization.api.controller.ReasonEnableApiController	java.util.Optional	jdk	java.base
br.com.sawcunhaos.organization.api.controller.ReasonEnableApiController	org.springframework.beans.factory.annotation.Autowired	externo	spring-beans-7.0.9.jar
br.com.sawcunhaos.organization.api.controller.ReasonEnableApiController$1	br.com.sawcunhaos.organization.api.controller.ReasonEnableApiController	interno	classes
br.com.sawcunhaos.organization.api.controller.ReasonEnableApiController$1	br.com.sawcunhaos.organization.api.controller.ReasonEnableApiDelegate	interno	classes
br.com.sawcunhaos.organization.api.controller.ReasonEnableApiController$1	java.lang.Object	jdk	java.base
br.com.sawcunhaos.organization.api.controller.ReasonEnableApiDelegate	br.com.sawcunhaos.foundation.core.exception.MethodNotImplementedException	externo	scos-foundation-core-1.2.0-SNAPSHOT.jar
br.com.sawcunhaos.organization.api.controller.ReasonEnableApiDelegate	br.com.sawcunhaos.organization.api.dto.CreateReasonEnableRequest	externo	flow-organization-usecase-1.0.0-SNAPSHOT.jar
br.com.sawcunhaos.organization.api.controller.ReasonEnableApiDelegate	br.com.sawcunhaos.organization.api.dto.CreateResponse	externo	flow-organization-usecase-1.0.0-SNAPSHOT.jar
br.com.sawcunhaos.organization.api.controller.ReasonEnableApiDelegate	br.com.sawcunhaos.organization.api.dto.GetAllReasonEnableResponse	externo	flow-organization-usecase-1.0.0-SNAPSHOT.jar
br.com.sawcunhaos.organization.api.controller.ReasonEnableApiDelegate	br.com.sawcunhaos.organization.api.dto.GetReasonEnableResponse	externo	flow-organization-usecase-1.0.0-SNAPSHOT.jar
br.com.sawcunhaos.organization.api.controller.ReasonEnableApiDelegate	br.com.sawcunhaos.organization.api.dto.PaginationFilter	externo	flow-organization-usecase-1.0.0-SNAPSHOT.jar
br.com.sawcunhaos.organization.api.controller.ReasonEnableApiDelegate	br.com.sawcunhaos.organization.api.dto.ReasonEntityType	externo	flow-organization-usecase-1.0.0-SNAPSHOT.jar
br.com.sawcunhaos.organization.api.controller.ReasonEnableApiDelegate	br.com.sawcunhaos.organization.api.dto.UpdateReasonEnableRequest	externo	flow-organization-usecase-1.0.0-SNAPSHOT.jar
br.com.sawcunhaos.organization.api.controller.ReasonEnableApiDelegate	java.lang.Boolean	jdk	java.base
br.com.sawcunhaos.organization.api.controller.ReasonEnableApiDelegate	java.lang.Long	jdk	java.base
br.com.sawcunhaos.organization.api.controller.ReasonEnableApiDelegate	java.lang.Object	jdk	java.base
br.com.sawcunhaos.organization.api.controller.ReasonEnableApiDelegate	java.lang.String	jdk	java.base
br.com.sawcunhaos.organization.api.controller.ReasonEnableApiDelegate	java.lang.Void	jdk	java.base
br.com.sawcunhaos.organization.api.controller.ReasonEnableApiDelegate	java.util.Optional	jdk	java.base
br.com.sawcunhaos.organization.api.controller.ReasonEnableApiDelegate	java.util.UUID	jdk	java.base
br.com.sawcunhaos.organization.api.controller.ReasonInactivateApi	br.com.sawcunhaos.foundation.jdempotent.api.JdempotentRequestPayload	externo	scos-foundation-jdempotent-api-1.2.0-SNAPSHOT.jar
br.com.sawcunhaos.organization.api.controller.ReasonInactivateApi	br.com.sawcunhaos.foundation.jdempotent.api.JdempotentResource	externo	scos-foundation-jdempotent-api-1.2.0-SNAPSHOT.jar
br.com.sawcunhaos.organization.api.controller.ReasonInactivateApi	br.com.sawcunhaos.foundation.web.annotation.ScosRequestGET	externo	scos-foundation-web-1.2.0-SNAPSHOT.jar
br.com.sawcunhaos.organization.api.controller.ReasonInactivateApi	br.com.sawcunhaos.foundation.web.annotation.ScosRequestPOST	externo	scos-foundation-web-1.2.0-SNAPSHOT.jar
br.com.sawcunhaos.organization.api.controller.ReasonInactivateApi	br.com.sawcunhaos.foundation.web.annotation.ScosRequestPUT	externo	scos-foundation-web-1.2.0-SNAPSHOT.jar
br.com.sawcunhaos.organization.api.controller.ReasonInactivateApi	br.com.sawcunhaos.organization.api.controller.ReasonInactivateApi$1	interno	classes
br.com.sawcunhaos.organization.api.controller.ReasonInactivateApi	br.com.sawcunhaos.organization.api.controller.ReasonInactivateApiDelegate	interno	classes
br.com.sawcunhaos.organization.api.controller.ReasonInactivateApi	br.com.sawcunhaos.organization.api.dto.CreateReasonInactivateRequest	externo	flow-organization-usecase-1.0.0-SNAPSHOT.jar
br.com.sawcunhaos.organization.api.controller.ReasonInactivateApi	br.com.sawcunhaos.organization.api.dto.CreateResponse	externo	flow-organization-usecase-1.0.0-SNAPSHOT.jar
br.com.sawcunhaos.organization.api.controller.ReasonInactivateApi	br.com.sawcunhaos.organization.api.dto.GetAllReasonInactivateResponse	externo	flow-organization-usecase-1.0.0-SNAPSHOT.jar
br.com.sawcunhaos.organization.api.controller.ReasonInactivateApi	br.com.sawcunhaos.organization.api.dto.GetReasonInactivateResponse	externo	flow-organization-usecase-1.0.0-SNAPSHOT.jar
br.com.sawcunhaos.organization.api.controller.ReasonInactivateApi	br.com.sawcunhaos.organization.api.dto.PaginationFilter	externo	flow-organization-usecase-1.0.0-SNAPSHOT.jar
br.com.sawcunhaos.organization.api.controller.ReasonInactivateApi	br.com.sawcunhaos.organization.api.dto.ReasonEntityType	externo	flow-organization-usecase-1.0.0-SNAPSHOT.jar
br.com.sawcunhaos.organization.api.controller.ReasonInactivateApi	br.com.sawcunhaos.organization.api.dto.UpdateReasonInactivateRequest	externo	flow-organization-usecase-1.0.0-SNAPSHOT.jar
br.com.sawcunhaos.organization.api.controller.ReasonInactivateApi	jakarta.validation.Valid	externo	jakarta.validation-api-3.1.1.jar
br.com.sawcunhaos.organization.api.controller.ReasonInactivateApi	jakarta.validation.constraints.NotNull	externo	jakarta.validation-api-3.1.1.jar
br.com.sawcunhaos.organization.api.controller.ReasonInactivateApi	java.lang.Boolean	jdk	java.base
br.com.sawcunhaos.organization.api.controller.ReasonInactivateApi	java.lang.Long	jdk	java.base
br.com.sawcunhaos.organization.api.controller.ReasonInactivateApi	java.lang.Object	jdk	java.base
br.com.sawcunhaos.organization.api.controller.ReasonInactivateApi	java.lang.String	jdk	java.base
br.com.sawcunhaos.organization.api.controller.ReasonInactivateApi	java.lang.Void	jdk	java.base
br.com.sawcunhaos.organization.api.controller.ReasonInactivateApi	java.util.Optional	jdk	java.base
br.com.sawcunhaos.organization.api.controller.ReasonInactivateApi	java.util.UUID	jdk	java.base
br.com.sawcunhaos.organization.api.controller.ReasonInactivateApi	org.springframework.security.access.prepost.PreAuthorize	externo	spring-security-core-7.1.1.jar
br.com.sawcunhaos.organization.api.controller.ReasonInactivateApi	org.springframework.web.bind.annotation.PathVariable	externo	spring-web-7.0.9.jar
br.com.sawcunhaos.organization.api.controller.ReasonInactivateApi	org.springframework.web.bind.annotation.RequestBody	externo	spring-web-7.0.9.jar
br.com.sawcunhaos.organization.api.controller.ReasonInactivateApi	org.springframework.web.bind.annotation.RequestHeader	externo	spring-web-7.0.9.jar
br.com.sawcunhaos.organization.api.controller.ReasonInactivateApi	org.springframework.web.bind.annotation.RequestParam	externo	spring-web-7.0.9.jar
br.com.sawcunhaos.organization.api.controller.ReasonInactivateApi$1	br.com.sawcunhaos.organization.api.controller.ReasonInactivateApi	interno	classes
br.com.sawcunhaos.organization.api.controller.ReasonInactivateApi$1	br.com.sawcunhaos.organization.api.controller.ReasonInactivateApiDelegate	interno	classes
br.com.sawcunhaos.organization.api.controller.ReasonInactivateApi$1	java.lang.Object	jdk	java.base
br.com.sawcunhaos.organization.api.controller.ReasonInactivateApiController	br.com.sawcunhaos.foundation.web.annotation.ScosController	externo	scos-foundation-web-1.2.0-SNAPSHOT.jar
br.com.sawcunhaos.organization.api.controller.ReasonInactivateApiController	br.com.sawcunhaos.organization.api.controller.ReasonInactivateApi	interno	classes
br.com.sawcunhaos.organization.api.controller.ReasonInactivateApiController	br.com.sawcunhaos.organization.api.controller.ReasonInactivateApiController$1	interno	classes
br.com.sawcunhaos.organization.api.controller.ReasonInactivateApiController	br.com.sawcunhaos.organization.api.controller.ReasonInactivateApiDelegate	interno	classes
br.com.sawcunhaos.organization.api.controller.ReasonInactivateApiController	java.lang.Object	jdk	java.base
br.com.sawcunhaos.organization.api.controller.ReasonInactivateApiController	java.util.Optional	jdk	java.base
br.com.sawcunhaos.organization.api.controller.ReasonInactivateApiController	org.springframework.beans.factory.annotation.Autowired	externo	spring-beans-7.0.9.jar
br.com.sawcunhaos.organization.api.controller.ReasonInactivateApiController$1	br.com.sawcunhaos.organization.api.controller.ReasonInactivateApiController	interno	classes
br.com.sawcunhaos.organization.api.controller.ReasonInactivateApiController$1	br.com.sawcunhaos.organization.api.controller.ReasonInactivateApiDelegate	interno	classes
br.com.sawcunhaos.organization.api.controller.ReasonInactivateApiController$1	java.lang.Object	jdk	java.base
br.com.sawcunhaos.organization.api.controller.ReasonInactivateApiDelegate	br.com.sawcunhaos.foundation.core.exception.MethodNotImplementedException	externo	scos-foundation-core-1.2.0-SNAPSHOT.jar
br.com.sawcunhaos.organization.api.controller.ReasonInactivateApiDelegate	br.com.sawcunhaos.organization.api.dto.CreateReasonInactivateRequest	externo	flow-organization-usecase-1.0.0-SNAPSHOT.jar
br.com.sawcunhaos.organization.api.controller.ReasonInactivateApiDelegate	br.com.sawcunhaos.organization.api.dto.CreateResponse	externo	flow-organization-usecase-1.0.0-SNAPSHOT.jar
br.com.sawcunhaos.organization.api.controller.ReasonInactivateApiDelegate	br.com.sawcunhaos.organization.api.dto.GetAllReasonInactivateResponse	externo	flow-organization-usecase-1.0.0-SNAPSHOT.jar
br.com.sawcunhaos.organization.api.controller.ReasonInactivateApiDelegate	br.com.sawcunhaos.organization.api.dto.GetReasonInactivateResponse	externo	flow-organization-usecase-1.0.0-SNAPSHOT.jar
br.com.sawcunhaos.organization.api.controller.ReasonInactivateApiDelegate	br.com.sawcunhaos.organization.api.dto.PaginationFilter	externo	flow-organization-usecase-1.0.0-SNAPSHOT.jar
br.com.sawcunhaos.organization.api.controller.ReasonInactivateApiDelegate	br.com.sawcunhaos.organization.api.dto.ReasonEntityType	externo	flow-organization-usecase-1.0.0-SNAPSHOT.jar
br.com.sawcunhaos.organization.api.controller.ReasonInactivateApiDelegate	br.com.sawcunhaos.organization.api.dto.UpdateReasonInactivateRequest	externo	flow-organization-usecase-1.0.0-SNAPSHOT.jar
br.com.sawcunhaos.organization.api.controller.ReasonInactivateApiDelegate	java.lang.Boolean	jdk	java.base
br.com.sawcunhaos.organization.api.controller.ReasonInactivateApiDelegate	java.lang.Long	jdk	java.base
br.com.sawcunhaos.organization.api.controller.ReasonInactivateApiDelegate	java.lang.Object	jdk	java.base
br.com.sawcunhaos.organization.api.controller.ReasonInactivateApiDelegate	java.lang.String	jdk	java.base
br.com.sawcunhaos.organization.api.controller.ReasonInactivateApiDelegate	java.lang.Void	jdk	java.base
br.com.sawcunhaos.organization.api.controller.ReasonInactivateApiDelegate	java.util.Optional	jdk	java.base
br.com.sawcunhaos.organization.api.controller.ReasonInactivateApiDelegate	java.util.UUID	jdk	java.base
br.com.sawcunhaos.organization.api.controller.ReasonPositionChangeApi	br.com.sawcunhaos.foundation.jdempotent.api.JdempotentRequestPayload	externo	scos-foundation-jdempotent-api-1.2.0-SNAPSHOT.jar
br.com.sawcunhaos.organization.api.controller.ReasonPositionChangeApi	br.com.sawcunhaos.foundation.jdempotent.api.JdempotentResource	externo	scos-foundation-jdempotent-api-1.2.0-SNAPSHOT.jar
br.com.sawcunhaos.organization.api.controller.ReasonPositionChangeApi	br.com.sawcunhaos.foundation.web.annotation.ScosRequestGET	externo	scos-foundation-web-1.2.0-SNAPSHOT.jar
br.com.sawcunhaos.organization.api.controller.ReasonPositionChangeApi	br.com.sawcunhaos.foundation.web.annotation.ScosRequestPOST	externo	scos-foundation-web-1.2.0-SNAPSHOT.jar
br.com.sawcunhaos.organization.api.controller.ReasonPositionChangeApi	br.com.sawcunhaos.foundation.web.annotation.ScosRequestPUT	externo	scos-foundation-web-1.2.0-SNAPSHOT.jar
br.com.sawcunhaos.organization.api.controller.ReasonPositionChangeApi	br.com.sawcunhaos.organization.api.controller.ReasonPositionChangeApi$1	interno	classes
br.com.sawcunhaos.organization.api.controller.ReasonPositionChangeApi	br.com.sawcunhaos.organization.api.controller.ReasonPositionChangeApiDelegate	interno	classes
br.com.sawcunhaos.organization.api.controller.ReasonPositionChangeApi	br.com.sawcunhaos.organization.api.dto.CreateReasonPositionChangeRequest	externo	flow-organization-usecase-1.0.0-SNAPSHOT.jar
br.com.sawcunhaos.organization.api.controller.ReasonPositionChangeApi	br.com.sawcunhaos.organization.api.dto.CreateResponse	externo	flow-organization-usecase-1.0.0-SNAPSHOT.jar
br.com.sawcunhaos.organization.api.controller.ReasonPositionChangeApi	br.com.sawcunhaos.organization.api.dto.GetAllReasonPositionChangeResponse	externo	flow-organization-usecase-1.0.0-SNAPSHOT.jar
br.com.sawcunhaos.organization.api.controller.ReasonPositionChangeApi	br.com.sawcunhaos.organization.api.dto.GetReasonPositionChangeResponse	externo	flow-organization-usecase-1.0.0-SNAPSHOT.jar
br.com.sawcunhaos.organization.api.controller.ReasonPositionChangeApi	br.com.sawcunhaos.organization.api.dto.PaginationFilter	externo	flow-organization-usecase-1.0.0-SNAPSHOT.jar
br.com.sawcunhaos.organization.api.controller.ReasonPositionChangeApi	br.com.sawcunhaos.organization.api.dto.UpdateReasonPositionChangeRequest	externo	flow-organization-usecase-1.0.0-SNAPSHOT.jar
br.com.sawcunhaos.organization.api.controller.ReasonPositionChangeApi	jakarta.validation.Valid	externo	jakarta.validation-api-3.1.1.jar
br.com.sawcunhaos.organization.api.controller.ReasonPositionChangeApi	jakarta.validation.constraints.NotNull	externo	jakarta.validation-api-3.1.1.jar
br.com.sawcunhaos.organization.api.controller.ReasonPositionChangeApi	java.lang.Long	jdk	java.base
br.com.sawcunhaos.organization.api.controller.ReasonPositionChangeApi	java.lang.Object	jdk	java.base
br.com.sawcunhaos.organization.api.controller.ReasonPositionChangeApi	java.lang.String	jdk	java.base
br.com.sawcunhaos.organization.api.controller.ReasonPositionChangeApi	java.lang.Void	jdk	java.base
br.com.sawcunhaos.organization.api.controller.ReasonPositionChangeApi	java.util.Optional	jdk	java.base
br.com.sawcunhaos.organization.api.controller.ReasonPositionChangeApi	java.util.UUID	jdk	java.base
br.com.sawcunhaos.organization.api.controller.ReasonPositionChangeApi	org.springframework.security.access.prepost.PreAuthorize	externo	spring-security-core-7.1.1.jar
br.com.sawcunhaos.organization.api.controller.ReasonPositionChangeApi	org.springframework.web.bind.annotation.PathVariable	externo	spring-web-7.0.9.jar
br.com.sawcunhaos.organization.api.controller.ReasonPositionChangeApi	org.springframework.web.bind.annotation.RequestBody	externo	spring-web-7.0.9.jar
br.com.sawcunhaos.organization.api.controller.ReasonPositionChangeApi	org.springframework.web.bind.annotation.RequestHeader	externo	spring-web-7.0.9.jar
br.com.sawcunhaos.organization.api.controller.ReasonPositionChangeApi$1	br.com.sawcunhaos.organization.api.controller.ReasonPositionChangeApi	interno	classes
br.com.sawcunhaos.organization.api.controller.ReasonPositionChangeApi$1	br.com.sawcunhaos.organization.api.controller.ReasonPositionChangeApiDelegate	interno	classes
br.com.sawcunhaos.organization.api.controller.ReasonPositionChangeApi$1	java.lang.Object	jdk	java.base
br.com.sawcunhaos.organization.api.controller.ReasonPositionChangeApiController	br.com.sawcunhaos.foundation.web.annotation.ScosController	externo	scos-foundation-web-1.2.0-SNAPSHOT.jar
br.com.sawcunhaos.organization.api.controller.ReasonPositionChangeApiController	br.com.sawcunhaos.organization.api.controller.ReasonPositionChangeApi	interno	classes
br.com.sawcunhaos.organization.api.controller.ReasonPositionChangeApiController	br.com.sawcunhaos.organization.api.controller.ReasonPositionChangeApiController$1	interno	classes
br.com.sawcunhaos.organization.api.controller.ReasonPositionChangeApiController	br.com.sawcunhaos.organization.api.controller.ReasonPositionChangeApiDelegate	interno	classes
br.com.sawcunhaos.organization.api.controller.ReasonPositionChangeApiController	java.lang.Object	jdk	java.base
br.com.sawcunhaos.organization.api.controller.ReasonPositionChangeApiController	java.util.Optional	jdk	java.base
br.com.sawcunhaos.organization.api.controller.ReasonPositionChangeApiController	org.springframework.beans.factory.annotation.Autowired	externo	spring-beans-7.0.9.jar
br.com.sawcunhaos.organization.api.controller.ReasonPositionChangeApiController$1	br.com.sawcunhaos.organization.api.controller.ReasonPositionChangeApiController	interno	classes
br.com.sawcunhaos.organization.api.controller.ReasonPositionChangeApiController$1	br.com.sawcunhaos.organization.api.controller.ReasonPositionChangeApiDelegate	interno	classes
br.com.sawcunhaos.organization.api.controller.ReasonPositionChangeApiController$1	java.lang.Object	jdk	java.base
br.com.sawcunhaos.organization.api.controller.ReasonPositionChangeApiDelegate	br.com.sawcunhaos.foundation.core.exception.MethodNotImplementedException	externo	scos-foundation-core-1.2.0-SNAPSHOT.jar
br.com.sawcunhaos.organization.api.controller.ReasonPositionChangeApiDelegate	br.com.sawcunhaos.organization.api.dto.CreateReasonPositionChangeRequest	externo	flow-organization-usecase-1.0.0-SNAPSHOT.jar
br.com.sawcunhaos.organization.api.controller.ReasonPositionChangeApiDelegate	br.com.sawcunhaos.organization.api.dto.CreateResponse	externo	flow-organization-usecase-1.0.0-SNAPSHOT.jar
br.com.sawcunhaos.organization.api.controller.ReasonPositionChangeApiDelegate	br.com.sawcunhaos.organization.api.dto.GetAllReasonPositionChangeResponse	externo	flow-organization-usecase-1.0.0-SNAPSHOT.jar
br.com.sawcunhaos.organization.api.controller.ReasonPositionChangeApiDelegate	br.com.sawcunhaos.organization.api.dto.GetReasonPositionChangeResponse	externo	flow-organization-usecase-1.0.0-SNAPSHOT.jar
br.com.sawcunhaos.organization.api.controller.ReasonPositionChangeApiDelegate	br.com.sawcunhaos.organization.api.dto.PaginationFilter	externo	flow-organization-usecase-1.0.0-SNAPSHOT.jar
br.com.sawcunhaos.organization.api.controller.ReasonPositionChangeApiDelegate	br.com.sawcunhaos.organization.api.dto.UpdateReasonPositionChangeRequest	externo	flow-organization-usecase-1.0.0-SNAPSHOT.jar
br.com.sawcunhaos.organization.api.controller.ReasonPositionChangeApiDelegate	java.lang.Long	jdk	java.base
br.com.sawcunhaos.organization.api.controller.ReasonPositionChangeApiDelegate	java.lang.Object	jdk	java.base
br.com.sawcunhaos.organization.api.controller.ReasonPositionChangeApiDelegate	java.lang.String	jdk	java.base
br.com.sawcunhaos.organization.api.controller.ReasonPositionChangeApiDelegate	java.lang.Void	jdk	java.base
br.com.sawcunhaos.organization.api.controller.ReasonPositionChangeApiDelegate	java.util.Optional	jdk	java.base
br.com.sawcunhaos.organization.api.controller.ReasonPositionChangeApiDelegate	java.util.UUID	jdk	java.base
br.com.sawcunhaos.organization.api.controller.ResourceApi	br.com.sawcunhaos.foundation.web.annotation.ScosRequestGET	externo	scos-foundation-web-1.2.0-SNAPSHOT.jar
br.com.sawcunhaos.organization.api.controller.ResourceApi	br.com.sawcunhaos.organization.api.controller.ResourceApi$1	interno	classes
br.com.sawcunhaos.organization.api.controller.ResourceApi	br.com.sawcunhaos.organization.api.controller.ResourceApiDelegate	interno	classes
br.com.sawcunhaos.organization.api.controller.ResourceApi	br.com.sawcunhaos.organization.api.dto.GetAllResourcesResponse	externo	flow-organization-usecase-1.0.0-SNAPSHOT.jar
br.com.sawcunhaos.organization.api.controller.ResourceApi	br.com.sawcunhaos.organization.api.dto.PaginationFilter	externo	flow-organization-usecase-1.0.0-SNAPSHOT.jar
br.com.sawcunhaos.organization.api.controller.ResourceApi	jakarta.validation.Valid	externo	jakarta.validation-api-3.1.1.jar
br.com.sawcunhaos.organization.api.controller.ResourceApi	jakarta.validation.constraints.NotNull	externo	jakarta.validation-api-3.1.1.jar
br.com.sawcunhaos.organization.api.controller.ResourceApi	java.lang.Boolean	jdk	java.base
br.com.sawcunhaos.organization.api.controller.ResourceApi	java.lang.Object	jdk	java.base
br.com.sawcunhaos.organization.api.controller.ResourceApi	java.lang.String	jdk	java.base
br.com.sawcunhaos.organization.api.controller.ResourceApi	java.util.Optional	jdk	java.base
br.com.sawcunhaos.organization.api.controller.ResourceApi	java.util.UUID	jdk	java.base
br.com.sawcunhaos.organization.api.controller.ResourceApi	org.springframework.security.access.prepost.PreAuthorize	externo	spring-security-core-7.1.1.jar
br.com.sawcunhaos.organization.api.controller.ResourceApi	org.springframework.web.bind.annotation.RequestHeader	externo	spring-web-7.0.9.jar
br.com.sawcunhaos.organization.api.controller.ResourceApi	org.springframework.web.bind.annotation.RequestParam	externo	spring-web-7.0.9.jar
br.com.sawcunhaos.organization.api.controller.ResourceApi$1	br.com.sawcunhaos.organization.api.controller.ResourceApi	interno	classes
br.com.sawcunhaos.organization.api.controller.ResourceApi$1	br.com.sawcunhaos.organization.api.controller.ResourceApiDelegate	interno	classes
br.com.sawcunhaos.organization.api.controller.ResourceApi$1	java.lang.Object	jdk	java.base
br.com.sawcunhaos.organization.api.controller.ResourceApiController	br.com.sawcunhaos.foundation.web.annotation.ScosController	externo	scos-foundation-web-1.2.0-SNAPSHOT.jar
br.com.sawcunhaos.organization.api.controller.ResourceApiController	br.com.sawcunhaos.organization.api.controller.ResourceApi	interno	classes
br.com.sawcunhaos.organization.api.controller.ResourceApiController	br.com.sawcunhaos.organization.api.controller.ResourceApiController$1	interno	classes
br.com.sawcunhaos.organization.api.controller.ResourceApiController	br.com.sawcunhaos.organization.api.controller.ResourceApiDelegate	interno	classes
br.com.sawcunhaos.organization.api.controller.ResourceApiController	java.lang.Object	jdk	java.base
br.com.sawcunhaos.organization.api.controller.ResourceApiController	java.util.Optional	jdk	java.base
br.com.sawcunhaos.organization.api.controller.ResourceApiController	org.springframework.beans.factory.annotation.Autowired	externo	spring-beans-7.0.9.jar
br.com.sawcunhaos.organization.api.controller.ResourceApiController$1	br.com.sawcunhaos.organization.api.controller.ResourceApiController	interno	classes
br.com.sawcunhaos.organization.api.controller.ResourceApiController$1	br.com.sawcunhaos.organization.api.controller.ResourceApiDelegate	interno	classes
br.com.sawcunhaos.organization.api.controller.ResourceApiController$1	java.lang.Object	jdk	java.base
br.com.sawcunhaos.organization.api.controller.ResourceApiDelegate	br.com.sawcunhaos.foundation.core.exception.MethodNotImplementedException	externo	scos-foundation-core-1.2.0-SNAPSHOT.jar
br.com.sawcunhaos.organization.api.controller.ResourceApiDelegate	br.com.sawcunhaos.organization.api.dto.GetAllResourcesResponse	externo	flow-organization-usecase-1.0.0-SNAPSHOT.jar
br.com.sawcunhaos.organization.api.controller.ResourceApiDelegate	br.com.sawcunhaos.organization.api.dto.PaginationFilter	externo	flow-organization-usecase-1.0.0-SNAPSHOT.jar
br.com.sawcunhaos.organization.api.controller.ResourceApiDelegate	java.lang.Boolean	jdk	java.base
br.com.sawcunhaos.organization.api.controller.ResourceApiDelegate	java.lang.Object	jdk	java.base
br.com.sawcunhaos.organization.api.controller.ResourceApiDelegate	java.lang.String	jdk	java.base
br.com.sawcunhaos.organization.api.controller.ResourceApiDelegate	java.util.Optional	jdk	java.base
br.com.sawcunhaos.organization.api.controller.ResourceApiDelegate	java.util.UUID	jdk	java.base
br.com.sawcunhaos.organization.api.controller.SystemApi	br.com.sawcunhaos.foundation.jdempotent.api.JdempotentRequestPayload	externo	scos-foundation-jdempotent-api-1.2.0-SNAPSHOT.jar
br.com.sawcunhaos.organization.api.controller.SystemApi	br.com.sawcunhaos.foundation.web.annotation.ScosRequestGET	externo	scos-foundation-web-1.2.0-SNAPSHOT.jar
br.com.sawcunhaos.organization.api.controller.SystemApi	br.com.sawcunhaos.organization.api.controller.SystemApi$1	interno	classes
br.com.sawcunhaos.organization.api.controller.SystemApi	br.com.sawcunhaos.organization.api.controller.SystemApiDelegate	interno	classes
br.com.sawcunhaos.organization.api.controller.SystemApi	br.com.sawcunhaos.organization.api.dto.GetAllSystemsResponse	externo	flow-organization-usecase-1.0.0-SNAPSHOT.jar
br.com.sawcunhaos.organization.api.controller.SystemApi	br.com.sawcunhaos.organization.api.dto.GetSystemResponse	externo	flow-organization-usecase-1.0.0-SNAPSHOT.jar
br.com.sawcunhaos.organization.api.controller.SystemApi	br.com.sawcunhaos.organization.api.dto.PaginationFilter	externo	flow-organization-usecase-1.0.0-SNAPSHOT.jar
br.com.sawcunhaos.organization.api.controller.SystemApi	br.com.sawcunhaos.organization.api.dto.SystemStatus	externo	flow-organization-usecase-1.0.0-SNAPSHOT.jar
br.com.sawcunhaos.organization.api.controller.SystemApi	jakarta.validation.Valid	externo	jakarta.validation-api-3.1.1.jar
br.com.sawcunhaos.organization.api.controller.SystemApi	jakarta.validation.constraints.NotNull	externo	jakarta.validation-api-3.1.1.jar
br.com.sawcunhaos.organization.api.controller.SystemApi	java.lang.Object	jdk	java.base
br.com.sawcunhaos.organization.api.controller.SystemApi	java.lang.String	jdk	java.base
br.com.sawcunhaos.organization.api.controller.SystemApi	java.util.Optional	jdk	java.base
br.com.sawcunhaos.organization.api.controller.SystemApi	java.util.UUID	jdk	java.base
br.com.sawcunhaos.organization.api.controller.SystemApi	org.springframework.security.access.prepost.PreAuthorize	externo	spring-security-core-7.1.1.jar
br.com.sawcunhaos.organization.api.controller.SystemApi	org.springframework.web.bind.annotation.PathVariable	externo	spring-web-7.0.9.jar
br.com.sawcunhaos.organization.api.controller.SystemApi	org.springframework.web.bind.annotation.RequestHeader	externo	spring-web-7.0.9.jar
br.com.sawcunhaos.organization.api.controller.SystemApi	org.springframework.web.bind.annotation.RequestParam	externo	spring-web-7.0.9.jar
br.com.sawcunhaos.organization.api.controller.SystemApi$1	br.com.sawcunhaos.organization.api.controller.SystemApi	interno	classes
br.com.sawcunhaos.organization.api.controller.SystemApi$1	br.com.sawcunhaos.organization.api.controller.SystemApiDelegate	interno	classes
br.com.sawcunhaos.organization.api.controller.SystemApi$1	java.lang.Object	jdk	java.base
br.com.sawcunhaos.organization.api.controller.SystemApiController	br.com.sawcunhaos.foundation.web.annotation.ScosController	externo	scos-foundation-web-1.2.0-SNAPSHOT.jar
br.com.sawcunhaos.organization.api.controller.SystemApiController	br.com.sawcunhaos.organization.api.controller.SystemApi	interno	classes
br.com.sawcunhaos.organization.api.controller.SystemApiController	br.com.sawcunhaos.organization.api.controller.SystemApiController$1	interno	classes
br.com.sawcunhaos.organization.api.controller.SystemApiController	br.com.sawcunhaos.organization.api.controller.SystemApiDelegate	interno	classes
br.com.sawcunhaos.organization.api.controller.SystemApiController	java.lang.Object	jdk	java.base
br.com.sawcunhaos.organization.api.controller.SystemApiController	java.util.Optional	jdk	java.base
br.com.sawcunhaos.organization.api.controller.SystemApiController	org.springframework.beans.factory.annotation.Autowired	externo	spring-beans-7.0.9.jar
br.com.sawcunhaos.organization.api.controller.SystemApiController$1	br.com.sawcunhaos.organization.api.controller.SystemApiController	interno	classes
br.com.sawcunhaos.organization.api.controller.SystemApiController$1	br.com.sawcunhaos.organization.api.controller.SystemApiDelegate	interno	classes
br.com.sawcunhaos.organization.api.controller.SystemApiController$1	java.lang.Object	jdk	java.base
br.com.sawcunhaos.organization.api.controller.SystemApiDelegate	br.com.sawcunhaos.foundation.core.exception.MethodNotImplementedException	externo	scos-foundation-core-1.2.0-SNAPSHOT.jar
br.com.sawcunhaos.organization.api.controller.SystemApiDelegate	br.com.sawcunhaos.organization.api.dto.GetAllSystemsResponse	externo	flow-organization-usecase-1.0.0-SNAPSHOT.jar
br.com.sawcunhaos.organization.api.controller.SystemApiDelegate	br.com.sawcunhaos.organization.api.dto.GetSystemResponse	externo	flow-organization-usecase-1.0.0-SNAPSHOT.jar
br.com.sawcunhaos.organization.api.controller.SystemApiDelegate	br.com.sawcunhaos.organization.api.dto.PaginationFilter	externo	flow-organization-usecase-1.0.0-SNAPSHOT.jar
br.com.sawcunhaos.organization.api.controller.SystemApiDelegate	br.com.sawcunhaos.organization.api.dto.SystemStatus	externo	flow-organization-usecase-1.0.0-SNAPSHOT.jar
br.com.sawcunhaos.organization.api.controller.SystemApiDelegate	java.lang.Object	jdk	java.base
br.com.sawcunhaos.organization.api.controller.SystemApiDelegate	java.lang.String	jdk	java.base
br.com.sawcunhaos.organization.api.controller.SystemApiDelegate	java.util.Optional	jdk	java.base
br.com.sawcunhaos.organization.api.controller.SystemApiDelegate	java.util.UUID	jdk	java.base
br.com.sawcunhaos.organization.api.delegate.catalog.AddressTypeDelegate	br.com.sawcunhaos.organization.api.controller.AddressTypeApiDelegate	interno	classes
br.com.sawcunhaos.organization.api.delegate.catalog.AddressTypeDelegate	br.com.sawcunhaos.organization.api.dto.AddressType	externo	flow-organization-usecase-1.0.0-SNAPSHOT.jar
br.com.sawcunhaos.organization.api.delegate.catalog.AddressTypeDelegate	br.com.sawcunhaos.organization.api.dto.CatalogEntityType	externo	flow-organization-usecase-1.0.0-SNAPSHOT.jar
br.com.sawcunhaos.organization.api.delegate.catalog.AddressTypeDelegate	br.com.sawcunhaos.organization.api.dto.Create	externo	flow-organization-usecase-1.0.0-SNAPSHOT.jar
br.com.sawcunhaos.organization.api.delegate.catalog.AddressTypeDelegate	br.com.sawcunhaos.organization.api.dto.Create$CreateBuilder	externo	flow-organization-usecase-1.0.0-SNAPSHOT.jar
br.com.sawcunhaos.organization.api.delegate.catalog.AddressTypeDelegate	br.com.sawcunhaos.organization.api.dto.CreateAddressTypeRequest	externo	flow-organization-usecase-1.0.0-SNAPSHOT.jar
br.com.sawcunhaos.organization.api.delegate.catalog.AddressTypeDelegate	br.com.sawcunhaos.organization.api.dto.CreateResponse	externo	flow-organization-usecase-1.0.0-SNAPSHOT.jar
br.com.sawcunhaos.organization.api.delegate.catalog.AddressTypeDelegate	br.com.sawcunhaos.organization.api.dto.CreateResponse$CreateResponseBuilder	externo	flow-organization-usecase-1.0.0-SNAPSHOT.jar
br.com.sawcunhaos.organization.api.delegate.catalog.AddressTypeDelegate	br.com.sawcunhaos.organization.api.dto.GetAddressTypeResponse	externo	flow-organization-usecase-1.0.0-SNAPSHOT.jar
br.com.sawcunhaos.organization.api.delegate.catalog.AddressTypeDelegate	br.com.sawcunhaos.organization.api.dto.GetAddressTypeResponse$GetAddressTypeResponseBuilder	externo	flow-organization-usecase-1.0.0-SNAPSHOT.jar
br.com.sawcunhaos.organization.api.delegate.catalog.AddressTypeDelegate	br.com.sawcunhaos.organization.api.dto.GetAllAddressTypesResponse	externo	flow-organization-usecase-1.0.0-SNAPSHOT.jar
br.com.sawcunhaos.organization.api.delegate.catalog.AddressTypeDelegate	br.com.sawcunhaos.organization.api.dto.PaginationFilter	externo	flow-organization-usecase-1.0.0-SNAPSHOT.jar
br.com.sawcunhaos.organization.api.delegate.catalog.AddressTypeDelegate	br.com.sawcunhaos.organization.api.dto.UpdateAddressTypeRequest	externo	flow-organization-usecase-1.0.0-SNAPSHOT.jar
br.com.sawcunhaos.organization.api.delegate.catalog.AddressTypeDelegate	br.com.sawcunhaos.organization.application.usecase.corporate.catalog.addresstype.CreateAddressTypeUseCase	externo	flow-organization-usecase-1.0.0-SNAPSHOT.jar
br.com.sawcunhaos.organization.api.delegate.catalog.AddressTypeDelegate	br.com.sawcunhaos.organization.application.usecase.corporate.catalog.addresstype.DisableAddressTypeUseCase	externo	flow-organization-usecase-1.0.0-SNAPSHOT.jar
br.com.sawcunhaos.organization.api.delegate.catalog.AddressTypeDelegate	br.com.sawcunhaos.organization.application.usecase.corporate.catalog.addresstype.EnableAddressTypeUseCase	externo	flow-organization-usecase-1.0.0-SNAPSHOT.jar
br.com.sawcunhaos.organization.api.delegate.catalog.AddressTypeDelegate	br.com.sawcunhaos.organization.application.usecase.corporate.catalog.addresstype.FindAddressTypeUseCase	externo	flow-organization-usecase-1.0.0-SNAPSHOT.jar
br.com.sawcunhaos.organization.api.delegate.catalog.AddressTypeDelegate	br.com.sawcunhaos.organization.application.usecase.corporate.catalog.addresstype.FindAllAddressTypeUseCase	externo	flow-organization-usecase-1.0.0-SNAPSHOT.jar
br.com.sawcunhaos.organization.api.delegate.catalog.AddressTypeDelegate	br.com.sawcunhaos.organization.application.usecase.corporate.catalog.addresstype.UpdateAddressTypeUseCase	externo	flow-organization-usecase-1.0.0-SNAPSHOT.jar
br.com.sawcunhaos.organization.api.delegate.catalog.AddressTypeDelegate	java.lang.Boolean	jdk	java.base
br.com.sawcunhaos.organization.api.delegate.catalog.AddressTypeDelegate	java.lang.Class	jdk	java.base
br.com.sawcunhaos.organization.api.delegate.catalog.AddressTypeDelegate	java.lang.Long	jdk	java.base
br.com.sawcunhaos.organization.api.delegate.catalog.AddressTypeDelegate	java.lang.Object	jdk	java.base
br.com.sawcunhaos.organization.api.delegate.catalog.AddressTypeDelegate	java.lang.String	jdk	java.base
br.com.sawcunhaos.organization.api.delegate.catalog.AddressTypeDelegate	java.lang.Void	jdk	java.base
br.com.sawcunhaos.organization.api.delegate.catalog.AddressTypeDelegate	java.util.Optional	jdk	java.base
br.com.sawcunhaos.organization.api.delegate.catalog.AddressTypeDelegate	java.util.UUID	jdk	java.base
br.com.sawcunhaos.organization.api.delegate.catalog.AddressTypeDelegate	org.slf4j.Logger	externo	slf4j-api-2.0.18.jar
br.com.sawcunhaos.organization.api.delegate.catalog.AddressTypeDelegate	org.slf4j.LoggerFactory	externo	slf4j-api-2.0.18.jar
br.com.sawcunhaos.organization.api.delegate.catalog.AddressTypeDelegate	org.springframework.stereotype.Component	externo	spring-context-7.0.9.jar
br.com.sawcunhaos.organization.api.delegate.catalog.ContactTypeDelegate	br.com.sawcunhaos.organization.api.controller.ContactTypeApiDelegate	interno	classes
br.com.sawcunhaos.organization.api.delegate.catalog.ContactTypeDelegate	br.com.sawcunhaos.organization.api.dto.CatalogEntityType	externo	flow-organization-usecase-1.0.0-SNAPSHOT.jar
br.com.sawcunhaos.organization.api.delegate.catalog.ContactTypeDelegate	br.com.sawcunhaos.organization.api.dto.ContactType	externo	flow-organization-usecase-1.0.0-SNAPSHOT.jar
br.com.sawcunhaos.organization.api.delegate.catalog.ContactTypeDelegate	br.com.sawcunhaos.organization.api.dto.Create	externo	flow-organization-usecase-1.0.0-SNAPSHOT.jar
br.com.sawcunhaos.organization.api.delegate.catalog.ContactTypeDelegate	br.com.sawcunhaos.organization.api.dto.Create$CreateBuilder	externo	flow-organization-usecase-1.0.0-SNAPSHOT.jar
br.com.sawcunhaos.organization.api.delegate.catalog.ContactTypeDelegate	br.com.sawcunhaos.organization.api.dto.CreateContactTypeRequest	externo	flow-organization-usecase-1.0.0-SNAPSHOT.jar
br.com.sawcunhaos.organization.api.delegate.catalog.ContactTypeDelegate	br.com.sawcunhaos.organization.api.dto.CreateResponse	externo	flow-organization-usecase-1.0.0-SNAPSHOT.jar
br.com.sawcunhaos.organization.api.delegate.catalog.ContactTypeDelegate	br.com.sawcunhaos.organization.api.dto.CreateResponse$CreateResponseBuilder	externo	flow-organization-usecase-1.0.0-SNAPSHOT.jar
br.com.sawcunhaos.organization.api.delegate.catalog.ContactTypeDelegate	br.com.sawcunhaos.organization.api.dto.GetAllContactTypesResponse	externo	flow-organization-usecase-1.0.0-SNAPSHOT.jar
br.com.sawcunhaos.organization.api.delegate.catalog.ContactTypeDelegate	br.com.sawcunhaos.organization.api.dto.GetContactTypeResponse	externo	flow-organization-usecase-1.0.0-SNAPSHOT.jar
br.com.sawcunhaos.organization.api.delegate.catalog.ContactTypeDelegate	br.com.sawcunhaos.organization.api.dto.GetContactTypeResponse$GetContactTypeResponseBuilder	externo	flow-organization-usecase-1.0.0-SNAPSHOT.jar
br.com.sawcunhaos.organization.api.delegate.catalog.ContactTypeDelegate	br.com.sawcunhaos.organization.api.dto.PaginationFilter	externo	flow-organization-usecase-1.0.0-SNAPSHOT.jar
br.com.sawcunhaos.organization.api.delegate.catalog.ContactTypeDelegate	br.com.sawcunhaos.organization.api.dto.UpdateContactTypeRequest	externo	flow-organization-usecase-1.0.0-SNAPSHOT.jar
br.com.sawcunhaos.organization.api.delegate.catalog.ContactTypeDelegate	br.com.sawcunhaos.organization.application.usecase.corporate.catalog.contacttype.CreateContactTypeUseCase	externo	flow-organization-usecase-1.0.0-SNAPSHOT.jar
br.com.sawcunhaos.organization.api.delegate.catalog.ContactTypeDelegate	br.com.sawcunhaos.organization.application.usecase.corporate.catalog.contacttype.DisableContactTypeUseCase	externo	flow-organization-usecase-1.0.0-SNAPSHOT.jar
br.com.sawcunhaos.organization.api.delegate.catalog.ContactTypeDelegate	br.com.sawcunhaos.organization.application.usecase.corporate.catalog.contacttype.EnableContactTypeUseCase	externo	flow-organization-usecase-1.0.0-SNAPSHOT.jar
br.com.sawcunhaos.organization.api.delegate.catalog.ContactTypeDelegate	br.com.sawcunhaos.organization.application.usecase.corporate.catalog.contacttype.FindAllContactTypeUseCase	externo	flow-organization-usecase-1.0.0-SNAPSHOT.jar
br.com.sawcunhaos.organization.api.delegate.catalog.ContactTypeDelegate	br.com.sawcunhaos.organization.application.usecase.corporate.catalog.contacttype.FindContactTypeUseCase	externo	flow-organization-usecase-1.0.0-SNAPSHOT.jar
br.com.sawcunhaos.organization.api.delegate.catalog.ContactTypeDelegate	br.com.sawcunhaos.organization.application.usecase.corporate.catalog.contacttype.UpdateContactTypeUseCase	externo	flow-organization-usecase-1.0.0-SNAPSHOT.jar
br.com.sawcunhaos.organization.api.delegate.catalog.ContactTypeDelegate	java.lang.Boolean	jdk	java.base
br.com.sawcunhaos.organization.api.delegate.catalog.ContactTypeDelegate	java.lang.Class	jdk	java.base
br.com.sawcunhaos.organization.api.delegate.catalog.ContactTypeDelegate	java.lang.Long	jdk	java.base
br.com.sawcunhaos.organization.api.delegate.catalog.ContactTypeDelegate	java.lang.Object	jdk	java.base
br.com.sawcunhaos.organization.api.delegate.catalog.ContactTypeDelegate	java.lang.String	jdk	java.base
br.com.sawcunhaos.organization.api.delegate.catalog.ContactTypeDelegate	java.lang.Void	jdk	java.base
br.com.sawcunhaos.organization.api.delegate.catalog.ContactTypeDelegate	java.util.Optional	jdk	java.base
br.com.sawcunhaos.organization.api.delegate.catalog.ContactTypeDelegate	java.util.UUID	jdk	java.base
br.com.sawcunhaos.organization.api.delegate.catalog.ContactTypeDelegate	org.slf4j.Logger	externo	slf4j-api-2.0.18.jar
br.com.sawcunhaos.organization.api.delegate.catalog.ContactTypeDelegate	org.slf4j.LoggerFactory	externo	slf4j-api-2.0.18.jar
br.com.sawcunhaos.organization.api.delegate.catalog.ContactTypeDelegate	org.springframework.stereotype.Component	externo	spring-context-7.0.9.jar
br.com.sawcunhaos.organization.api.delegate.company.CnaeDelegate	br.com.sawcunhaos.organization.api.controller.CnaeApiDelegate	interno	classes
br.com.sawcunhaos.organization.api.delegate.company.CnaeDelegate	br.com.sawcunhaos.organization.api.dto.Cnae	externo	flow-organization-usecase-1.0.0-SNAPSHOT.jar
br.com.sawcunhaos.organization.api.delegate.company.CnaeDelegate	br.com.sawcunhaos.organization.api.dto.Create	externo	flow-organization-usecase-1.0.0-SNAPSHOT.jar
br.com.sawcunhaos.organization.api.delegate.company.CnaeDelegate	br.com.sawcunhaos.organization.api.dto.Create$CreateBuilder	externo	flow-organization-usecase-1.0.0-SNAPSHOT.jar
br.com.sawcunhaos.organization.api.delegate.company.CnaeDelegate	br.com.sawcunhaos.organization.api.dto.CreateCnaeRequest	externo	flow-organization-usecase-1.0.0-SNAPSHOT.jar
br.com.sawcunhaos.organization.api.delegate.company.CnaeDelegate	br.com.sawcunhaos.organization.api.dto.CreateResponse	externo	flow-organization-usecase-1.0.0-SNAPSHOT.jar
br.com.sawcunhaos.organization.api.delegate.company.CnaeDelegate	br.com.sawcunhaos.organization.api.dto.CreateResponse$CreateResponseBuilder	externo	flow-organization-usecase-1.0.0-SNAPSHOT.jar
br.com.sawcunhaos.organization.api.delegate.company.CnaeDelegate	br.com.sawcunhaos.organization.api.dto.GetAllCnaesResponse	externo	flow-organization-usecase-1.0.0-SNAPSHOT.jar
br.com.sawcunhaos.organization.api.delegate.company.CnaeDelegate	br.com.sawcunhaos.organization.api.dto.GetCnaeResponse	externo	flow-organization-usecase-1.0.0-SNAPSHOT.jar
br.com.sawcunhaos.organization.api.delegate.company.CnaeDelegate	br.com.sawcunhaos.organization.api.dto.GetCnaeResponse$GetCnaeResponseBuilder	externo	flow-organization-usecase-1.0.0-SNAPSHOT.jar
br.com.sawcunhaos.organization.api.delegate.company.CnaeDelegate	br.com.sawcunhaos.organization.api.dto.PaginationFilter	externo	flow-organization-usecase-1.0.0-SNAPSHOT.jar
br.com.sawcunhaos.organization.api.delegate.company.CnaeDelegate	br.com.sawcunhaos.organization.api.dto.UpdateCnaeRequest	externo	flow-organization-usecase-1.0.0-SNAPSHOT.jar
br.com.sawcunhaos.organization.api.delegate.company.CnaeDelegate	br.com.sawcunhaos.organization.application.usecase.corporate.company.fiscal.cnae.CreateCnaeUseCase	externo	flow-organization-usecase-1.0.0-SNAPSHOT.jar
br.com.sawcunhaos.organization.api.delegate.company.CnaeDelegate	br.com.sawcunhaos.organization.application.usecase.corporate.company.fiscal.cnae.DeleteCnaeUseCase	externo	flow-organization-usecase-1.0.0-SNAPSHOT.jar
br.com.sawcunhaos.organization.api.delegate.company.CnaeDelegate	br.com.sawcunhaos.organization.application.usecase.corporate.company.fiscal.cnae.FindAllCnaeUseCase	externo	flow-organization-usecase-1.0.0-SNAPSHOT.jar
br.com.sawcunhaos.organization.api.delegate.company.CnaeDelegate	br.com.sawcunhaos.organization.application.usecase.corporate.company.fiscal.cnae.FindCnaeUseCase	externo	flow-organization-usecase-1.0.0-SNAPSHOT.jar
br.com.sawcunhaos.organization.api.delegate.company.CnaeDelegate	br.com.sawcunhaos.organization.application.usecase.corporate.company.fiscal.cnae.UpdateCnaeUseCase	externo	flow-organization-usecase-1.0.0-SNAPSHOT.jar
br.com.sawcunhaos.organization.api.delegate.company.CnaeDelegate	java.lang.Class	jdk	java.base
br.com.sawcunhaos.organization.api.delegate.company.CnaeDelegate	java.lang.Long	jdk	java.base
br.com.sawcunhaos.organization.api.delegate.company.CnaeDelegate	java.lang.Object	jdk	java.base
br.com.sawcunhaos.organization.api.delegate.company.CnaeDelegate	java.lang.String	jdk	java.base
br.com.sawcunhaos.organization.api.delegate.company.CnaeDelegate	java.lang.Void	jdk	java.base
br.com.sawcunhaos.organization.api.delegate.company.CnaeDelegate	java.util.Optional	jdk	java.base
br.com.sawcunhaos.organization.api.delegate.company.CnaeDelegate	java.util.UUID	jdk	java.base
br.com.sawcunhaos.organization.api.delegate.company.CnaeDelegate	org.slf4j.Logger	externo	slf4j-api-2.0.18.jar
br.com.sawcunhaos.organization.api.delegate.company.CnaeDelegate	org.slf4j.LoggerFactory	externo	slf4j-api-2.0.18.jar
br.com.sawcunhaos.organization.api.delegate.company.CnaeDelegate	org.springframework.stereotype.Component	externo	spring-context-7.0.9.jar
br.com.sawcunhaos.organization.api.delegate.company.CompanyDelegate	br.com.sawcunhaos.organization.api.controller.CompanyApiDelegate	interno	classes
br.com.sawcunhaos.organization.api.delegate.company.CompanyDelegate	br.com.sawcunhaos.organization.api.dto.Company	externo	flow-organization-usecase-1.0.0-SNAPSHOT.jar
br.com.sawcunhaos.organization.api.delegate.company.CompanyDelegate	br.com.sawcunhaos.organization.api.dto.CompanyStatusTransitionRequest	externo	flow-organization-usecase-1.0.0-SNAPSHOT.jar
br.com.sawcunhaos.organization.api.delegate.company.CompanyDelegate	br.com.sawcunhaos.organization.api.dto.Create	externo	flow-organization-usecase-1.0.0-SNAPSHOT.jar
br.com.sawcunhaos.organization.api.delegate.company.CompanyDelegate	br.com.sawcunhaos.organization.api.dto.Create$CreateBuilder	externo	flow-organization-usecase-1.0.0-SNAPSHOT.jar
br.com.sawcunhaos.organization.api.delegate.company.CompanyDelegate	br.com.sawcunhaos.organization.api.dto.CreateCompanyRequest	externo	flow-organization-usecase-1.0.0-SNAPSHOT.jar
br.com.sawcunhaos.organization.api.delegate.company.CompanyDelegate	br.com.sawcunhaos.organization.api.dto.CreateResponse	externo	flow-organization-usecase-1.0.0-SNAPSHOT.jar
br.com.sawcunhaos.organization.api.delegate.company.CompanyDelegate	br.com.sawcunhaos.organization.api.dto.CreateResponse$CreateResponseBuilder	externo	flow-organization-usecase-1.0.0-SNAPSHOT.jar
br.com.sawcunhaos.organization.api.delegate.company.CompanyDelegate	br.com.sawcunhaos.organization.api.dto.GetAllCompaniesResponse	externo	flow-organization-usecase-1.0.0-SNAPSHOT.jar
br.com.sawcunhaos.organization.api.delegate.company.CompanyDelegate	br.com.sawcunhaos.organization.api.dto.GetCompanyResponse	externo	flow-organization-usecase-1.0.0-SNAPSHOT.jar
br.com.sawcunhaos.organization.api.delegate.company.CompanyDelegate	br.com.sawcunhaos.organization.api.dto.GetCompanyResponse$GetCompanyResponseBuilder	externo	flow-organization-usecase-1.0.0-SNAPSHOT.jar
br.com.sawcunhaos.organization.api.delegate.company.CompanyDelegate	br.com.sawcunhaos.organization.api.dto.PaginationFilter	externo	flow-organization-usecase-1.0.0-SNAPSHOT.jar
br.com.sawcunhaos.organization.api.delegate.company.CompanyDelegate	br.com.sawcunhaos.organization.api.dto.StatusCompany	externo	flow-organization-usecase-1.0.0-SNAPSHOT.jar
br.com.sawcunhaos.organization.api.delegate.company.CompanyDelegate	br.com.sawcunhaos.organization.api.dto.UpdateCompanyRequest	externo	flow-organization-usecase-1.0.0-SNAPSHOT.jar
br.com.sawcunhaos.organization.api.delegate.company.CompanyDelegate	br.com.sawcunhaos.organization.application.usecase.corporate.company.ActivateCompanyUseCase	externo	flow-organization-usecase-1.0.0-SNAPSHOT.jar
br.com.sawcunhaos.organization.api.delegate.company.CompanyDelegate	br.com.sawcunhaos.organization.application.usecase.corporate.company.BlockCompanyUseCase	externo	flow-organization-usecase-1.0.0-SNAPSHOT.jar
br.com.sawcunhaos.organization.api.delegate.company.CompanyDelegate	br.com.sawcunhaos.organization.application.usecase.corporate.company.CreateCompanyUseCase	externo	flow-organization-usecase-1.0.0-SNAPSHOT.jar
br.com.sawcunhaos.organization.api.delegate.company.CompanyDelegate	br.com.sawcunhaos.organization.application.usecase.corporate.company.FindAllCompanyUseCase	externo	flow-organization-usecase-1.0.0-SNAPSHOT.jar
br.com.sawcunhaos.organization.api.delegate.company.CompanyDelegate	br.com.sawcunhaos.organization.application.usecase.corporate.company.FindCompanyUseCase	externo	flow-organization-usecase-1.0.0-SNAPSHOT.jar
br.com.sawcunhaos.organization.api.delegate.company.CompanyDelegate	br.com.sawcunhaos.organization.application.usecase.corporate.company.InactivateCompanyUseCase	externo	flow-organization-usecase-1.0.0-SNAPSHOT.jar
br.com.sawcunhaos.organization.api.delegate.company.CompanyDelegate	br.com.sawcunhaos.organization.application.usecase.corporate.company.UnblockCompanyUseCase	externo	flow-organization-usecase-1.0.0-SNAPSHOT.jar
br.com.sawcunhaos.organization.api.delegate.company.CompanyDelegate	br.com.sawcunhaos.organization.application.usecase.corporate.company.UpdateCompanyUseCase	externo	flow-organization-usecase-1.0.0-SNAPSHOT.jar
br.com.sawcunhaos.organization.api.delegate.company.CompanyDelegate	java.lang.Class	jdk	java.base
br.com.sawcunhaos.organization.api.delegate.company.CompanyDelegate	java.lang.Long	jdk	java.base
br.com.sawcunhaos.organization.api.delegate.company.CompanyDelegate	java.lang.Object	jdk	java.base
br.com.sawcunhaos.organization.api.delegate.company.CompanyDelegate	java.lang.String	jdk	java.base
br.com.sawcunhaos.organization.api.delegate.company.CompanyDelegate	java.lang.Void	jdk	java.base
br.com.sawcunhaos.organization.api.delegate.company.CompanyDelegate	java.util.Optional	jdk	java.base
br.com.sawcunhaos.organization.api.delegate.company.CompanyDelegate	java.util.UUID	jdk	java.base
br.com.sawcunhaos.organization.api.delegate.company.CompanyDelegate	org.slf4j.Logger	externo	slf4j-api-2.0.18.jar
br.com.sawcunhaos.organization.api.delegate.company.CompanyDelegate	org.slf4j.LoggerFactory	externo	slf4j-api-2.0.18.jar
br.com.sawcunhaos.organization.api.delegate.company.CompanyDelegate	org.springframework.stereotype.Component	externo	spring-context-7.0.9.jar
br.com.sawcunhaos.organization.api.delegate.company.LegalNatureDelegate	br.com.sawcunhaos.organization.api.controller.LegalNatureApiDelegate	interno	classes
br.com.sawcunhaos.organization.api.delegate.company.LegalNatureDelegate	br.com.sawcunhaos.organization.api.dto.Create	externo	flow-organization-usecase-1.0.0-SNAPSHOT.jar
br.com.sawcunhaos.organization.api.delegate.company.LegalNatureDelegate	br.com.sawcunhaos.organization.api.dto.Create$CreateBuilder	externo	flow-organization-usecase-1.0.0-SNAPSHOT.jar
br.com.sawcunhaos.organization.api.delegate.company.LegalNatureDelegate	br.com.sawcunhaos.organization.api.dto.CreateLegalNatureRequest	externo	flow-organization-usecase-1.0.0-SNAPSHOT.jar
br.com.sawcunhaos.organization.api.delegate.company.LegalNatureDelegate	br.com.sawcunhaos.organization.api.dto.CreateResponse	externo	flow-organization-usecase-1.0.0-SNAPSHOT.jar
br.com.sawcunhaos.organization.api.delegate.company.LegalNatureDelegate	br.com.sawcunhaos.organization.api.dto.CreateResponse$CreateResponseBuilder	externo	flow-organization-usecase-1.0.0-SNAPSHOT.jar
br.com.sawcunhaos.organization.api.delegate.company.LegalNatureDelegate	br.com.sawcunhaos.organization.api.dto.GetAllLegalNaturesResponse	externo	flow-organization-usecase-1.0.0-SNAPSHOT.jar
br.com.sawcunhaos.organization.api.delegate.company.LegalNatureDelegate	br.com.sawcunhaos.organization.api.dto.GetLegalNatureResponse	externo	flow-organization-usecase-1.0.0-SNAPSHOT.jar
br.com.sawcunhaos.organization.api.delegate.company.LegalNatureDelegate	br.com.sawcunhaos.organization.api.dto.GetLegalNatureResponse$GetLegalNatureResponseBuilder	externo	flow-organization-usecase-1.0.0-SNAPSHOT.jar
br.com.sawcunhaos.organization.api.delegate.company.LegalNatureDelegate	br.com.sawcunhaos.organization.api.dto.LegalNature	externo	flow-organization-usecase-1.0.0-SNAPSHOT.jar
br.com.sawcunhaos.organization.api.delegate.company.LegalNatureDelegate	br.com.sawcunhaos.organization.api.dto.PaginationFilter	externo	flow-organization-usecase-1.0.0-SNAPSHOT.jar
br.com.sawcunhaos.organization.api.delegate.company.LegalNatureDelegate	br.com.sawcunhaos.organization.api.dto.UpdateLegalNatureRequest	externo	flow-organization-usecase-1.0.0-SNAPSHOT.jar
br.com.sawcunhaos.organization.api.delegate.company.LegalNatureDelegate	br.com.sawcunhaos.organization.application.usecase.corporate.company.fiscal.legalnature.CreateLegalNatureUseCase	externo	flow-organization-usecase-1.0.0-SNAPSHOT.jar
br.com.sawcunhaos.organization.api.delegate.company.LegalNatureDelegate	br.com.sawcunhaos.organization.application.usecase.corporate.company.fiscal.legalnature.DeleteLegalNatureUseCase	externo	flow-organization-usecase-1.0.0-SNAPSHOT.jar
br.com.sawcunhaos.organization.api.delegate.company.LegalNatureDelegate	br.com.sawcunhaos.organization.application.usecase.corporate.company.fiscal.legalnature.FindAllLegalNatureUseCase	externo	flow-organization-usecase-1.0.0-SNAPSHOT.jar
br.com.sawcunhaos.organization.api.delegate.company.LegalNatureDelegate	br.com.sawcunhaos.organization.application.usecase.corporate.company.fiscal.legalnature.FindLegalNatureUseCase	externo	flow-organization-usecase-1.0.0-SNAPSHOT.jar
br.com.sawcunhaos.organization.api.delegate.company.LegalNatureDelegate	br.com.sawcunhaos.organization.application.usecase.corporate.company.fiscal.legalnature.UpdateLegalNatureUseCase	externo	flow-organization-usecase-1.0.0-SNAPSHOT.jar
br.com.sawcunhaos.organization.api.delegate.company.LegalNatureDelegate	java.lang.Class	jdk	java.base
br.com.sawcunhaos.organization.api.delegate.company.LegalNatureDelegate	java.lang.Long	jdk	java.base
br.com.sawcunhaos.organization.api.delegate.company.LegalNatureDelegate	java.lang.Object	jdk	java.base
br.com.sawcunhaos.organization.api.delegate.company.LegalNatureDelegate	java.lang.String	jdk	java.base
br.com.sawcunhaos.organization.api.delegate.company.LegalNatureDelegate	java.lang.Void	jdk	java.base
br.com.sawcunhaos.organization.api.delegate.company.LegalNatureDelegate	java.util.Optional	jdk	java.base
br.com.sawcunhaos.organization.api.delegate.company.LegalNatureDelegate	java.util.UUID	jdk	java.base
br.com.sawcunhaos.organization.api.delegate.company.LegalNatureDelegate	org.slf4j.Logger	externo	slf4j-api-2.0.18.jar
br.com.sawcunhaos.organization.api.delegate.company.LegalNatureDelegate	org.slf4j.LoggerFactory	externo	slf4j-api-2.0.18.jar
br.com.sawcunhaos.organization.api.delegate.company.LegalNatureDelegate	org.springframework.stereotype.Component	externo	spring-context-7.0.9.jar
br.com.sawcunhaos.organization.api.delegate.configuration.ConfigurationDelegate	br.com.sawcunhaos.organization.api.controller.ConfigurationApiDelegate	interno	classes
br.com.sawcunhaos.organization.api.delegate.configuration.ConfigurationDelegate	br.com.sawcunhaos.organization.api.dto.GetAllConfigurationsResponse	externo	flow-organization-usecase-1.0.0-SNAPSHOT.jar
br.com.sawcunhaos.organization.api.delegate.configuration.ConfigurationDelegate	br.com.sawcunhaos.organization.api.dto.GetAllConfigurationsResponse$GetAllConfigurationsResponseBuilder	externo	flow-organization-usecase-1.0.0-SNAPSHOT.jar
br.com.sawcunhaos.organization.api.delegate.configuration.ConfigurationDelegate	br.com.sawcunhaos.organization.api.dto.GetAllKeysConfigurationsResponse	externo	flow-organization-usecase-1.0.0-SNAPSHOT.jar
br.com.sawcunhaos.organization.api.delegate.configuration.ConfigurationDelegate	br.com.sawcunhaos.organization.api.dto.GetAllKeysConfigurationsResponse$GetAllKeysConfigurationsResponseBuilder	externo	flow-organization-usecase-1.0.0-SNAPSHOT.jar
br.com.sawcunhaos.organization.api.delegate.configuration.ConfigurationDelegate	br.com.sawcunhaos.organization.api.dto.GetConfigurationResponse	externo	flow-organization-usecase-1.0.0-SNAPSHOT.jar
br.com.sawcunhaos.organization.api.delegate.configuration.ConfigurationDelegate	br.com.sawcunhaos.organization.api.dto.GetConfigurationResponse$GetConfigurationResponseBuilder	externo	flow-organization-usecase-1.0.0-SNAPSHOT.jar
br.com.sawcunhaos.organization.api.delegate.configuration.ConfigurationDelegate	br.com.sawcunhaos.organization.api.dto.ModelConfiguration	externo	flow-organization-usecase-1.0.0-SNAPSHOT.jar
br.com.sawcunhaos.organization.api.delegate.configuration.ConfigurationDelegate	br.com.sawcunhaos.organization.api.dto.UpdateConfigurationRequest	externo	flow-organization-usecase-1.0.0-SNAPSHOT.jar
br.com.sawcunhaos.organization.api.delegate.configuration.ConfigurationDelegate	br.com.sawcunhaos.organization.application.usecase.configuration.FindAllConfigurationUseCase	externo	flow-organization-usecase-1.0.0-SNAPSHOT.jar
br.com.sawcunhaos.organization.api.delegate.configuration.ConfigurationDelegate	br.com.sawcunhaos.organization.application.usecase.configuration.FindAllKeysConfigurationUseCase	externo	flow-organization-usecase-1.0.0-SNAPSHOT.jar
br.com.sawcunhaos.organization.api.delegate.configuration.ConfigurationDelegate	br.com.sawcunhaos.organization.application.usecase.configuration.FindConfigurationByKeyUseCase	externo	flow-organization-usecase-1.0.0-SNAPSHOT.jar
br.com.sawcunhaos.organization.api.delegate.configuration.ConfigurationDelegate	br.com.sawcunhaos.organization.application.usecase.configuration.UpdateConfigurationUseCase	externo	flow-organization-usecase-1.0.0-SNAPSHOT.jar
br.com.sawcunhaos.organization.api.delegate.configuration.ConfigurationDelegate	java.lang.Class	jdk	java.base
br.com.sawcunhaos.organization.api.delegate.configuration.ConfigurationDelegate	java.lang.Object	jdk	java.base
br.com.sawcunhaos.organization.api.delegate.configuration.ConfigurationDelegate	java.lang.String	jdk	java.base
br.com.sawcunhaos.organization.api.delegate.configuration.ConfigurationDelegate	java.lang.Void	jdk	java.base
br.com.sawcunhaos.organization.api.delegate.configuration.ConfigurationDelegate	java.util.List	jdk	java.base
br.com.sawcunhaos.organization.api.delegate.configuration.ConfigurationDelegate	java.util.Optional	jdk	java.base
br.com.sawcunhaos.organization.api.delegate.configuration.ConfigurationDelegate	java.util.UUID	jdk	java.base
br.com.sawcunhaos.organization.api.delegate.configuration.ConfigurationDelegate	org.slf4j.Logger	externo	slf4j-api-2.0.18.jar
br.com.sawcunhaos.organization.api.delegate.configuration.ConfigurationDelegate	org.slf4j.LoggerFactory	externo	slf4j-api-2.0.18.jar
br.com.sawcunhaos.organization.api.delegate.configuration.ConfigurationDelegate	org.springframework.stereotype.Component	externo	spring-context-7.0.9.jar
br.com.sawcunhaos.organization.api.delegate.department.DepartmentDelegate	br.com.sawcunhaos.organization.api.controller.DepartmentApiDelegate	interno	classes
br.com.sawcunhaos.organization.api.delegate.department.DepartmentDelegate	br.com.sawcunhaos.organization.api.dto.Create	externo	flow-organization-usecase-1.0.0-SNAPSHOT.jar
br.com.sawcunhaos.organization.api.delegate.department.DepartmentDelegate	br.com.sawcunhaos.organization.api.dto.Create$CreateBuilder	externo	flow-organization-usecase-1.0.0-SNAPSHOT.jar
br.com.sawcunhaos.organization.api.delegate.department.DepartmentDelegate	br.com.sawcunhaos.organization.api.dto.CreateDepartmentRequest	externo	flow-organization-usecase-1.0.0-SNAPSHOT.jar
br.com.sawcunhaos.organization.api.delegate.department.DepartmentDelegate	br.com.sawcunhaos.organization.api.dto.CreateResponse	externo	flow-organization-usecase-1.0.0-SNAPSHOT.jar
br.com.sawcunhaos.organization.api.delegate.department.DepartmentDelegate	br.com.sawcunhaos.organization.api.dto.CreateResponse$CreateResponseBuilder	externo	flow-organization-usecase-1.0.0-SNAPSHOT.jar
br.com.sawcunhaos.organization.api.delegate.department.DepartmentDelegate	br.com.sawcunhaos.organization.api.dto.Department	externo	flow-organization-usecase-1.0.0-SNAPSHOT.jar
br.com.sawcunhaos.organization.api.delegate.department.DepartmentDelegate	br.com.sawcunhaos.organization.api.dto.GetAllDepartmentsResponse	externo	flow-organization-usecase-1.0.0-SNAPSHOT.jar
br.com.sawcunhaos.organization.api.delegate.department.DepartmentDelegate	br.com.sawcunhaos.organization.api.dto.GetDepartmentResponse	externo	flow-organization-usecase-1.0.0-SNAPSHOT.jar
br.com.sawcunhaos.organization.api.delegate.department.DepartmentDelegate	br.com.sawcunhaos.organization.api.dto.GetDepartmentResponse$GetDepartmentResponseBuilder	externo	flow-organization-usecase-1.0.0-SNAPSHOT.jar
br.com.sawcunhaos.organization.api.delegate.department.DepartmentDelegate	br.com.sawcunhaos.organization.api.dto.PaginationFilter	externo	flow-organization-usecase-1.0.0-SNAPSHOT.jar
br.com.sawcunhaos.organization.api.delegate.department.DepartmentDelegate	br.com.sawcunhaos.organization.api.dto.UpdateDepartmentRequest	externo	flow-organization-usecase-1.0.0-SNAPSHOT.jar
br.com.sawcunhaos.organization.api.delegate.department.DepartmentDelegate	br.com.sawcunhaos.organization.application.usecase.corporate.department.CreateDepartmentUseCase	externo	flow-organization-usecase-1.0.0-SNAPSHOT.jar
br.com.sawcunhaos.organization.api.delegate.department.DepartmentDelegate	br.com.sawcunhaos.organization.application.usecase.corporate.department.DisableDepartmentUseCase	externo	flow-organization-usecase-1.0.0-SNAPSHOT.jar
br.com.sawcunhaos.organization.api.delegate.department.DepartmentDelegate	br.com.sawcunhaos.organization.application.usecase.corporate.department.EnableDepartmentUseCase	externo	flow-organization-usecase-1.0.0-SNAPSHOT.jar
br.com.sawcunhaos.organization.api.delegate.department.DepartmentDelegate	br.com.sawcunhaos.organization.application.usecase.corporate.department.FindAllDepartmentUseCase	externo	flow-organization-usecase-1.0.0-SNAPSHOT.jar
br.com.sawcunhaos.organization.api.delegate.department.DepartmentDelegate	br.com.sawcunhaos.organization.application.usecase.corporate.department.FindDepartmentUseCase	externo	flow-organization-usecase-1.0.0-SNAPSHOT.jar
br.com.sawcunhaos.organization.api.delegate.department.DepartmentDelegate	br.com.sawcunhaos.organization.application.usecase.corporate.department.UpdateDepartmentUseCase	externo	flow-organization-usecase-1.0.0-SNAPSHOT.jar
br.com.sawcunhaos.organization.api.delegate.department.DepartmentDelegate	java.lang.Boolean	jdk	java.base
br.com.sawcunhaos.organization.api.delegate.department.DepartmentDelegate	java.lang.Class	jdk	java.base
br.com.sawcunhaos.organization.api.delegate.department.DepartmentDelegate	java.lang.Long	jdk	java.base
br.com.sawcunhaos.organization.api.delegate.department.DepartmentDelegate	java.lang.Object	jdk	java.base
br.com.sawcunhaos.organization.api.delegate.department.DepartmentDelegate	java.lang.String	jdk	java.base
br.com.sawcunhaos.organization.api.delegate.department.DepartmentDelegate	java.lang.Void	jdk	java.base
br.com.sawcunhaos.organization.api.delegate.department.DepartmentDelegate	java.util.Optional	jdk	java.base
br.com.sawcunhaos.organization.api.delegate.department.DepartmentDelegate	java.util.UUID	jdk	java.base
br.com.sawcunhaos.organization.api.delegate.department.DepartmentDelegate	org.slf4j.Logger	externo	slf4j-api-2.0.18.jar
br.com.sawcunhaos.organization.api.delegate.department.DepartmentDelegate	org.slf4j.LoggerFactory	externo	slf4j-api-2.0.18.jar
br.com.sawcunhaos.organization.api.delegate.department.DepartmentDelegate	org.springframework.stereotype.Component	externo	spring-context-7.0.9.jar
br.com.sawcunhaos.organization.api.delegate.employee.EmployeeDelegate	br.com.sawcunhaos.organization.api.controller.EmployeeApiDelegate	interno	classes
br.com.sawcunhaos.organization.api.delegate.employee.EmployeeDelegate	br.com.sawcunhaos.organization.api.dto.Create	externo	flow-organization-usecase-1.0.0-SNAPSHOT.jar
br.com.sawcunhaos.organization.api.delegate.employee.EmployeeDelegate	br.com.sawcunhaos.organization.api.dto.Create$CreateBuilder	externo	flow-organization-usecase-1.0.0-SNAPSHOT.jar
br.com.sawcunhaos.organization.api.delegate.employee.EmployeeDelegate	br.com.sawcunhaos.organization.api.dto.CreateEmployeeRequest	externo	flow-organization-usecase-1.0.0-SNAPSHOT.jar
br.com.sawcunhaos.organization.api.delegate.employee.EmployeeDelegate	br.com.sawcunhaos.organization.api.dto.CreateResponse	externo	flow-organization-usecase-1.0.0-SNAPSHOT.jar
br.com.sawcunhaos.organization.api.delegate.employee.EmployeeDelegate	br.com.sawcunhaos.organization.api.dto.CreateResponse$CreateResponseBuilder	externo	flow-organization-usecase-1.0.0-SNAPSHOT.jar
br.com.sawcunhaos.organization.api.delegate.employee.EmployeeDelegate	br.com.sawcunhaos.organization.api.dto.Employee	externo	flow-organization-usecase-1.0.0-SNAPSHOT.jar
br.com.sawcunhaos.organization.api.delegate.employee.EmployeeDelegate	br.com.sawcunhaos.organization.api.dto.EmployeeStatus	externo	flow-organization-usecase-1.0.0-SNAPSHOT.jar
br.com.sawcunhaos.organization.api.delegate.employee.EmployeeDelegate	br.com.sawcunhaos.organization.api.dto.EmployeeStatusTransitionRequest	externo	flow-organization-usecase-1.0.0-SNAPSHOT.jar
br.com.sawcunhaos.organization.api.delegate.employee.EmployeeDelegate	br.com.sawcunhaos.organization.api.dto.GetAllEmployeesResponse	externo	flow-organization-usecase-1.0.0-SNAPSHOT.jar
br.com.sawcunhaos.organization.api.delegate.employee.EmployeeDelegate	br.com.sawcunhaos.organization.api.dto.GetEmployeeResponse	externo	flow-organization-usecase-1.0.0-SNAPSHOT.jar
br.com.sawcunhaos.organization.api.delegate.employee.EmployeeDelegate	br.com.sawcunhaos.organization.api.dto.GetEmployeeResponse$GetEmployeeResponseBuilder	externo	flow-organization-usecase-1.0.0-SNAPSHOT.jar
br.com.sawcunhaos.organization.api.delegate.employee.EmployeeDelegate	br.com.sawcunhaos.organization.api.dto.PaginationFilter	externo	flow-organization-usecase-1.0.0-SNAPSHOT.jar
br.com.sawcunhaos.organization.api.delegate.employee.EmployeeDelegate	br.com.sawcunhaos.organization.api.dto.RehireEmployeeRequest	externo	flow-organization-usecase-1.0.0-SNAPSHOT.jar
br.com.sawcunhaos.organization.api.delegate.employee.EmployeeDelegate	br.com.sawcunhaos.organization.application.usecase.corporate.employee.ActivateEmployeeUseCase	externo	flow-organization-usecase-1.0.0-SNAPSHOT.jar
br.com.sawcunhaos.organization.api.delegate.employee.EmployeeDelegate	br.com.sawcunhaos.organization.application.usecase.corporate.employee.BlockEmployeeUseCase	externo	flow-organization-usecase-1.0.0-SNAPSHOT.jar
br.com.sawcunhaos.organization.api.delegate.employee.EmployeeDelegate	br.com.sawcunhaos.organization.application.usecase.corporate.employee.CreateEmployeeUseCase	externo	flow-organization-usecase-1.0.0-SNAPSHOT.jar
br.com.sawcunhaos.organization.api.delegate.employee.EmployeeDelegate	br.com.sawcunhaos.organization.application.usecase.corporate.employee.FindAllEmployeeUseCase	externo	flow-organization-usecase-1.0.0-SNAPSHOT.jar
br.com.sawcunhaos.organization.api.delegate.employee.EmployeeDelegate	br.com.sawcunhaos.organization.application.usecase.corporate.employee.FindEmployeeUseCase	externo	flow-organization-usecase-1.0.0-SNAPSHOT.jar
br.com.sawcunhaos.organization.api.delegate.employee.EmployeeDelegate	br.com.sawcunhaos.organization.application.usecase.corporate.employee.InactivateEmployeeUseCase	externo	flow-organization-usecase-1.0.0-SNAPSHOT.jar
br.com.sawcunhaos.organization.api.delegate.employee.EmployeeDelegate	br.com.sawcunhaos.organization.application.usecase.corporate.employee.RehireEmployeeUseCase	externo	flow-organization-usecase-1.0.0-SNAPSHOT.jar
br.com.sawcunhaos.organization.api.delegate.employee.EmployeeDelegate	br.com.sawcunhaos.organization.application.usecase.corporate.employee.UnblockEmployeeUseCase	externo	flow-organization-usecase-1.0.0-SNAPSHOT.jar
br.com.sawcunhaos.organization.api.delegate.employee.EmployeeDelegate	java.lang.Class	jdk	java.base
br.com.sawcunhaos.organization.api.delegate.employee.EmployeeDelegate	java.lang.Long	jdk	java.base
br.com.sawcunhaos.organization.api.delegate.employee.EmployeeDelegate	java.lang.Object	jdk	java.base
br.com.sawcunhaos.organization.api.delegate.employee.EmployeeDelegate	java.lang.String	jdk	java.base
br.com.sawcunhaos.organization.api.delegate.employee.EmployeeDelegate	java.lang.Void	jdk	java.base
br.com.sawcunhaos.organization.api.delegate.employee.EmployeeDelegate	java.util.Optional	jdk	java.base
br.com.sawcunhaos.organization.api.delegate.employee.EmployeeDelegate	java.util.UUID	jdk	java.base
br.com.sawcunhaos.organization.api.delegate.employee.EmployeeDelegate	org.slf4j.Logger	externo	slf4j-api-2.0.18.jar
br.com.sawcunhaos.organization.api.delegate.employee.EmployeeDelegate	org.slf4j.LoggerFactory	externo	slf4j-api-2.0.18.jar
br.com.sawcunhaos.organization.api.delegate.employee.EmployeeDelegate	org.springframework.stereotype.Component	externo	spring-context-7.0.9.jar
br.com.sawcunhaos.organization.api.delegate.login.LoginApprovalRequestDelegate	br.com.sawcunhaos.organization.api.controller.LoginApprovalRequestApiDelegate	interno	classes
br.com.sawcunhaos.organization.api.delegate.login.LoginApprovalRequestDelegate	br.com.sawcunhaos.organization.api.dto.ApproveLoginApprovalRequestRequest	externo	flow-organization-usecase-1.0.0-SNAPSHOT.jar
br.com.sawcunhaos.organization.api.delegate.login.LoginApprovalRequestDelegate	br.com.sawcunhaos.organization.api.dto.GetAllLoginApprovalRequestsResponse	externo	flow-organization-usecase-1.0.0-SNAPSHOT.jar
br.com.sawcunhaos.organization.api.delegate.login.LoginApprovalRequestDelegate	br.com.sawcunhaos.organization.api.dto.GetLoginApprovalRequestResponse	externo	flow-organization-usecase-1.0.0-SNAPSHOT.jar
br.com.sawcunhaos.organization.api.delegate.login.LoginApprovalRequestDelegate	br.com.sawcunhaos.organization.api.dto.GetSystemAccessApproversResponse	externo	flow-organization-usecase-1.0.0-SNAPSHOT.jar
br.com.sawcunhaos.organization.api.delegate.login.LoginApprovalRequestDelegate	br.com.sawcunhaos.organization.api.dto.LoginApprovalRequestStatus	externo	flow-organization-usecase-1.0.0-SNAPSHOT.jar
br.com.sawcunhaos.organization.api.delegate.login.LoginApprovalRequestDelegate	br.com.sawcunhaos.organization.api.dto.PaginationFilter	externo	flow-organization-usecase-1.0.0-SNAPSHOT.jar
br.com.sawcunhaos.organization.api.delegate.login.LoginApprovalRequestDelegate	br.com.sawcunhaos.organization.api.dto.RejectLoginApprovalRequestRequest	externo	flow-organization-usecase-1.0.0-SNAPSHOT.jar
br.com.sawcunhaos.organization.api.delegate.login.LoginApprovalRequestDelegate	br.com.sawcunhaos.organization.application.usecase.access.login.DecideLoginApprovalRequestUseCase	externo	flow-organization-usecase-1.0.0-SNAPSHOT.jar
br.com.sawcunhaos.organization.api.delegate.login.LoginApprovalRequestDelegate	br.com.sawcunhaos.organization.application.usecase.access.login.DecisionType	externo	flow-organization-usecase-1.0.0-SNAPSHOT.jar
br.com.sawcunhaos.organization.api.delegate.login.LoginApprovalRequestDelegate	br.com.sawcunhaos.organization.application.usecase.access.login.FindAllLoginApprovalRequestUseCase	externo	flow-organization-usecase-1.0.0-SNAPSHOT.jar
br.com.sawcunhaos.organization.api.delegate.login.LoginApprovalRequestDelegate	br.com.sawcunhaos.organization.application.usecase.access.login.FindLoginApprovalRequestUseCase	externo	flow-organization-usecase-1.0.0-SNAPSHOT.jar
br.com.sawcunhaos.organization.api.delegate.login.LoginApprovalRequestDelegate	br.com.sawcunhaos.organization.application.usecase.access.login.FindSystemAccessApproversUseCase	externo	flow-organization-usecase-1.0.0-SNAPSHOT.jar
br.com.sawcunhaos.organization.api.delegate.login.LoginApprovalRequestDelegate	java.lang.Class	jdk	java.base
br.com.sawcunhaos.organization.api.delegate.login.LoginApprovalRequestDelegate	java.lang.Long	jdk	java.base
br.com.sawcunhaos.organization.api.delegate.login.LoginApprovalRequestDelegate	java.lang.Object	jdk	java.base
br.com.sawcunhaos.organization.api.delegate.login.LoginApprovalRequestDelegate	java.lang.String	jdk	java.base
br.com.sawcunhaos.organization.api.delegate.login.LoginApprovalRequestDelegate	java.lang.Void	jdk	java.base
br.com.sawcunhaos.organization.api.delegate.login.LoginApprovalRequestDelegate	java.util.Optional	jdk	java.base
br.com.sawcunhaos.organization.api.delegate.login.LoginApprovalRequestDelegate	java.util.UUID	jdk	java.base
br.com.sawcunhaos.organization.api.delegate.login.LoginApprovalRequestDelegate	org.slf4j.Logger	externo	slf4j-api-2.0.18.jar
br.com.sawcunhaos.organization.api.delegate.login.LoginApprovalRequestDelegate	org.slf4j.LoggerFactory	externo	slf4j-api-2.0.18.jar
br.com.sawcunhaos.organization.api.delegate.login.LoginApprovalRequestDelegate	org.springframework.stereotype.Component	externo	spring-context-7.0.9.jar
br.com.sawcunhaos.organization.api.delegate.login.LoginDelegate	br.com.sawcunhaos.organization.api.controller.LoginApiDelegate	interno	classes
br.com.sawcunhaos.organization.api.delegate.login.LoginDelegate	br.com.sawcunhaos.organization.api.dto.Create	externo	flow-organization-usecase-1.0.0-SNAPSHOT.jar
br.com.sawcunhaos.organization.api.delegate.login.LoginDelegate	br.com.sawcunhaos.organization.api.dto.Create$CreateBuilder	externo	flow-organization-usecase-1.0.0-SNAPSHOT.jar
br.com.sawcunhaos.organization.api.delegate.login.LoginDelegate	br.com.sawcunhaos.organization.api.dto.CreateEmployeeLoginRequest	externo	flow-organization-usecase-1.0.0-SNAPSHOT.jar
br.com.sawcunhaos.organization.api.delegate.login.LoginDelegate	br.com.sawcunhaos.organization.api.dto.CreateResponse	externo	flow-organization-usecase-1.0.0-SNAPSHOT.jar
br.com.sawcunhaos.organization.api.delegate.login.LoginDelegate	br.com.sawcunhaos.organization.api.dto.CreateResponse$CreateResponseBuilder	externo	flow-organization-usecase-1.0.0-SNAPSHOT.jar
br.com.sawcunhaos.organization.api.delegate.login.LoginDelegate	br.com.sawcunhaos.organization.api.dto.GetAllLoginsResponse	externo	flow-organization-usecase-1.0.0-SNAPSHOT.jar
br.com.sawcunhaos.organization.api.delegate.login.LoginDelegate	br.com.sawcunhaos.organization.api.dto.GetLoginResponse	externo	flow-organization-usecase-1.0.0-SNAPSHOT.jar
br.com.sawcunhaos.organization.api.delegate.login.LoginDelegate	br.com.sawcunhaos.organization.api.dto.GetLoginResponse$GetLoginResponseBuilder	externo	flow-organization-usecase-1.0.0-SNAPSHOT.jar
br.com.sawcunhaos.organization.api.delegate.login.LoginDelegate	br.com.sawcunhaos.organization.api.dto.Login	externo	flow-organization-usecase-1.0.0-SNAPSHOT.jar
br.com.sawcunhaos.organization.api.delegate.login.LoginDelegate	br.com.sawcunhaos.organization.api.dto.LoginReactivationRequest	externo	flow-organization-usecase-1.0.0-SNAPSHOT.jar
br.com.sawcunhaos.organization.api.delegate.login.LoginDelegate	br.com.sawcunhaos.organization.api.dto.LoginStatus	externo	flow-organization-usecase-1.0.0-SNAPSHOT.jar
br.com.sawcunhaos.organization.api.delegate.login.LoginDelegate	br.com.sawcunhaos.organization.api.dto.LoginType	externo	flow-organization-usecase-1.0.0-SNAPSHOT.jar
br.com.sawcunhaos.organization.api.delegate.login.LoginDelegate	br.com.sawcunhaos.organization.api.dto.PaginationFilter	externo	flow-organization-usecase-1.0.0-SNAPSHOT.jar
br.com.sawcunhaos.organization.api.delegate.login.LoginDelegate	br.com.sawcunhaos.organization.application.usecase.access.login.CreateEmployeeLoginUseCase	externo	flow-organization-usecase-1.0.0-SNAPSHOT.jar
br.com.sawcunhaos.organization.api.delegate.login.LoginDelegate	br.com.sawcunhaos.organization.application.usecase.access.login.FindAllEmployeeLoginUseCase	externo	flow-organization-usecase-1.0.0-SNAPSHOT.jar
br.com.sawcunhaos.organization.api.delegate.login.LoginDelegate	br.com.sawcunhaos.organization.application.usecase.access.login.FindAllLoginUseCase	externo	flow-organization-usecase-1.0.0-SNAPSHOT.jar
br.com.sawcunhaos.organization.api.delegate.login.LoginDelegate	br.com.sawcunhaos.organization.application.usecase.access.login.FindLoginUseCase	externo	flow-organization-usecase-1.0.0-SNAPSHOT.jar
br.com.sawcunhaos.organization.api.delegate.login.LoginDelegate	br.com.sawcunhaos.organization.application.usecase.access.login.ProfileChangeKind	externo	flow-organization-usecase-1.0.0-SNAPSHOT.jar
br.com.sawcunhaos.organization.api.delegate.login.LoginDelegate	br.com.sawcunhaos.organization.application.usecase.access.login.RequestLoginProfileChangeUseCase	externo	flow-organization-usecase-1.0.0-SNAPSHOT.jar
br.com.sawcunhaos.organization.api.delegate.login.LoginDelegate	br.com.sawcunhaos.organization.application.usecase.access.login.RequestLoginReactivationUseCase	externo	flow-organization-usecase-1.0.0-SNAPSHOT.jar
br.com.sawcunhaos.organization.api.delegate.login.LoginDelegate	java.lang.Class	jdk	java.base
br.com.sawcunhaos.organization.api.delegate.login.LoginDelegate	java.lang.Long	jdk	java.base
br.com.sawcunhaos.organization.api.delegate.login.LoginDelegate	java.lang.Object	jdk	java.base
br.com.sawcunhaos.organization.api.delegate.login.LoginDelegate	java.lang.String	jdk	java.base
br.com.sawcunhaos.organization.api.delegate.login.LoginDelegate	java.lang.Void	jdk	java.base
br.com.sawcunhaos.organization.api.delegate.login.LoginDelegate	java.util.Optional	jdk	java.base
br.com.sawcunhaos.organization.api.delegate.login.LoginDelegate	java.util.UUID	jdk	java.base
br.com.sawcunhaos.organization.api.delegate.login.LoginDelegate	org.slf4j.Logger	externo	slf4j-api-2.0.18.jar
br.com.sawcunhaos.organization.api.delegate.login.LoginDelegate	org.slf4j.LoggerFactory	externo	slf4j-api-2.0.18.jar
br.com.sawcunhaos.organization.api.delegate.login.LoginDelegate	org.springframework.stereotype.Component	externo	spring-context-7.0.9.jar
br.com.sawcunhaos.organization.api.delegate.position.PositionDelegate	br.com.sawcunhaos.organization.api.controller.PositionApiDelegate	interno	classes
br.com.sawcunhaos.organization.api.delegate.position.PositionDelegate	br.com.sawcunhaos.organization.api.dto.Create	externo	flow-organization-usecase-1.0.0-SNAPSHOT.jar
br.com.sawcunhaos.organization.api.delegate.position.PositionDelegate	br.com.sawcunhaos.organization.api.dto.Create$CreateBuilder	externo	flow-organization-usecase-1.0.0-SNAPSHOT.jar
br.com.sawcunhaos.organization.api.delegate.position.PositionDelegate	br.com.sawcunhaos.organization.api.dto.CreatePositionRequest	externo	flow-organization-usecase-1.0.0-SNAPSHOT.jar
br.com.sawcunhaos.organization.api.delegate.position.PositionDelegate	br.com.sawcunhaos.organization.api.dto.CreatePositionWorkScheduleRequest	externo	flow-organization-usecase-1.0.0-SNAPSHOT.jar
br.com.sawcunhaos.organization.api.delegate.position.PositionDelegate	br.com.sawcunhaos.organization.api.dto.CreateResponse	externo	flow-organization-usecase-1.0.0-SNAPSHOT.jar
br.com.sawcunhaos.organization.api.delegate.position.PositionDelegate	br.com.sawcunhaos.organization.api.dto.CreateResponse$CreateResponseBuilder	externo	flow-organization-usecase-1.0.0-SNAPSHOT.jar
br.com.sawcunhaos.organization.api.delegate.position.PositionDelegate	br.com.sawcunhaos.organization.api.dto.DayOfWeek	externo	flow-organization-usecase-1.0.0-SNAPSHOT.jar
br.com.sawcunhaos.organization.api.delegate.position.PositionDelegate	br.com.sawcunhaos.organization.api.dto.GetAllPositionsResponse	externo	flow-organization-usecase-1.0.0-SNAPSHOT.jar
br.com.sawcunhaos.organization.api.delegate.position.PositionDelegate	br.com.sawcunhaos.organization.api.dto.GetPositionResponse	externo	flow-organization-usecase-1.0.0-SNAPSHOT.jar
br.com.sawcunhaos.organization.api.delegate.position.PositionDelegate	br.com.sawcunhaos.organization.api.dto.GetPositionResponse$GetPositionResponseBuilder	externo	flow-organization-usecase-1.0.0-SNAPSHOT.jar
br.com.sawcunhaos.organization.api.delegate.position.PositionDelegate	br.com.sawcunhaos.organization.api.dto.PaginationFilter	externo	flow-organization-usecase-1.0.0-SNAPSHOT.jar
br.com.sawcunhaos.organization.api.delegate.position.PositionDelegate	br.com.sawcunhaos.organization.api.dto.Position	externo	flow-organization-usecase-1.0.0-SNAPSHOT.jar
br.com.sawcunhaos.organization.api.delegate.position.PositionDelegate	br.com.sawcunhaos.organization.api.dto.PositionWorkSchedule	externo	flow-organization-usecase-1.0.0-SNAPSHOT.jar
br.com.sawcunhaos.organization.api.delegate.position.PositionDelegate	br.com.sawcunhaos.organization.api.dto.UpdatePositionRequest	externo	flow-organization-usecase-1.0.0-SNAPSHOT.jar
br.com.sawcunhaos.organization.api.delegate.position.PositionDelegate	br.com.sawcunhaos.organization.api.dto.UpdatePositionWorkScheduleRequest	externo	flow-organization-usecase-1.0.0-SNAPSHOT.jar
br.com.sawcunhaos.organization.api.delegate.position.PositionDelegate	br.com.sawcunhaos.organization.application.usecase.corporate.position.CreatePositionUseCase	externo	flow-organization-usecase-1.0.0-SNAPSHOT.jar
br.com.sawcunhaos.organization.api.delegate.position.PositionDelegate	br.com.sawcunhaos.organization.application.usecase.corporate.position.CreatePositionWorkScheduleUseCase	externo	flow-organization-usecase-1.0.0-SNAPSHOT.jar
br.com.sawcunhaos.organization.api.delegate.position.PositionDelegate	br.com.sawcunhaos.organization.application.usecase.corporate.position.DeletePositionWorkScheduleUseCase	externo	flow-organization-usecase-1.0.0-SNAPSHOT.jar
br.com.sawcunhaos.organization.api.delegate.position.PositionDelegate	br.com.sawcunhaos.organization.application.usecase.corporate.position.DisablePositionUseCase	externo	flow-organization-usecase-1.0.0-SNAPSHOT.jar
br.com.sawcunhaos.organization.api.delegate.position.PositionDelegate	br.com.sawcunhaos.organization.application.usecase.corporate.position.EnablePositionUseCase	externo	flow-organization-usecase-1.0.0-SNAPSHOT.jar
br.com.sawcunhaos.organization.api.delegate.position.PositionDelegate	br.com.sawcunhaos.organization.application.usecase.corporate.position.FindAllPositionUseCase	externo	flow-organization-usecase-1.0.0-SNAPSHOT.jar
br.com.sawcunhaos.organization.api.delegate.position.PositionDelegate	br.com.sawcunhaos.organization.application.usecase.corporate.position.FindPositionUseCase	externo	flow-organization-usecase-1.0.0-SNAPSHOT.jar
br.com.sawcunhaos.organization.api.delegate.position.PositionDelegate	br.com.sawcunhaos.organization.application.usecase.corporate.position.GetAllPositionWorkScheduleUseCase	externo	flow-organization-usecase-1.0.0-SNAPSHOT.jar
br.com.sawcunhaos.organization.api.delegate.position.PositionDelegate	br.com.sawcunhaos.organization.application.usecase.corporate.position.UpdatePositionUseCase	externo	flow-organization-usecase-1.0.0-SNAPSHOT.jar
br.com.sawcunhaos.organization.api.delegate.position.PositionDelegate	br.com.sawcunhaos.organization.application.usecase.corporate.position.UpdatePositionWorkScheduleUseCase	externo	flow-organization-usecase-1.0.0-SNAPSHOT.jar
br.com.sawcunhaos.organization.api.delegate.position.PositionDelegate	java.lang.Boolean	jdk	java.base
br.com.sawcunhaos.organization.api.delegate.position.PositionDelegate	java.lang.Class	jdk	java.base
br.com.sawcunhaos.organization.api.delegate.position.PositionDelegate	java.lang.Long	jdk	java.base
br.com.sawcunhaos.organization.api.delegate.position.PositionDelegate	java.lang.Object	jdk	java.base
br.com.sawcunhaos.organization.api.delegate.position.PositionDelegate	java.lang.String	jdk	java.base
br.com.sawcunhaos.organization.api.delegate.position.PositionDelegate	java.lang.Void	jdk	java.base
br.com.sawcunhaos.organization.api.delegate.position.PositionDelegate	java.util.List	jdk	java.base
br.com.sawcunhaos.organization.api.delegate.position.PositionDelegate	java.util.Optional	jdk	java.base
br.com.sawcunhaos.organization.api.delegate.position.PositionDelegate	java.util.UUID	jdk	java.base
br.com.sawcunhaos.organization.api.delegate.position.PositionDelegate	org.slf4j.Logger	externo	slf4j-api-2.0.18.jar
br.com.sawcunhaos.organization.api.delegate.position.PositionDelegate	org.slf4j.LoggerFactory	externo	slf4j-api-2.0.18.jar
br.com.sawcunhaos.organization.api.delegate.position.PositionDelegate	org.springframework.stereotype.Component	externo	spring-context-7.0.9.jar
br.com.sawcunhaos.organization.api.delegate.reason.ReasonActivateDelegate	br.com.sawcunhaos.organization.api.controller.ReasonActivateApiDelegate	interno	classes
br.com.sawcunhaos.organization.api.delegate.reason.ReasonActivateDelegate	br.com.sawcunhaos.organization.api.dto.Create	externo	flow-organization-usecase-1.0.0-SNAPSHOT.jar
br.com.sawcunhaos.organization.api.delegate.reason.ReasonActivateDelegate	br.com.sawcunhaos.organization.api.dto.Create$CreateBuilder	externo	flow-organization-usecase-1.0.0-SNAPSHOT.jar
br.com.sawcunhaos.organization.api.delegate.reason.ReasonActivateDelegate	br.com.sawcunhaos.organization.api.dto.CreateReasonActivateRequest	externo	flow-organization-usecase-1.0.0-SNAPSHOT.jar
br.com.sawcunhaos.organization.api.delegate.reason.ReasonActivateDelegate	br.com.sawcunhaos.organization.api.dto.CreateResponse	externo	flow-organization-usecase-1.0.0-SNAPSHOT.jar
br.com.sawcunhaos.organization.api.delegate.reason.ReasonActivateDelegate	br.com.sawcunhaos.organization.api.dto.CreateResponse$CreateResponseBuilder	externo	flow-organization-usecase-1.0.0-SNAPSHOT.jar
br.com.sawcunhaos.organization.api.delegate.reason.ReasonActivateDelegate	br.com.sawcunhaos.organization.api.dto.GetAllReasonActivateResponse	externo	flow-organization-usecase-1.0.0-SNAPSHOT.jar
br.com.sawcunhaos.organization.api.delegate.reason.ReasonActivateDelegate	br.com.sawcunhaos.organization.api.dto.GetReasonActivateResponse	externo	flow-organization-usecase-1.0.0-SNAPSHOT.jar
br.com.sawcunhaos.organization.api.delegate.reason.ReasonActivateDelegate	br.com.sawcunhaos.organization.api.dto.GetReasonActivateResponse$GetReasonActivateResponseBuilder	externo	flow-organization-usecase-1.0.0-SNAPSHOT.jar
br.com.sawcunhaos.organization.api.delegate.reason.ReasonActivateDelegate	br.com.sawcunhaos.organization.api.dto.PaginationFilter	externo	flow-organization-usecase-1.0.0-SNAPSHOT.jar
br.com.sawcunhaos.organization.api.delegate.reason.ReasonActivateDelegate	br.com.sawcunhaos.organization.api.dto.ReasonActivate	externo	flow-organization-usecase-1.0.0-SNAPSHOT.jar
br.com.sawcunhaos.organization.api.delegate.reason.ReasonActivateDelegate	br.com.sawcunhaos.organization.api.dto.ReasonEntityType	externo	flow-organization-usecase-1.0.0-SNAPSHOT.jar
br.com.sawcunhaos.organization.api.delegate.reason.ReasonActivateDelegate	br.com.sawcunhaos.organization.api.dto.UpdateReasonActivateRequest	externo	flow-organization-usecase-1.0.0-SNAPSHOT.jar
br.com.sawcunhaos.organization.api.delegate.reason.ReasonActivateDelegate	br.com.sawcunhaos.organization.application.usecase.access.status.reasonactivate.CreateReasonActivateUseCase	externo	flow-organization-usecase-1.0.0-SNAPSHOT.jar
br.com.sawcunhaos.organization.api.delegate.reason.ReasonActivateDelegate	br.com.sawcunhaos.organization.application.usecase.access.status.reasonactivate.DisableReasonActivateUseCase	externo	flow-organization-usecase-1.0.0-SNAPSHOT.jar
br.com.sawcunhaos.organization.api.delegate.reason.ReasonActivateDelegate	br.com.sawcunhaos.organization.application.usecase.access.status.reasonactivate.EnableReasonActivateUseCase	externo	flow-organization-usecase-1.0.0-SNAPSHOT.jar
br.com.sawcunhaos.organization.api.delegate.reason.ReasonActivateDelegate	br.com.sawcunhaos.organization.application.usecase.access.status.reasonactivate.FindAllReasonActivateUseCase	externo	flow-organization-usecase-1.0.0-SNAPSHOT.jar
br.com.sawcunhaos.organization.api.delegate.reason.ReasonActivateDelegate	br.com.sawcunhaos.organization.application.usecase.access.status.reasonactivate.FindReasonActivateUseCase	externo	flow-organization-usecase-1.0.0-SNAPSHOT.jar
br.com.sawcunhaos.organization.api.delegate.reason.ReasonActivateDelegate	br.com.sawcunhaos.organization.application.usecase.access.status.reasonactivate.UpdateReasonActivateUseCase	externo	flow-organization-usecase-1.0.0-SNAPSHOT.jar
br.com.sawcunhaos.organization.api.delegate.reason.ReasonActivateDelegate	java.lang.Boolean	jdk	java.base
br.com.sawcunhaos.organization.api.delegate.reason.ReasonActivateDelegate	java.lang.Class	jdk	java.base
br.com.sawcunhaos.organization.api.delegate.reason.ReasonActivateDelegate	java.lang.Long	jdk	java.base
br.com.sawcunhaos.organization.api.delegate.reason.ReasonActivateDelegate	java.lang.Object	jdk	java.base
br.com.sawcunhaos.organization.api.delegate.reason.ReasonActivateDelegate	java.lang.String	jdk	java.base
br.com.sawcunhaos.organization.api.delegate.reason.ReasonActivateDelegate	java.lang.Void	jdk	java.base
br.com.sawcunhaos.organization.api.delegate.reason.ReasonActivateDelegate	java.util.Optional	jdk	java.base
br.com.sawcunhaos.organization.api.delegate.reason.ReasonActivateDelegate	java.util.UUID	jdk	java.base
br.com.sawcunhaos.organization.api.delegate.reason.ReasonActivateDelegate	org.slf4j.Logger	externo	slf4j-api-2.0.18.jar
br.com.sawcunhaos.organization.api.delegate.reason.ReasonActivateDelegate	org.slf4j.LoggerFactory	externo	slf4j-api-2.0.18.jar
br.com.sawcunhaos.organization.api.delegate.reason.ReasonActivateDelegate	org.springframework.stereotype.Component	externo	spring-context-7.0.9.jar
br.com.sawcunhaos.organization.api.delegate.reason.ReasonDisableDelegate	br.com.sawcunhaos.organization.api.controller.ReasonDisableApiDelegate	interno	classes
br.com.sawcunhaos.organization.api.delegate.reason.ReasonDisableDelegate	br.com.sawcunhaos.organization.api.dto.Create	externo	flow-organization-usecase-1.0.0-SNAPSHOT.jar
br.com.sawcunhaos.organization.api.delegate.reason.ReasonDisableDelegate	br.com.sawcunhaos.organization.api.dto.Create$CreateBuilder	externo	flow-organization-usecase-1.0.0-SNAPSHOT.jar
br.com.sawcunhaos.organization.api.delegate.reason.ReasonDisableDelegate	br.com.sawcunhaos.organization.api.dto.CreateReasonDisableRequest	externo	flow-organization-usecase-1.0.0-SNAPSHOT.jar
br.com.sawcunhaos.organization.api.delegate.reason.ReasonDisableDelegate	br.com.sawcunhaos.organization.api.dto.CreateResponse	externo	flow-organization-usecase-1.0.0-SNAPSHOT.jar
br.com.sawcunhaos.organization.api.delegate.reason.ReasonDisableDelegate	br.com.sawcunhaos.organization.api.dto.CreateResponse$CreateResponseBuilder	externo	flow-organization-usecase-1.0.0-SNAPSHOT.jar
br.com.sawcunhaos.organization.api.delegate.reason.ReasonDisableDelegate	br.com.sawcunhaos.organization.api.dto.GetAllReasonDisableResponse	externo	flow-organization-usecase-1.0.0-SNAPSHOT.jar
br.com.sawcunhaos.organization.api.delegate.reason.ReasonDisableDelegate	br.com.sawcunhaos.organization.api.dto.GetReasonDisableResponse	externo	flow-organization-usecase-1.0.0-SNAPSHOT.jar
br.com.sawcunhaos.organization.api.delegate.reason.ReasonDisableDelegate	br.com.sawcunhaos.organization.api.dto.GetReasonDisableResponse$GetReasonDisableResponseBuilder	externo	flow-organization-usecase-1.0.0-SNAPSHOT.jar
br.com.sawcunhaos.organization.api.delegate.reason.ReasonDisableDelegate	br.com.sawcunhaos.organization.api.dto.PaginationFilter	externo	flow-organization-usecase-1.0.0-SNAPSHOT.jar
br.com.sawcunhaos.organization.api.delegate.reason.ReasonDisableDelegate	br.com.sawcunhaos.organization.api.dto.ReasonDisable	externo	flow-organization-usecase-1.0.0-SNAPSHOT.jar
br.com.sawcunhaos.organization.api.delegate.reason.ReasonDisableDelegate	br.com.sawcunhaos.organization.api.dto.ReasonEntityType	externo	flow-organization-usecase-1.0.0-SNAPSHOT.jar
br.com.sawcunhaos.organization.api.delegate.reason.ReasonDisableDelegate	br.com.sawcunhaos.organization.api.dto.UpdateReasonDisableRequest	externo	flow-organization-usecase-1.0.0-SNAPSHOT.jar
br.com.sawcunhaos.organization.api.delegate.reason.ReasonDisableDelegate	br.com.sawcunhaos.organization.application.usecase.access.status.reasondisable.CreateReasonDisableUseCase	externo	flow-organization-usecase-1.0.0-SNAPSHOT.jar
br.com.sawcunhaos.organization.api.delegate.reason.ReasonDisableDelegate	br.com.sawcunhaos.organization.application.usecase.access.status.reasondisable.DisableReasonDisableUseCase	externo	flow-organization-usecase-1.0.0-SNAPSHOT.jar
br.com.sawcunhaos.organization.api.delegate.reason.ReasonDisableDelegate	br.com.sawcunhaos.organization.application.usecase.access.status.reasondisable.EnableReasonDisableUseCase	externo	flow-organization-usecase-1.0.0-SNAPSHOT.jar
br.com.sawcunhaos.organization.api.delegate.reason.ReasonDisableDelegate	br.com.sawcunhaos.organization.application.usecase.access.status.reasondisable.FindAllReasonDisableUseCase	externo	flow-organization-usecase-1.0.0-SNAPSHOT.jar
br.com.sawcunhaos.organization.api.delegate.reason.ReasonDisableDelegate	br.com.sawcunhaos.organization.application.usecase.access.status.reasondisable.FindReasonDisableUseCase	externo	flow-organization-usecase-1.0.0-SNAPSHOT.jar
br.com.sawcunhaos.organization.api.delegate.reason.ReasonDisableDelegate	br.com.sawcunhaos.organization.application.usecase.access.status.reasondisable.UpdateReasonDisableUseCase	externo	flow-organization-usecase-1.0.0-SNAPSHOT.jar
br.com.sawcunhaos.organization.api.delegate.reason.ReasonDisableDelegate	java.lang.Boolean	jdk	java.base
br.com.sawcunhaos.organization.api.delegate.reason.ReasonDisableDelegate	java.lang.Class	jdk	java.base
br.com.sawcunhaos.organization.api.delegate.reason.ReasonDisableDelegate	java.lang.Long	jdk	java.base
br.com.sawcunhaos.organization.api.delegate.reason.ReasonDisableDelegate	java.lang.Object	jdk	java.base
br.com.sawcunhaos.organization.api.delegate.reason.ReasonDisableDelegate	java.lang.String	jdk	java.base
br.com.sawcunhaos.organization.api.delegate.reason.ReasonDisableDelegate	java.lang.Void	jdk	java.base
br.com.sawcunhaos.organization.api.delegate.reason.ReasonDisableDelegate	java.util.Optional	jdk	java.base
br.com.sawcunhaos.organization.api.delegate.reason.ReasonDisableDelegate	java.util.UUID	jdk	java.base
br.com.sawcunhaos.organization.api.delegate.reason.ReasonDisableDelegate	org.slf4j.Logger	externo	slf4j-api-2.0.18.jar
br.com.sawcunhaos.organization.api.delegate.reason.ReasonDisableDelegate	org.slf4j.LoggerFactory	externo	slf4j-api-2.0.18.jar
br.com.sawcunhaos.organization.api.delegate.reason.ReasonDisableDelegate	org.springframework.stereotype.Component	externo	spring-context-7.0.9.jar
br.com.sawcunhaos.organization.api.delegate.reason.ReasonEnableDelegate	br.com.sawcunhaos.organization.api.controller.ReasonEnableApiDelegate	interno	classes
br.com.sawcunhaos.organization.api.delegate.reason.ReasonEnableDelegate	br.com.sawcunhaos.organization.api.dto.Create	externo	flow-organization-usecase-1.0.0-SNAPSHOT.jar
br.com.sawcunhaos.organization.api.delegate.reason.ReasonEnableDelegate	br.com.sawcunhaos.organization.api.dto.Create$CreateBuilder	externo	flow-organization-usecase-1.0.0-SNAPSHOT.jar
br.com.sawcunhaos.organization.api.delegate.reason.ReasonEnableDelegate	br.com.sawcunhaos.organization.api.dto.CreateReasonEnableRequest	externo	flow-organization-usecase-1.0.0-SNAPSHOT.jar
br.com.sawcunhaos.organization.api.delegate.reason.ReasonEnableDelegate	br.com.sawcunhaos.organization.api.dto.CreateResponse	externo	flow-organization-usecase-1.0.0-SNAPSHOT.jar
br.com.sawcunhaos.organization.api.delegate.reason.ReasonEnableDelegate	br.com.sawcunhaos.organization.api.dto.CreateResponse$CreateResponseBuilder	externo	flow-organization-usecase-1.0.0-SNAPSHOT.jar
br.com.sawcunhaos.organization.api.delegate.reason.ReasonEnableDelegate	br.com.sawcunhaos.organization.api.dto.GetAllReasonEnableResponse	externo	flow-organization-usecase-1.0.0-SNAPSHOT.jar
br.com.sawcunhaos.organization.api.delegate.reason.ReasonEnableDelegate	br.com.sawcunhaos.organization.api.dto.GetReasonEnableResponse	externo	flow-organization-usecase-1.0.0-SNAPSHOT.jar
br.com.sawcunhaos.organization.api.delegate.reason.ReasonEnableDelegate	br.com.sawcunhaos.organization.api.dto.GetReasonEnableResponse$GetReasonEnableResponseBuilder	externo	flow-organization-usecase-1.0.0-SNAPSHOT.jar
br.com.sawcunhaos.organization.api.delegate.reason.ReasonEnableDelegate	br.com.sawcunhaos.organization.api.dto.PaginationFilter	externo	flow-organization-usecase-1.0.0-SNAPSHOT.jar
br.com.sawcunhaos.organization.api.delegate.reason.ReasonEnableDelegate	br.com.sawcunhaos.organization.api.dto.ReasonEnable	externo	flow-organization-usecase-1.0.0-SNAPSHOT.jar
br.com.sawcunhaos.organization.api.delegate.reason.ReasonEnableDelegate	br.com.sawcunhaos.organization.api.dto.ReasonEntityType	externo	flow-organization-usecase-1.0.0-SNAPSHOT.jar
br.com.sawcunhaos.organization.api.delegate.reason.ReasonEnableDelegate	br.com.sawcunhaos.organization.api.dto.UpdateReasonEnableRequest	externo	flow-organization-usecase-1.0.0-SNAPSHOT.jar
br.com.sawcunhaos.organization.api.delegate.reason.ReasonEnableDelegate	br.com.sawcunhaos.organization.application.usecase.access.status.reasonenable.CreateReasonEnableUseCase	externo	flow-organization-usecase-1.0.0-SNAPSHOT.jar
br.com.sawcunhaos.organization.api.delegate.reason.ReasonEnableDelegate	br.com.sawcunhaos.organization.application.usecase.access.status.reasonenable.DisableReasonEnableUseCase	externo	flow-organization-usecase-1.0.0-SNAPSHOT.jar
br.com.sawcunhaos.organization.api.delegate.reason.ReasonEnableDelegate	br.com.sawcunhaos.organization.application.usecase.access.status.reasonenable.EnableReasonEnableUseCase	externo	flow-organization-usecase-1.0.0-SNAPSHOT.jar
br.com.sawcunhaos.organization.api.delegate.reason.ReasonEnableDelegate	br.com.sawcunhaos.organization.application.usecase.access.status.reasonenable.FindAllReasonEnableUseCase	externo	flow-organization-usecase-1.0.0-SNAPSHOT.jar
br.com.sawcunhaos.organization.api.delegate.reason.ReasonEnableDelegate	br.com.sawcunhaos.organization.application.usecase.access.status.reasonenable.FindReasonEnableUseCase	externo	flow-organization-usecase-1.0.0-SNAPSHOT.jar
br.com.sawcunhaos.organization.api.delegate.reason.ReasonEnableDelegate	br.com.sawcunhaos.organization.application.usecase.access.status.reasonenable.UpdateReasonEnableUseCase	externo	flow-organization-usecase-1.0.0-SNAPSHOT.jar
br.com.sawcunhaos.organization.api.delegate.reason.ReasonEnableDelegate	java.lang.Boolean	jdk	java.base
br.com.sawcunhaos.organization.api.delegate.reason.ReasonEnableDelegate	java.lang.Class	jdk	java.base
br.com.sawcunhaos.organization.api.delegate.reason.ReasonEnableDelegate	java.lang.Long	jdk	java.base
br.com.sawcunhaos.organization.api.delegate.reason.ReasonEnableDelegate	java.lang.Object	jdk	java.base
br.com.sawcunhaos.organization.api.delegate.reason.ReasonEnableDelegate	java.lang.String	jdk	java.base
br.com.sawcunhaos.organization.api.delegate.reason.ReasonEnableDelegate	java.lang.Void	jdk	java.base
br.com.sawcunhaos.organization.api.delegate.reason.ReasonEnableDelegate	java.util.Optional	jdk	java.base
br.com.sawcunhaos.organization.api.delegate.reason.ReasonEnableDelegate	java.util.UUID	jdk	java.base
br.com.sawcunhaos.organization.api.delegate.reason.ReasonEnableDelegate	org.slf4j.Logger	externo	slf4j-api-2.0.18.jar
br.com.sawcunhaos.organization.api.delegate.reason.ReasonEnableDelegate	org.slf4j.LoggerFactory	externo	slf4j-api-2.0.18.jar
br.com.sawcunhaos.organization.api.delegate.reason.ReasonEnableDelegate	org.springframework.stereotype.Component	externo	spring-context-7.0.9.jar
br.com.sawcunhaos.organization.api.delegate.reason.ReasonInactivateDelegate	br.com.sawcunhaos.organization.api.controller.ReasonInactivateApiDelegate	interno	classes
br.com.sawcunhaos.organization.api.delegate.reason.ReasonInactivateDelegate	br.com.sawcunhaos.organization.api.dto.Create	externo	flow-organization-usecase-1.0.0-SNAPSHOT.jar
br.com.sawcunhaos.organization.api.delegate.reason.ReasonInactivateDelegate	br.com.sawcunhaos.organization.api.dto.Create$CreateBuilder	externo	flow-organization-usecase-1.0.0-SNAPSHOT.jar
br.com.sawcunhaos.organization.api.delegate.reason.ReasonInactivateDelegate	br.com.sawcunhaos.organization.api.dto.CreateReasonInactivateRequest	externo	flow-organization-usecase-1.0.0-SNAPSHOT.jar
br.com.sawcunhaos.organization.api.delegate.reason.ReasonInactivateDelegate	br.com.sawcunhaos.organization.api.dto.CreateResponse	externo	flow-organization-usecase-1.0.0-SNAPSHOT.jar
br.com.sawcunhaos.organization.api.delegate.reason.ReasonInactivateDelegate	br.com.sawcunhaos.organization.api.dto.CreateResponse$CreateResponseBuilder	externo	flow-organization-usecase-1.0.0-SNAPSHOT.jar
br.com.sawcunhaos.organization.api.delegate.reason.ReasonInactivateDelegate	br.com.sawcunhaos.organization.api.dto.GetAllReasonInactivateResponse	externo	flow-organization-usecase-1.0.0-SNAPSHOT.jar
br.com.sawcunhaos.organization.api.delegate.reason.ReasonInactivateDelegate	br.com.sawcunhaos.organization.api.dto.GetReasonInactivateResponse	externo	flow-organization-usecase-1.0.0-SNAPSHOT.jar
br.com.sawcunhaos.organization.api.delegate.reason.ReasonInactivateDelegate	br.com.sawcunhaos.organization.api.dto.GetReasonInactivateResponse$GetReasonInactivateResponseBuilder	externo	flow-organization-usecase-1.0.0-SNAPSHOT.jar
br.com.sawcunhaos.organization.api.delegate.reason.ReasonInactivateDelegate	br.com.sawcunhaos.organization.api.dto.PaginationFilter	externo	flow-organization-usecase-1.0.0-SNAPSHOT.jar
br.com.sawcunhaos.organization.api.delegate.reason.ReasonInactivateDelegate	br.com.sawcunhaos.organization.api.dto.ReasonEntityType	externo	flow-organization-usecase-1.0.0-SNAPSHOT.jar
br.com.sawcunhaos.organization.api.delegate.reason.ReasonInactivateDelegate	br.com.sawcunhaos.organization.api.dto.ReasonInactivate	externo	flow-organization-usecase-1.0.0-SNAPSHOT.jar
br.com.sawcunhaos.organization.api.delegate.reason.ReasonInactivateDelegate	br.com.sawcunhaos.organization.api.dto.UpdateReasonInactivateRequest	externo	flow-organization-usecase-1.0.0-SNAPSHOT.jar
br.com.sawcunhaos.organization.api.delegate.reason.ReasonInactivateDelegate	br.com.sawcunhaos.organization.application.usecase.access.status.reasoninactivate.CreateReasonInactivateUseCase	externo	flow-organization-usecase-1.0.0-SNAPSHOT.jar
br.com.sawcunhaos.organization.api.delegate.reason.ReasonInactivateDelegate	br.com.sawcunhaos.organization.application.usecase.access.status.reasoninactivate.DisableReasonInactivateUseCase	externo	flow-organization-usecase-1.0.0-SNAPSHOT.jar
br.com.sawcunhaos.organization.api.delegate.reason.ReasonInactivateDelegate	br.com.sawcunhaos.organization.application.usecase.access.status.reasoninactivate.EnableReasonInactivateUseCase	externo	flow-organization-usecase-1.0.0-SNAPSHOT.jar
br.com.sawcunhaos.organization.api.delegate.reason.ReasonInactivateDelegate	br.com.sawcunhaos.organization.application.usecase.access.status.reasoninactivate.FindAllReasonInactivateUseCase	externo	flow-organization-usecase-1.0.0-SNAPSHOT.jar
br.com.sawcunhaos.organization.api.delegate.reason.ReasonInactivateDelegate	br.com.sawcunhaos.organization.application.usecase.access.status.reasoninactivate.FindReasonInactivateUseCase	externo	flow-organization-usecase-1.0.0-SNAPSHOT.jar
br.com.sawcunhaos.organization.api.delegate.reason.ReasonInactivateDelegate	br.com.sawcunhaos.organization.application.usecase.access.status.reasoninactivate.UpdateReasonInactivateUseCase	externo	flow-organization-usecase-1.0.0-SNAPSHOT.jar
br.com.sawcunhaos.organization.api.delegate.reason.ReasonInactivateDelegate	java.lang.Boolean	jdk	java.base
br.com.sawcunhaos.organization.api.delegate.reason.ReasonInactivateDelegate	java.lang.Class	jdk	java.base
br.com.sawcunhaos.organization.api.delegate.reason.ReasonInactivateDelegate	java.lang.Long	jdk	java.base
br.com.sawcunhaos.organization.api.delegate.reason.ReasonInactivateDelegate	java.lang.Object	jdk	java.base
br.com.sawcunhaos.organization.api.delegate.reason.ReasonInactivateDelegate	java.lang.String	jdk	java.base
br.com.sawcunhaos.organization.api.delegate.reason.ReasonInactivateDelegate	java.lang.Void	jdk	java.base
br.com.sawcunhaos.organization.api.delegate.reason.ReasonInactivateDelegate	java.util.Optional	jdk	java.base
br.com.sawcunhaos.organization.api.delegate.reason.ReasonInactivateDelegate	java.util.UUID	jdk	java.base
br.com.sawcunhaos.organization.api.delegate.reason.ReasonInactivateDelegate	org.slf4j.Logger	externo	slf4j-api-2.0.18.jar
br.com.sawcunhaos.organization.api.delegate.reason.ReasonInactivateDelegate	org.slf4j.LoggerFactory	externo	slf4j-api-2.0.18.jar
br.com.sawcunhaos.organization.api.delegate.reason.ReasonInactivateDelegate	org.springframework.stereotype.Component	externo	spring-context-7.0.9.jar
