de	para	tipo	origem
br.com.sawcunhaos.organization.domain.access.login.dto.AuthorityResponseOutput	br.com.sawcunhaos.organization.domain.access.login.dto.AuthorityResponseOutput$AuthorityResponseOutputBuilder	interno	classes
br.com.sawcunhaos.organization.domain.access.login.dto.AuthorityResponseOutput	java.lang.Class	jdk	java.base
br.com.sawcunhaos.organization.domain.access.login.dto.AuthorityResponseOutput	java.lang.Long	jdk	java.base
br.com.sawcunhaos.organization.domain.access.login.dto.AuthorityResponseOutput	java.lang.Object	jdk	java.base
br.com.sawcunhaos.organization.domain.access.login.dto.AuthorityResponseOutput	java.lang.Record	jdk	java.base
br.com.sawcunhaos.organization.domain.access.login.dto.AuthorityResponseOutput	java.lang.String	jdk	java.base
br.com.sawcunhaos.organization.domain.access.login.dto.AuthorityResponseOutput	java.lang.invoke.MethodHandle	jdk	java.base
br.com.sawcunhaos.organization.domain.access.login.dto.AuthorityResponseOutput	java.lang.invoke.MethodHandles	jdk	java.base
br.com.sawcunhaos.organization.domain.access.login.dto.AuthorityResponseOutput	java.lang.invoke.MethodHandles$Lookup	jdk	java.base
br.com.sawcunhaos.organization.domain.access.login.dto.AuthorityResponseOutput	java.lang.invoke.TypeDescriptor	jdk	java.base
br.com.sawcunhaos.organization.domain.access.login.dto.AuthorityResponseOutput	java.lang.runtime.ObjectMethods	jdk	java.base
br.com.sawcunhaos.organization.domain.access.login.dto.AuthorityResponseOutput	java.util.List	jdk	java.base
br.com.sawcunhaos.organization.domain.access.login.dto.AuthorityResponseOutput	java.util.UUID	jdk	java.base
br.com.sawcunhaos.organization.domain.access.login.dto.AuthorityResponseOutput$AuthorityResponseOutputBuilder	br.com.sawcunhaos.organization.domain.access.login.dto.AuthorityResponseOutput	interno	classes
br.com.sawcunhaos.organization.domain.access.login.dto.AuthorityResponseOutput$AuthorityResponseOutputBuilder	java.lang.Long	jdk	java.base
br.com.sawcunhaos.organization.domain.access.login.dto.AuthorityResponseOutput$AuthorityResponseOutputBuilder	java.lang.Object	jdk	java.base
br.com.sawcunhaos.organization.domain.access.login.dto.AuthorityResponseOutput$AuthorityResponseOutputBuilder	java.lang.String	jdk	java.base
br.com.sawcunhaos.organization.domain.access.login.dto.AuthorityResponseOutput$AuthorityResponseOutputBuilder	java.lang.invoke.CallSite	jdk	java.base
br.com.sawcunhaos.organization.domain.access.login.dto.AuthorityResponseOutput$AuthorityResponseOutputBuilder	java.lang.invoke.MethodHandles	jdk	java.base
br.com.sawcunhaos.organization.domain.access.login.dto.AuthorityResponseOutput$AuthorityResponseOutputBuilder	java.lang.invoke.MethodHandles$Lookup	jdk	java.base
br.com.sawcunhaos.organization.domain.access.login.dto.AuthorityResponseOutput$AuthorityResponseOutputBuilder	java.lang.invoke.MethodType	jdk	java.base
br.com.sawcunhaos.organization.domain.access.login.dto.AuthorityResponseOutput$AuthorityResponseOutputBuilder	java.lang.invoke.StringConcatFactory	jdk	java.base
br.com.sawcunhaos.organization.domain.access.login.dto.AuthorityResponseOutput$AuthorityResponseOutputBuilder	java.util.List	jdk	java.base
br.com.sawcunhaos.organization.domain.access.login.dto.AuthorityResponseOutput$AuthorityResponseOutputBuilder	java.util.UUID	jdk	java.base
br.com.sawcunhaos.organization.domain.access.login.dto.LoginApprovalRequestOutput	br.com.sawcunhaos.organization.domain.access.login.dto.LoginApprovalRequestOutput$LoginApprovalRequestOutputBuilder	interno	classes
br.com.sawcunhaos.organization.domain.access.login.dto.LoginApprovalRequestOutput	br.com.sawcunhaos.organization.domain.access.login.internal.LoginApprovalRequestEscalationPolicy	interno	classes
br.com.sawcunhaos.organization.domain.access.login.dto.LoginApprovalRequestOutput	br.com.sawcunhaos.organization.domain.access.login.internal.LoginApprovalRequestLevel	interno	classes
br.com.sawcunhaos.organization.domain.access.login.dto.LoginApprovalRequestOutput	br.com.sawcunhaos.organization.domain.access.login.internal.LoginApprovalRequestStatus	interno	classes
br.com.sawcunhaos.organization.domain.access.login.dto.LoginApprovalRequestOutput	br.com.sawcunhaos.organization.domain.access.login.internal.LoginApprovalRequestType	interno	classes
br.com.sawcunhaos.organization.domain.access.login.dto.LoginApprovalRequestOutput	java.lang.Class	jdk	java.base
br.com.sawcunhaos.organization.domain.access.login.dto.LoginApprovalRequestOutput	java.lang.Long	jdk	java.base
br.com.sawcunhaos.organization.domain.access.login.dto.LoginApprovalRequestOutput	java.lang.Object	jdk	java.base
br.com.sawcunhaos.organization.domain.access.login.dto.LoginApprovalRequestOutput	java.lang.Record	jdk	java.base
br.com.sawcunhaos.organization.domain.access.login.dto.LoginApprovalRequestOutput	java.lang.String	jdk	java.base
br.com.sawcunhaos.organization.domain.access.login.dto.LoginApprovalRequestOutput	java.lang.invoke.MethodHandle	jdk	java.base
br.com.sawcunhaos.organization.domain.access.login.dto.LoginApprovalRequestOutput	java.lang.invoke.MethodHandles	jdk	java.base
br.com.sawcunhaos.organization.domain.access.login.dto.LoginApprovalRequestOutput	java.lang.invoke.MethodHandles$Lookup	jdk	java.base
br.com.sawcunhaos.organization.domain.access.login.dto.LoginApprovalRequestOutput	java.lang.invoke.TypeDescriptor	jdk	java.base
br.com.sawcunhaos.organization.domain.access.login.dto.LoginApprovalRequestOutput	java.lang.runtime.ObjectMethods	jdk	java.base
br.com.sawcunhaos.organization.domain.access.login.dto.LoginApprovalRequestOutput	java.time.Instant	jdk	java.base
br.com.sawcunhaos.organization.domain.access.login.dto.LoginApprovalRequestOutput	java.time.LocalDateTime	jdk	java.base
br.com.sawcunhaos.organization.domain.access.login.dto.LoginApprovalRequestOutput$LoginApprovalRequestOutputBuilder	br.com.sawcunhaos.organization.domain.access.login.dto.LoginApprovalRequestOutput	interno	classes
br.com.sawcunhaos.organization.domain.access.login.dto.LoginApprovalRequestOutput$LoginApprovalRequestOutputBuilder	br.com.sawcunhaos.organization.domain.access.login.internal.LoginApprovalRequestEscalationPolicy	interno	classes
br.com.sawcunhaos.organization.domain.access.login.dto.LoginApprovalRequestOutput$LoginApprovalRequestOutputBuilder	br.com.sawcunhaos.organization.domain.access.login.internal.LoginApprovalRequestLevel	interno	classes
br.com.sawcunhaos.organization.domain.access.login.dto.LoginApprovalRequestOutput$LoginApprovalRequestOutputBuilder	br.com.sawcunhaos.organization.domain.access.login.internal.LoginApprovalRequestStatus	interno	classes
br.com.sawcunhaos.organization.domain.access.login.dto.LoginApprovalRequestOutput$LoginApprovalRequestOutputBuilder	br.com.sawcunhaos.organization.domain.access.login.internal.LoginApprovalRequestType	interno	classes
br.com.sawcunhaos.organization.domain.access.login.dto.LoginApprovalRequestOutput$LoginApprovalRequestOutputBuilder	java.lang.Long	jdk	java.base
br.com.sawcunhaos.organization.domain.access.login.dto.LoginApprovalRequestOutput$LoginApprovalRequestOutputBuilder	java.lang.Object	jdk	java.base
br.com.sawcunhaos.organization.domain.access.login.dto.LoginApprovalRequestOutput$LoginApprovalRequestOutputBuilder	java.lang.String	jdk	java.base
br.com.sawcunhaos.organization.domain.access.login.dto.LoginApprovalRequestOutput$LoginApprovalRequestOutputBuilder	java.lang.invoke.CallSite	jdk	java.base
br.com.sawcunhaos.organization.domain.access.login.dto.LoginApprovalRequestOutput$LoginApprovalRequestOutputBuilder	java.lang.invoke.MethodHandles	jdk	java.base
br.com.sawcunhaos.organization.domain.access.login.dto.LoginApprovalRequestOutput$LoginApprovalRequestOutputBuilder	java.lang.invoke.MethodHandles$Lookup	jdk	java.base
br.com.sawcunhaos.organization.domain.access.login.dto.LoginApprovalRequestOutput$LoginApprovalRequestOutputBuilder	java.lang.invoke.MethodType	jdk	java.base
br.com.sawcunhaos.organization.domain.access.login.dto.LoginApprovalRequestOutput$LoginApprovalRequestOutputBuilder	java.lang.invoke.StringConcatFactory	jdk	java.base
br.com.sawcunhaos.organization.domain.access.login.dto.LoginApprovalRequestOutput$LoginApprovalRequestOutputBuilder	java.time.Instant	jdk	java.base
br.com.sawcunhaos.organization.domain.access.login.dto.LoginApprovalRequestOutput$LoginApprovalRequestOutputBuilder	java.time.LocalDateTime	jdk	java.base
br.com.sawcunhaos.organization.domain.access.login.dto.LoginInput	br.com.sawcunhaos.organization.domain.access.login.dto.LoginInput$LoginInputBuilder	interno	classes
br.com.sawcunhaos.organization.domain.access.login.dto.LoginInput	br.com.sawcunhaos.organization.domain.access.login.internal.LoginType	interno	classes
br.com.sawcunhaos.organization.domain.access.login.dto.LoginInput	java.lang.Class	jdk	java.base
br.com.sawcunhaos.organization.domain.access.login.dto.LoginInput	java.lang.Long	jdk	java.base
br.com.sawcunhaos.organization.domain.access.login.dto.LoginInput	java.lang.Object	jdk	java.base
br.com.sawcunhaos.organization.domain.access.login.dto.LoginInput	java.lang.Record	jdk	java.base
br.com.sawcunhaos.organization.domain.access.login.dto.LoginInput	java.lang.String	jdk	java.base
br.com.sawcunhaos.organization.domain.access.login.dto.LoginInput	java.lang.invoke.MethodHandle	jdk	java.base
br.com.sawcunhaos.organization.domain.access.login.dto.LoginInput	java.lang.invoke.MethodHandles	jdk	java.base
br.com.sawcunhaos.organization.domain.access.login.dto.LoginInput	java.lang.invoke.MethodHandles$Lookup	jdk	java.base
br.com.sawcunhaos.organization.domain.access.login.dto.LoginInput	java.lang.invoke.TypeDescriptor	jdk	java.base
br.com.sawcunhaos.organization.domain.access.login.dto.LoginInput	java.lang.runtime.ObjectMethods	jdk	java.base
br.com.sawcunhaos.organization.domain.access.login.dto.LoginInput$LoginInputBuilder	br.com.sawcunhaos.organization.domain.access.login.dto.LoginInput	interno	classes
br.com.sawcunhaos.organization.domain.access.login.dto.LoginInput$LoginInputBuilder	br.com.sawcunhaos.organization.domain.access.login.internal.LoginType	interno	classes
br.com.sawcunhaos.organization.domain.access.login.dto.LoginInput$LoginInputBuilder	java.lang.Long	jdk	java.base
br.com.sawcunhaos.organization.domain.access.login.dto.LoginInput$LoginInputBuilder	java.lang.Object	jdk	java.base
br.com.sawcunhaos.organization.domain.access.login.dto.LoginInput$LoginInputBuilder	java.lang.String	jdk	java.base
br.com.sawcunhaos.organization.domain.access.login.dto.LoginInput$LoginInputBuilder	java.lang.invoke.CallSite	jdk	java.base
br.com.sawcunhaos.organization.domain.access.login.dto.LoginInput$LoginInputBuilder	java.lang.invoke.MethodHandles	jdk	java.base
br.com.sawcunhaos.organization.domain.access.login.dto.LoginInput$LoginInputBuilder	java.lang.invoke.MethodHandles$Lookup	jdk	java.base
br.com.sawcunhaos.organization.domain.access.login.dto.LoginInput$LoginInputBuilder	java.lang.invoke.MethodType	jdk	java.base
br.com.sawcunhaos.organization.domain.access.login.dto.LoginInput$LoginInputBuilder	java.lang.invoke.StringConcatFactory	jdk	java.base
br.com.sawcunhaos.organization.domain.access.login.dto.LoginOutput	br.com.sawcunhaos.organization.domain.access.login.dto.LoginOutput$LoginOutputBuilder	interno	classes
br.com.sawcunhaos.organization.domain.access.login.dto.LoginOutput	br.com.sawcunhaos.organization.domain.access.login.internal.LoginStatus	interno	classes
br.com.sawcunhaos.organization.domain.access.login.dto.LoginOutput	br.com.sawcunhaos.organization.domain.access.login.internal.LoginType	interno	classes
br.com.sawcunhaos.organization.domain.access.login.dto.LoginOutput	java.lang.Class	jdk	java.base
br.com.sawcunhaos.organization.domain.access.login.dto.LoginOutput	java.lang.Long	jdk	java.base
br.com.sawcunhaos.organization.domain.access.login.dto.LoginOutput	java.lang.Object	jdk	java.base
br.com.sawcunhaos.organization.domain.access.login.dto.LoginOutput	java.lang.Record	jdk	java.base
br.com.sawcunhaos.organization.domain.access.login.dto.LoginOutput	java.lang.String	jdk	java.base
br.com.sawcunhaos.organization.domain.access.login.dto.LoginOutput	java.lang.invoke.MethodHandle	jdk	java.base
br.com.sawcunhaos.organization.domain.access.login.dto.LoginOutput	java.lang.invoke.MethodHandles	jdk	java.base
br.com.sawcunhaos.organization.domain.access.login.dto.LoginOutput	java.lang.invoke.MethodHandles$Lookup	jdk	java.base
br.com.sawcunhaos.organization.domain.access.login.dto.LoginOutput	java.lang.invoke.TypeDescriptor	jdk	java.base
br.com.sawcunhaos.organization.domain.access.login.dto.LoginOutput	java.lang.runtime.ObjectMethods	jdk	java.base
br.com.sawcunhaos.organization.domain.access.login.dto.LoginOutput	java.util.UUID	jdk	java.base
br.com.sawcunhaos.organization.domain.access.login.dto.LoginOutput$LoginOutputBuilder	br.com.sawcunhaos.organization.domain.access.login.dto.LoginOutput	interno	classes
br.com.sawcunhaos.organization.domain.access.login.dto.LoginOutput$LoginOutputBuilder	br.com.sawcunhaos.organization.domain.access.login.internal.LoginStatus	interno	classes
br.com.sawcunhaos.organization.domain.access.login.dto.LoginOutput$LoginOutputBuilder	br.com.sawcunhaos.organization.domain.access.login.internal.LoginType	interno	classes
br.com.sawcunhaos.organization.domain.access.login.dto.LoginOutput$LoginOutputBuilder	java.lang.Long	jdk	java.base
br.com.sawcunhaos.organization.domain.access.login.dto.LoginOutput$LoginOutputBuilder	java.lang.Object	jdk	java.base
br.com.sawcunhaos.organization.domain.access.login.dto.LoginOutput$LoginOutputBuilder	java.lang.String	jdk	java.base
br.com.sawcunhaos.organization.domain.access.login.dto.LoginOutput$LoginOutputBuilder	java.lang.invoke.CallSite	jdk	java.base
br.com.sawcunhaos.organization.domain.access.login.dto.LoginOutput$LoginOutputBuilder	java.lang.invoke.MethodHandles	jdk	java.base
br.com.sawcunhaos.organization.domain.access.login.dto.LoginOutput$LoginOutputBuilder	java.lang.invoke.MethodHandles$Lookup	jdk	java.base
br.com.sawcunhaos.organization.domain.access.login.dto.LoginOutput$LoginOutputBuilder	java.lang.invoke.MethodType	jdk	java.base
br.com.sawcunhaos.organization.domain.access.login.dto.LoginOutput$LoginOutputBuilder	java.lang.invoke.StringConcatFactory	jdk	java.base
br.com.sawcunhaos.organization.domain.access.login.dto.LoginOutput$LoginOutputBuilder	java.util.UUID	jdk	java.base
br.com.sawcunhaos.organization.domain.access.login.internal.Login	br.com.sawcunhaos.flow.audit.sdk.api.AuditableEntity	externo	not found
br.com.sawcunhaos.organization.domain.access.login.internal.Login	br.com.sawcunhaos.foundation.core.exception.ScosException	externo	scos-foundation-core-1.2.0-SNAPSHOT.jar
br.com.sawcunhaos.organization.domain.access.login.internal.Login	br.com.sawcunhaos.foundation.core.specification.ExceptionCode	externo	scos-foundation-core-1.2.0-SNAPSHOT.jar
br.com.sawcunhaos.organization.domain.access.login.internal.Login	br.com.sawcunhaos.foundation.jpa.entity.BaseEntity	externo	scos-foundation-jpa-1.2.0-SNAPSHOT.jar
br.com.sawcunhaos.organization.domain.access.login.internal.Login	br.com.sawcunhaos.organization.domain.access.login.internal.Login$LoginBuilder	interno	classes
br.com.sawcunhaos.organization.domain.access.login.internal.Login	br.com.sawcunhaos.organization.domain.access.login.internal.LoginStatus	interno	classes
br.com.sawcunhaos.organization.domain.access.login.internal.Login	br.com.sawcunhaos.organization.domain.access.login.internal.LoginType	interno	classes
br.com.sawcunhaos.organization.domain.access.login.internal.Login	br.com.sawcunhaos.organization.domain.access.profile.internal.Profile	interno	classes
br.com.sawcunhaos.organization.domain.access.login.internal.Login	br.com.sawcunhaos.organization.domain.access.status.internal.LoginStatusHistory	interno	classes
br.com.sawcunhaos.organization.domain.access.login.internal.Login	br.com.sawcunhaos.organization.domain.access.status.internal.LoginStatusHistory$LoginStatusHistoryBuilder	interno	classes
br.com.sawcunhaos.organization.domain.access.login.internal.Login	br.com.sawcunhaos.organization.domain.access.status.internal.ReasonActivate	interno	classes
br.com.sawcunhaos.organization.domain.access.login.internal.Login	br.com.sawcunhaos.organization.domain.access.status.internal.ReasonActivate$ReasonActivateBuilder	interno	classes
br.com.sawcunhaos.organization.domain.access.login.internal.Login	br.com.sawcunhaos.organization.domain.access.status.internal.ReasonDisable	interno	classes
br.com.sawcunhaos.organization.domain.access.login.internal.Login	br.com.sawcunhaos.organization.domain.access.status.internal.ReasonDisable$ReasonDisableBuilder	interno	classes
br.com.sawcunhaos.organization.domain.access.login.internal.Login	br.com.sawcunhaos.organization.domain.access.status.internal.ReasonEnable	interno	classes
br.com.sawcunhaos.organization.domain.access.login.internal.Login	br.com.sawcunhaos.organization.domain.access.status.internal.ReasonEnable$ReasonEnableBuilder	interno	classes
br.com.sawcunhaos.organization.domain.access.login.internal.Login	br.com.sawcunhaos.organization.domain.access.status.internal.ReasonInactivate	interno	classes
br.com.sawcunhaos.organization.domain.access.login.internal.Login	br.com.sawcunhaos.organization.domain.access.status.internal.ReasonInactivate$ReasonInactivateBuilder	interno	classes
br.com.sawcunhaos.organization.domain.access.login.internal.Login	br.com.sawcunhaos.organization.domain.corporate.employee.internal.Employee	interno	classes
br.com.sawcunhaos.organization.domain.access.login.internal.Login	br.com.sawcunhaos.organization.shared.exception.ExceptionCodeError	externo	flow-organization-shared-1.0.0-SNAPSHOT.jar
br.com.sawcunhaos.organization.domain.access.login.internal.Login	jakarta.persistence.Column	externo	jakarta.persistence-api-3.2.0.jar
br.com.sawcunhaos.organization.domain.access.login.internal.Login	jakarta.persistence.Entity	externo	jakarta.persistence-api-3.2.0.jar
br.com.sawcunhaos.organization.domain.access.login.internal.Login	jakarta.persistence.Enumerated	externo	jakarta.persistence-api-3.2.0.jar
br.com.sawcunhaos.organization.domain.access.login.internal.Login	jakarta.persistence.GeneratedValue	externo	jakarta.persistence-api-3.2.0.jar
br.com.sawcunhaos.organization.domain.access.login.internal.Login	jakarta.persistence.Id	externo	jakarta.persistence-api-3.2.0.jar
br.com.sawcunhaos.organization.domain.access.login.internal.Login	jakarta.persistence.JoinColumn	externo	jakarta.persistence-api-3.2.0.jar
br.com.sawcunhaos.organization.domain.access.login.internal.Login	jakarta.persistence.ManyToOne	externo	jakarta.persistence-api-3.2.0.jar
br.com.sawcunhaos.organization.domain.access.login.internal.Login	jakarta.persistence.Table	externo	jakarta.persistence-api-3.2.0.jar
br.com.sawcunhaos.organization.domain.access.login.internal.Login	java.lang.Long	jdk	java.base
br.com.sawcunhaos.organization.domain.access.login.internal.Login	java.lang.String	jdk	java.base
br.com.sawcunhaos.organization.domain.access.login.internal.Login	java.time.Instant	jdk	java.base
br.com.sawcunhaos.organization.domain.access.login.internal.Login	java.util.UUID	jdk	java.base
br.com.sawcunhaos.organization.domain.access.login.internal.Login$LoginBuilder	br.com.sawcunhaos.organization.domain.access.login.internal.Login	interno	classes
br.com.sawcunhaos.organization.domain.access.login.internal.Login$LoginBuilder	br.com.sawcunhaos.organization.domain.access.login.internal.LoginStatus	interno	classes
br.com.sawcunhaos.organization.domain.access.login.internal.Login$LoginBuilder	br.com.sawcunhaos.organization.domain.access.login.internal.LoginType	interno	classes
br.com.sawcunhaos.organization.domain.access.login.internal.Login$LoginBuilder	br.com.sawcunhaos.organization.domain.access.profile.internal.Profile	interno	classes
br.com.sawcunhaos.organization.domain.access.login.internal.Login$LoginBuilder	br.com.sawcunhaos.organization.domain.corporate.employee.internal.Employee	interno	classes
br.com.sawcunhaos.organization.domain.access.login.internal.Login$LoginBuilder	java.lang.Long	jdk	java.base
br.com.sawcunhaos.organization.domain.access.login.internal.Login$LoginBuilder	java.lang.Object	jdk	java.base
br.com.sawcunhaos.organization.domain.access.login.internal.Login$LoginBuilder	java.lang.String	jdk	java.base
br.com.sawcunhaos.organization.domain.access.login.internal.Login$LoginBuilder	java.lang.invoke.CallSite	jdk	java.base
br.com.sawcunhaos.organization.domain.access.login.internal.Login$LoginBuilder	java.lang.invoke.MethodHandles	jdk	java.base
br.com.sawcunhaos.organization.domain.access.login.internal.Login$LoginBuilder	java.lang.invoke.MethodHandles$Lookup	jdk	java.base
br.com.sawcunhaos.organization.domain.access.login.internal.Login$LoginBuilder	java.lang.invoke.MethodType	jdk	java.base
br.com.sawcunhaos.organization.domain.access.login.internal.Login$LoginBuilder	java.lang.invoke.StringConcatFactory	jdk	java.base
br.com.sawcunhaos.organization.domain.access.login.internal.Login$LoginBuilder	java.time.Instant	jdk	java.base
br.com.sawcunhaos.organization.domain.access.login.internal.Login$LoginBuilder	java.util.UUID	jdk	java.base
br.com.sawcunhaos.organization.domain.access.login.internal.LoginApprovalRequest	br.com.sawcunhaos.flow.audit.sdk.api.AuditableEntity	externo	not found
br.com.sawcunhaos.organization.domain.access.login.internal.LoginApprovalRequest	br.com.sawcunhaos.foundation.core.exception.ScosException	externo	scos-foundation-core-1.2.0-SNAPSHOT.jar
br.com.sawcunhaos.organization.domain.access.login.internal.LoginApprovalRequest	br.com.sawcunhaos.foundation.core.specification.ExceptionCode	externo	scos-foundation-core-1.2.0-SNAPSHOT.jar
br.com.sawcunhaos.organization.domain.access.login.internal.LoginApprovalRequest	br.com.sawcunhaos.foundation.jpa.entity.BaseEntity	externo	scos-foundation-jpa-1.2.0-SNAPSHOT.jar
br.com.sawcunhaos.organization.domain.access.login.internal.LoginApprovalRequest	br.com.sawcunhaos.organization.domain.access.login.internal.Login	interno	classes
br.com.sawcunhaos.organization.domain.access.login.internal.LoginApprovalRequest	br.com.sawcunhaos.organization.domain.access.login.internal.LoginApprovalRequest$LoginApprovalRequestBuilder	interno	classes
br.com.sawcunhaos.organization.domain.access.login.internal.LoginApprovalRequest	br.com.sawcunhaos.organization.domain.access.login.internal.LoginApprovalRequestEscalationPolicy	interno	classes
br.com.sawcunhaos.organization.domain.access.login.internal.LoginApprovalRequest	br.com.sawcunhaos.organization.domain.access.login.internal.LoginApprovalRequestLevel	interno	classes
br.com.sawcunhaos.organization.domain.access.login.internal.LoginApprovalRequest	br.com.sawcunhaos.organization.domain.access.login.internal.LoginApprovalRequestProfileChangeKind	interno	classes
br.com.sawcunhaos.organization.domain.access.login.internal.LoginApprovalRequest	br.com.sawcunhaos.organization.domain.access.login.internal.LoginApprovalRequestStatus	interno	classes
br.com.sawcunhaos.organization.domain.access.login.internal.LoginApprovalRequest	br.com.sawcunhaos.organization.domain.access.login.internal.LoginApprovalRequestType	interno	classes
br.com.sawcunhaos.organization.domain.access.login.internal.LoginApprovalRequest	br.com.sawcunhaos.organization.domain.access.profile.internal.Profile	interno	classes
br.com.sawcunhaos.organization.domain.access.login.internal.LoginApprovalRequest	br.com.sawcunhaos.organization.shared.exception.ExceptionCodeError	externo	flow-organization-shared-1.0.0-SNAPSHOT.jar
br.com.sawcunhaos.organization.domain.access.login.internal.LoginApprovalRequest	jakarta.persistence.Column	externo	jakarta.persistence-api-3.2.0.jar
br.com.sawcunhaos.organization.domain.access.login.internal.LoginApprovalRequest	jakarta.persistence.Entity	externo	jakarta.persistence-api-3.2.0.jar
br.com.sawcunhaos.organization.domain.access.login.internal.LoginApprovalRequest	jakarta.persistence.Enumerated	externo	jakarta.persistence-api-3.2.0.jar
br.com.sawcunhaos.organization.domain.access.login.internal.LoginApprovalRequest	jakarta.persistence.GeneratedValue	externo	jakarta.persistence-api-3.2.0.jar
br.com.sawcunhaos.organization.domain.access.login.internal.LoginApprovalRequest	jakarta.persistence.Id	externo	jakarta.persistence-api-3.2.0.jar
br.com.sawcunhaos.organization.domain.access.login.internal.LoginApprovalRequest	jakarta.persistence.JoinColumn	externo	jakarta.persistence-api-3.2.0.jar
br.com.sawcunhaos.organization.domain.access.login.internal.LoginApprovalRequest	jakarta.persistence.ManyToOne	externo	jakarta.persistence-api-3.2.0.jar
br.com.sawcunhaos.organization.domain.access.login.internal.LoginApprovalRequest	jakarta.persistence.Table	externo	jakarta.persistence-api-3.2.0.jar
br.com.sawcunhaos.organization.domain.access.login.internal.LoginApprovalRequest	java.lang.Long	jdk	java.base
br.com.sawcunhaos.organization.domain.access.login.internal.LoginApprovalRequest	java.time.Instant	jdk	java.base
br.com.sawcunhaos.organization.domain.access.login.internal.LoginApprovalRequest$LoginApprovalRequestBuilder	br.com.sawcunhaos.organization.domain.access.login.internal.Login	interno	classes
br.com.sawcunhaos.organization.domain.access.login.internal.LoginApprovalRequest$LoginApprovalRequestBuilder	br.com.sawcunhaos.organization.domain.access.login.internal.LoginApprovalRequest	interno	classes
br.com.sawcunhaos.organization.domain.access.login.internal.LoginApprovalRequest$LoginApprovalRequestBuilder	br.com.sawcunhaos.organization.domain.access.login.internal.LoginApprovalRequestEscalationPolicy	interno	classes
br.com.sawcunhaos.organization.domain.access.login.internal.LoginApprovalRequest$LoginApprovalRequestBuilder	br.com.sawcunhaos.organization.domain.access.login.internal.LoginApprovalRequestLevel	interno	classes
br.com.sawcunhaos.organization.domain.access.login.internal.LoginApprovalRequest$LoginApprovalRequestBuilder	br.com.sawcunhaos.organization.domain.access.login.internal.LoginApprovalRequestProfileChangeKind	interno	classes
br.com.sawcunhaos.organization.domain.access.login.internal.LoginApprovalRequest$LoginApprovalRequestBuilder	br.com.sawcunhaos.organization.domain.access.login.internal.LoginApprovalRequestStatus	interno	classes
br.com.sawcunhaos.organization.domain.access.login.internal.LoginApprovalRequest$LoginApprovalRequestBuilder	br.com.sawcunhaos.organization.domain.access.login.internal.LoginApprovalRequestType	interno	classes
br.com.sawcunhaos.organization.domain.access.login.internal.LoginApprovalRequest$LoginApprovalRequestBuilder	br.com.sawcunhaos.organization.domain.access.profile.internal.Profile	interno	classes
br.com.sawcunhaos.organization.domain.access.login.internal.LoginApprovalRequest$LoginApprovalRequestBuilder	java.lang.Long	jdk	java.base
br.com.sawcunhaos.organization.domain.access.login.internal.LoginApprovalRequest$LoginApprovalRequestBuilder	java.lang.Object	jdk	java.base
br.com.sawcunhaos.organization.domain.access.login.internal.LoginApprovalRequest$LoginApprovalRequestBuilder	java.lang.String	jdk	java.base
br.com.sawcunhaos.organization.domain.access.login.internal.LoginApprovalRequest$LoginApprovalRequestBuilder	java.lang.invoke.CallSite	jdk	java.base
br.com.sawcunhaos.organization.domain.access.login.internal.LoginApprovalRequest$LoginApprovalRequestBuilder	java.lang.invoke.MethodHandles	jdk	java.base
br.com.sawcunhaos.organization.domain.access.login.internal.LoginApprovalRequest$LoginApprovalRequestBuilder	java.lang.invoke.MethodHandles$Lookup	jdk	java.base
br.com.sawcunhaos.organization.domain.access.login.internal.LoginApprovalRequest$LoginApprovalRequestBuilder	java.lang.invoke.MethodType	jdk	java.base
br.com.sawcunhaos.organization.domain.access.login.internal.LoginApprovalRequest$LoginApprovalRequestBuilder	java.lang.invoke.StringConcatFactory	jdk	java.base
br.com.sawcunhaos.organization.domain.access.login.internal.LoginApprovalRequest$LoginApprovalRequestBuilder	java.time.Instant	jdk	java.base
br.com.sawcunhaos.organization.domain.access.login.internal.LoginApprovalRequestEscalationPolicy	java.lang.Class	jdk	java.base
br.com.sawcunhaos.organization.domain.access.login.internal.LoginApprovalRequestEscalationPolicy	java.lang.Enum	jdk	java.base
br.com.sawcunhaos.organization.domain.access.login.internal.LoginApprovalRequestEscalationPolicy	java.lang.Object	jdk	java.base
br.com.sawcunhaos.organization.domain.access.login.internal.LoginApprovalRequestEscalationPolicy	java.lang.String	jdk	java.base
br.com.sawcunhaos.organization.domain.access.login.internal.LoginApprovalRequestEscalationPolicy	java.lang.System	jdk	java.base
br.com.sawcunhaos.organization.domain.access.login.internal.LoginApprovalRequestLevel	java.lang.Class	jdk	java.base
br.com.sawcunhaos.organization.domain.access.login.internal.LoginApprovalRequestLevel	java.lang.Enum	jdk	java.base
br.com.sawcunhaos.organization.domain.access.login.internal.LoginApprovalRequestLevel	java.lang.Object	jdk	java.base
br.com.sawcunhaos.organization.domain.access.login.internal.LoginApprovalRequestLevel	java.lang.String	jdk	java.base
br.com.sawcunhaos.organization.domain.access.login.internal.LoginApprovalRequestLevel	java.lang.System	jdk	java.base
br.com.sawcunhaos.organization.domain.access.login.internal.LoginApprovalRequestPredicates	br.com.sawcunhaos.organization.domain.access.login.internal.LoginApprovalRequestStatus	interno	classes
br.com.sawcunhaos.organization.domain.access.login.internal.LoginApprovalRequestPredicates	br.com.sawcunhaos.organization.domain.access.login.internal.QLogin	interno	classes
br.com.sawcunhaos.organization.domain.access.login.internal.LoginApprovalRequestPredicates	br.com.sawcunhaos.organization.domain.access.login.internal.QLoginApprovalRequest	interno	classes
br.com.sawcunhaos.organization.domain.access.login.internal.LoginApprovalRequestPredicates	com.querydsl.core.BooleanBuilder	externo	querydsl-core-7.6.jar
br.com.sawcunhaos.organization.domain.access.login.internal.LoginApprovalRequestPredicates	com.querydsl.core.types.Predicate	externo	querydsl-core-7.6.jar
br.com.sawcunhaos.organization.domain.access.login.internal.LoginApprovalRequestPredicates	com.querydsl.core.types.dsl.BooleanExpression	externo	querydsl-core-7.6.jar
br.com.sawcunhaos.organization.domain.access.login.internal.LoginApprovalRequestPredicates	com.querydsl.core.types.dsl.EnumPath	externo	querydsl-core-7.6.jar
br.com.sawcunhaos.organization.domain.access.login.internal.LoginApprovalRequestPredicates	com.querydsl.core.types.dsl.NumberPath	externo	querydsl-core-7.6.jar
br.com.sawcunhaos.organization.domain.access.login.internal.LoginApprovalRequestPredicates	java.lang.Long	jdk	java.base
br.com.sawcunhaos.organization.domain.access.login.internal.LoginApprovalRequestPredicates	java.lang.Object	jdk	java.base
br.com.sawcunhaos.organization.domain.access.login.internal.LoginApprovalRequestPredicates	java.util.Objects	jdk	java.base
br.com.sawcunhaos.organization.domain.access.login.internal.LoginApprovalRequestProfileChangeKind	java.lang.Class	jdk	java.base
br.com.sawcunhaos.organization.domain.access.login.internal.LoginApprovalRequestProfileChangeKind	java.lang.Enum	jdk	java.base
br.com.sawcunhaos.organization.domain.access.login.internal.LoginApprovalRequestProfileChangeKind	java.lang.Object	jdk	java.base
br.com.sawcunhaos.organization.domain.access.login.internal.LoginApprovalRequestProfileChangeKind	java.lang.String	jdk	java.base
br.com.sawcunhaos.organization.domain.access.login.internal.LoginApprovalRequestProfileChangeKind	java.lang.System	jdk	java.base
br.com.sawcunhaos.organization.domain.access.login.internal.LoginApprovalRequestRepository	br.com.sawcunhaos.organization.domain.access.login.internal.LoginApprovalRequest	interno	classes
br.com.sawcunhaos.organization.domain.access.login.internal.LoginApprovalRequestRepository	br.com.sawcunhaos.organization.domain.access.login.internal.LoginApprovalRequestEscalationPolicy	interno	classes
br.com.sawcunhaos.organization.domain.access.login.internal.LoginApprovalRequestRepository	br.com.sawcunhaos.organization.domain.access.login.internal.LoginApprovalRequestPredicates	interno	classes
br.com.sawcunhaos.organization.domain.access.login.internal.LoginApprovalRequestRepository	br.com.sawcunhaos.organization.domain.access.login.internal.LoginApprovalRequestStatus	interno	classes
br.com.sawcunhaos.organization.domain.access.login.internal.LoginApprovalRequestRepository	br.com.sawcunhaos.organization.domain.access.login.internal.LoginApprovalRequestType	interno	classes
br.com.sawcunhaos.organization.domain.access.login.internal.LoginApprovalRequestRepository	br.com.sawcunhaos.organization.domain.access.login.internal.QLogin	interno	classes
br.com.sawcunhaos.organization.domain.access.login.internal.LoginApprovalRequestRepository	br.com.sawcunhaos.organization.domain.access.login.internal.QLoginApprovalRequest	interno	classes
br.com.sawcunhaos.organization.domain.access.login.internal.LoginApprovalRequestRepository	com.querydsl.core.types.Predicate	externo	querydsl-core-7.6.jar
br.com.sawcunhaos.organization.domain.access.login.internal.LoginApprovalRequestRepository	com.querydsl.core.types.dsl.BooleanExpression	externo	querydsl-core-7.6.jar
br.com.sawcunhaos.organization.domain.access.login.internal.LoginApprovalRequestRepository	com.querydsl.core.types.dsl.DateTimePath	externo	querydsl-core-7.6.jar
br.com.sawcunhaos.organization.domain.access.login.internal.LoginApprovalRequestRepository	com.querydsl.core.types.dsl.EnumPath	externo	querydsl-core-7.6.jar
br.com.sawcunhaos.organization.domain.access.login.internal.LoginApprovalRequestRepository	com.querydsl.core.types.dsl.NumberPath	externo	querydsl-core-7.6.jar
br.com.sawcunhaos.organization.domain.access.login.internal.LoginApprovalRequestRepository	io.hypersistence.utils.spring.repository.BaseJpaRepository	externo	hypersistence-utils-hibernate-71-3.15.5.jar
br.com.sawcunhaos.organization.domain.access.login.internal.LoginApprovalRequestRepository	java.lang.Comparable	jdk	java.base
br.com.sawcunhaos.organization.domain.access.login.internal.LoginApprovalRequestRepository	java.lang.Long	jdk	java.base
br.com.sawcunhaos.organization.domain.access.login.internal.LoginApprovalRequestRepository	java.lang.Object	jdk	java.base
br.com.sawcunhaos.organization.domain.access.login.internal.LoginApprovalRequestRepository	java.time.Instant	jdk	java.base
br.com.sawcunhaos.organization.domain.access.login.internal.LoginApprovalRequestRepository	java.util.List	jdk	java.base
br.com.sawcunhaos.organization.domain.access.login.internal.LoginApprovalRequestRepository	java.util.Optional	jdk	java.base
br.com.sawcunhaos.organization.domain.access.login.internal.LoginApprovalRequestRepository	org.springframework.data.domain.Page	externo	spring-data-commons-4.1.1.jar
br.com.sawcunhaos.organization.domain.access.login.internal.LoginApprovalRequestRepository	org.springframework.data.domain.Pageable	externo	spring-data-commons-4.1.1.jar
br.com.sawcunhaos.organization.domain.access.login.internal.LoginApprovalRequestRepository	org.springframework.data.jpa.repository.JpaSpecificationExecutor	externo	spring-data-jpa-4.1.1.jar
br.com.sawcunhaos.organization.domain.access.login.internal.LoginApprovalRequestRepository	org.springframework.data.querydsl.QuerydslPredicateExecutor	externo	spring-data-commons-4.1.1.jar
br.com.sawcunhaos.organization.domain.access.login.internal.LoginApprovalRequestRepository	org.springframework.stereotype.Repository	externo	spring-context-7.0.9.jar
br.com.sawcunhaos.organization.domain.access.login.internal.LoginApprovalRequestStatus	java.lang.Class	jdk	java.base
br.com.sawcunhaos.organization.domain.access.login.internal.LoginApprovalRequestStatus	java.lang.Enum	jdk	java.base
br.com.sawcunhaos.organization.domain.access.login.internal.LoginApprovalRequestStatus	java.lang.Object	jdk	java.base
br.com.sawcunhaos.organization.domain.access.login.internal.LoginApprovalRequestStatus	java.lang.String	jdk	java.base
br.com.sawcunhaos.organization.domain.access.login.internal.LoginApprovalRequestStatus	java.lang.System	jdk	java.base
br.com.sawcunhaos.organization.domain.access.login.internal.LoginApprovalRequestType	java.lang.Class	jdk	java.base
br.com.sawcunhaos.organization.domain.access.login.internal.LoginApprovalRequestType	java.lang.Enum	jdk	java.base
br.com.sawcunhaos.organization.domain.access.login.internal.LoginApprovalRequestType	java.lang.Object	jdk	java.base
br.com.sawcunhaos.organization.domain.access.login.internal.LoginApprovalRequestType	java.lang.String	jdk	java.base
br.com.sawcunhaos.organization.domain.access.login.internal.LoginApprovalRequestType	java.lang.System	jdk	java.base
br.com.sawcunhaos.organization.domain.access.login.internal.LoginPredicates	br.com.sawcunhaos.organization.domain.access.login.internal.LoginStatus	interno	classes
br.com.sawcunhaos.organization.domain.access.login.internal.LoginPredicates	br.com.sawcunhaos.organization.domain.access.login.internal.LoginType	interno	classes
br.com.sawcunhaos.organization.domain.access.login.internal.LoginPredicates	br.com.sawcunhaos.organization.domain.access.login.internal.QLogin	interno	classes
br.com.sawcunhaos.organization.domain.access.login.internal.LoginPredicates	br.com.sawcunhaos.organization.domain.corporate.employee.internal.QEmployee	interno	classes
br.com.sawcunhaos.organization.domain.access.login.internal.LoginPredicates	com.querydsl.core.BooleanBuilder	externo	querydsl-core-7.6.jar
br.com.sawcunhaos.organization.domain.access.login.internal.LoginPredicates	com.querydsl.core.types.Predicate	externo	querydsl-core-7.6.jar
br.com.sawcunhaos.organization.domain.access.login.internal.LoginPredicates	com.querydsl.core.types.dsl.BooleanExpression	externo	querydsl-core-7.6.jar
br.com.sawcunhaos.organization.domain.access.login.internal.LoginPredicates	com.querydsl.core.types.dsl.EnumPath	externo	querydsl-core-7.6.jar
br.com.sawcunhaos.organization.domain.access.login.internal.LoginPredicates	com.querydsl.core.types.dsl.NumberPath	externo	querydsl-core-7.6.jar
br.com.sawcunhaos.organization.domain.access.login.internal.LoginPredicates	java.lang.Long	jdk	java.base
br.com.sawcunhaos.organization.domain.access.login.internal.LoginPredicates	java.lang.Object	jdk	java.base
br.com.sawcunhaos.organization.domain.access.login.internal.LoginPredicates	java.util.Objects	jdk	java.base
br.com.sawcunhaos.organization.domain.access.login.internal.LoginRepository	br.com.sawcunhaos.organization.domain.access.login.internal.Login	interno	classes
br.com.sawcunhaos.organization.domain.access.login.internal.LoginRepository	br.com.sawcunhaos.organization.domain.access.login.internal.LoginPredicates	interno	classes
br.com.sawcunhaos.organization.domain.access.login.internal.LoginRepository	br.com.sawcunhaos.organization.domain.access.login.internal.LoginStatus	interno	classes
br.com.sawcunhaos.organization.domain.access.login.internal.LoginRepository	br.com.sawcunhaos.organization.domain.access.login.internal.LoginType	interno	classes
br.com.sawcunhaos.organization.domain.access.login.internal.LoginRepository	br.com.sawcunhaos.organization.domain.access.login.internal.QLogin	interno	classes
br.com.sawcunhaos.organization.domain.access.login.internal.LoginRepository	com.querydsl.core.types.Predicate	externo	querydsl-core-7.6.jar
br.com.sawcunhaos.organization.domain.access.login.internal.LoginRepository	com.querydsl.core.types.dsl.BooleanExpression	externo	querydsl-core-7.6.jar
br.com.sawcunhaos.organization.domain.access.login.internal.LoginRepository	com.querydsl.core.types.dsl.StringPath	externo	querydsl-core-7.6.jar
br.com.sawcunhaos.organization.domain.access.login.internal.LoginRepository	io.hypersistence.utils.spring.repository.BaseJpaRepository	externo	hypersistence-utils-hibernate-71-3.15.5.jar
br.com.sawcunhaos.organization.domain.access.login.internal.LoginRepository	java.lang.Long	jdk	java.base
br.com.sawcunhaos.organization.domain.access.login.internal.LoginRepository	java.lang.Object	jdk	java.base
br.com.sawcunhaos.organization.domain.access.login.internal.LoginRepository	java.lang.String	jdk	java.base
br.com.sawcunhaos.organization.domain.access.login.internal.LoginRepository	java.util.Optional	jdk	java.base
br.com.sawcunhaos.organization.domain.access.login.internal.LoginRepository	org.springframework.data.domain.Page	externo	spring-data-commons-4.1.1.jar
br.com.sawcunhaos.organization.domain.access.login.internal.LoginRepository	org.springframework.data.domain.Pageable	externo	spring-data-commons-4.1.1.jar
br.com.sawcunhaos.organization.domain.access.login.internal.LoginRepository	org.springframework.data.jpa.repository.JpaSpecificationExecutor	externo	spring-data-jpa-4.1.1.jar
br.com.sawcunhaos.organization.domain.access.login.internal.LoginRepository	org.springframework.data.querydsl.QuerydslPredicateExecutor	externo	spring-data-commons-4.1.1.jar
br.com.sawcunhaos.organization.domain.access.login.internal.LoginRepository	org.springframework.stereotype.Repository	externo	spring-context-7.0.9.jar
br.com.sawcunhaos.organization.domain.access.login.internal.LoginStatus	java.lang.Class	jdk	java.base
br.com.sawcunhaos.organization.domain.access.login.internal.LoginStatus	java.lang.Enum	jdk	java.base
br.com.sawcunhaos.organization.domain.access.login.internal.LoginStatus	java.lang.Object	jdk	java.base
br.com.sawcunhaos.organization.domain.access.login.internal.LoginStatus	java.lang.String	jdk	java.base
br.com.sawcunhaos.organization.domain.access.login.internal.LoginStatus	java.lang.System	jdk	java.base
br.com.sawcunhaos.organization.domain.access.login.internal.LoginType	java.lang.Class	jdk	java.base
br.com.sawcunhaos.organization.domain.access.login.internal.LoginType	java.lang.Enum	jdk	java.base
br.com.sawcunhaos.organization.domain.access.login.internal.LoginType	java.lang.Object	jdk	java.base
br.com.sawcunhaos.organization.domain.access.login.internal.LoginType	java.lang.String	jdk	java.base
br.com.sawcunhaos.organization.domain.access.login.internal.LoginType	java.lang.System	jdk	java.base
br.com.sawcunhaos.organization.domain.access.login.internal.QLogin	br.com.sawcunhaos.foundation.jpa.entity.QBaseEntity	externo	scos-foundation-jpa-1.2.0-SNAPSHOT.jar
br.com.sawcunhaos.organization.domain.access.login.internal.QLogin	br.com.sawcunhaos.organization.domain.access.login.internal.Login	interno	classes
br.com.sawcunhaos.organization.domain.access.login.internal.QLogin	br.com.sawcunhaos.organization.domain.access.login.internal.LoginStatus	interno	classes
br.com.sawcunhaos.organization.domain.access.login.internal.QLogin	br.com.sawcunhaos.organization.domain.access.login.internal.LoginType	interno	classes
br.com.sawcunhaos.organization.domain.access.login.internal.QLogin	br.com.sawcunhaos.organization.domain.access.profile.internal.QProfile	interno	classes
br.com.sawcunhaos.organization.domain.access.login.internal.QLogin	br.com.sawcunhaos.organization.domain.corporate.employee.internal.QEmployee	interno	classes
br.com.sawcunhaos.organization.domain.access.login.internal.QLogin	com.querydsl.core.types.Path	externo	querydsl-core-7.6.jar
br.com.sawcunhaos.organization.domain.access.login.internal.QLogin	com.querydsl.core.types.PathMetadata	externo	querydsl-core-7.6.jar
br.com.sawcunhaos.organization.domain.access.login.internal.QLogin	com.querydsl.core.types.PathMetadataFactory	externo	querydsl-core-7.6.jar
br.com.sawcunhaos.organization.domain.access.login.internal.QLogin	com.querydsl.core.types.dsl.ComparablePath	externo	querydsl-core-7.6.jar
br.com.sawcunhaos.organization.domain.access.login.internal.QLogin	com.querydsl.core.types.dsl.DateTimePath	externo	querydsl-core-7.6.jar
br.com.sawcunhaos.organization.domain.access.login.internal.QLogin	com.querydsl.core.types.dsl.EntityPathBase	externo	querydsl-core-7.6.jar
br.com.sawcunhaos.organization.domain.access.login.internal.QLogin	com.querydsl.core.types.dsl.EnumPath	externo	querydsl-core-7.6.jar
br.com.sawcunhaos.organization.domain.access.login.internal.QLogin	com.querydsl.core.types.dsl.NumberPath	externo	querydsl-core-7.6.jar
br.com.sawcunhaos.organization.domain.access.login.internal.QLogin	com.querydsl.core.types.dsl.PathInits	externo	querydsl-core-7.6.jar
br.com.sawcunhaos.organization.domain.access.login.internal.QLogin	com.querydsl.core.types.dsl.StringPath	externo	querydsl-core-7.6.jar
br.com.sawcunhaos.organization.domain.access.login.internal.QLogin	java.lang.Class	jdk	java.base
br.com.sawcunhaos.organization.domain.access.login.internal.QLogin	java.lang.Long	jdk	java.base
br.com.sawcunhaos.organization.domain.access.login.internal.QLogin	java.lang.String	jdk	java.base
br.com.sawcunhaos.organization.domain.access.login.internal.QLogin	java.time.Instant	jdk	java.base
br.com.sawcunhaos.organization.domain.access.login.internal.QLogin	java.util.UUID	jdk	java.base
br.com.sawcunhaos.organization.domain.access.login.internal.QLoginApprovalRequest	br.com.sawcunhaos.foundation.jpa.entity.QBaseEntity	externo	scos-foundation-jpa-1.2.0-SNAPSHOT.jar
br.com.sawcunhaos.organization.domain.access.login.internal.QLoginApprovalRequest	br.com.sawcunhaos.organization.domain.access.login.internal.LoginApprovalRequest	interno	classes
br.com.sawcunhaos.organization.domain.access.login.internal.QLoginApprovalRequest	br.com.sawcunhaos.organization.domain.access.login.internal.LoginApprovalRequestEscalationPolicy	interno	classes
br.com.sawcunhaos.organization.domain.access.login.internal.QLoginApprovalRequest	br.com.sawcunhaos.organization.domain.access.login.internal.LoginApprovalRequestLevel	interno	classes
br.com.sawcunhaos.organization.domain.access.login.internal.QLoginApprovalRequest	br.com.sawcunhaos.organization.domain.access.login.internal.LoginApprovalRequestProfileChangeKind	interno	classes
br.com.sawcunhaos.organization.domain.access.login.internal.QLoginApprovalRequest	br.com.sawcunhaos.organization.domain.access.login.internal.LoginApprovalRequestStatus	interno	classes
br.com.sawcunhaos.organization.domain.access.login.internal.QLoginApprovalRequest	br.com.sawcunhaos.organization.domain.access.login.internal.LoginApprovalRequestType	interno	classes
br.com.sawcunhaos.organization.domain.access.login.internal.QLoginApprovalRequest	br.com.sawcunhaos.organization.domain.access.login.internal.QLogin	interno	classes
br.com.sawcunhaos.organization.domain.access.login.internal.QLoginApprovalRequest	br.com.sawcunhaos.organization.domain.access.profile.internal.QProfile	interno	classes
br.com.sawcunhaos.organization.domain.access.login.internal.QLoginApprovalRequest	com.querydsl.core.types.Path	externo	querydsl-core-7.6.jar
br.com.sawcunhaos.organization.domain.access.login.internal.QLoginApprovalRequest	com.querydsl.core.types.PathMetadata	externo	querydsl-core-7.6.jar
br.com.sawcunhaos.organization.domain.access.login.internal.QLoginApprovalRequest	com.querydsl.core.types.PathMetadataFactory	externo	querydsl-core-7.6.jar
br.com.sawcunhaos.organization.domain.access.login.internal.QLoginApprovalRequest	com.querydsl.core.types.dsl.BooleanPath	externo	querydsl-core-7.6.jar
br.com.sawcunhaos.organization.domain.access.login.internal.QLoginApprovalRequest	com.querydsl.core.types.dsl.DateTimePath	externo	querydsl-core-7.6.jar
br.com.sawcunhaos.organization.domain.access.login.internal.QLoginApprovalRequest	com.querydsl.core.types.dsl.EntityPathBase	externo	querydsl-core-7.6.jar
br.com.sawcunhaos.organization.domain.access.login.internal.QLoginApprovalRequest	com.querydsl.core.types.dsl.EnumPath	externo	querydsl-core-7.6.jar
br.com.sawcunhaos.organization.domain.access.login.internal.QLoginApprovalRequest	com.querydsl.core.types.dsl.NumberPath	externo	querydsl-core-7.6.jar
br.com.sawcunhaos.organization.domain.access.login.internal.QLoginApprovalRequest	com.querydsl.core.types.dsl.PathInits	externo	querydsl-core-7.6.jar
br.com.sawcunhaos.organization.domain.access.login.internal.QLoginApprovalRequest	com.querydsl.core.types.dsl.StringPath	externo	querydsl-core-7.6.jar
br.com.sawcunhaos.organization.domain.access.login.internal.QLoginApprovalRequest	java.lang.Class	jdk	java.base
br.com.sawcunhaos.organization.domain.access.login.internal.QLoginApprovalRequest	java.lang.Long	jdk	java.base
br.com.sawcunhaos.organization.domain.access.login.internal.QLoginApprovalRequest	java.lang.String	jdk	java.base
br.com.sawcunhaos.organization.domain.access.login.internal.QLoginApprovalRequest	java.time.Instant	jdk	java.base
br.com.sawcunhaos.organization.domain.access.login.internal.QVwAuthorityResponse	br.com.sawcunhaos.organization.domain.access.login.internal.LoginStatus	interno	classes
br.com.sawcunhaos.organization.domain.access.login.internal.QVwAuthorityResponse	br.com.sawcunhaos.organization.domain.access.login.internal.VwAuthorityResponse	interno	classes
br.com.sawcunhaos.organization.domain.access.login.internal.QVwAuthorityResponse	com.querydsl.core.types.Path	externo	querydsl-core-7.6.jar
br.com.sawcunhaos.organization.domain.access.login.internal.QVwAuthorityResponse	com.querydsl.core.types.PathMetadata	externo	querydsl-core-7.6.jar
br.com.sawcunhaos.organization.domain.access.login.internal.QVwAuthorityResponse	com.querydsl.core.types.PathMetadataFactory	externo	querydsl-core-7.6.jar
br.com.sawcunhaos.organization.domain.access.login.internal.QVwAuthorityResponse	com.querydsl.core.types.dsl.ComparablePath	externo	querydsl-core-7.6.jar
br.com.sawcunhaos.organization.domain.access.login.internal.QVwAuthorityResponse	com.querydsl.core.types.dsl.EntityPathBase	externo	querydsl-core-7.6.jar
br.com.sawcunhaos.organization.domain.access.login.internal.QVwAuthorityResponse	com.querydsl.core.types.dsl.EnumPath	externo	querydsl-core-7.6.jar
br.com.sawcunhaos.organization.domain.access.login.internal.QVwAuthorityResponse	com.querydsl.core.types.dsl.ListPath	externo	querydsl-core-7.6.jar
br.com.sawcunhaos.organization.domain.access.login.internal.QVwAuthorityResponse	com.querydsl.core.types.dsl.NumberPath	externo	querydsl-core-7.6.jar
br.com.sawcunhaos.organization.domain.access.login.internal.QVwAuthorityResponse	com.querydsl.core.types.dsl.PathInits	externo	querydsl-core-7.6.jar
br.com.sawcunhaos.organization.domain.access.login.internal.QVwAuthorityResponse	com.querydsl.core.types.dsl.StringPath	externo	querydsl-core-7.6.jar
br.com.sawcunhaos.organization.domain.access.login.internal.QVwAuthorityResponse	java.lang.Class	jdk	java.base
br.com.sawcunhaos.organization.domain.access.login.internal.QVwAuthorityResponse	java.lang.Long	jdk	java.base
br.com.sawcunhaos.organization.domain.access.login.internal.QVwAuthorityResponse	java.lang.String	jdk	java.base
br.com.sawcunhaos.organization.domain.access.login.internal.QVwAuthorityResponse	java.util.UUID	jdk	java.base
br.com.sawcunhaos.organization.domain.access.login.internal.VwAuthorityResponse	br.com.sawcunhaos.organization.domain.access.login.internal.LoginStatus	interno	classes
br.com.sawcunhaos.organization.domain.access.login.internal.VwAuthorityResponse	jakarta.persistence.Column	externo	jakarta.persistence-api-3.2.0.jar
br.com.sawcunhaos.organization.domain.access.login.internal.VwAuthorityResponse	jakarta.persistence.Entity	externo	jakarta.persistence-api-3.2.0.jar
br.com.sawcunhaos.organization.domain.access.login.internal.VwAuthorityResponse	jakarta.persistence.Enumerated	externo	jakarta.persistence-api-3.2.0.jar
br.com.sawcunhaos.organization.domain.access.login.internal.VwAuthorityResponse	jakarta.persistence.Id	externo	jakarta.persistence-api-3.2.0.jar
br.com.sawcunhaos.organization.domain.access.login.internal.VwAuthorityResponse	jakarta.persistence.Table	externo	jakarta.persistence-api-3.2.0.jar
br.com.sawcunhaos.organization.domain.access.login.internal.VwAuthorityResponse	java.lang.Long	jdk	java.base
br.com.sawcunhaos.organization.domain.access.login.internal.VwAuthorityResponse	java.lang.Object	jdk	java.base
br.com.sawcunhaos.organization.domain.access.login.internal.VwAuthorityResponse	java.lang.String	jdk	java.base
br.com.sawcunhaos.organization.domain.access.login.internal.VwAuthorityResponse	java.util.List	jdk	java.base
br.com.sawcunhaos.organization.domain.access.login.internal.VwAuthorityResponse	java.util.UUID	jdk	java.base
br.com.sawcunhaos.organization.domain.access.login.internal.VwAuthorityResponse	org.hibernate.annotations.Immutable	externo	hibernate-core-7.4.5.Final.jar
br.com.sawcunhaos.organization.domain.access.login.internal.VwAuthorityResponse	org.hibernate.annotations.JdbcTypeCode	externo	hibernate-core-7.4.5.Final.jar
br.com.sawcunhaos.organization.domain.access.login.internal.VwAuthorityResponseRepository	br.com.sawcunhaos.organization.domain.access.login.internal.VwAuthorityResponse	interno	classes
br.com.sawcunhaos.organization.domain.access.login.internal.VwAuthorityResponseRepository	io.hypersistence.utils.spring.repository.BaseJpaRepository	externo	hypersistence-utils-hibernate-71-3.15.5.jar
br.com.sawcunhaos.organization.domain.access.login.internal.VwAuthorityResponseRepository	java.lang.Long	jdk	java.base
br.com.sawcunhaos.organization.domain.access.login.internal.VwAuthorityResponseRepository	java.lang.Object	jdk	java.base
br.com.sawcunhaos.organization.domain.access.login.internal.VwAuthorityResponseRepository	java.lang.String	jdk	java.base
br.com.sawcunhaos.organization.domain.access.login.internal.VwAuthorityResponseRepository	java.util.List	jdk	java.base
br.com.sawcunhaos.organization.domain.access.login.internal.VwAuthorityResponseRepository	java.util.Optional	jdk	java.base
br.com.sawcunhaos.organization.domain.access.login.internal.VwAuthorityResponseRepository	org.springframework.data.jpa.repository.Query	externo	spring-data-jpa-4.1.1.jar
br.com.sawcunhaos.organization.domain.access.login.internal.VwAuthorityResponseRepository	org.springframework.data.repository.query.Param	externo	spring-data-commons-4.1.1.jar
br.com.sawcunhaos.organization.domain.access.login.internal.rules.LoginBlockedRule	br.com.sawcunhaos.foundation.spring.annotation.rules.ScosRule	externo	scos-foundation-spring-1.2.0-SNAPSHOT.jar
br.com.sawcunhaos.organization.domain.access.login.internal.rules.LoginBlockedRule	br.com.sawcunhaos.organization.domain.access.login.internal.LoginStatus	interno	classes
br.com.sawcunhaos.organization.domain.access.login.internal.rules.LoginBlockedRule	br.com.sawcunhaos.organization.shared.exception.ExceptionCodeError	externo	flow-organization-shared-1.0.0-SNAPSHOT.jar
br.com.sawcunhaos.organization.domain.access.login.internal.rules.LoginBlockedRule	br.com.sawcunhaos.organization.shared.validation.BusinessRule	externo	flow-organization-shared-1.0.0-SNAPSHOT.jar
br.com.sawcunhaos.organization.domain.access.login.internal.rules.LoginBlockedRule	java.lang.Class	jdk	java.base
br.com.sawcunhaos.organization.domain.access.login.internal.rules.LoginBlockedRule	java.lang.Object	jdk	java.base
br.com.sawcunhaos.organization.domain.access.login.internal.rules.LoginBlockedRule	java.lang.String	jdk	java.base
br.com.sawcunhaos.organization.domain.access.login.internal.rules.LoginBlockedRule	java.util.Optional	jdk	java.base
br.com.sawcunhaos.organization.domain.access.login.internal.rules.LoginBlockedRule	org.slf4j.Logger	externo	slf4j-api-2.0.18.jar
br.com.sawcunhaos.organization.domain.access.login.internal.rules.LoginBlockedRule	org.slf4j.LoggerFactory	externo	slf4j-api-2.0.18.jar
br.com.sawcunhaos.organization.domain.access.login.internal.rules.LoginInactiveRule	br.com.sawcunhaos.foundation.spring.annotation.rules.ScosRule	externo	scos-foundation-spring-1.2.0-SNAPSHOT.jar
br.com.sawcunhaos.organization.domain.access.login.internal.rules.LoginInactiveRule	br.com.sawcunhaos.organization.domain.access.login.internal.LoginStatus	interno	classes
br.com.sawcunhaos.organization.domain.access.login.internal.rules.LoginInactiveRule	br.com.sawcunhaos.organization.shared.exception.ExceptionCodeError	externo	flow-organization-shared-1.0.0-SNAPSHOT.jar
br.com.sawcunhaos.organization.domain.access.login.internal.rules.LoginInactiveRule	br.com.sawcunhaos.organization.shared.validation.BusinessRule	externo	flow-organization-shared-1.0.0-SNAPSHOT.jar
br.com.sawcunhaos.organization.domain.access.login.internal.rules.LoginInactiveRule	java.lang.Class	jdk	java.base
br.com.sawcunhaos.organization.domain.access.login.internal.rules.LoginInactiveRule	java.lang.Object	jdk	java.base
br.com.sawcunhaos.organization.domain.access.login.internal.rules.LoginInactiveRule	java.lang.String	jdk	java.base
br.com.sawcunhaos.organization.domain.access.login.internal.rules.LoginInactiveRule	java.util.Optional	jdk	java.base
br.com.sawcunhaos.organization.domain.access.login.internal.rules.LoginInactiveRule	org.slf4j.Logger	externo	slf4j-api-2.0.18.jar
br.com.sawcunhaos.organization.domain.access.login.internal.rules.LoginInactiveRule	org.slf4j.LoggerFactory	externo	slf4j-api-2.0.18.jar
br.com.sawcunhaos.organization.domain.access.login.internal.rules.LoginPendingApprovalRule	br.com.sawcunhaos.foundation.spring.annotation.rules.ScosRule	externo	scos-foundation-spring-1.2.0-SNAPSHOT.jar
br.com.sawcunhaos.organization.domain.access.login.internal.rules.LoginPendingApprovalRule	br.com.sawcunhaos.organization.domain.access.login.internal.LoginStatus	interno	classes
br.com.sawcunhaos.organization.domain.access.login.internal.rules.LoginPendingApprovalRule	br.com.sawcunhaos.organization.shared.exception.ExceptionCodeError	externo	flow-organization-shared-1.0.0-SNAPSHOT.jar
br.com.sawcunhaos.organization.domain.access.login.internal.rules.LoginPendingApprovalRule	br.com.sawcunhaos.organization.shared.validation.BusinessRule	externo	flow-organization-shared-1.0.0-SNAPSHOT.jar
br.com.sawcunhaos.organization.domain.access.login.internal.rules.LoginPendingApprovalRule	java.lang.Class	jdk	java.base
br.com.sawcunhaos.organization.domain.access.login.internal.rules.LoginPendingApprovalRule	java.lang.Object	jdk	java.base
br.com.sawcunhaos.organization.domain.access.login.internal.rules.LoginPendingApprovalRule	java.lang.String	jdk	java.base
br.com.sawcunhaos.organization.domain.access.login.internal.rules.LoginPendingApprovalRule	java.util.Optional	jdk	java.base
br.com.sawcunhaos.organization.domain.access.login.internal.rules.LoginPendingApprovalRule	org.slf4j.Logger	externo	slf4j-api-2.0.18.jar
br.com.sawcunhaos.organization.domain.access.login.internal.rules.LoginPendingApprovalRule	org.slf4j.LoggerFactory	externo	slf4j-api-2.0.18.jar
br.com.sawcunhaos.organization.domain.access.login.service.AuthorityResponseMapper	br.com.sawcunhaos.organization.domain.access.login.dto.AuthorityResponseOutput	interno	classes
br.com.sawcunhaos.organization.domain.access.login.service.AuthorityResponseMapper	br.com.sawcunhaos.organization.domain.access.login.internal.VwAuthorityResponse	interno	classes
br.com.sawcunhaos.organization.domain.access.login.service.AuthorityResponseMapper	java.lang.Object	jdk	java.base
br.com.sawcunhaos.organization.domain.access.login.service.AuthorityResponseMapperImpl	br.com.sawcunhaos.organization.domain.access.login.dto.AuthorityResponseOutput	interno	classes
br.com.sawcunhaos.organization.domain.access.login.service.AuthorityResponseMapperImpl	br.com.sawcunhaos.organization.domain.access.login.dto.AuthorityResponseOutput$AuthorityResponseOutputBuilder	interno	classes
br.com.sawcunhaos.organization.domain.access.login.service.AuthorityResponseMapperImpl	br.com.sawcunhaos.organization.domain.access.login.internal.LoginStatus	interno	classes
br.com.sawcunhaos.organization.domain.access.login.service.AuthorityResponseMapperImpl	br.com.sawcunhaos.organization.domain.access.login.internal.VwAuthorityResponse	interno	classes
br.com.sawcunhaos.organization.domain.access.login.service.AuthorityResponseMapperImpl	br.com.sawcunhaos.organization.domain.access.login.service.AuthorityResponseMapper	interno	classes
br.com.sawcunhaos.organization.domain.access.login.service.AuthorityResponseMapperImpl	java.lang.Long	jdk	java.base
br.com.sawcunhaos.organization.domain.access.login.service.AuthorityResponseMapperImpl	java.lang.Object	jdk	java.base
br.com.sawcunhaos.organization.domain.access.login.service.AuthorityResponseMapperImpl	java.lang.String	jdk	java.base
br.com.sawcunhaos.organization.domain.access.login.service.AuthorityResponseMapperImpl	java.util.ArrayList	jdk	java.base
br.com.sawcunhaos.organization.domain.access.login.service.AuthorityResponseMapperImpl	java.util.Collection	jdk	java.base
br.com.sawcunhaos.organization.domain.access.login.service.AuthorityResponseMapperImpl	java.util.List	jdk	java.base
br.com.sawcunhaos.organization.domain.access.login.service.AuthorityResponseMapperImpl	java.util.UUID	jdk	java.base
br.com.sawcunhaos.organization.domain.access.login.service.AuthorityResponseMapperImpl	org.springframework.stereotype.Component	externo	spring-context-7.0.9.jar
br.com.sawcunhaos.organization.domain.access.login.service.AuthorityResponseServiceBean	br.com.sawcunhaos.foundation.core.exception.ScosException	externo	scos-foundation-core-1.2.0-SNAPSHOT.jar
br.com.sawcunhaos.organization.domain.access.login.service.AuthorityResponseServiceBean	br.com.sawcunhaos.foundation.core.specification.ExceptionCode	externo	scos-foundation-core-1.2.0-SNAPSHOT.jar
br.com.sawcunhaos.organization.domain.access.login.service.AuthorityResponseServiceBean	br.com.sawcunhaos.organization.domain.access.login.dto.AuthorityResponseOutput	interno	classes
br.com.sawcunhaos.organization.domain.access.login.service.AuthorityResponseServiceBean	br.com.sawcunhaos.organization.domain.access.login.internal.LoginStatus	interno	classes
br.com.sawcunhaos.organization.domain.access.login.service.AuthorityResponseServiceBean	br.com.sawcunhaos.organization.domain.access.login.internal.VwAuthorityResponse	interno	classes
br.com.sawcunhaos.organization.domain.access.login.service.AuthorityResponseServiceBean	br.com.sawcunhaos.organization.domain.access.login.internal.VwAuthorityResponseRepository	interno	classes
br.com.sawcunhaos.organization.domain.access.login.service.AuthorityResponseServiceBean	br.com.sawcunhaos.organization.domain.access.login.service.AuthorityResponseMapper	interno	classes
br.com.sawcunhaos.organization.domain.access.login.service.AuthorityResponseServiceBean	br.com.sawcunhaos.organization.domain.access.login.service.LoginRolesService	interno	classes
br.com.sawcunhaos.organization.domain.access.login.service.AuthorityResponseServiceBean	br.com.sawcunhaos.organization.domain.access.login.specification.AuthorityResponseService	interno	classes
br.com.sawcunhaos.organization.domain.access.login.service.AuthorityResponseServiceBean	br.com.sawcunhaos.organization.shared.exception.ExceptionCodeError	externo	flow-organization-shared-1.0.0-SNAPSHOT.jar
br.com.sawcunhaos.organization.domain.access.login.service.AuthorityResponseServiceBean	java.lang.Class	jdk	java.base
br.com.sawcunhaos.organization.domain.access.login.service.AuthorityResponseServiceBean	java.lang.Object	jdk	java.base
br.com.sawcunhaos.organization.domain.access.login.service.AuthorityResponseServiceBean	java.lang.String	jdk	java.base
br.com.sawcunhaos.organization.domain.access.login.service.AuthorityResponseServiceBean	java.lang.invoke.CallSite	jdk	java.base
br.com.sawcunhaos.organization.domain.access.login.service.AuthorityResponseServiceBean	java.lang.invoke.LambdaMetafactory	jdk	java.base
br.com.sawcunhaos.organization.domain.access.login.service.AuthorityResponseServiceBean	java.lang.invoke.MethodHandle	jdk	java.base
br.com.sawcunhaos.organization.domain.access.login.service.AuthorityResponseServiceBean	java.lang.invoke.MethodHandles	jdk	java.base
br.com.sawcunhaos.organization.domain.access.login.service.AuthorityResponseServiceBean	java.lang.invoke.MethodHandles$Lookup	jdk	java.base
br.com.sawcunhaos.organization.domain.access.login.service.AuthorityResponseServiceBean	java.lang.invoke.MethodType	jdk	java.base
br.com.sawcunhaos.organization.domain.access.login.service.AuthorityResponseServiceBean	java.util.List	jdk	java.base
br.com.sawcunhaos.organization.domain.access.login.service.AuthorityResponseServiceBean	java.util.Optional	jdk	java.base
br.com.sawcunhaos.organization.domain.access.login.service.AuthorityResponseServiceBean	java.util.function.Function	jdk	java.base
br.com.sawcunhaos.organization.domain.access.login.service.AuthorityResponseServiceBean	java.util.function.Supplier	jdk	java.base
br.com.sawcunhaos.organization.domain.access.login.service.AuthorityResponseServiceBean	java.util.stream.Stream	jdk	java.base
br.com.sawcunhaos.organization.domain.access.login.service.AuthorityResponseServiceBean	org.slf4j.Logger	externo	slf4j-api-2.0.18.jar
br.com.sawcunhaos.organization.domain.access.login.service.AuthorityResponseServiceBean	org.slf4j.LoggerFactory	externo	slf4j-api-2.0.18.jar
br.com.sawcunhaos.organization.domain.access.login.service.AuthorityResponseServiceBean	org.springframework.stereotype.Service	externo	spring-context-7.0.9.jar
br.com.sawcunhaos.organization.domain.access.login.service.AuthorityResponseServiceBean	org.springframework.transaction.annotation.Transactional	externo	spring-tx-7.0.9.jar
br.com.sawcunhaos.organization.domain.access.login.service.BusinessDayCalculator	java.lang.Object	jdk	java.base
br.com.sawcunhaos.organization.domain.access.login.service.BusinessDayCalculator	java.time.DayOfWeek	jdk	java.base
br.com.sawcunhaos.organization.domain.access.login.service.BusinessDayCalculator	java.time.Instant	jdk	java.base
br.com.sawcunhaos.organization.domain.access.login.service.BusinessDayCalculator	java.time.ZoneId	jdk	java.base
br.com.sawcunhaos.organization.domain.access.login.service.BusinessDayCalculator	java.time.ZonedDateTime	jdk	java.base
br.com.sawcunhaos.organization.domain.access.login.service.BusinessDayCalculator	org.springframework.stereotype.Component	externo	spring-context-7.0.9.jar
br.com.sawcunhaos.organization.domain.access.login.service.LoginApprovalChainResolver	br.com.sawcunhaos.organization.domain.access.login.internal.Login	interno	classes
br.com.sawcunhaos.organization.domain.access.login.service.LoginApprovalChainResolver	br.com.sawcunhaos.organization.domain.access.login.internal.LoginApprovalRequestLevel	interno	classes
br.com.sawcunhaos.organization.domain.access.login.service.LoginApprovalChainResolver	br.com.sawcunhaos.organization.domain.access.login.internal.LoginType	interno	classes
br.com.sawcunhaos.organization.domain.access.login.service.LoginApprovalChainResolver	br.com.sawcunhaos.organization.domain.corporate.department.internal.Department	interno	classes
br.com.sawcunhaos.organization.domain.access.login.service.LoginApprovalChainResolver	br.com.sawcunhaos.organization.domain.corporate.employee.internal.Employee	interno	classes
br.com.sawcunhaos.organization.domain.access.login.service.LoginApprovalChainResolver	br.com.sawcunhaos.organization.domain.corporate.position.internal.Position	interno	classes
br.com.sawcunhaos.organization.domain.access.login.service.LoginApprovalChainResolver	java.lang.MatchException	jdk	java.base
br.com.sawcunhaos.organization.domain.access.login.service.LoginApprovalChainResolver	java.lang.NoSuchFieldError	jdk	java.base
br.com.sawcunhaos.organization.domain.access.login.service.LoginApprovalChainResolver	java.lang.Object	jdk	java.base
br.com.sawcunhaos.organization.domain.access.login.service.LoginApprovalChainResolver	java.lang.String	jdk	java.base
br.com.sawcunhaos.organization.domain.access.login.service.LoginApprovalChainResolver	java.lang.Throwable	jdk	java.base
br.com.sawcunhaos.organization.domain.access.login.service.LoginApprovalChainResolver	java.util.Optional	jdk	java.base
br.com.sawcunhaos.organization.domain.access.login.service.LoginApprovalEscalationJob	br.com.sawcunhaos.organization.domain.access.login.internal.Login	interno	classes
br.com.sawcunhaos.organization.domain.access.login.service.LoginApprovalEscalationJob	br.com.sawcunhaos.organization.domain.access.login.internal.LoginApprovalRequest	interno	classes
br.com.sawcunhaos.organization.domain.access.login.service.LoginApprovalEscalationJob	br.com.sawcunhaos.organization.domain.access.login.internal.LoginApprovalRequestEscalationPolicy	interno	classes
br.com.sawcunhaos.organization.domain.access.login.service.LoginApprovalEscalationJob	br.com.sawcunhaos.organization.domain.access.login.internal.LoginApprovalRequestLevel	interno	classes
br.com.sawcunhaos.organization.domain.access.login.service.LoginApprovalEscalationJob	br.com.sawcunhaos.organization.domain.access.login.internal.LoginApprovalRequestRepository	interno	classes
br.com.sawcunhaos.organization.domain.access.login.service.LoginApprovalEscalationJob	br.com.sawcunhaos.organization.domain.access.login.internal.LoginApprovalRequestStatus	interno	classes
br.com.sawcunhaos.organization.domain.access.login.service.LoginApprovalEscalationJob	br.com.sawcunhaos.organization.domain.access.login.service.BusinessDayCalculator	interno	classes
br.com.sawcunhaos.organization.domain.access.login.service.LoginApprovalEscalationJob	br.com.sawcunhaos.organization.domain.access.login.service.LoginApprovalChainResolver	interno	classes
br.com.sawcunhaos.organization.domain.access.login.service.LoginApprovalEscalationJob	java.lang.Class	jdk	java.base
br.com.sawcunhaos.organization.domain.access.login.service.LoginApprovalEscalationJob	java.lang.Integer	jdk	java.base
br.com.sawcunhaos.organization.domain.access.login.service.LoginApprovalEscalationJob	java.lang.Object	jdk	java.base
br.com.sawcunhaos.organization.domain.access.login.service.LoginApprovalEscalationJob	java.lang.String	jdk	java.base
br.com.sawcunhaos.organization.domain.access.login.service.LoginApprovalEscalationJob	java.lang.invoke.CallSite	jdk	java.base
br.com.sawcunhaos.organization.domain.access.login.service.LoginApprovalEscalationJob	java.lang.invoke.LambdaMetafactory	jdk	java.base
br.com.sawcunhaos.organization.domain.access.login.service.LoginApprovalEscalationJob	java.lang.invoke.MethodHandle	jdk	java.base
br.com.sawcunhaos.organization.domain.access.login.service.LoginApprovalEscalationJob	java.lang.invoke.MethodHandles	jdk	java.base
br.com.sawcunhaos.organization.domain.access.login.service.LoginApprovalEscalationJob	java.lang.invoke.MethodHandles$Lookup	jdk	java.base
br.com.sawcunhaos.organization.domain.access.login.service.LoginApprovalEscalationJob	java.lang.invoke.MethodType	jdk	java.base
br.com.sawcunhaos.organization.domain.access.login.service.LoginApprovalEscalationJob	java.time.Clock	jdk	java.base
br.com.sawcunhaos.organization.domain.access.login.service.LoginApprovalEscalationJob	java.time.Instant	jdk	java.base
br.com.sawcunhaos.organization.domain.access.login.service.LoginApprovalEscalationJob	java.time.ZoneId	jdk	java.base
br.com.sawcunhaos.organization.domain.access.login.service.LoginApprovalEscalationJob	java.time.ZoneOffset	jdk	java.base
br.com.sawcunhaos.organization.domain.access.login.service.LoginApprovalEscalationJob	java.util.List	jdk	java.base
br.com.sawcunhaos.organization.domain.access.login.service.LoginApprovalEscalationJob	java.util.Optional	jdk	java.base
br.com.sawcunhaos.organization.domain.access.login.service.LoginApprovalEscalationJob	java.util.function.Consumer	jdk	java.base
br.com.sawcunhaos.organization.domain.access.login.service.LoginApprovalEscalationJob	org.slf4j.Logger	externo	slf4j-api-2.0.18.jar
br.com.sawcunhaos.organization.domain.access.login.service.LoginApprovalEscalationJob	org.slf4j.LoggerFactory	externo	slf4j-api-2.0.18.jar
br.com.sawcunhaos.organization.domain.access.login.service.LoginApprovalEscalationJob	org.springframework.scheduling.annotation.Scheduled	externo	spring-context-7.0.9.jar
br.com.sawcunhaos.organization.domain.access.login.service.LoginApprovalEscalationJob	org.springframework.stereotype.Component	externo	spring-context-7.0.9.jar
br.com.sawcunhaos.organization.domain.access.login.service.LoginApprovalEscalationJob	org.springframework.transaction.annotation.Transactional	externo	spring-tx-7.0.9.jar
br.com.sawcunhaos.organization.domain.access.login.service.LoginApprovalRequestServiceBean	br.com.sawcunhaos.foundation.core.exception.ScosException	externo	scos-foundation-core-1.2.0-SNAPSHOT.jar
br.com.sawcunhaos.organization.domain.access.login.service.LoginApprovalRequestServiceBean	br.com.sawcunhaos.foundation.core.specification.ExceptionCode	externo	scos-foundation-core-1.2.0-SNAPSHOT.jar
br.com.sawcunhaos.organization.domain.access.login.service.LoginApprovalRequestServiceBean	br.com.sawcunhaos.foundation.core.specification.ScosUserAuthentication	externo	scos-foundation-core-1.2.0-SNAPSHOT.jar
br.com.sawcunhaos.organization.domain.access.login.service.LoginApprovalRequestServiceBean	br.com.sawcunhaos.organization.domain.access.login.dto.LoginApprovalRequestOutput	interno	classes
br.com.sawcunhaos.organization.domain.access.login.service.LoginApprovalRequestServiceBean	br.com.sawcunhaos.organization.domain.access.login.dto.LoginApprovalRequestOutput$LoginApprovalRequestOutputBuilder	interno	classes
br.com.sawcunhaos.organization.domain.access.login.service.LoginApprovalRequestServiceBean	br.com.sawcunhaos.organization.domain.access.login.internal.Login	interno	classes
br.com.sawcunhaos.organization.domain.access.login.service.LoginApprovalRequestServiceBean	br.com.sawcunhaos.organization.domain.access.login.internal.LoginApprovalRequest	interno	classes
br.com.sawcunhaos.organization.domain.access.login.service.LoginApprovalRequestServiceBean	br.com.sawcunhaos.organization.domain.access.login.internal.LoginApprovalRequestEscalationPolicy	interno	classes
br.com.sawcunhaos.organization.domain.access.login.service.LoginApprovalRequestServiceBean	br.com.sawcunhaos.organization.domain.access.login.internal.LoginApprovalRequestLevel	interno	classes
br.com.sawcunhaos.organization.domain.access.login.service.LoginApprovalRequestServiceBean	br.com.sawcunhaos.organization.domain.access.login.internal.LoginApprovalRequestProfileChangeKind	interno	classes
br.com.sawcunhaos.organization.domain.access.login.service.LoginApprovalRequestServiceBean	br.com.sawcunhaos.organization.domain.access.login.internal.LoginApprovalRequestRepository	interno	classes
br.com.sawcunhaos.organization.domain.access.login.service.LoginApprovalRequestServiceBean	br.com.sawcunhaos.organization.domain.access.login.internal.LoginApprovalRequestStatus	interno	classes
br.com.sawcunhaos.organization.domain.access.login.service.LoginApprovalRequestServiceBean	br.com.sawcunhaos.organization.domain.access.login.internal.LoginApprovalRequestType	interno	classes
br.com.sawcunhaos.organization.domain.access.login.service.LoginApprovalRequestServiceBean	br.com.sawcunhaos.organization.domain.access.login.internal.LoginRepository	interno	classes
br.com.sawcunhaos.organization.domain.access.login.service.LoginApprovalRequestServiceBean	br.com.sawcunhaos.organization.domain.access.login.internal.LoginStatus	interno	classes
br.com.sawcunhaos.organization.domain.access.login.service.LoginApprovalRequestServiceBean	br.com.sawcunhaos.organization.domain.access.login.service.LoginApprovalChainResolver	interno	classes
br.com.sawcunhaos.organization.domain.access.login.service.LoginApprovalRequestServiceBean	br.com.sawcunhaos.organization.domain.access.login.specification.LoginApprovalRequestService	interno	classes
br.com.sawcunhaos.organization.domain.access.login.service.LoginApprovalRequestServiceBean	br.com.sawcunhaos.organization.domain.access.profile.internal.LoginProfile	interno	classes
br.com.sawcunhaos.organization.domain.access.login.service.LoginApprovalRequestServiceBean	br.com.sawcunhaos.organization.domain.access.profile.internal.LoginProfile$LoginProfileBuilder	interno	classes
br.com.sawcunhaos.organization.domain.access.login.service.LoginApprovalRequestServiceBean	br.com.sawcunhaos.organization.domain.access.profile.internal.LoginProfilePk	interno	classes
br.com.sawcunhaos.organization.domain.access.login.service.LoginApprovalRequestServiceBean	br.com.sawcunhaos.organization.domain.access.profile.internal.LoginProfilePk$LoginProfilePkBuilder	interno	classes
br.com.sawcunhaos.organization.domain.access.login.service.LoginApprovalRequestServiceBean	br.com.sawcunhaos.organization.domain.access.profile.internal.LoginProfileRepository	interno	classes
br.com.sawcunhaos.organization.domain.access.login.service.LoginApprovalRequestServiceBean	br.com.sawcunhaos.organization.domain.access.profile.internal.Profile	interno	classes
br.com.sawcunhaos.organization.domain.access.login.service.LoginApprovalRequestServiceBean	br.com.sawcunhaos.organization.domain.access.status.internal.LoginStatusHistory	interno	classes
br.com.sawcunhaos.organization.domain.access.login.service.LoginApprovalRequestServiceBean	br.com.sawcunhaos.organization.domain.access.status.internal.LoginStatusHistoryRepository	interno	classes
br.com.sawcunhaos.organization.domain.access.login.service.LoginApprovalRequestServiceBean	br.com.sawcunhaos.organization.domain.corporate.employee.dto.EmployeeOutput	interno	classes
br.com.sawcunhaos.organization.domain.access.login.service.LoginApprovalRequestServiceBean	br.com.sawcunhaos.organization.domain.corporate.employee.internal.Employee	interno	classes
br.com.sawcunhaos.organization.domain.access.login.service.LoginApprovalRequestServiceBean	br.com.sawcunhaos.organization.domain.corporate.employee.internal.StatusEmployee	interno	classes
br.com.sawcunhaos.organization.domain.access.login.service.LoginApprovalRequestServiceBean	br.com.sawcunhaos.organization.domain.corporate.employee.specification.EmployeeService	interno	classes
br.com.sawcunhaos.organization.domain.access.login.service.LoginApprovalRequestServiceBean	br.com.sawcunhaos.organization.domain.outbox.internal.OutboxEvent	interno	classes
br.com.sawcunhaos.organization.domain.access.login.service.LoginApprovalRequestServiceBean	br.com.sawcunhaos.organization.domain.outbox.internal.OutboxEvent$OutboxEventBuilder	interno	classes
br.com.sawcunhaos.organization.domain.access.login.service.LoginApprovalRequestServiceBean	br.com.sawcunhaos.organization.domain.outbox.internal.OutboxEventRepository	interno	classes
br.com.sawcunhaos.organization.domain.access.login.service.LoginApprovalRequestServiceBean	br.com.sawcunhaos.organization.domain.outbox.internal.OutboxEventStatus	interno	classes
br.com.sawcunhaos.organization.domain.access.login.service.LoginApprovalRequestServiceBean	br.com.sawcunhaos.organization.domain.outbox.internal.OutboxTopic	interno	classes
br.com.sawcunhaos.organization.domain.access.login.service.LoginApprovalRequestServiceBean	br.com.sawcunhaos.organization.domain.outbox.internal.OutboxTopicRepository	interno	classes
br.com.sawcunhaos.organization.domain.access.login.service.LoginApprovalRequestServiceBean	br.com.sawcunhaos.organization.shared.exception.ExceptionCodeError	externo	flow-organization-shared-1.0.0-SNAPSHOT.jar
br.com.sawcunhaos.organization.domain.access.login.service.LoginApprovalRequestServiceBean	java.lang.Boolean	jdk	java.base
br.com.sawcunhaos.organization.domain.access.login.service.LoginApprovalRequestServiceBean	java.lang.Class	jdk	java.base
br.com.sawcunhaos.organization.domain.access.login.service.LoginApprovalRequestServiceBean	java.lang.IllegalStateException	jdk	java.base
br.com.sawcunhaos.organization.domain.access.login.service.LoginApprovalRequestServiceBean	java.lang.Long	jdk	java.base
br.com.sawcunhaos.organization.domain.access.login.service.LoginApprovalRequestServiceBean	java.lang.MatchException	jdk	java.base
br.com.sawcunhaos.organization.domain.access.login.service.LoginApprovalRequestServiceBean	java.lang.NoSuchFieldError	jdk	java.base
br.com.sawcunhaos.organization.domain.access.login.service.LoginApprovalRequestServiceBean	java.lang.Object	jdk	java.base
br.com.sawcunhaos.organization.domain.access.login.service.LoginApprovalRequestServiceBean	java.lang.String	jdk	java.base
br.com.sawcunhaos.organization.domain.access.login.service.LoginApprovalRequestServiceBean	java.lang.Throwable	jdk	java.base
br.com.sawcunhaos.organization.domain.access.login.service.LoginApprovalRequestServiceBean	java.lang.invoke.CallSite	jdk	java.base
br.com.sawcunhaos.organization.domain.access.login.service.LoginApprovalRequestServiceBean	java.lang.invoke.LambdaMetafactory	jdk	java.base
br.com.sawcunhaos.organization.domain.access.login.service.LoginApprovalRequestServiceBean	java.lang.invoke.MethodHandle	jdk	java.base
br.com.sawcunhaos.organization.domain.access.login.service.LoginApprovalRequestServiceBean	java.lang.invoke.MethodHandles	jdk	java.base
br.com.sawcunhaos.organization.domain.access.login.service.LoginApprovalRequestServiceBean	java.lang.invoke.MethodHandles$Lookup	jdk	java.base
br.com.sawcunhaos.organization.domain.access.login.service.LoginApprovalRequestServiceBean	java.lang.invoke.MethodType	jdk	java.base
br.com.sawcunhaos.organization.domain.access.login.service.LoginApprovalRequestServiceBean	java.lang.invoke.StringConcatFactory	jdk	java.base
br.com.sawcunhaos.organization.domain.access.login.service.LoginApprovalRequestServiceBean	java.nio.charset.Charset	jdk	java.base
br.com.sawcunhaos.organization.domain.access.login.service.LoginApprovalRequestServiceBean	java.nio.charset.StandardCharsets	jdk	java.base
br.com.sawcunhaos.organization.domain.access.login.service.LoginApprovalRequestServiceBean	java.security.MessageDigest	jdk	java.base
br.com.sawcunhaos.organization.domain.access.login.service.LoginApprovalRequestServiceBean	java.security.NoSuchAlgorithmException	jdk	java.base
br.com.sawcunhaos.organization.domain.access.login.service.LoginApprovalRequestServiceBean	java.time.Clock	jdk	java.base
br.com.sawcunhaos.organization.domain.access.login.service.LoginApprovalRequestServiceBean	java.time.Instant	jdk	java.base
br.com.sawcunhaos.organization.domain.access.login.service.LoginApprovalRequestServiceBean	java.util.HexFormat	jdk	java.base
br.com.sawcunhaos.organization.domain.access.login.service.LoginApprovalRequestServiceBean	java.util.Optional	jdk	java.base
br.com.sawcunhaos.organization.domain.access.login.service.LoginApprovalRequestServiceBean	java.util.function.Function	jdk	java.base
br.com.sawcunhaos.organization.domain.access.login.service.LoginApprovalRequestServiceBean	java.util.function.Supplier	jdk	java.base
br.com.sawcunhaos.organization.domain.access.login.service.LoginApprovalRequestServiceBean	org.slf4j.Logger	externo	slf4j-api-2.0.18.jar
br.com.sawcunhaos.organization.domain.access.login.service.LoginApprovalRequestServiceBean	org.slf4j.LoggerFactory	externo	slf4j-api-2.0.18.jar
br.com.sawcunhaos.organization.domain.access.login.service.LoginApprovalRequestServiceBean	org.springframework.data.domain.Page	externo	spring-data-commons-4.1.1.jar
br.com.sawcunhaos.organization.domain.access.login.service.LoginApprovalRequestServiceBean	org.springframework.data.domain.Pageable	externo	spring-data-commons-4.1.1.jar
br.com.sawcunhaos.organization.domain.access.login.service.LoginApprovalRequestServiceBean	org.springframework.stereotype.Service	externo	spring-context-7.0.9.jar
br.com.sawcunhaos.organization.domain.access.login.service.LoginApprovalRequestServiceBean	org.springframework.transaction.annotation.Transactional	externo	spring-tx-7.0.9.jar
br.com.sawcunhaos.organization.domain.access.login.service.LoginRolesService	br.com.sawcunhaos.foundation.spring.annotation.rules.ScosRuleService	externo	scos-foundation-spring-1.2.0-SNAPSHOT.jar
br.com.sawcunhaos.organization.domain.access.login.service.LoginRolesService	br.com.sawcunhaos.organization.domain.access.login.internal.LoginStatus	interno	classes
br.com.sawcunhaos.organization.domain.access.login.service.LoginRolesService	br.com.sawcunhaos.organization.shared.validation.BusinessRule	externo	flow-organization-shared-1.0.0-SNAPSHOT.jar
br.com.sawcunhaos.organization.domain.access.login.service.LoginRolesService	br.com.sawcunhaos.organization.shared.validation.RuleChain	externo	flow-organization-shared-1.0.0-SNAPSHOT.jar
br.com.sawcunhaos.organization.domain.access.login.service.LoginRolesService	java.lang.Object	jdk	java.base
br.com.sawcunhaos.organization.domain.access.login.service.LoginRolesService	java.util.List	jdk	java.base
br.com.sawcunhaos.organization.domain.access.login.service.LoginServiceBean	br.com.sawcunhaos.foundation.core.exception.ScosException	externo	scos-foundation-core-1.2.0-SNAPSHOT.jar
br.com.sawcunhaos.organization.domain.access.login.service.LoginServiceBean	br.com.sawcunhaos.foundation.core.specification.ExceptionCode	externo	scos-foundation-core-1.2.0-SNAPSHOT.jar
br.com.sawcunhaos.organization.domain.access.login.service.LoginServiceBean	br.com.sawcunhaos.foundation.core.specification.ScosUserAuthentication	externo	scos-foundation-core-1.2.0-SNAPSHOT.jar
br.com.sawcunhaos.organization.domain.access.login.service.LoginServiceBean	br.com.sawcunhaos.organization.domain.access.login.dto.LoginInput	interno	classes
br.com.sawcunhaos.organization.domain.access.login.service.LoginServiceBean	br.com.sawcunhaos.organization.domain.access.login.dto.LoginOutput	interno	classes
br.com.sawcunhaos.organization.domain.access.login.service.LoginServiceBean	br.com.sawcunhaos.organization.domain.access.login.dto.LoginOutput$LoginOutputBuilder	interno	classes
br.com.sawcunhaos.organization.domain.access.login.service.LoginServiceBean	br.com.sawcunhaos.organization.domain.access.login.internal.Login	interno	classes
br.com.sawcunhaos.organization.domain.access.login.service.LoginServiceBean	br.com.sawcunhaos.organization.domain.access.login.internal.Login$LoginBuilder	interno	classes
br.com.sawcunhaos.organization.domain.access.login.service.LoginServiceBean	br.com.sawcunhaos.organization.domain.access.login.internal.LoginApprovalRequest	interno	classes
br.com.sawcunhaos.organization.domain.access.login.service.LoginServiceBean	br.com.sawcunhaos.organization.domain.access.login.internal.LoginApprovalRequest$LoginApprovalRequestBuilder	interno	classes
br.com.sawcunhaos.organization.domain.access.login.service.LoginServiceBean	br.com.sawcunhaos.organization.domain.access.login.internal.LoginApprovalRequestEscalationPolicy	interno	classes
br.com.sawcunhaos.organization.domain.access.login.service.LoginServiceBean	br.com.sawcunhaos.organization.domain.access.login.internal.LoginApprovalRequestLevel	interno	classes
br.com.sawcunhaos.organization.domain.access.login.service.LoginServiceBean	br.com.sawcunhaos.organization.domain.access.login.internal.LoginApprovalRequestProfileChangeKind	interno	classes
br.com.sawcunhaos.organization.domain.access.login.service.LoginServiceBean	br.com.sawcunhaos.organization.domain.access.login.internal.LoginApprovalRequestRepository	interno	classes
br.com.sawcunhaos.organization.domain.access.login.service.LoginServiceBean	br.com.sawcunhaos.organization.domain.access.login.internal.LoginApprovalRequestStatus	interno	classes
br.com.sawcunhaos.organization.domain.access.login.service.LoginServiceBean	br.com.sawcunhaos.organization.domain.access.login.internal.LoginApprovalRequestType	interno	classes
br.com.sawcunhaos.organization.domain.access.login.service.LoginServiceBean	br.com.sawcunhaos.organization.domain.access.login.internal.LoginRepository	interno	classes
br.com.sawcunhaos.organization.domain.access.login.service.LoginServiceBean	br.com.sawcunhaos.organization.domain.access.login.internal.LoginStatus	interno	classes
br.com.sawcunhaos.organization.domain.access.login.service.LoginServiceBean	br.com.sawcunhaos.organization.domain.access.login.internal.LoginType	interno	classes
br.com.sawcunhaos.organization.domain.access.login.service.LoginServiceBean	br.com.sawcunhaos.organization.domain.access.login.service.BusinessDayCalculator	interno	classes
br.com.sawcunhaos.organization.domain.access.login.service.LoginServiceBean	br.com.sawcunhaos.organization.domain.access.login.service.LoginApprovalChainResolver	interno	classes
br.com.sawcunhaos.organization.domain.access.login.service.LoginServiceBean	br.com.sawcunhaos.organization.domain.access.login.specification.LoginService	interno	classes
br.com.sawcunhaos.organization.domain.access.login.service.LoginServiceBean	br.com.sawcunhaos.organization.domain.access.profile.internal.Profile	interno	classes
br.com.sawcunhaos.organization.domain.access.login.service.LoginServiceBean	br.com.sawcunhaos.organization.domain.access.profile.internal.ProfileRepository	interno	classes
br.com.sawcunhaos.organization.domain.access.login.service.LoginServiceBean	br.com.sawcunhaos.organization.domain.corporate.employee.internal.Employee	interno	classes
br.com.sawcunhaos.organization.domain.access.login.service.LoginServiceBean	br.com.sawcunhaos.organization.domain.corporate.employee.internal.EmployeeQueryRepository	interno	classes
br.com.sawcunhaos.organization.domain.access.login.service.LoginServiceBean	br.com.sawcunhaos.organization.shared.exception.ExceptionCodeError	externo	flow-organization-shared-1.0.0-SNAPSHOT.jar
br.com.sawcunhaos.organization.domain.access.login.service.LoginServiceBean	java.lang.Class	jdk	java.base
br.com.sawcunhaos.organization.domain.access.login.service.LoginServiceBean	java.lang.Long	jdk	java.base
br.com.sawcunhaos.organization.domain.access.login.service.LoginServiceBean	java.lang.Object	jdk	java.base
br.com.sawcunhaos.organization.domain.access.login.service.LoginServiceBean	java.lang.String	jdk	java.base
br.com.sawcunhaos.organization.domain.access.login.service.LoginServiceBean	java.lang.invoke.CallSite	jdk	java.base
br.com.sawcunhaos.organization.domain.access.login.service.LoginServiceBean	java.lang.invoke.LambdaMetafactory	jdk	java.base
br.com.sawcunhaos.organization.domain.access.login.service.LoginServiceBean	java.lang.invoke.MethodHandle	jdk	java.base
br.com.sawcunhaos.organization.domain.access.login.service.LoginServiceBean	java.lang.invoke.MethodHandles	jdk	java.base
br.com.sawcunhaos.organization.domain.access.login.service.LoginServiceBean	java.lang.invoke.MethodHandles$Lookup	jdk	java.base
br.com.sawcunhaos.organization.domain.access.login.service.LoginServiceBean	java.lang.invoke.MethodType	jdk	java.base
br.com.sawcunhaos.organization.domain.access.login.service.LoginServiceBean	java.time.Clock	jdk	java.base
br.com.sawcunhaos.organization.domain.access.login.service.LoginServiceBean	java.time.Instant	jdk	java.base
br.com.sawcunhaos.organization.domain.access.login.service.LoginServiceBean	java.time.ZoneId	jdk	java.base
br.com.sawcunhaos.organization.domain.access.login.service.LoginServiceBean	java.time.ZoneOffset	jdk	java.base
br.com.sawcunhaos.organization.domain.access.login.service.LoginServiceBean	java.util.Optional	jdk	java.base
br.com.sawcunhaos.organization.domain.access.login.service.LoginServiceBean	java.util.UUID	jdk	java.base
br.com.sawcunhaos.organization.domain.access.login.service.LoginServiceBean	java.util.function.Function	jdk	java.base
br.com.sawcunhaos.organization.domain.access.login.service.LoginServiceBean	java.util.function.Supplier	jdk	java.base
br.com.sawcunhaos.organization.domain.access.login.service.LoginServiceBean	org.slf4j.Logger	externo	slf4j-api-2.0.18.jar
br.com.sawcunhaos.organization.domain.access.login.service.LoginServiceBean	org.slf4j.LoggerFactory	externo	slf4j-api-2.0.18.jar
br.com.sawcunhaos.organization.domain.access.login.service.LoginServiceBean	org.springframework.data.domain.Page	externo	spring-data-commons-4.1.1.jar
br.com.sawcunhaos.organization.domain.access.login.service.LoginServiceBean	org.springframework.data.domain.Pageable	externo	spring-data-commons-4.1.1.jar
br.com.sawcunhaos.organization.domain.access.login.service.LoginServiceBean	org.springframework.stereotype.Service	externo	spring-context-7.0.9.jar
br.com.sawcunhaos.organization.domain.access.login.service.LoginServiceBean	org.springframework.transaction.annotation.Transactional	externo	spring-tx-7.0.9.jar
br.com.sawcunhaos.organization.domain.access.login.specification.AuthorityResponseService	br.com.sawcunhaos.organization.domain.access.login.dto.AuthorityResponseOutput	interno	classes
br.com.sawcunhaos.organization.domain.access.login.specification.AuthorityResponseService	java.lang.Object	jdk	java.base
br.com.sawcunhaos.organization.domain.access.login.specification.AuthorityResponseService	java.lang.String	jdk	java.base
br.com.sawcunhaos.organization.domain.access.login.specification.AuthorityResponseService	java.util.List	jdk	java.base
br.com.sawcunhaos.organization.domain.access.login.specification.LoginApprovalRequestService	br.com.sawcunhaos.organization.domain.access.login.dto.LoginApprovalRequestOutput	interno	classes
br.com.sawcunhaos.organization.domain.access.login.specification.LoginApprovalRequestService	br.com.sawcunhaos.organization.domain.access.login.internal.LoginApprovalRequestStatus	interno	classes
br.com.sawcunhaos.organization.domain.access.login.specification.LoginApprovalRequestService	java.lang.Long	jdk	java.base
br.com.sawcunhaos.organization.domain.access.login.specification.LoginApprovalRequestService	java.lang.Object	jdk	java.base
br.com.sawcunhaos.organization.domain.access.login.specification.LoginApprovalRequestService	java.lang.String	jdk	java.base
br.com.sawcunhaos.organization.domain.access.login.specification.LoginApprovalRequestService	org.springframework.data.domain.Page	externo	spring-data-commons-4.1.1.jar
br.com.sawcunhaos.organization.domain.access.login.specification.LoginApprovalRequestService	org.springframework.data.domain.Pageable	externo	spring-data-commons-4.1.1.jar
br.com.sawcunhaos.organization.domain.access.login.specification.LoginService	br.com.sawcunhaos.organization.domain.access.login.dto.LoginInput	interno	classes
br.com.sawcunhaos.organization.domain.access.login.specification.LoginService	br.com.sawcunhaos.organization.domain.access.login.dto.LoginOutput	interno	classes
br.com.sawcunhaos.organization.domain.access.login.specification.LoginService	br.com.sawcunhaos.organization.domain.access.login.internal.LoginApprovalRequestProfileChangeKind	interno	classes
br.com.sawcunhaos.organization.domain.access.login.specification.LoginService	br.com.sawcunhaos.organization.domain.access.login.internal.LoginStatus	interno	classes
br.com.sawcunhaos.organization.domain.access.login.specification.LoginService	br.com.sawcunhaos.organization.domain.access.login.internal.LoginType	interno	classes
br.com.sawcunhaos.organization.domain.access.login.specification.LoginService	java.lang.Long	jdk	java.base
br.com.sawcunhaos.organization.domain.access.login.specification.LoginService	java.lang.Object	jdk	java.base
br.com.sawcunhaos.organization.domain.access.login.specification.LoginService	org.springframework.data.domain.Page	externo	spring-data-commons-4.1.1.jar
br.com.sawcunhaos.organization.domain.access.login.specification.LoginService	org.springframework.data.domain.Pageable	externo	spring-data-commons-4.1.1.jar
br.com.sawcunhaos.organization.domain.access.profile.internal.LoginProfile	br.com.sawcunhaos.flow.audit.sdk.api.AuditableEntity	externo	not found
br.com.sawcunhaos.organization.domain.access.profile.internal.LoginProfile	br.com.sawcunhaos.organization.domain.access.profile.internal.LoginProfile$LoginProfileBuilder	interno	classes
br.com.sawcunhaos.organization.domain.access.profile.internal.LoginProfile	br.com.sawcunhaos.organization.domain.access.profile.internal.LoginProfilePk	interno	classes
br.com.sawcunhaos.organization.domain.access.profile.internal.LoginProfile	jakarta.persistence.Column	externo	jakarta.persistence-api-3.2.0.jar
br.com.sawcunhaos.organization.domain.access.profile.internal.LoginProfile	jakarta.persistence.EmbeddedId	externo	jakarta.persistence-api-3.2.0.jar
br.com.sawcunhaos.organization.domain.access.profile.internal.LoginProfile	jakarta.persistence.Entity	externo	jakarta.persistence-api-3.2.0.jar
br.com.sawcunhaos.organization.domain.access.profile.internal.LoginProfile	jakarta.persistence.Table	externo	jakarta.persistence-api-3.2.0.jar
br.com.sawcunhaos.organization.domain.access.profile.internal.LoginProfile	java.lang.Object	jdk	java.base
br.com.sawcunhaos.organization.domain.access.profile.internal.LoginProfile	java.lang.String	jdk	java.base
br.com.sawcunhaos.organization.domain.access.profile.internal.LoginProfile	java.time.Instant	jdk	java.base
br.com.sawcunhaos.organization.domain.access.profile.internal.LoginProfile	org.hibernate.annotations.CreationTimestamp	externo	hibernate-core-7.4.5.Final.jar
br.com.sawcunhaos.organization.domain.access.profile.internal.LoginProfile$LoginProfileBuilder	br.com.sawcunhaos.organization.domain.access.profile.internal.LoginProfile	interno	classes
br.com.sawcunhaos.organization.domain.access.profile.internal.LoginProfile$LoginProfileBuilder	br.com.sawcunhaos.organization.domain.access.profile.internal.LoginProfilePk	interno	classes
br.com.sawcunhaos.organization.domain.access.profile.internal.LoginProfile$LoginProfileBuilder	java.lang.Object	jdk	java.base
br.com.sawcunhaos.organization.domain.access.profile.internal.LoginProfile$LoginProfileBuilder	java.lang.String	jdk	java.base
br.com.sawcunhaos.organization.domain.access.profile.internal.LoginProfile$LoginProfileBuilder	java.lang.invoke.CallSite	jdk	java.base
br.com.sawcunhaos.organization.domain.access.profile.internal.LoginProfile$LoginProfileBuilder	java.lang.invoke.MethodHandles	jdk	java.base
br.com.sawcunhaos.organization.domain.access.profile.internal.LoginProfile$LoginProfileBuilder	java.lang.invoke.MethodHandles$Lookup	jdk	java.base
br.com.sawcunhaos.organization.domain.access.profile.internal.LoginProfile$LoginProfileBuilder	java.lang.invoke.MethodType	jdk	java.base
br.com.sawcunhaos.organization.domain.access.profile.internal.LoginProfile$LoginProfileBuilder	java.lang.invoke.StringConcatFactory	jdk	java.base
br.com.sawcunhaos.organization.domain.access.profile.internal.LoginProfile$LoginProfileBuilder	java.time.Instant	jdk	java.base
br.com.sawcunhaos.organization.domain.access.profile.internal.LoginProfilePk	br.com.sawcunhaos.organization.domain.access.profile.internal.LoginProfilePk$LoginProfilePkBuilder	interno	classes
br.com.sawcunhaos.organization.domain.access.profile.internal.LoginProfilePk	jakarta.persistence.Column	externo	jakarta.persistence-api-3.2.0.jar
br.com.sawcunhaos.organization.domain.access.profile.internal.LoginProfilePk	jakarta.persistence.Embeddable	externo	jakarta.persistence-api-3.2.0.jar
br.com.sawcunhaos.organization.domain.access.profile.internal.LoginProfilePk	java.lang.Long	jdk	java.base
br.com.sawcunhaos.organization.domain.access.profile.internal.LoginProfilePk	java.lang.Object	jdk	java.base
br.com.sawcunhaos.organization.domain.access.profile.internal.LoginProfilePk$LoginProfilePkBuilder	br.com.sawcunhaos.organization.domain.access.profile.internal.LoginProfilePk	interno	classes
br.com.sawcunhaos.organization.domain.access.profile.internal.LoginProfilePk$LoginProfilePkBuilder	java.lang.Long	jdk	java.base
br.com.sawcunhaos.organization.domain.access.profile.internal.LoginProfilePk$LoginProfilePkBuilder	java.lang.Object	jdk	java.base
br.com.sawcunhaos.organization.domain.access.profile.internal.LoginProfilePk$LoginProfilePkBuilder	java.lang.String	jdk	java.base
br.com.sawcunhaos.organization.domain.access.profile.internal.LoginProfilePk$LoginProfilePkBuilder	java.lang.invoke.CallSite	jdk	java.base
br.com.sawcunhaos.organization.domain.access.profile.internal.LoginProfilePk$LoginProfilePkBuilder	java.lang.invoke.MethodHandles	jdk	java.base
br.com.sawcunhaos.organization.domain.access.profile.internal.LoginProfilePk$LoginProfilePkBuilder	java.lang.invoke.MethodHandles$Lookup	jdk	java.base
br.com.sawcunhaos.organization.domain.access.profile.internal.LoginProfilePk$LoginProfilePkBuilder	java.lang.invoke.MethodType	jdk	java.base
br.com.sawcunhaos.organization.domain.access.profile.internal.LoginProfilePk$LoginProfilePkBuilder	java.lang.invoke.StringConcatFactory	jdk	java.base
br.com.sawcunhaos.organization.domain.access.profile.internal.LoginProfileRepository	br.com.sawcunhaos.organization.domain.access.profile.internal.LoginProfile	interno	classes
br.com.sawcunhaos.organization.domain.access.profile.internal.LoginProfileRepository	br.com.sawcunhaos.organization.domain.access.profile.internal.LoginProfilePk	interno	classes
br.com.sawcunhaos.organization.domain.access.profile.internal.LoginProfileRepository	io.hypersistence.utils.spring.repository.BaseJpaRepository	externo	hypersistence-utils-hibernate-71-3.15.5.jar
br.com.sawcunhaos.organization.domain.access.profile.internal.LoginProfileRepository	java.lang.Object	jdk	java.base
br.com.sawcunhaos.organization.domain.access.profile.internal.LoginProfileRepository	org.springframework.data.jpa.repository.JpaSpecificationExecutor	externo	spring-data-jpa-4.1.1.jar
br.com.sawcunhaos.organization.domain.access.profile.internal.LoginProfileRepository	org.springframework.data.querydsl.QuerydslPredicateExecutor	externo	spring-data-commons-4.1.1.jar
br.com.sawcunhaos.organization.domain.access.profile.internal.LoginProfileRepository	org.springframework.stereotype.Repository	externo	spring-context-7.0.9.jar
br.com.sawcunhaos.organization.domain.access.profile.internal.Profile	br.com.sawcunhaos.flow.audit.sdk.api.AuditableEntity	externo	not found
br.com.sawcunhaos.organization.domain.access.profile.internal.Profile	br.com.sawcunhaos.foundation.jpa.entity.BaseEntity	externo	scos-foundation-jpa-1.2.0-SNAPSHOT.jar
br.com.sawcunhaos.organization.domain.access.profile.internal.Profile	br.com.sawcunhaos.organization.domain.access.profile.internal.Profile$ProfileBuilder	interno	classes
br.com.sawcunhaos.organization.domain.access.profile.internal.Profile	jakarta.persistence.Column	externo	jakarta.persistence-api-3.2.0.jar
br.com.sawcunhaos.organization.domain.access.profile.internal.Profile	jakarta.persistence.Entity	externo	jakarta.persistence-api-3.2.0.jar
br.com.sawcunhaos.organization.domain.access.profile.internal.Profile	jakarta.persistence.GeneratedValue	externo	jakarta.persistence-api-3.2.0.jar
br.com.sawcunhaos.organization.domain.access.profile.internal.Profile	jakarta.persistence.Id	externo	jakarta.persistence-api-3.2.0.jar
br.com.sawcunhaos.organization.domain.access.profile.internal.Profile	jakarta.persistence.Table	externo	jakarta.persistence-api-3.2.0.jar
br.com.sawcunhaos.organization.domain.access.profile.internal.Profile	java.lang.Long	jdk	java.base
br.com.sawcunhaos.organization.domain.access.profile.internal.Profile	java.lang.String	jdk	java.base
br.com.sawcunhaos.organization.domain.access.profile.internal.Profile$ProfileBuilder	br.com.sawcunhaos.organization.domain.access.profile.internal.Profile	interno	classes
br.com.sawcunhaos.organization.domain.access.profile.internal.Profile$ProfileBuilder	java.lang.Long	jdk	java.base
br.com.sawcunhaos.organization.domain.access.profile.internal.Profile$ProfileBuilder	java.lang.Object	jdk	java.base
br.com.sawcunhaos.organization.domain.access.profile.internal.Profile$ProfileBuilder	java.lang.String	jdk	java.base
br.com.sawcunhaos.organization.domain.access.profile.internal.Profile$ProfileBuilder	java.lang.invoke.CallSite	jdk	java.base
br.com.sawcunhaos.organization.domain.access.profile.internal.Profile$ProfileBuilder	java.lang.invoke.MethodHandles	jdk	java.base
br.com.sawcunhaos.organization.domain.access.profile.internal.Profile$ProfileBuilder	java.lang.invoke.MethodHandles$Lookup	jdk	java.base
br.com.sawcunhaos.organization.domain.access.profile.internal.Profile$ProfileBuilder	java.lang.invoke.MethodType	jdk	java.base
br.com.sawcunhaos.organization.domain.access.profile.internal.Profile$ProfileBuilder	java.lang.invoke.StringConcatFactory	jdk	java.base
br.com.sawcunhaos.organization.domain.access.profile.internal.ProfileRepository	br.com.sawcunhaos.organization.domain.access.profile.internal.Profile	interno	classes
br.com.sawcunhaos.organization.domain.access.profile.internal.ProfileRepository	io.hypersistence.utils.spring.repository.BaseJpaRepository	externo	hypersistence-utils-hibernate-71-3.15.5.jar
br.com.sawcunhaos.organization.domain.access.profile.internal.ProfileRepository	java.lang.Long	jdk	java.base
br.com.sawcunhaos.organization.domain.access.profile.internal.ProfileRepository	java.lang.Object	jdk	java.base
br.com.sawcunhaos.organization.domain.access.profile.internal.ProfileRepository	java.lang.String	jdk	java.base
br.com.sawcunhaos.organization.domain.access.profile.internal.ProfileRepository	java.util.Optional	jdk	java.base
br.com.sawcunhaos.organization.domain.access.profile.internal.ProfileRepository	org.springframework.data.jpa.repository.JpaSpecificationExecutor	externo	spring-data-jpa-4.1.1.jar
br.com.sawcunhaos.organization.domain.access.profile.internal.ProfileRepository	org.springframework.data.querydsl.QuerydslPredicateExecutor	externo	spring-data-commons-4.1.1.jar
br.com.sawcunhaos.organization.domain.access.profile.internal.ProfileRepository	org.springframework.stereotype.Repository	externo	spring-context-7.0.9.jar
br.com.sawcunhaos.organization.domain.access.profile.internal.ProfileRepository	org.springframework.transaction.annotation.Transactional	externo	spring-tx-7.0.9.jar
br.com.sawcunhaos.organization.domain.access.profile.internal.QLoginProfile	br.com.sawcunhaos.organization.domain.access.profile.internal.LoginProfile	interno	classes
br.com.sawcunhaos.organization.domain.access.profile.internal.QLoginProfile	br.com.sawcunhaos.organization.domain.access.profile.internal.QLoginProfilePk	interno	classes
br.com.sawcunhaos.organization.domain.access.profile.internal.QLoginProfile	com.querydsl.core.types.Path	externo	querydsl-core-7.6.jar
br.com.sawcunhaos.organization.domain.access.profile.internal.QLoginProfile	com.querydsl.core.types.PathMetadata	externo	querydsl-core-7.6.jar
br.com.sawcunhaos.organization.domain.access.profile.internal.QLoginProfile	com.querydsl.core.types.PathMetadataFactory	externo	querydsl-core-7.6.jar
br.com.sawcunhaos.organization.domain.access.profile.internal.QLoginProfile	com.querydsl.core.types.dsl.DateTimePath	externo	querydsl-core-7.6.jar
br.com.sawcunhaos.organization.domain.access.profile.internal.QLoginProfile	com.querydsl.core.types.dsl.EntityPathBase	externo	querydsl-core-7.6.jar
br.com.sawcunhaos.organization.domain.access.profile.internal.QLoginProfile	com.querydsl.core.types.dsl.PathInits	externo	querydsl-core-7.6.jar
br.com.sawcunhaos.organization.domain.access.profile.internal.QLoginProfile	com.querydsl.core.types.dsl.StringPath	externo	querydsl-core-7.6.jar
br.com.sawcunhaos.organization.domain.access.profile.internal.QLoginProfile	java.lang.Class	jdk	java.base
br.com.sawcunhaos.organization.domain.access.profile.internal.QLoginProfile	java.lang.String	jdk	java.base
br.com.sawcunhaos.organization.domain.access.profile.internal.QLoginProfile	java.time.Instant	jdk	java.base
br.com.sawcunhaos.organization.domain.access.profile.internal.QLoginProfilePk	br.com.sawcunhaos.organization.domain.access.profile.internal.LoginProfilePk	interno	classes
br.com.sawcunhaos.organization.domain.access.profile.internal.QLoginProfilePk	com.querydsl.core.types.Path	externo	querydsl-core-7.6.jar
br.com.sawcunhaos.organization.domain.access.profile.internal.QLoginProfilePk	com.querydsl.core.types.PathMetadata	externo	querydsl-core-7.6.jar
br.com.sawcunhaos.organization.domain.access.profile.internal.QLoginProfilePk	com.querydsl.core.types.PathMetadataFactory	externo	querydsl-core-7.6.jar
br.com.sawcunhaos.organization.domain.access.profile.internal.QLoginProfilePk	com.querydsl.core.types.dsl.BeanPath	externo	querydsl-core-7.6.jar
br.com.sawcunhaos.organization.domain.access.profile.internal.QLoginProfilePk	com.querydsl.core.types.dsl.NumberPath	externo	querydsl-core-7.6.jar
br.com.sawcunhaos.organization.domain.access.profile.internal.QLoginProfilePk	java.lang.Class	jdk	java.base
br.com.sawcunhaos.organization.domain.access.profile.internal.QLoginProfilePk	java.lang.Long	jdk	java.base
br.com.sawcunhaos.organization.domain.access.profile.internal.QLoginProfilePk	java.lang.String	jdk	java.base
br.com.sawcunhaos.organization.domain.access.profile.internal.QProfile	br.com.sawcunhaos.foundation.jpa.entity.QBaseEntity	externo	scos-foundation-jpa-1.2.0-SNAPSHOT.jar
br.com.sawcunhaos.organization.domain.access.profile.internal.QProfile	br.com.sawcunhaos.organization.domain.access.profile.internal.Profile	interno	classes
br.com.sawcunhaos.organization.domain.access.profile.internal.QProfile	com.querydsl.core.types.Path	externo	querydsl-core-7.6.jar
br.com.sawcunhaos.organization.domain.access.profile.internal.QProfile	com.querydsl.core.types.PathMetadata	externo	querydsl-core-7.6.jar
br.com.sawcunhaos.organization.domain.access.profile.internal.QProfile	com.querydsl.core.types.PathMetadataFactory	externo	querydsl-core-7.6.jar
br.com.sawcunhaos.organization.domain.access.profile.internal.QProfile	com.querydsl.core.types.dsl.BooleanPath	externo	querydsl-core-7.6.jar
br.com.sawcunhaos.organization.domain.access.profile.internal.QProfile	com.querydsl.core.types.dsl.DateTimePath	externo	querydsl-core-7.6.jar
br.com.sawcunhaos.organization.domain.access.profile.internal.QProfile	com.querydsl.core.types.dsl.EntityPathBase	externo	querydsl-core-7.6.jar
br.com.sawcunhaos.organization.domain.access.profile.internal.QProfile	com.querydsl.core.types.dsl.NumberPath	externo	querydsl-core-7.6.jar
br.com.sawcunhaos.organization.domain.access.profile.internal.QProfile	com.querydsl.core.types.dsl.StringPath	externo	querydsl-core-7.6.jar
br.com.sawcunhaos.organization.domain.access.profile.internal.QProfile	java.lang.Class	jdk	java.base
br.com.sawcunhaos.organization.domain.access.profile.internal.QProfile	java.lang.Long	jdk	java.base
br.com.sawcunhaos.organization.domain.access.profile.internal.QProfile	java.lang.String	jdk	java.base
br.com.sawcunhaos.organization.domain.access.profile.internal.QProfile	java.time.Instant	jdk	java.base
br.com.sawcunhaos.organization.domain.access.resource.dto.RegisterResourceInput	br.com.sawcunhaos.organization.domain.access.resource.dto.RegisterResourceInput$RegisterResourceInputBuilder	interno	classes
br.com.sawcunhaos.organization.domain.access.resource.dto.RegisterResourceInput	java.lang.Boolean	jdk	java.base
br.com.sawcunhaos.organization.domain.access.resource.dto.RegisterResourceInput	java.lang.Class	jdk	java.base
br.com.sawcunhaos.organization.domain.access.resource.dto.RegisterResourceInput	java.lang.Object	jdk	java.base
br.com.sawcunhaos.organization.domain.access.resource.dto.RegisterResourceInput	java.lang.Record	jdk	java.base
br.com.sawcunhaos.organization.domain.access.resource.dto.RegisterResourceInput	java.lang.String	jdk	java.base
br.com.sawcunhaos.organization.domain.access.resource.dto.RegisterResourceInput	java.lang.invoke.MethodHandle	jdk	java.base
br.com.sawcunhaos.organization.domain.access.resource.dto.RegisterResourceInput	java.lang.invoke.MethodHandles	jdk	java.base
br.com.sawcunhaos.organization.domain.access.resource.dto.RegisterResourceInput	java.lang.invoke.MethodHandles$Lookup	jdk	java.base
br.com.sawcunhaos.organization.domain.access.resource.dto.RegisterResourceInput	java.lang.invoke.TypeDescriptor	jdk	java.base
br.com.sawcunhaos.organization.domain.access.resource.dto.RegisterResourceInput	java.lang.runtime.ObjectMethods	jdk	java.base
br.com.sawcunhaos.organization.domain.access.resource.dto.RegisterResourceInput	java.time.Instant	jdk	java.base
br.com.sawcunhaos.organization.domain.access.resource.dto.RegisterResourceInput$RegisterResourceInputBuilder	br.com.sawcunhaos.organization.domain.access.resource.dto.RegisterResourceInput	interno	classes
br.com.sawcunhaos.organization.domain.access.resource.dto.RegisterResourceInput$RegisterResourceInputBuilder	java.lang.Boolean	jdk	java.base
br.com.sawcunhaos.organization.domain.access.resource.dto.RegisterResourceInput$RegisterResourceInputBuilder	java.lang.NullPointerException	jdk	java.base
br.com.sawcunhaos.organization.domain.access.resource.dto.RegisterResourceInput$RegisterResourceInputBuilder	java.lang.Object	jdk	java.base
br.com.sawcunhaos.organization.domain.access.resource.dto.RegisterResourceInput$RegisterResourceInputBuilder	java.lang.String	jdk	java.base
br.com.sawcunhaos.organization.domain.access.resource.dto.RegisterResourceInput$RegisterResourceInputBuilder	java.lang.invoke.CallSite	jdk	java.base
br.com.sawcunhaos.organization.domain.access.resource.dto.RegisterResourceInput$RegisterResourceInputBuilder	java.lang.invoke.MethodHandles	jdk	java.base
br.com.sawcunhaos.organization.domain.access.resource.dto.RegisterResourceInput$RegisterResourceInputBuilder	java.lang.invoke.MethodHandles$Lookup	jdk	java.base
br.com.sawcunhaos.organization.domain.access.resource.dto.RegisterResourceInput$RegisterResourceInputBuilder	java.lang.invoke.MethodType	jdk	java.base
br.com.sawcunhaos.organization.domain.access.resource.dto.RegisterResourceInput$RegisterResourceInputBuilder	java.lang.invoke.StringConcatFactory	jdk	java.base
br.com.sawcunhaos.organization.domain.access.resource.dto.RegisterResourceInput$RegisterResourceInputBuilder	java.time.Instant	jdk	java.base
br.com.sawcunhaos.organization.domain.access.resource.internal.ProfileResource	br.com.sawcunhaos.flow.audit.sdk.api.AuditableEntity	externo	not found
br.com.sawcunhaos.organization.domain.access.resource.internal.ProfileResource	br.com.sawcunhaos.organization.domain.access.resource.internal.ProfileResource$ProfileResourceBuilder	interno	classes
br.com.sawcunhaos.organization.domain.access.resource.internal.ProfileResource	br.com.sawcunhaos.organization.domain.access.resource.internal.ProfileResourcePk	interno	classes
br.com.sawcunhaos.organization.domain.access.resource.internal.ProfileResource	jakarta.persistence.Column	externo	jakarta.persistence-api-3.2.0.jar
br.com.sawcunhaos.organization.domain.access.resource.internal.ProfileResource	jakarta.persistence.EmbeddedId	externo	jakarta.persistence-api-3.2.0.jar
br.com.sawcunhaos.organization.domain.access.resource.internal.ProfileResource	jakarta.persistence.Entity	externo	jakarta.persistence-api-3.2.0.jar
br.com.sawcunhaos.organization.domain.access.resource.internal.ProfileResource	jakarta.persistence.Table	externo	jakarta.persistence-api-3.2.0.jar
br.com.sawcunhaos.organization.domain.access.resource.internal.ProfileResource	java.lang.Object	jdk	java.base
br.com.sawcunhaos.organization.domain.access.resource.internal.ProfileResource	java.lang.String	jdk	java.base
br.com.sawcunhaos.organization.domain.access.resource.internal.ProfileResource	java.time.Instant	jdk	java.base
br.com.sawcunhaos.organization.domain.access.resource.internal.ProfileResource	org.hibernate.annotations.CreationTimestamp	externo	hibernate-core-7.4.5.Final.jar
br.com.sawcunhaos.organization.domain.access.resource.internal.ProfileResource$ProfileResourceBuilder	br.com.sawcunhaos.organization.domain.access.resource.internal.ProfileResource	interno	classes
br.com.sawcunhaos.organization.domain.access.resource.internal.ProfileResource$ProfileResourceBuilder	br.com.sawcunhaos.organization.domain.access.resource.internal.ProfileResourcePk	interno	classes
br.com.sawcunhaos.organization.domain.access.resource.internal.ProfileResource$ProfileResourceBuilder	java.lang.Object	jdk	java.base
br.com.sawcunhaos.organization.domain.access.resource.internal.ProfileResource$ProfileResourceBuilder	java.lang.String	jdk	java.base
br.com.sawcunhaos.organization.domain.access.resource.internal.ProfileResource$ProfileResourceBuilder	java.lang.invoke.CallSite	jdk	java.base
br.com.sawcunhaos.organization.domain.access.resource.internal.ProfileResource$ProfileResourceBuilder	java.lang.invoke.MethodHandles	jdk	java.base
br.com.sawcunhaos.organization.domain.access.resource.internal.ProfileResource$ProfileResourceBuilder	java.lang.invoke.MethodHandles$Lookup	jdk	java.base
br.com.sawcunhaos.organization.domain.access.resource.internal.ProfileResource$ProfileResourceBuilder	java.lang.invoke.MethodType	jdk	java.base
br.com.sawcunhaos.organization.domain.access.resource.internal.ProfileResource$ProfileResourceBuilder	java.lang.invoke.StringConcatFactory	jdk	java.base
br.com.sawcunhaos.organization.domain.access.resource.internal.ProfileResource$ProfileResourceBuilder	java.time.Instant	jdk	java.base
br.com.sawcunhaos.organization.domain.access.resource.internal.ProfileResourcePk	br.com.sawcunhaos.organization.domain.access.resource.internal.ProfileResourcePk$ProfileResourcePkBuilder	interno	classes
br.com.sawcunhaos.organization.domain.access.resource.internal.ProfileResourcePk	jakarta.persistence.Column	externo	jakarta.persistence-api-3.2.0.jar
br.com.sawcunhaos.organization.domain.access.resource.internal.ProfileResourcePk	jakarta.persistence.Embeddable	externo	jakarta.persistence-api-3.2.0.jar
br.com.sawcunhaos.organization.domain.access.resource.internal.ProfileResourcePk	java.lang.Long	jdk	java.base
br.com.sawcunhaos.organization.domain.access.resource.internal.ProfileResourcePk	java.lang.Object	jdk	java.base
br.com.sawcunhaos.organization.domain.access.resource.internal.ProfileResourcePk	java.util.UUID	jdk	java.base
br.com.sawcunhaos.organization.domain.access.resource.internal.ProfileResourcePk$ProfileResourcePkBuilder	br.com.sawcunhaos.organization.domain.access.resource.internal.ProfileResourcePk	interno	classes
br.com.sawcunhaos.organization.domain.access.resource.internal.ProfileResourcePk$ProfileResourcePkBuilder	java.lang.Long	jdk	java.base
br.com.sawcunhaos.organization.domain.access.resource.internal.ProfileResourcePk$ProfileResourcePkBuilder	java.lang.Object	jdk	java.base
br.com.sawcunhaos.organization.domain.access.resource.internal.ProfileResourcePk$ProfileResourcePkBuilder	java.lang.String	jdk	java.base
br.com.sawcunhaos.organization.domain.access.resource.internal.ProfileResourcePk$ProfileResourcePkBuilder	java.lang.invoke.CallSite	jdk	java.base
br.com.sawcunhaos.organization.domain.access.resource.internal.ProfileResourcePk$ProfileResourcePkBuilder	java.lang.invoke.MethodHandles	jdk	java.base
br.com.sawcunhaos.organization.domain.access.resource.internal.ProfileResourcePk$ProfileResourcePkBuilder	java.lang.invoke.MethodHandles$Lookup	jdk	java.base
br.com.sawcunhaos.organization.domain.access.resource.internal.ProfileResourcePk$ProfileResourcePkBuilder	java.lang.invoke.MethodType	jdk	java.base
br.com.sawcunhaos.organization.domain.access.resource.internal.ProfileResourcePk$ProfileResourcePkBuilder	java.lang.invoke.StringConcatFactory	jdk	java.base
br.com.sawcunhaos.organization.domain.access.resource.internal.ProfileResourcePk$ProfileResourcePkBuilder	java.util.UUID	jdk	java.base
br.com.sawcunhaos.organization.domain.access.resource.internal.ProfileResourceRepository	br.com.sawcunhaos.organization.domain.access.resource.internal.ProfileResource	interno	classes
br.com.sawcunhaos.organization.domain.access.resource.internal.ProfileResourceRepository	br.com.sawcunhaos.organization.domain.access.resource.internal.ProfileResourcePk	interno	classes
br.com.sawcunhaos.organization.domain.access.resource.internal.ProfileResourceRepository	io.hypersistence.utils.spring.repository.BaseJpaRepository	externo	hypersistence-utils-hibernate-71-3.15.5.jar
br.com.sawcunhaos.organization.domain.access.resource.internal.ProfileResourceRepository	java.lang.Object	jdk	java.base
br.com.sawcunhaos.organization.domain.access.resource.internal.ProfileResourceRepository	org.springframework.data.jpa.repository.JpaSpecificationExecutor	externo	spring-data-jpa-4.1.1.jar
br.com.sawcunhaos.organization.domain.access.resource.internal.ProfileResourceRepository	org.springframework.data.querydsl.QuerydslPredicateExecutor	externo	spring-data-commons-4.1.1.jar
br.com.sawcunhaos.organization.domain.access.resource.internal.ProfileResourceRepository	org.springframework.stereotype.Repository	externo	spring-context-7.0.9.jar
br.com.sawcunhaos.organization.domain.access.resource.internal.QProfileResource	br.com.sawcunhaos.organization.domain.access.resource.internal.ProfileResource	interno	classes
br.com.sawcunhaos.organization.domain.access.resource.internal.QProfileResource	br.com.sawcunhaos.organization.domain.access.resource.internal.QProfileResourcePk	interno	classes
br.com.sawcunhaos.organization.domain.access.resource.internal.QProfileResource	com.querydsl.core.types.Path	externo	querydsl-core-7.6.jar
br.com.sawcunhaos.organization.domain.access.resource.internal.QProfileResource	com.querydsl.core.types.PathMetadata	externo	querydsl-core-7.6.jar
br.com.sawcunhaos.organization.domain.access.resource.internal.QProfileResource	com.querydsl.core.types.PathMetadataFactory	externo	querydsl-core-7.6.jar
br.com.sawcunhaos.organization.domain.access.resource.internal.QProfileResource	com.querydsl.core.types.dsl.DateTimePath	externo	querydsl-core-7.6.jar
br.com.sawcunhaos.organization.domain.access.resource.internal.QProfileResource	com.querydsl.core.types.dsl.EntityPathBase	externo	querydsl-core-7.6.jar
br.com.sawcunhaos.organization.domain.access.resource.internal.QProfileResource	com.querydsl.core.types.dsl.PathInits	externo	querydsl-core-7.6.jar
br.com.sawcunhaos.organization.domain.access.resource.internal.QProfileResource	com.querydsl.core.types.dsl.StringPath	externo	querydsl-core-7.6.jar
br.com.sawcunhaos.organization.domain.access.resource.internal.QProfileResource	java.lang.Class	jdk	java.base
br.com.sawcunhaos.organization.domain.access.resource.internal.QProfileResource	java.lang.String	jdk	java.base
br.com.sawcunhaos.organization.domain.access.resource.internal.QProfileResource	java.time.Instant	jdk	java.base
br.com.sawcunhaos.organization.domain.access.resource.internal.QProfileResourcePk	br.com.sawcunhaos.organization.domain.access.resource.internal.ProfileResourcePk	interno	classes
br.com.sawcunhaos.organization.domain.access.resource.internal.QProfileResourcePk	com.querydsl.core.types.Path	externo	querydsl-core-7.6.jar
br.com.sawcunhaos.organization.domain.access.resource.internal.QProfileResourcePk	com.querydsl.core.types.PathMetadata	externo	querydsl-core-7.6.jar
br.com.sawcunhaos.organization.domain.access.resource.internal.QProfileResourcePk	com.querydsl.core.types.PathMetadataFactory	externo	querydsl-core-7.6.jar
br.com.sawcunhaos.organization.domain.access.resource.internal.QProfileResourcePk	com.querydsl.core.types.dsl.BeanPath	externo	querydsl-core-7.6.jar
br.com.sawcunhaos.organization.domain.access.resource.internal.QProfileResourcePk	com.querydsl.core.types.dsl.ComparablePath	externo	querydsl-core-7.6.jar
br.com.sawcunhaos.organization.domain.access.resource.internal.QProfileResourcePk	com.querydsl.core.types.dsl.NumberPath	externo	querydsl-core-7.6.jar
br.com.sawcunhaos.organization.domain.access.resource.internal.QProfileResourcePk	java.lang.Class	jdk	java.base
br.com.sawcunhaos.organization.domain.access.resource.internal.QProfileResourcePk	java.lang.Long	jdk	java.base
br.com.sawcunhaos.organization.domain.access.resource.internal.QProfileResourcePk	java.lang.String	jdk	java.base
br.com.sawcunhaos.organization.domain.access.resource.internal.QProfileResourcePk	java.util.UUID	jdk	java.base
br.com.sawcunhaos.organization.domain.access.resource.internal.QResource	br.com.sawcunhaos.foundation.jpa.entity.QBaseEntity	externo	scos-foundation-jpa-1.2.0-SNAPSHOT.jar
br.com.sawcunhaos.organization.domain.access.resource.internal.QResource	br.com.sawcunhaos.organization.domain.access.resource.internal.Resource	interno	classes
br.com.sawcunhaos.organization.domain.access.resource.internal.QResource	br.com.sawcunhaos.organization.domain.access.system.internal.QScosSystem	interno	classes
br.com.sawcunhaos.organization.domain.access.resource.internal.QResource	com.querydsl.core.types.Path	externo	querydsl-core-7.6.jar
br.com.sawcunhaos.organization.domain.access.resource.internal.QResource	com.querydsl.core.types.PathMetadata	externo	querydsl-core-7.6.jar
br.com.sawcunhaos.organization.domain.access.resource.internal.QResource	com.querydsl.core.types.PathMetadataFactory	externo	querydsl-core-7.6.jar
br.com.sawcunhaos.organization.domain.access.resource.internal.QResource	com.querydsl.core.types.dsl.BooleanPath	externo	querydsl-core-7.6.jar
br.com.sawcunhaos.organization.domain.access.resource.internal.QResource	com.querydsl.core.types.dsl.ComparablePath	externo	querydsl-core-7.6.jar
br.com.sawcunhaos.organization.domain.access.resource.internal.QResource	com.querydsl.core.types.dsl.DateTimePath	externo	querydsl-core-7.6.jar
br.com.sawcunhaos.organization.domain.access.resource.internal.QResource	com.querydsl.core.types.dsl.EntityPathBase	externo	querydsl-core-7.6.jar
br.com.sawcunhaos.organization.domain.access.resource.internal.QResource	com.querydsl.core.types.dsl.PathInits	externo	querydsl-core-7.6.jar
br.com.sawcunhaos.organization.domain.access.resource.internal.QResource	com.querydsl.core.types.dsl.StringPath	externo	querydsl-core-7.6.jar
br.com.sawcunhaos.organization.domain.access.resource.internal.QResource	java.lang.Class	jdk	java.base
br.com.sawcunhaos.organization.domain.access.resource.internal.QResource	java.lang.String	jdk	java.base
br.com.sawcunhaos.organization.domain.access.resource.internal.QResource	java.time.Instant	jdk	java.base
br.com.sawcunhaos.organization.domain.access.resource.internal.QResource	java.util.UUID	jdk	java.base
br.com.sawcunhaos.organization.domain.access.resource.internal.Resource	br.com.sawcunhaos.flow.audit.sdk.api.AuditableEntity	externo	not found
br.com.sawcunhaos.organization.domain.access.resource.internal.Resource	br.com.sawcunhaos.foundation.jpa.entity.BaseEntity	externo	scos-foundation-jpa-1.2.0-SNAPSHOT.jar
br.com.sawcunhaos.organization.domain.access.resource.internal.Resource	br.com.sawcunhaos.organization.domain.access.resource.internal.Resource$ResourceBuilder	interno	classes
br.com.sawcunhaos.organization.domain.access.resource.internal.Resource	br.com.sawcunhaos.organization.domain.access.system.internal.ScosSystem	interno	classes
br.com.sawcunhaos.organization.domain.access.resource.internal.Resource	jakarta.persistence.Column	externo	jakarta.persistence-api-3.2.0.jar
br.com.sawcunhaos.organization.domain.access.resource.internal.Resource	jakarta.persistence.Entity	externo	jakarta.persistence-api-3.2.0.jar
br.com.sawcunhaos.organization.domain.access.resource.internal.Resource	jakarta.persistence.GeneratedValue	externo	jakarta.persistence-api-3.2.0.jar
br.com.sawcunhaos.organization.domain.access.resource.internal.Resource	jakarta.persistence.Id	externo	jakarta.persistence-api-3.2.0.jar
br.com.sawcunhaos.organization.domain.access.resource.internal.Resource	jakarta.persistence.JoinColumn	externo	jakarta.persistence-api-3.2.0.jar
br.com.sawcunhaos.organization.domain.access.resource.internal.Resource	jakarta.persistence.ManyToOne	externo	jakarta.persistence-api-3.2.0.jar
br.com.sawcunhaos.organization.domain.access.resource.internal.Resource	jakarta.persistence.Table	externo	jakarta.persistence-api-3.2.0.jar
br.com.sawcunhaos.organization.domain.access.resource.internal.Resource	java.lang.String	jdk	java.base
br.com.sawcunhaos.organization.domain.access.resource.internal.Resource	java.time.Instant	jdk	java.base
br.com.sawcunhaos.organization.domain.access.resource.internal.Resource	java.util.UUID	jdk	java.base
br.com.sawcunhaos.organization.domain.access.resource.internal.Resource$ResourceBuilder	br.com.sawcunhaos.organization.domain.access.resource.internal.Resource	interno	classes
br.com.sawcunhaos.organization.domain.access.resource.internal.Resource$ResourceBuilder	br.com.sawcunhaos.organization.domain.access.system.internal.ScosSystem	interno	classes
br.com.sawcunhaos.organization.domain.access.resource.internal.Resource$ResourceBuilder	java.lang.Object	jdk	java.base
br.com.sawcunhaos.organization.domain.access.resource.internal.Resource$ResourceBuilder	java.lang.String	jdk	java.base
br.com.sawcunhaos.organization.domain.access.resource.internal.Resource$ResourceBuilder	java.lang.invoke.CallSite	jdk	java.base
br.com.sawcunhaos.organization.domain.access.resource.internal.Resource$ResourceBuilder	java.lang.invoke.MethodHandles	jdk	java.base
br.com.sawcunhaos.organization.domain.access.resource.internal.Resource$ResourceBuilder	java.lang.invoke.MethodHandles$Lookup	jdk	java.base
br.com.sawcunhaos.organization.domain.access.resource.internal.Resource$ResourceBuilder	java.lang.invoke.MethodType	jdk	java.base
br.com.sawcunhaos.organization.domain.access.resource.internal.Resource$ResourceBuilder	java.lang.invoke.StringConcatFactory	jdk	java.base
br.com.sawcunhaos.organization.domain.access.resource.internal.Resource$ResourceBuilder	java.time.Instant	jdk	java.base
br.com.sawcunhaos.organization.domain.access.resource.internal.Resource$ResourceBuilder	java.util.UUID	jdk	java.base
br.com.sawcunhaos.organization.domain.access.resource.internal.ResourceRepository	br.com.sawcunhaos.organization.domain.access.resource.internal.Resource	interno	classes
br.com.sawcunhaos.organization.domain.access.resource.internal.ResourceRepository	io.hypersistence.utils.spring.repository.BaseJpaRepository	externo	hypersistence-utils-hibernate-71-3.15.5.jar
br.com.sawcunhaos.organization.domain.access.resource.internal.ResourceRepository	java.lang.Object	jdk	java.base
br.com.sawcunhaos.organization.domain.access.resource.internal.ResourceRepository	java.lang.String	jdk	java.base
br.com.sawcunhaos.organization.domain.access.resource.internal.ResourceRepository	java.time.Instant	jdk	java.base
br.com.sawcunhaos.organization.domain.access.resource.internal.ResourceRepository	java.util.UUID	jdk	java.base
br.com.sawcunhaos.organization.domain.access.resource.internal.ResourceRepository	org.springframework.data.jpa.repository.JpaSpecificationExecutor	externo	spring-data-jpa-4.1.1.jar
br.com.sawcunhaos.organization.domain.access.resource.internal.ResourceRepository	org.springframework.data.jpa.repository.Modifying	externo	spring-data-jpa-4.1.1.jar
br.com.sawcunhaos.organization.domain.access.resource.internal.ResourceRepository	org.springframework.data.jpa.repository.Query	externo	spring-data-jpa-4.1.1.jar
br.com.sawcunhaos.organization.domain.access.resource.internal.ResourceRepository	org.springframework.data.querydsl.QuerydslPredicateExecutor	externo	spring-data-commons-4.1.1.jar
br.com.sawcunhaos.organization.domain.access.resource.internal.ResourceRepository	org.springframework.data.repository.query.Param	externo	spring-data-commons-4.1.1.jar
br.com.sawcunhaos.organization.domain.access.resource.internal.ResourceRepository	org.springframework.stereotype.Repository	externo	spring-context-7.0.9.jar
br.com.sawcunhaos.organization.domain.access.resource.service.ResourceServiceBean	br.com.sawcunhaos.foundation.core.exception.ScosException	externo	scos-foundation-core-1.2.0-SNAPSHOT.jar
br.com.sawcunhaos.organization.domain.access.resource.service.ResourceServiceBean	br.com.sawcunhaos.foundation.core.specification.ExceptionCode	externo	scos-foundation-core-1.2.0-SNAPSHOT.jar
br.com.sawcunhaos.organization.domain.access.resource.service.ResourceServiceBean	br.com.sawcunhaos.organization.domain.access.resource.dto.RegisterResourceInput	interno	classes
br.com.sawcunhaos.organization.domain.access.resource.service.ResourceServiceBean	br.com.sawcunhaos.organization.domain.access.resource.internal.ResourceRepository	interno	classes
br.com.sawcunhaos.organization.domain.access.resource.service.ResourceServiceBean	br.com.sawcunhaos.organization.domain.access.resource.specification.ResourceService	interno	classes
br.com.sawcunhaos.organization.domain.access.resource.service.ResourceServiceBean	br.com.sawcunhaos.organization.domain.access.system.internal.ScosSystem	interno	classes
br.com.sawcunhaos.organization.domain.access.resource.service.ResourceServiceBean	br.com.sawcunhaos.organization.domain.access.system.internal.ScosSystemRepository	interno	classes
br.com.sawcunhaos.organization.domain.access.resource.service.ResourceServiceBean	br.com.sawcunhaos.organization.shared.exception.ExceptionCodeError	externo	flow-organization-shared-1.0.0-SNAPSHOT.jar
br.com.sawcunhaos.organization.domain.access.resource.service.ResourceServiceBean	java.lang.Boolean	jdk	java.base
br.com.sawcunhaos.organization.domain.access.resource.service.ResourceServiceBean	java.lang.Class	jdk	java.base
br.com.sawcunhaos.organization.domain.access.resource.service.ResourceServiceBean	java.lang.Object	jdk	java.base
br.com.sawcunhaos.organization.domain.access.resource.service.ResourceServiceBean	java.lang.String	jdk	java.base
br.com.sawcunhaos.organization.domain.access.resource.service.ResourceServiceBean	java.lang.invoke.CallSite	jdk	java.base
br.com.sawcunhaos.organization.domain.access.resource.service.ResourceServiceBean	java.lang.invoke.LambdaMetafactory	jdk	java.base
br.com.sawcunhaos.organization.domain.access.resource.service.ResourceServiceBean	java.lang.invoke.MethodHandle	jdk	java.base
br.com.sawcunhaos.organization.domain.access.resource.service.ResourceServiceBean	java.lang.invoke.MethodHandles	jdk	java.base
br.com.sawcunhaos.organization.domain.access.resource.service.ResourceServiceBean	java.lang.invoke.MethodHandles$Lookup	jdk	java.base
br.com.sawcunhaos.organization.domain.access.resource.service.ResourceServiceBean	java.lang.invoke.MethodType	jdk	java.base
br.com.sawcunhaos.organization.domain.access.resource.service.ResourceServiceBean	java.time.Instant	jdk	java.base
br.com.sawcunhaos.organization.domain.access.resource.service.ResourceServiceBean	java.util.Optional	jdk	java.base
br.com.sawcunhaos.organization.domain.access.resource.service.ResourceServiceBean	java.util.UUID	jdk	java.base
br.com.sawcunhaos.organization.domain.access.resource.service.ResourceServiceBean	java.util.function.Supplier	jdk	java.base
br.com.sawcunhaos.organization.domain.access.resource.service.ResourceServiceBean	org.slf4j.Logger	externo	slf4j-api-2.0.18.jar
br.com.sawcunhaos.organization.domain.access.resource.service.ResourceServiceBean	org.slf4j.LoggerFactory	externo	slf4j-api-2.0.18.jar
br.com.sawcunhaos.organization.domain.access.resource.service.ResourceServiceBean	org.springframework.stereotype.Service	externo	spring-context-7.0.9.jar
br.com.sawcunhaos.organization.domain.access.resource.service.ResourceServiceBean	org.springframework.transaction.annotation.Transactional	externo	spring-tx-7.0.9.jar
br.com.sawcunhaos.organization.domain.access.resource.specification.ResourceService	br.com.sawcunhaos.organization.domain.access.resource.dto.RegisterResourceInput	interno	classes
br.com.sawcunhaos.organization.domain.access.resource.specification.ResourceService	java.lang.Object	jdk	java.base
br.com.sawcunhaos.organization.domain.access.status.dto.ReasonActivateInput	br.com.sawcunhaos.organization.domain.access.status.dto.ReasonActivateInput$ReasonActivateInputBuilder	interno	classes
br.com.sawcunhaos.organization.domain.access.status.dto.ReasonActivateInput	br.com.sawcunhaos.organization.domain.access.status.internal.EntityType	interno	classes
br.com.sawcunhaos.organization.domain.access.status.dto.ReasonActivateInput	java.lang.Class	jdk	java.base
br.com.sawcunhaos.organization.domain.access.status.dto.ReasonActivateInput	java.lang.Long	jdk	java.base
br.com.sawcunhaos.organization.domain.access.status.dto.ReasonActivateInput	java.lang.Object	jdk	java.base
br.com.sawcunhaos.organization.domain.access.status.dto.ReasonActivateInput	java.lang.Record	jdk	java.base
br.com.sawcunhaos.organization.domain.access.status.dto.ReasonActivateInput	java.lang.String	jdk	java.base
br.com.sawcunhaos.organization.domain.access.status.dto.ReasonActivateInput	java.lang.invoke.MethodHandle	jdk	java.base
br.com.sawcunhaos.organization.domain.access.status.dto.ReasonActivateInput	java.lang.invoke.MethodHandles	jdk	java.base
br.com.sawcunhaos.organization.domain.access.status.dto.ReasonActivateInput	java.lang.invoke.MethodHandles$Lookup	jdk	java.base
br.com.sawcunhaos.organization.domain.access.status.dto.ReasonActivateInput	java.lang.invoke.TypeDescriptor	jdk	java.base
br.com.sawcunhaos.organization.domain.access.status.dto.ReasonActivateInput	java.lang.runtime.ObjectMethods	jdk	java.base
br.com.sawcunhaos.organization.domain.access.status.dto.ReasonActivateInput$ReasonActivateInputBuilder	br.com.sawcunhaos.organization.domain.access.status.dto.ReasonActivateInput	interno	classes
br.com.sawcunhaos.organization.domain.access.status.dto.ReasonActivateInput$ReasonActivateInputBuilder	br.com.sawcunhaos.organization.domain.access.status.internal.EntityType	interno	classes
br.com.sawcunhaos.organization.domain.access.status.dto.ReasonActivateInput$ReasonActivateInputBuilder	java.lang.Long	jdk	java.base
br.com.sawcunhaos.organization.domain.access.status.dto.ReasonActivateInput$ReasonActivateInputBuilder	java.lang.Object	jdk	java.base
br.com.sawcunhaos.organization.domain.access.status.dto.ReasonActivateInput$ReasonActivateInputBuilder	java.lang.String	jdk	java.base
br.com.sawcunhaos.organization.domain.access.status.dto.ReasonActivateInput$ReasonActivateInputBuilder	java.lang.invoke.CallSite	jdk	java.base
br.com.sawcunhaos.organization.domain.access.status.dto.ReasonActivateInput$ReasonActivateInputBuilder	java.lang.invoke.MethodHandles	jdk	java.base
br.com.sawcunhaos.organization.domain.access.status.dto.ReasonActivateInput$ReasonActivateInputBuilder	java.lang.invoke.MethodHandles$Lookup	jdk	java.base
br.com.sawcunhaos.organization.domain.access.status.dto.ReasonActivateInput$ReasonActivateInputBuilder	java.lang.invoke.MethodType	jdk	java.base
br.com.sawcunhaos.organization.domain.access.status.dto.ReasonActivateInput$ReasonActivateInputBuilder	java.lang.invoke.StringConcatFactory	jdk	java.base
br.com.sawcunhaos.organization.domain.access.status.dto.ReasonActivateOutput	br.com.sawcunhaos.organization.domain.access.status.dto.ReasonActivateOutput$ReasonActivateOutputBuilder	interno	classes
br.com.sawcunhaos.organization.domain.access.status.dto.ReasonActivateOutput	br.com.sawcunhaos.organization.domain.access.status.internal.EntityType	interno	classes
br.com.sawcunhaos.organization.domain.access.status.dto.ReasonActivateOutput	java.lang.Class	jdk	java.base
br.com.sawcunhaos.organization.domain.access.status.dto.ReasonActivateOutput	java.lang.Long	jdk	java.base
br.com.sawcunhaos.organization.domain.access.status.dto.ReasonActivateOutput	java.lang.Object	jdk	java.base
br.com.sawcunhaos.organization.domain.access.status.dto.ReasonActivateOutput	java.lang.Record	jdk	java.base
br.com.sawcunhaos.organization.domain.access.status.dto.ReasonActivateOutput	java.lang.String	jdk	java.base
br.com.sawcunhaos.organization.domain.access.status.dto.ReasonActivateOutput	java.lang.invoke.MethodHandle	jdk	java.base
br.com.sawcunhaos.organization.domain.access.status.dto.ReasonActivateOutput	java.lang.invoke.MethodHandles	jdk	java.base
br.com.sawcunhaos.organization.domain.access.status.dto.ReasonActivateOutput	java.lang.invoke.MethodHandles$Lookup	jdk	java.base
br.com.sawcunhaos.organization.domain.access.status.dto.ReasonActivateOutput	java.lang.invoke.TypeDescriptor	jdk	java.base
br.com.sawcunhaos.organization.domain.access.status.dto.ReasonActivateOutput	java.lang.runtime.ObjectMethods	jdk	java.base
br.com.sawcunhaos.organization.domain.access.status.dto.ReasonActivateOutput$ReasonActivateOutputBuilder	br.com.sawcunhaos.organization.domain.access.status.dto.ReasonActivateOutput	interno	classes
br.com.sawcunhaos.organization.domain.access.status.dto.ReasonActivateOutput$ReasonActivateOutputBuilder	br.com.sawcunhaos.organization.domain.access.status.internal.EntityType	interno	classes
br.com.sawcunhaos.organization.domain.access.status.dto.ReasonActivateOutput$ReasonActivateOutputBuilder	java.lang.Long	jdk	java.base
br.com.sawcunhaos.organization.domain.access.status.dto.ReasonActivateOutput$ReasonActivateOutputBuilder	java.lang.Object	jdk	java.base
br.com.sawcunhaos.organization.domain.access.status.dto.ReasonActivateOutput$ReasonActivateOutputBuilder	java.lang.String	jdk	java.base
br.com.sawcunhaos.organization.domain.access.status.dto.ReasonActivateOutput$ReasonActivateOutputBuilder	java.lang.invoke.CallSite	jdk	java.base
br.com.sawcunhaos.organization.domain.access.status.dto.ReasonActivateOutput$ReasonActivateOutputBuilder	java.lang.invoke.MethodHandles	jdk	java.base
br.com.sawcunhaos.organization.domain.access.status.dto.ReasonActivateOutput$ReasonActivateOutputBuilder	java.lang.invoke.MethodHandles$Lookup	jdk	java.base
br.com.sawcunhaos.organization.domain.access.status.dto.ReasonActivateOutput$ReasonActivateOutputBuilder	java.lang.invoke.MethodType	jdk	java.base
br.com.sawcunhaos.organization.domain.access.status.dto.ReasonActivateOutput$ReasonActivateOutputBuilder	java.lang.invoke.StringConcatFactory	jdk	java.base
br.com.sawcunhaos.organization.domain.access.status.dto.ReasonDisableInput	br.com.sawcunhaos.organization.domain.access.status.dto.ReasonDisableInput$ReasonDisableInputBuilder	interno	classes
br.com.sawcunhaos.organization.domain.access.status.dto.ReasonDisableInput	br.com.sawcunhaos.organization.domain.access.status.internal.EntityType	interno	classes
br.com.sawcunhaos.organization.domain.access.status.dto.ReasonDisableInput	java.lang.Class	jdk	java.base
br.com.sawcunhaos.organization.domain.access.status.dto.ReasonDisableInput	java.lang.Long	jdk	java.base
br.com.sawcunhaos.organization.domain.access.status.dto.ReasonDisableInput	java.lang.Object	jdk	java.base
br.com.sawcunhaos.organization.domain.access.status.dto.ReasonDisableInput	java.lang.Record	jdk	java.base
br.com.sawcunhaos.organization.domain.access.status.dto.ReasonDisableInput	java.lang.String	jdk	java.base
br.com.sawcunhaos.organization.domain.access.status.dto.ReasonDisableInput	java.lang.invoke.MethodHandle	jdk	java.base
br.com.sawcunhaos.organization.domain.access.status.dto.ReasonDisableInput	java.lang.invoke.MethodHandles	jdk	java.base
br.com.sawcunhaos.organization.domain.access.status.dto.ReasonDisableInput	java.lang.invoke.MethodHandles$Lookup	jdk	java.base
br.com.sawcunhaos.organization.domain.access.status.dto.ReasonDisableInput	java.lang.invoke.TypeDescriptor	jdk	java.base
br.com.sawcunhaos.organization.domain.access.status.dto.ReasonDisableInput	java.lang.runtime.ObjectMethods	jdk	java.base
br.com.sawcunhaos.organization.domain.access.status.dto.ReasonDisableInput$ReasonDisableInputBuilder	br.com.sawcunhaos.organization.domain.access.status.dto.ReasonDisableInput	interno	classes
br.com.sawcunhaos.organization.domain.access.status.dto.ReasonDisableInput$ReasonDisableInputBuilder	br.com.sawcunhaos.organization.domain.access.status.internal.EntityType	interno	classes
br.com.sawcunhaos.organization.domain.access.status.dto.ReasonDisableInput$ReasonDisableInputBuilder	java.lang.Long	jdk	java.base
br.com.sawcunhaos.organization.domain.access.status.dto.ReasonDisableInput$ReasonDisableInputBuilder	java.lang.Object	jdk	java.base
br.com.sawcunhaos.organization.domain.access.status.dto.ReasonDisableInput$ReasonDisableInputBuilder	java.lang.String	jdk	java.base
br.com.sawcunhaos.organization.domain.access.status.dto.ReasonDisableInput$ReasonDisableInputBuilder	java.lang.invoke.CallSite	jdk	java.base
br.com.sawcunhaos.organization.domain.access.status.dto.ReasonDisableInput$ReasonDisableInputBuilder	java.lang.invoke.MethodHandles	jdk	java.base
br.com.sawcunhaos.organization.domain.access.status.dto.ReasonDisableInput$ReasonDisableInputBuilder	java.lang.invoke.MethodHandles$Lookup	jdk	java.base
br.com.sawcunhaos.organization.domain.access.status.dto.ReasonDisableInput$ReasonDisableInputBuilder	java.lang.invoke.MethodType	jdk	java.base
br.com.sawcunhaos.organization.domain.access.status.dto.ReasonDisableInput$ReasonDisableInputBuilder	java.lang.invoke.StringConcatFactory	jdk	java.base
br.com.sawcunhaos.organization.domain.access.status.dto.ReasonDisableOutput	br.com.sawcunhaos.organization.domain.access.status.dto.ReasonDisableOutput$ReasonDisableOutputBuilder	interno	classes
br.com.sawcunhaos.organization.domain.access.status.dto.ReasonDisableOutput	br.com.sawcunhaos.organization.domain.access.status.internal.EntityType	interno	classes
br.com.sawcunhaos.organization.domain.access.status.dto.ReasonDisableOutput	java.lang.Class	jdk	java.base
br.com.sawcunhaos.organization.domain.access.status.dto.ReasonDisableOutput	java.lang.Long	jdk	java.base
br.com.sawcunhaos.organization.domain.access.status.dto.ReasonDisableOutput	java.lang.Object	jdk	java.base
br.com.sawcunhaos.organization.domain.access.status.dto.ReasonDisableOutput	java.lang.Record	jdk	java.base
br.com.sawcunhaos.organization.domain.access.status.dto.ReasonDisableOutput	java.lang.String	jdk	java.base
br.com.sawcunhaos.organization.domain.access.status.dto.ReasonDisableOutput	java.lang.invoke.MethodHandle	jdk	java.base
br.com.sawcunhaos.organization.domain.access.status.dto.ReasonDisableOutput	java.lang.invoke.MethodHandles	jdk	java.base
br.com.sawcunhaos.organization.domain.access.status.dto.ReasonDisableOutput	java.lang.invoke.MethodHandles$Lookup	jdk	java.base
br.com.sawcunhaos.organization.domain.access.status.dto.ReasonDisableOutput	java.lang.invoke.TypeDescriptor	jdk	java.base
br.com.sawcunhaos.organization.domain.access.status.dto.ReasonDisableOutput	java.lang.runtime.ObjectMethods	jdk	java.base
br.com.sawcunhaos.organization.domain.access.status.dto.ReasonDisableOutput$ReasonDisableOutputBuilder	br.com.sawcunhaos.organization.domain.access.status.dto.ReasonDisableOutput	interno	classes
br.com.sawcunhaos.organization.domain.access.status.dto.ReasonDisableOutput$ReasonDisableOutputBuilder	br.com.sawcunhaos.organization.domain.access.status.internal.EntityType	interno	classes
br.com.sawcunhaos.organization.domain.access.status.dto.ReasonDisableOutput$ReasonDisableOutputBuilder	java.lang.Long	jdk	java.base
br.com.sawcunhaos.organization.domain.access.status.dto.ReasonDisableOutput$ReasonDisableOutputBuilder	java.lang.Object	jdk	java.base
br.com.sawcunhaos.organization.domain.access.status.dto.ReasonDisableOutput$ReasonDisableOutputBuilder	java.lang.String	jdk	java.base
br.com.sawcunhaos.organization.domain.access.status.dto.ReasonDisableOutput$ReasonDisableOutputBuilder	java.lang.invoke.CallSite	jdk	java.base
br.com.sawcunhaos.organization.domain.access.status.dto.ReasonDisableOutput$ReasonDisableOutputBuilder	java.lang.invoke.MethodHandles	jdk	java.base
br.com.sawcunhaos.organization.domain.access.status.dto.ReasonDisableOutput$ReasonDisableOutputBuilder	java.lang.invoke.MethodHandles$Lookup	jdk	java.base
br.com.sawcunhaos.organization.domain.access.status.dto.ReasonDisableOutput$ReasonDisableOutputBuilder	java.lang.invoke.MethodType	jdk	java.base
br.com.sawcunhaos.organization.domain.access.status.dto.ReasonDisableOutput$ReasonDisableOutputBuilder	java.lang.invoke.StringConcatFactory	jdk	java.base
br.com.sawcunhaos.organization.domain.access.status.dto.ReasonEnableInput	br.com.sawcunhaos.organization.domain.access.status.dto.ReasonEnableInput$ReasonEnableInputBuilder	interno	classes
br.com.sawcunhaos.organization.domain.access.status.dto.ReasonEnableInput	br.com.sawcunhaos.organization.domain.access.status.internal.EntityType	interno	classes
br.com.sawcunhaos.organization.domain.access.status.dto.ReasonEnableInput	java.lang.Class	jdk	java.base
br.com.sawcunhaos.organization.domain.access.status.dto.ReasonEnableInput	java.lang.Long	jdk	java.base
br.com.sawcunhaos.organization.domain.access.status.dto.ReasonEnableInput	java.lang.Object	jdk	java.base
br.com.sawcunhaos.organization.domain.access.status.dto.ReasonEnableInput	java.lang.Record	jdk	java.base
br.com.sawcunhaos.organization.domain.access.status.dto.ReasonEnableInput	java.lang.String	jdk	java.base
br.com.sawcunhaos.organization.domain.access.status.dto.ReasonEnableInput	java.lang.invoke.MethodHandle	jdk	java.base
br.com.sawcunhaos.organization.domain.access.status.dto.ReasonEnableInput	java.lang.invoke.MethodHandles	jdk	java.base
br.com.sawcunhaos.organization.domain.access.status.dto.ReasonEnableInput	java.lang.invoke.MethodHandles$Lookup	jdk	java.base
br.com.sawcunhaos.organization.domain.access.status.dto.ReasonEnableInput	java.lang.invoke.TypeDescriptor	jdk	java.base
br.com.sawcunhaos.organization.domain.access.status.dto.ReasonEnableInput	java.lang.runtime.ObjectMethods	jdk	java.base
br.com.sawcunhaos.organization.domain.access.status.dto.ReasonEnableInput$ReasonEnableInputBuilder	br.com.sawcunhaos.organization.domain.access.status.dto.ReasonEnableInput	interno	classes
br.com.sawcunhaos.organization.domain.access.status.dto.ReasonEnableInput$ReasonEnableInputBuilder	br.com.sawcunhaos.organization.domain.access.status.internal.EntityType	interno	classes
br.com.sawcunhaos.organization.domain.access.status.dto.ReasonEnableInput$ReasonEnableInputBuilder	java.lang.Long	jdk	java.base
br.com.sawcunhaos.organization.domain.access.status.dto.ReasonEnableInput$ReasonEnableInputBuilder	java.lang.Object	jdk	java.base
br.com.sawcunhaos.organization.domain.access.status.dto.ReasonEnableInput$ReasonEnableInputBuilder	java.lang.String	jdk	java.base
br.com.sawcunhaos.organization.domain.access.status.dto.ReasonEnableInput$ReasonEnableInputBuilder	java.lang.invoke.CallSite	jdk	java.base
br.com.sawcunhaos.organization.domain.access.status.dto.ReasonEnableInput$ReasonEnableInputBuilder	java.lang.invoke.MethodHandles	jdk	java.base
br.com.sawcunhaos.organization.domain.access.status.dto.ReasonEnableInput$ReasonEnableInputBuilder	java.lang.invoke.MethodHandles$Lookup	jdk	java.base
br.com.sawcunhaos.organization.domain.access.status.dto.ReasonEnableInput$ReasonEnableInputBuilder	java.lang.invoke.MethodType	jdk	java.base
br.com.sawcunhaos.organization.domain.access.status.dto.ReasonEnableInput$ReasonEnableInputBuilder	java.lang.invoke.StringConcatFactory	jdk	java.base
br.com.sawcunhaos.organization.domain.access.status.dto.ReasonEnableOutput	br.com.sawcunhaos.organization.domain.access.status.dto.ReasonEnableOutput$ReasonEnableOutputBuilder	interno	classes
br.com.sawcunhaos.organization.domain.access.status.dto.ReasonEnableOutput	br.com.sawcunhaos.organization.domain.access.status.internal.EntityType	interno	classes
br.com.sawcunhaos.organization.domain.access.status.dto.ReasonEnableOutput	java.lang.Class	jdk	java.base
br.com.sawcunhaos.organization.domain.access.status.dto.ReasonEnableOutput	java.lang.Long	jdk	java.base
br.com.sawcunhaos.organization.domain.access.status.dto.ReasonEnableOutput	java.lang.Object	jdk	java.base
br.com.sawcunhaos.organization.domain.access.status.dto.ReasonEnableOutput	java.lang.Record	jdk	java.base
br.com.sawcunhaos.organization.domain.access.status.dto.ReasonEnableOutput	java.lang.String	jdk	java.base
br.com.sawcunhaos.organization.domain.access.status.dto.ReasonEnableOutput	java.lang.invoke.MethodHandle	jdk	java.base
br.com.sawcunhaos.organization.domain.access.status.dto.ReasonEnableOutput	java.lang.invoke.MethodHandles	jdk	java.base
br.com.sawcunhaos.organization.domain.access.status.dto.ReasonEnableOutput	java.lang.invoke.MethodHandles$Lookup	jdk	java.base
br.com.sawcunhaos.organization.domain.access.status.dto.ReasonEnableOutput	java.lang.invoke.TypeDescriptor	jdk	java.base
br.com.sawcunhaos.organization.domain.access.status.dto.ReasonEnableOutput	java.lang.runtime.ObjectMethods	jdk	java.base
br.com.sawcunhaos.organization.domain.access.status.dto.ReasonEnableOutput$ReasonEnableOutputBuilder	br.com.sawcunhaos.organization.domain.access.status.dto.ReasonEnableOutput	interno	classes
br.com.sawcunhaos.organization.domain.access.status.dto.ReasonEnableOutput$ReasonEnableOutputBuilder	br.com.sawcunhaos.organization.domain.access.status.internal.EntityType	interno	classes
br.com.sawcunhaos.organization.domain.access.status.dto.ReasonEnableOutput$ReasonEnableOutputBuilder	java.lang.Long	jdk	java.base
br.com.sawcunhaos.organization.domain.access.status.dto.ReasonEnableOutput$ReasonEnableOutputBuilder	java.lang.Object	jdk	java.base
br.com.sawcunhaos.organization.domain.access.status.dto.ReasonEnableOutput$ReasonEnableOutputBuilder	java.lang.String	jdk	java.base
br.com.sawcunhaos.organization.domain.access.status.dto.ReasonEnableOutput$ReasonEnableOutputBuilder	java.lang.invoke.CallSite	jdk	java.base
br.com.sawcunhaos.organization.domain.access.status.dto.ReasonEnableOutput$ReasonEnableOutputBuilder	java.lang.invoke.MethodHandles	jdk	java.base
br.com.sawcunhaos.organization.domain.access.status.dto.ReasonEnableOutput$ReasonEnableOutputBuilder	java.lang.invoke.MethodHandles$Lookup	jdk	java.base
br.com.sawcunhaos.organization.domain.access.status.dto.ReasonEnableOutput$ReasonEnableOutputBuilder	java.lang.invoke.MethodType	jdk	java.base
br.com.sawcunhaos.organization.domain.access.status.dto.ReasonEnableOutput$ReasonEnableOutputBuilder	java.lang.invoke.StringConcatFactory	jdk	java.base
br.com.sawcunhaos.organization.domain.access.status.dto.ReasonInactivateInput	br.com.sawcunhaos.organization.domain.access.status.dto.ReasonInactivateInput$ReasonInactivateInputBuilder	interno	classes
br.com.sawcunhaos.organization.domain.access.status.dto.ReasonInactivateInput	br.com.sawcunhaos.organization.domain.access.status.internal.EntityType	interno	classes
br.com.sawcunhaos.organization.domain.access.status.dto.ReasonInactivateInput	java.lang.Class	jdk	java.base
br.com.sawcunhaos.organization.domain.access.status.dto.ReasonInactivateInput	java.lang.Long	jdk	java.base
br.com.sawcunhaos.organization.domain.access.status.dto.ReasonInactivateInput	java.lang.Object	jdk	java.base
br.com.sawcunhaos.organization.domain.access.status.dto.ReasonInactivateInput	java.lang.Record	jdk	java.base
br.com.sawcunhaos.organization.domain.access.status.dto.ReasonInactivateInput	java.lang.String	jdk	java.base
br.com.sawcunhaos.organization.domain.access.status.dto.ReasonInactivateInput	java.lang.invoke.MethodHandle	jdk	java.base
br.com.sawcunhaos.organization.domain.access.status.dto.ReasonInactivateInput	java.lang.invoke.MethodHandles	jdk	java.base
br.com.sawcunhaos.organization.domain.access.status.dto.ReasonInactivateInput	java.lang.invoke.MethodHandles$Lookup	jdk	java.base
br.com.sawcunhaos.organization.domain.access.status.dto.ReasonInactivateInput	java.lang.invoke.TypeDescriptor	jdk	java.base
br.com.sawcunhaos.organization.domain.access.status.dto.ReasonInactivateInput	java.lang.runtime.ObjectMethods	jdk	java.base
br.com.sawcunhaos.organization.domain.access.status.dto.ReasonInactivateInput$ReasonInactivateInputBuilder	br.com.sawcunhaos.organization.domain.access.status.dto.ReasonInactivateInput	interno	classes
br.com.sawcunhaos.organization.domain.access.status.dto.ReasonInactivateInput$ReasonInactivateInputBuilder	br.com.sawcunhaos.organization.domain.access.status.internal.EntityType	interno	classes
br.com.sawcunhaos.organization.domain.access.status.dto.ReasonInactivateInput$ReasonInactivateInputBuilder	java.lang.Long	jdk	java.base
br.com.sawcunhaos.organization.domain.access.status.dto.ReasonInactivateInput$ReasonInactivateInputBuilder	java.lang.Object	jdk	java.base
br.com.sawcunhaos.organization.domain.access.status.dto.ReasonInactivateInput$ReasonInactivateInputBuilder	java.lang.String	jdk	java.base
br.com.sawcunhaos.organization.domain.access.status.dto.ReasonInactivateInput$ReasonInactivateInputBuilder	java.lang.invoke.CallSite	jdk	java.base
br.com.sawcunhaos.organization.domain.access.status.dto.ReasonInactivateInput$ReasonInactivateInputBuilder	java.lang.invoke.MethodHandles	jdk	java.base
br.com.sawcunhaos.organization.domain.access.status.dto.ReasonInactivateInput$ReasonInactivateInputBuilder	java.lang.invoke.MethodHandles$Lookup	jdk	java.base
br.com.sawcunhaos.organization.domain.access.status.dto.ReasonInactivateInput$ReasonInactivateInputBuilder	java.lang.invoke.MethodType	jdk	java.base
br.com.sawcunhaos.organization.domain.access.status.dto.ReasonInactivateInput$ReasonInactivateInputBuilder	java.lang.invoke.StringConcatFactory	jdk	java.base
br.com.sawcunhaos.organization.domain.access.status.dto.ReasonInactivateOutput	br.com.sawcunhaos.organization.domain.access.status.dto.ReasonInactivateOutput$ReasonInactivateOutputBuilder	interno	classes
br.com.sawcunhaos.organization.domain.access.status.dto.ReasonInactivateOutput	br.com.sawcunhaos.organization.domain.access.status.internal.EntityType	interno	classes
br.com.sawcunhaos.organization.domain.access.status.dto.ReasonInactivateOutput	java.lang.Class	jdk	java.base
br.com.sawcunhaos.organization.domain.access.status.dto.ReasonInactivateOutput	java.lang.Long	jdk	java.base
br.com.sawcunhaos.organization.domain.access.status.dto.ReasonInactivateOutput	java.lang.Object	jdk	java.base
br.com.sawcunhaos.organization.domain.access.status.dto.ReasonInactivateOutput	java.lang.Record	jdk	java.base
br.com.sawcunhaos.organization.domain.access.status.dto.ReasonInactivateOutput	java.lang.String	jdk	java.base
br.com.sawcunhaos.organization.domain.access.status.dto.ReasonInactivateOutput	java.lang.invoke.MethodHandle	jdk	java.base
br.com.sawcunhaos.organization.domain.access.status.dto.ReasonInactivateOutput	java.lang.invoke.MethodHandles	jdk	java.base
br.com.sawcunhaos.organization.domain.access.status.dto.ReasonInactivateOutput	java.lang.invoke.MethodHandles$Lookup	jdk	java.base
br.com.sawcunhaos.organization.domain.access.status.dto.ReasonInactivateOutput	java.lang.invoke.TypeDescriptor	jdk	java.base
br.com.sawcunhaos.organization.domain.access.status.dto.ReasonInactivateOutput	java.lang.runtime.ObjectMethods	jdk	java.base
br.com.sawcunhaos.organization.domain.access.status.dto.ReasonInactivateOutput$ReasonInactivateOutputBuilder	br.com.sawcunhaos.organization.domain.access.status.dto.ReasonInactivateOutput	interno	classes
br.com.sawcunhaos.organization.domain.access.status.dto.ReasonInactivateOutput$ReasonInactivateOutputBuilder	br.com.sawcunhaos.organization.domain.access.status.internal.EntityType	interno	classes
br.com.sawcunhaos.organization.domain.access.status.dto.ReasonInactivateOutput$ReasonInactivateOutputBuilder	java.lang.Long	jdk	java.base
br.com.sawcunhaos.organization.domain.access.status.dto.ReasonInactivateOutput$ReasonInactivateOutputBuilder	java.lang.Object	jdk	java.base
br.com.sawcunhaos.organization.domain.access.status.dto.ReasonInactivateOutput$ReasonInactivateOutputBuilder	java.lang.String	jdk	java.base
br.com.sawcunhaos.organization.domain.access.status.dto.ReasonInactivateOutput$ReasonInactivateOutputBuilder	java.lang.invoke.CallSite	jdk	java.base
br.com.sawcunhaos.organization.domain.access.status.dto.ReasonInactivateOutput$ReasonInactivateOutputBuilder	java.lang.invoke.MethodHandles	jdk	java.base
br.com.sawcunhaos.organization.domain.access.status.dto.ReasonInactivateOutput$ReasonInactivateOutputBuilder	java.lang.invoke.MethodHandles$Lookup	jdk	java.base
br.com.sawcunhaos.organization.domain.access.status.dto.ReasonInactivateOutput$ReasonInactivateOutputBuilder	java.lang.invoke.MethodType	jdk	java.base
br.com.sawcunhaos.organization.domain.access.status.dto.ReasonInactivateOutput$ReasonInactivateOutputBuilder	java.lang.invoke.StringConcatFactory	jdk	java.base
br.com.sawcunhaos.organization.domain.access.status.internal.CompanyStatusHistory	br.com.sawcunhaos.flow.audit.sdk.api.AuditableEntity	externo	not found
br.com.sawcunhaos.organization.domain.access.status.internal.CompanyStatusHistory	br.com.sawcunhaos.organization.domain.access.status.internal.CompanyStatusHistory$CompanyStatusHistoryBuilder	interno	classes
br.com.sawcunhaos.organization.domain.access.status.internal.CompanyStatusHistory	br.com.sawcunhaos.organization.domain.access.status.internal.ReasonActivate	interno	classes
br.com.sawcunhaos.organization.domain.access.status.internal.CompanyStatusHistory	br.com.sawcunhaos.organization.domain.access.status.internal.ReasonDisable	interno	classes
br.com.sawcunhaos.organization.domain.access.status.internal.CompanyStatusHistory	br.com.sawcunhaos.organization.domain.access.status.internal.ReasonEnable	interno	classes
br.com.sawcunhaos.organization.domain.access.status.internal.CompanyStatusHistory	br.com.sawcunhaos.organization.domain.access.status.internal.ReasonInactivate	interno	classes
br.com.sawcunhaos.organization.domain.access.status.internal.CompanyStatusHistory	br.com.sawcunhaos.organization.domain.corporate.company.internal.Company	interno	classes
br.com.sawcunhaos.organization.domain.access.status.internal.CompanyStatusHistory	br.com.sawcunhaos.organization.domain.corporate.company.internal.StatusCompany	interno	classes
br.com.sawcunhaos.organization.domain.access.status.internal.CompanyStatusHistory	jakarta.persistence.Column	externo	jakarta.persistence-api-3.2.0.jar
br.com.sawcunhaos.organization.domain.access.status.internal.CompanyStatusHistory	jakarta.persistence.Entity	externo	jakarta.persistence-api-3.2.0.jar
br.com.sawcunhaos.organization.domain.access.status.internal.CompanyStatusHistory	jakarta.persistence.Enumerated	externo	jakarta.persistence-api-3.2.0.jar
br.com.sawcunhaos.organization.domain.access.status.internal.CompanyStatusHistory	jakarta.persistence.GeneratedValue	externo	jakarta.persistence-api-3.2.0.jar
br.com.sawcunhaos.organization.domain.access.status.internal.CompanyStatusHistory	jakarta.persistence.Id	externo	jakarta.persistence-api-3.2.0.jar
br.com.sawcunhaos.organization.domain.access.status.internal.CompanyStatusHistory	jakarta.persistence.JoinColumn	externo	jakarta.persistence-api-3.2.0.jar
br.com.sawcunhaos.organization.domain.access.status.internal.CompanyStatusHistory	jakarta.persistence.ManyToOne	externo	jakarta.persistence-api-3.2.0.jar
br.com.sawcunhaos.organization.domain.access.status.internal.CompanyStatusHistory	jakarta.persistence.Table	externo	jakarta.persistence-api-3.2.0.jar
br.com.sawcunhaos.organization.domain.access.status.internal.CompanyStatusHistory	java.lang.Long	jdk	java.base
br.com.sawcunhaos.organization.domain.access.status.internal.CompanyStatusHistory	java.lang.Object	jdk	java.base
br.com.sawcunhaos.organization.domain.access.status.internal.CompanyStatusHistory	java.lang.String	jdk	java.base
br.com.sawcunhaos.organization.domain.access.status.internal.CompanyStatusHistory	java.time.Instant	jdk	java.base
br.com.sawcunhaos.organization.domain.access.status.internal.CompanyStatusHistory	org.hibernate.annotations.CreationTimestamp	externo	hibernate-core-7.4.5.Final.jar
br.com.sawcunhaos.organization.domain.access.status.internal.CompanyStatusHistory$CompanyStatusHistoryBuilder	br.com.sawcunhaos.organization.domain.access.status.internal.CompanyStatusHistory	interno	classes
br.com.sawcunhaos.organization.domain.access.status.internal.CompanyStatusHistory$CompanyStatusHistoryBuilder	br.com.sawcunhaos.organization.domain.access.status.internal.ReasonActivate	interno	classes
br.com.sawcunhaos.organization.domain.access.status.internal.CompanyStatusHistory$CompanyStatusHistoryBuilder	br.com.sawcunhaos.organization.domain.access.status.internal.ReasonDisable	interno	classes
br.com.sawcunhaos.organization.domain.access.status.internal.CompanyStatusHistory$CompanyStatusHistoryBuilder	br.com.sawcunhaos.organization.domain.access.status.internal.ReasonEnable	interno	classes
br.com.sawcunhaos.organization.domain.access.status.internal.CompanyStatusHistory$CompanyStatusHistoryBuilder	br.com.sawcunhaos.organization.domain.access.status.internal.ReasonInactivate	interno	classes
br.com.sawcunhaos.organization.domain.access.status.internal.CompanyStatusHistory$CompanyStatusHistoryBuilder	br.com.sawcunhaos.organization.domain.corporate.company.internal.Company	interno	classes
br.com.sawcunhaos.organization.domain.access.status.internal.CompanyStatusHistory$CompanyStatusHistoryBuilder	br.com.sawcunhaos.organization.domain.corporate.company.internal.StatusCompany	interno	classes
br.com.sawcunhaos.organization.domain.access.status.internal.CompanyStatusHistory$CompanyStatusHistoryBuilder	java.lang.Long	jdk	java.base
br.com.sawcunhaos.organization.domain.access.status.internal.CompanyStatusHistory$CompanyStatusHistoryBuilder	java.lang.Object	jdk	java.base
br.com.sawcunhaos.organization.domain.access.status.internal.CompanyStatusHistory$CompanyStatusHistoryBuilder	java.lang.String	jdk	java.base
br.com.sawcunhaos.organization.domain.access.status.internal.CompanyStatusHistory$CompanyStatusHistoryBuilder	java.lang.invoke.CallSite	jdk	java.base
br.com.sawcunhaos.organization.domain.access.status.internal.CompanyStatusHistory$CompanyStatusHistoryBuilder	java.lang.invoke.MethodHandles	jdk	java.base
br.com.sawcunhaos.organization.domain.access.status.internal.CompanyStatusHistory$CompanyStatusHistoryBuilder	java.lang.invoke.MethodHandles$Lookup	jdk	java.base
br.com.sawcunhaos.organization.domain.access.status.internal.CompanyStatusHistory$CompanyStatusHistoryBuilder	java.lang.invoke.MethodType	jdk	java.base
br.com.sawcunhaos.organization.domain.access.status.internal.CompanyStatusHistory$CompanyStatusHistoryBuilder	java.lang.invoke.StringConcatFactory	jdk	java.base
br.com.sawcunhaos.organization.domain.access.status.internal.CompanyStatusHistory$CompanyStatusHistoryBuilder	java.time.Instant	jdk	java.base
br.com.sawcunhaos.organization.domain.access.status.internal.CompanyStatusHistoryRepository	br.com.sawcunhaos.organization.domain.access.status.internal.CompanyStatusHistory	interno	classes
br.com.sawcunhaos.organization.domain.access.status.internal.CompanyStatusHistoryRepository	io.hypersistence.utils.spring.repository.BaseJpaRepository	externo	hypersistence-utils-hibernate-71-3.15.5.jar
br.com.sawcunhaos.organization.domain.access.status.internal.CompanyStatusHistoryRepository	java.lang.Long	jdk	java.base
br.com.sawcunhaos.organization.domain.access.status.internal.CompanyStatusHistoryRepository	java.lang.Object	jdk	java.base
br.com.sawcunhaos.organization.domain.access.status.internal.CompanyStatusHistoryRepository	org.springframework.data.jpa.repository.JpaSpecificationExecutor	externo	spring-data-jpa-4.1.1.jar
br.com.sawcunhaos.organization.domain.access.status.internal.CompanyStatusHistoryRepository	org.springframework.data.querydsl.QuerydslPredicateExecutor	externo	spring-data-commons-4.1.1.jar
br.com.sawcunhaos.organization.domain.access.status.internal.CompanyStatusHistoryRepository	org.springframework.stereotype.Repository	externo	spring-context-7.0.9.jar
br.com.sawcunhaos.organization.domain.access.status.internal.EmployeeStatusHistory	br.com.sawcunhaos.flow.audit.sdk.api.AuditableEntity	externo	not found
br.com.sawcunhaos.organization.domain.access.status.internal.EmployeeStatusHistory	br.com.sawcunhaos.organization.domain.access.status.internal.EmployeeStatusHistory$EmployeeStatusHistoryBuilder	interno	classes
br.com.sawcunhaos.organization.domain.access.status.internal.EmployeeStatusHistory	br.com.sawcunhaos.organization.domain.access.status.internal.ReasonActivate	interno	classes
br.com.sawcunhaos.organization.domain.access.status.internal.EmployeeStatusHistory	br.com.sawcunhaos.organization.domain.access.status.internal.ReasonDisable	interno	classes
br.com.sawcunhaos.organization.domain.access.status.internal.EmployeeStatusHistory	br.com.sawcunhaos.organization.domain.access.status.internal.ReasonEnable	interno	classes
br.com.sawcunhaos.organization.domain.access.status.internal.EmployeeStatusHistory	br.com.sawcunhaos.organization.domain.access.status.internal.ReasonInactivate	interno	classes
br.com.sawcunhaos.organization.domain.access.status.internal.EmployeeStatusHistory	br.com.sawcunhaos.organization.domain.corporate.employee.internal.Employee	interno	classes
br.com.sawcunhaos.organization.domain.access.status.internal.EmployeeStatusHistory	br.com.sawcunhaos.organization.domain.corporate.employee.internal.StatusEmployee	interno	classes
br.com.sawcunhaos.organization.domain.access.status.internal.EmployeeStatusHistory	jakarta.persistence.Column	externo	jakarta.persistence-api-3.2.0.jar
br.com.sawcunhaos.organization.domain.access.status.internal.EmployeeStatusHistory	jakarta.persistence.Entity	externo	jakarta.persistence-api-3.2.0.jar
br.com.sawcunhaos.organization.domain.access.status.internal.EmployeeStatusHistory	jakarta.persistence.Enumerated	externo	jakarta.persistence-api-3.2.0.jar
br.com.sawcunhaos.organization.domain.access.status.internal.EmployeeStatusHistory	jakarta.persistence.GeneratedValue	externo	jakarta.persistence-api-3.2.0.jar
br.com.sawcunhaos.organization.domain.access.status.internal.EmployeeStatusHistory	jakarta.persistence.Id	externo	jakarta.persistence-api-3.2.0.jar
br.com.sawcunhaos.organization.domain.access.status.internal.EmployeeStatusHistory	jakarta.persistence.JoinColumn	externo	jakarta.persistence-api-3.2.0.jar
br.com.sawcunhaos.organization.domain.access.status.internal.EmployeeStatusHistory	jakarta.persistence.ManyToOne	externo	jakarta.persistence-api-3.2.0.jar
br.com.sawcunhaos.organization.domain.access.status.internal.EmployeeStatusHistory	jakarta.persistence.Table	externo	jakarta.persistence-api-3.2.0.jar
br.com.sawcunhaos.organization.domain.access.status.internal.EmployeeStatusHistory	java.lang.Long	jdk	java.base
br.com.sawcunhaos.organization.domain.access.status.internal.EmployeeStatusHistory	java.lang.Object	jdk	java.base
br.com.sawcunhaos.organization.domain.access.status.internal.EmployeeStatusHistory	java.lang.String	jdk	java.base
br.com.sawcunhaos.organization.domain.access.status.internal.EmployeeStatusHistory	java.time.Instant	jdk	java.base
br.com.sawcunhaos.organization.domain.access.status.internal.EmployeeStatusHistory	java.time.LocalDate	jdk	java.base
br.com.sawcunhaos.organization.domain.access.status.internal.EmployeeStatusHistory	org.hibernate.annotations.CreationTimestamp	externo	hibernate-core-7.4.5.Final.jar
br.com.sawcunhaos.organization.domain.access.status.internal.EmployeeStatusHistory$EmployeeStatusHistoryBuilder	br.com.sawcunhaos.organization.domain.access.status.internal.EmployeeStatusHistory	interno	classes
br.com.sawcunhaos.organization.domain.access.status.internal.EmployeeStatusHistory$EmployeeStatusHistoryBuilder	br.com.sawcunhaos.organization.domain.access.status.internal.ReasonActivate	interno	classes
br.com.sawcunhaos.organization.domain.access.status.internal.EmployeeStatusHistory$EmployeeStatusHistoryBuilder	br.com.sawcunhaos.organization.domain.access.status.internal.ReasonDisable	interno	classes
br.com.sawcunhaos.organization.domain.access.status.internal.EmployeeStatusHistory$EmployeeStatusHistoryBuilder	br.com.sawcunhaos.organization.domain.access.status.internal.ReasonEnable	interno	classes
br.com.sawcunhaos.organization.domain.access.status.internal.EmployeeStatusHistory$EmployeeStatusHistoryBuilder	br.com.sawcunhaos.organization.domain.access.status.internal.ReasonInactivate	interno	classes
br.com.sawcunhaos.organization.domain.access.status.internal.EmployeeStatusHistory$EmployeeStatusHistoryBuilder	br.com.sawcunhaos.organization.domain.corporate.employee.internal.Employee	interno	classes
br.com.sawcunhaos.organization.domain.access.status.internal.EmployeeStatusHistory$EmployeeStatusHistoryBuilder	br.com.sawcunhaos.organization.domain.corporate.employee.internal.StatusEmployee	interno	classes
br.com.sawcunhaos.organization.domain.access.status.internal.EmployeeStatusHistory$EmployeeStatusHistoryBuilder	java.lang.Long	jdk	java.base
br.com.sawcunhaos.organization.domain.access.status.internal.EmployeeStatusHistory$EmployeeStatusHistoryBuilder	java.lang.Object	jdk	java.base
br.com.sawcunhaos.organization.domain.access.status.internal.EmployeeStatusHistory$EmployeeStatusHistoryBuilder	java.lang.String	jdk	java.base
br.com.sawcunhaos.organization.domain.access.status.internal.EmployeeStatusHistory$EmployeeStatusHistoryBuilder	java.lang.invoke.CallSite	jdk	java.base
br.com.sawcunhaos.organization.domain.access.status.internal.EmployeeStatusHistory$EmployeeStatusHistoryBuilder	java.lang.invoke.MethodHandles	jdk	java.base
br.com.sawcunhaos.organization.domain.access.status.internal.EmployeeStatusHistory$EmployeeStatusHistoryBuilder	java.lang.invoke.MethodHandles$Lookup	jdk	java.base
br.com.sawcunhaos.organization.domain.access.status.internal.EmployeeStatusHistory$EmployeeStatusHistoryBuilder	java.lang.invoke.MethodType	jdk	java.base
br.com.sawcunhaos.organization.domain.access.status.internal.EmployeeStatusHistory$EmployeeStatusHistoryBuilder	java.lang.invoke.StringConcatFactory	jdk	java.base
br.com.sawcunhaos.organization.domain.access.status.internal.EmployeeStatusHistory$EmployeeStatusHistoryBuilder	java.time.Instant	jdk	java.base
br.com.sawcunhaos.organization.domain.access.status.internal.EmployeeStatusHistory$EmployeeStatusHistoryBuilder	java.time.LocalDate	jdk	java.base
br.com.sawcunhaos.organization.domain.access.status.internal.EmployeeStatusHistoryRepository	br.com.sawcunhaos.organization.domain.access.status.internal.EmployeeStatusHistory	interno	classes
br.com.sawcunhaos.organization.domain.access.status.internal.EmployeeStatusHistoryRepository	br.com.sawcunhaos.organization.domain.access.status.internal.QEmployeeStatusHistory	interno	classes
br.com.sawcunhaos.organization.domain.access.status.internal.EmployeeStatusHistoryRepository	com.querydsl.core.types.Predicate	externo	querydsl-core-7.6.jar
br.com.sawcunhaos.organization.domain.access.status.internal.EmployeeStatusHistoryRepository	com.querydsl.core.types.dsl.BooleanExpression	externo	querydsl-core-7.6.jar
br.com.sawcunhaos.organization.domain.access.status.internal.EmployeeStatusHistoryRepository	com.querydsl.core.types.dsl.DatePath	externo	querydsl-core-7.6.jar
br.com.sawcunhaos.organization.domain.access.status.internal.EmployeeStatusHistoryRepository	io.hypersistence.utils.spring.repository.BaseJpaRepository	externo	hypersistence-utils-hibernate-71-3.15.5.jar
br.com.sawcunhaos.organization.domain.access.status.internal.EmployeeStatusHistoryRepository	java.lang.Comparable	jdk	java.base
br.com.sawcunhaos.organization.domain.access.status.internal.EmployeeStatusHistoryRepository	java.lang.Iterable	jdk	java.base
br.com.sawcunhaos.organization.domain.access.status.internal.EmployeeStatusHistoryRepository	java.lang.Long	jdk	java.base
br.com.sawcunhaos.organization.domain.access.status.internal.EmployeeStatusHistoryRepository	java.lang.Object	jdk	java.base
br.com.sawcunhaos.organization.domain.access.status.internal.EmployeeStatusHistoryRepository	java.time.LocalDate	jdk	java.base
br.com.sawcunhaos.organization.domain.access.status.internal.EmployeeStatusHistoryRepository	java.util.List	jdk	java.base
br.com.sawcunhaos.organization.domain.access.status.internal.EmployeeStatusHistoryRepository	java.util.Optional	jdk	java.base
br.com.sawcunhaos.organization.domain.access.status.internal.EmployeeStatusHistoryRepository	java.util.Spliterator	jdk	java.base
br.com.sawcunhaos.organization.domain.access.status.internal.EmployeeStatusHistoryRepository	java.util.stream.Stream	jdk	java.base
br.com.sawcunhaos.organization.domain.access.status.internal.EmployeeStatusHistoryRepository	java.util.stream.StreamSupport	jdk	java.base
br.com.sawcunhaos.organization.domain.access.status.internal.EmployeeStatusHistoryRepository	org.springframework.data.jpa.repository.JpaSpecificationExecutor	externo	spring-data-jpa-4.1.1.jar
br.com.sawcunhaos.organization.domain.access.status.internal.EmployeeStatusHistoryRepository	org.springframework.data.querydsl.QuerydslPredicateExecutor	externo	spring-data-commons-4.1.1.jar
br.com.sawcunhaos.organization.domain.access.status.internal.EmployeeStatusHistoryRepository	org.springframework.stereotype.Repository	externo	spring-context-7.0.9.jar
br.com.sawcunhaos.organization.domain.access.status.internal.EntityType	java.lang.Class	jdk	java.base
br.com.sawcunhaos.organization.domain.access.status.internal.EntityType	java.lang.Enum	jdk	java.base
br.com.sawcunhaos.organization.domain.access.status.internal.EntityType	java.lang.Object	jdk	java.base
br.com.sawcunhaos.organization.domain.access.status.internal.EntityType	java.lang.String	jdk	java.base
br.com.sawcunhaos.organization.domain.access.status.internal.EntityType	java.lang.System	jdk	java.base
br.com.sawcunhaos.organization.domain.access.status.internal.LoginStatusHistory	br.com.sawcunhaos.flow.audit.sdk.api.AuditableEntity	externo	not found
br.com.sawcunhaos.organization.domain.access.status.internal.LoginStatusHistory	br.com.sawcunhaos.organization.domain.access.login.internal.Login	interno	classes
br.com.sawcunhaos.organization.domain.access.status.internal.LoginStatusHistory	br.com.sawcunhaos.organization.domain.access.login.internal.LoginStatus	interno	classes
br.com.sawcunhaos.organization.domain.access.status.internal.LoginStatusHistory	br.com.sawcunhaos.organization.domain.access.status.internal.LoginStatusHistory$LoginStatusHistoryBuilder	interno	classes
br.com.sawcunhaos.organization.domain.access.status.internal.LoginStatusHistory	br.com.sawcunhaos.organization.domain.access.status.internal.ReasonActivate	interno	classes
br.com.sawcunhaos.organization.domain.access.status.internal.LoginStatusHistory	br.com.sawcunhaos.organization.domain.access.status.internal.ReasonDisable	interno	classes
br.com.sawcunhaos.organization.domain.access.status.internal.LoginStatusHistory	br.com.sawcunhaos.organization.domain.access.status.internal.ReasonEnable	interno	classes
br.com.sawcunhaos.organization.domain.access.status.internal.LoginStatusHistory	br.com.sawcunhaos.organization.domain.access.status.internal.ReasonInactivate	interno	classes
br.com.sawcunhaos.organization.domain.access.status.internal.LoginStatusHistory	jakarta.persistence.Column	externo	jakarta.persistence-api-3.2.0.jar
br.com.sawcunhaos.organization.domain.access.status.internal.LoginStatusHistory	jakarta.persistence.Entity	externo	jakarta.persistence-api-3.2.0.jar
br.com.sawcunhaos.organization.domain.access.status.internal.LoginStatusHistory	jakarta.persistence.Enumerated	externo	jakarta.persistence-api-3.2.0.jar
br.com.sawcunhaos.organization.domain.access.status.internal.LoginStatusHistory	jakarta.persistence.GeneratedValue	externo	jakarta.persistence-api-3.2.0.jar
br.com.sawcunhaos.organization.domain.access.status.internal.LoginStatusHistory	jakarta.persistence.Id	externo	jakarta.persistence-api-3.2.0.jar
br.com.sawcunhaos.organization.domain.access.status.internal.LoginStatusHistory	jakarta.persistence.JoinColumn	externo	jakarta.persistence-api-3.2.0.jar
br.com.sawcunhaos.organization.domain.access.status.internal.LoginStatusHistory	jakarta.persistence.ManyToOne	externo	jakarta.persistence-api-3.2.0.jar
br.com.sawcunhaos.organization.domain.access.status.internal.LoginStatusHistory	jakarta.persistence.Table	externo	jakarta.persistence-api-3.2.0.jar
br.com.sawcunhaos.organization.domain.access.status.internal.LoginStatusHistory	java.lang.Long	jdk	java.base
br.com.sawcunhaos.organization.domain.access.status.internal.LoginStatusHistory	java.lang.Object	jdk	java.base
br.com.sawcunhaos.organization.domain.access.status.internal.LoginStatusHistory	java.lang.String	jdk	java.base
br.com.sawcunhaos.organization.domain.access.status.internal.LoginStatusHistory	java.time.Instant	jdk	java.base
br.com.sawcunhaos.organization.domain.access.status.internal.LoginStatusHistory	org.hibernate.annotations.CreationTimestamp	externo	hibernate-core-7.4.5.Final.jar
br.com.sawcunhaos.organization.domain.access.status.internal.LoginStatusHistory$LoginStatusHistoryBuilder	br.com.sawcunhaos.organization.domain.access.login.internal.Login	interno	classes
br.com.sawcunhaos.organization.domain.access.status.internal.LoginStatusHistory$LoginStatusHistoryBuilder	br.com.sawcunhaos.organization.domain.access.login.internal.LoginStatus	interno	classes
br.com.sawcunhaos.organization.domain.access.status.internal.LoginStatusHistory$LoginStatusHistoryBuilder	br.com.sawcunhaos.organization.domain.access.status.internal.LoginStatusHistory	interno	classes
br.com.sawcunhaos.organization.domain.access.status.internal.LoginStatusHistory$LoginStatusHistoryBuilder	br.com.sawcunhaos.organization.domain.access.status.internal.ReasonActivate	interno	classes
br.com.sawcunhaos.organization.domain.access.status.internal.LoginStatusHistory$LoginStatusHistoryBuilder	br.com.sawcunhaos.organization.domain.access.status.internal.ReasonDisable	interno	classes
br.com.sawcunhaos.organization.domain.access.status.internal.LoginStatusHistory$LoginStatusHistoryBuilder	br.com.sawcunhaos.organization.domain.access.status.internal.ReasonEnable	interno	classes
br.com.sawcunhaos.organization.domain.access.status.internal.LoginStatusHistory$LoginStatusHistoryBuilder	br.com.sawcunhaos.organization.domain.access.status.internal.ReasonInactivate	interno	classes
br.com.sawcunhaos.organization.domain.access.status.internal.LoginStatusHistory$LoginStatusHistoryBuilder	java.lang.Long	jdk	java.base
br.com.sawcunhaos.organization.domain.access.status.internal.LoginStatusHistory$LoginStatusHistoryBuilder	java.lang.Object	jdk	java.base
br.com.sawcunhaos.organization.domain.access.status.internal.LoginStatusHistory$LoginStatusHistoryBuilder	java.lang.String	jdk	java.base
br.com.sawcunhaos.organization.domain.access.status.internal.LoginStatusHistory$LoginStatusHistoryBuilder	java.lang.invoke.CallSite	jdk	java.base
br.com.sawcunhaos.organization.domain.access.status.internal.LoginStatusHistory$LoginStatusHistoryBuilder	java.lang.invoke.MethodHandles	jdk	java.base
br.com.sawcunhaos.organization.domain.access.status.internal.LoginStatusHistory$LoginStatusHistoryBuilder	java.lang.invoke.MethodHandles$Lookup	jdk	java.base
br.com.sawcunhaos.organization.domain.access.status.internal.LoginStatusHistory$LoginStatusHistoryBuilder	java.lang.invoke.MethodType	jdk	java.base
br.com.sawcunhaos.organization.domain.access.status.internal.LoginStatusHistory$LoginStatusHistoryBuilder	java.lang.invoke.StringConcatFactory	jdk	java.base
br.com.sawcunhaos.organization.domain.access.status.internal.LoginStatusHistory$LoginStatusHistoryBuilder	java.time.Instant	jdk	java.base
br.com.sawcunhaos.organization.domain.access.status.internal.LoginStatusHistoryRepository	br.com.sawcunhaos.organization.domain.access.status.internal.LoginStatusHistory	interno	classes
br.com.sawcunhaos.organization.domain.access.status.internal.LoginStatusHistoryRepository	io.hypersistence.utils.spring.repository.BaseJpaRepository	externo	hypersistence-utils-hibernate-71-3.15.5.jar
br.com.sawcunhaos.organization.domain.access.status.internal.LoginStatusHistoryRepository	java.lang.Long	jdk	java.base
br.com.sawcunhaos.organization.domain.access.status.internal.LoginStatusHistoryRepository	java.lang.Object	jdk	java.base
br.com.sawcunhaos.organization.domain.access.status.internal.LoginStatusHistoryRepository	org.springframework.data.jpa.repository.JpaSpecificationExecutor	externo	spring-data-jpa-4.1.1.jar
br.com.sawcunhaos.organization.domain.access.status.internal.LoginStatusHistoryRepository	org.springframework.data.querydsl.QuerydslPredicateExecutor	externo	spring-data-commons-4.1.1.jar
br.com.sawcunhaos.organization.domain.access.status.internal.LoginStatusHistoryRepository	org.springframework.stereotype.Repository	externo	spring-context-7.0.9.jar
br.com.sawcunhaos.organization.domain.access.status.internal.QCompanyStatusHistory	br.com.sawcunhaos.organization.domain.access.status.internal.CompanyStatusHistory	interno	classes
br.com.sawcunhaos.organization.domain.access.status.internal.QCompanyStatusHistory	br.com.sawcunhaos.organization.domain.access.status.internal.QReasonActivate	interno	classes
br.com.sawcunhaos.organization.domain.access.status.internal.QCompanyStatusHistory	br.com.sawcunhaos.organization.domain.access.status.internal.QReasonDisable	interno	classes
br.com.sawcunhaos.organization.domain.access.status.internal.QCompanyStatusHistory	br.com.sawcunhaos.organization.domain.access.status.internal.QReasonEnable	interno	classes
br.com.sawcunhaos.organization.domain.access.status.internal.QCompanyStatusHistory	br.com.sawcunhaos.organization.domain.access.status.internal.QReasonInactivate	interno	classes
br.com.sawcunhaos.organization.domain.access.status.internal.QCompanyStatusHistory	br.com.sawcunhaos.organization.domain.corporate.company.internal.QCompany	interno	classes
br.com.sawcunhaos.organization.domain.access.status.internal.QCompanyStatusHistory	br.com.sawcunhaos.organization.domain.corporate.company.internal.StatusCompany	interno	classes
br.com.sawcunhaos.organization.domain.access.status.internal.QCompanyStatusHistory	com.querydsl.core.types.Path	externo	querydsl-core-7.6.jar
br.com.sawcunhaos.organization.domain.access.status.internal.QCompanyStatusHistory	com.querydsl.core.types.PathMetadata	externo	querydsl-core-7.6.jar
br.com.sawcunhaos.organization.domain.access.status.internal.QCompanyStatusHistory	com.querydsl.core.types.PathMetadataFactory	externo	querydsl-core-7.6.jar
br.com.sawcunhaos.organization.domain.access.status.internal.QCompanyStatusHistory	com.querydsl.core.types.dsl.DateTimePath	externo	querydsl-core-7.6.jar
br.com.sawcunhaos.organization.domain.access.status.internal.QCompanyStatusHistory	com.querydsl.core.types.dsl.EntityPathBase	externo	querydsl-core-7.6.jar
br.com.sawcunhaos.organization.domain.access.status.internal.QCompanyStatusHistory	com.querydsl.core.types.dsl.EnumPath	externo	querydsl-core-7.6.jar
br.com.sawcunhaos.organization.domain.access.status.internal.QCompanyStatusHistory	com.querydsl.core.types.dsl.NumberPath	externo	querydsl-core-7.6.jar
br.com.sawcunhaos.organization.domain.access.status.internal.QCompanyStatusHistory	com.querydsl.core.types.dsl.PathInits	externo	querydsl-core-7.6.jar
br.com.sawcunhaos.organization.domain.access.status.internal.QCompanyStatusHistory	com.querydsl.core.types.dsl.StringPath	externo	querydsl-core-7.6.jar
br.com.sawcunhaos.organization.domain.access.status.internal.QCompanyStatusHistory	java.lang.Class	jdk	java.base
br.com.sawcunhaos.organization.domain.access.status.internal.QCompanyStatusHistory	java.lang.Long	jdk	java.base
br.com.sawcunhaos.organization.domain.access.status.internal.QCompanyStatusHistory	java.lang.String	jdk	java.base
br.com.sawcunhaos.organization.domain.access.status.internal.QCompanyStatusHistory	java.time.Instant	jdk	java.base
br.com.sawcunhaos.organization.domain.access.status.internal.QEmployeeStatusHistory	br.com.sawcunhaos.organization.domain.access.status.internal.EmployeeStatusHistory	interno	classes
br.com.sawcunhaos.organization.domain.access.status.internal.QEmployeeStatusHistory	br.com.sawcunhaos.organization.domain.access.status.internal.QReasonActivate	interno	classes
br.com.sawcunhaos.organization.domain.access.status.internal.QEmployeeStatusHistory	br.com.sawcunhaos.organization.domain.access.status.internal.QReasonDisable	interno	classes
br.com.sawcunhaos.organization.domain.access.status.internal.QEmployeeStatusHistory	br.com.sawcunhaos.organization.domain.access.status.internal.QReasonEnable	interno	classes
br.com.sawcunhaos.organization.domain.access.status.internal.QEmployeeStatusHistory	br.com.sawcunhaos.organization.domain.access.status.internal.QReasonInactivate	interno	classes
br.com.sawcunhaos.organization.domain.access.status.internal.QEmployeeStatusHistory	br.com.sawcunhaos.organization.domain.corporate.employee.internal.QEmployee	interno	classes
br.com.sawcunhaos.organization.domain.access.status.internal.QEmployeeStatusHistory	br.com.sawcunhaos.organization.domain.corporate.employee.internal.StatusEmployee	interno	classes
br.com.sawcunhaos.organization.domain.access.status.internal.QEmployeeStatusHistory	com.querydsl.core.types.Path	externo	querydsl-core-7.6.jar
br.com.sawcunhaos.organization.domain.access.status.internal.QEmployeeStatusHistory	com.querydsl.core.types.PathMetadata	externo	querydsl-core-7.6.jar
br.com.sawcunhaos.organization.domain.access.status.internal.QEmployeeStatusHistory	com.querydsl.core.types.PathMetadataFactory	externo	querydsl-core-7.6.jar
br.com.sawcunhaos.organization.domain.access.status.internal.QEmployeeStatusHistory	com.querydsl.core.types.dsl.DatePath	externo	querydsl-core-7.6.jar
br.com.sawcunhaos.organization.domain.access.status.internal.QEmployeeStatusHistory	com.querydsl.core.types.dsl.DateTimePath	externo	querydsl-core-7.6.jar
br.com.sawcunhaos.organization.domain.access.status.internal.QEmployeeStatusHistory	com.querydsl.core.types.dsl.EntityPathBase	externo	querydsl-core-7.6.jar
br.com.sawcunhaos.organization.domain.access.status.internal.QEmployeeStatusHistory	com.querydsl.core.types.dsl.EnumPath	externo	querydsl-core-7.6.jar
br.com.sawcunhaos.organization.domain.access.status.internal.QEmployeeStatusHistory	com.querydsl.core.types.dsl.NumberPath	externo	querydsl-core-7.6.jar
br.com.sawcunhaos.organization.domain.access.status.internal.QEmployeeStatusHistory	com.querydsl.core.types.dsl.PathInits	externo	querydsl-core-7.6.jar
br.com.sawcunhaos.organization.domain.access.status.internal.QEmployeeStatusHistory	com.querydsl.core.types.dsl.StringPath	externo	querydsl-core-7.6.jar
br.com.sawcunhaos.organization.domain.access.status.internal.QEmployeeStatusHistory	java.lang.Class	jdk	java.base
br.com.sawcunhaos.organization.domain.access.status.internal.QEmployeeStatusHistory	java.lang.Long	jdk	java.base
br.com.sawcunhaos.organization.domain.access.status.internal.QEmployeeStatusHistory	java.lang.String	jdk	java.base
br.com.sawcunhaos.organization.domain.access.status.internal.QEmployeeStatusHistory	java.time.Instant	jdk	java.base
br.com.sawcunhaos.organization.domain.access.status.internal.QEmployeeStatusHistory	java.time.LocalDate	jdk	java.base
br.com.sawcunhaos.organization.domain.access.status.internal.QLoginStatusHistory	br.com.sawcunhaos.organization.domain.access.login.internal.LoginStatus	interno	classes
br.com.sawcunhaos.organization.domain.access.status.internal.QLoginStatusHistory	br.com.sawcunhaos.organization.domain.access.login.internal.QLogin	interno	classes
br.com.sawcunhaos.organization.domain.access.status.internal.QLoginStatusHistory	br.com.sawcunhaos.organization.domain.access.status.internal.LoginStatusHistory	interno	classes
br.com.sawcunhaos.organization.domain.access.status.internal.QLoginStatusHistory	br.com.sawcunhaos.organization.domain.access.status.internal.QReasonActivate	interno	classes
br.com.sawcunhaos.organization.domain.access.status.internal.QLoginStatusHistory	br.com.sawcunhaos.organization.domain.access.status.internal.QReasonDisable	interno	classes
br.com.sawcunhaos.organization.domain.access.status.internal.QLoginStatusHistory	br.com.sawcunhaos.organization.domain.access.status.internal.QReasonEnable	interno	classes
br.com.sawcunhaos.organization.domain.access.status.internal.QLoginStatusHistory	br.com.sawcunhaos.organization.domain.access.status.internal.QReasonInactivate	interno	classes
br.com.sawcunhaos.organization.domain.access.status.internal.QLoginStatusHistory	com.querydsl.core.types.Path	externo	querydsl-core-7.6.jar
br.com.sawcunhaos.organization.domain.access.status.internal.QLoginStatusHistory	com.querydsl.core.types.PathMetadata	externo	querydsl-core-7.6.jar
br.com.sawcunhaos.organization.domain.access.status.internal.QLoginStatusHistory	com.querydsl.core.types.PathMetadataFactory	externo	querydsl-core-7.6.jar
br.com.sawcunhaos.organization.domain.access.status.internal.QLoginStatusHistory	com.querydsl.core.types.dsl.DateTimePath	externo	querydsl-core-7.6.jar
br.com.sawcunhaos.organization.domain.access.status.internal.QLoginStatusHistory	com.querydsl.core.types.dsl.EntityPathBase	externo	querydsl-core-7.6.jar
br.com.sawcunhaos.organization.domain.access.status.internal.QLoginStatusHistory	com.querydsl.core.types.dsl.EnumPath	externo	querydsl-core-7.6.jar
br.com.sawcunhaos.organization.domain.access.status.internal.QLoginStatusHistory	com.querydsl.core.types.dsl.NumberPath	externo	querydsl-core-7.6.jar
br.com.sawcunhaos.organization.domain.access.status.internal.QLoginStatusHistory	com.querydsl.core.types.dsl.PathInits	externo	querydsl-core-7.6.jar
br.com.sawcunhaos.organization.domain.access.status.internal.QLoginStatusHistory	com.querydsl.core.types.dsl.StringPath	externo	querydsl-core-7.6.jar
br.com.sawcunhaos.organization.domain.access.status.internal.QLoginStatusHistory	java.lang.Class	jdk	java.base
br.com.sawcunhaos.organization.domain.access.status.internal.QLoginStatusHistory	java.lang.Long	jdk	java.base
br.com.sawcunhaos.organization.domain.access.status.internal.QLoginStatusHistory	java.lang.String	jdk	java.base
br.com.sawcunhaos.organization.domain.access.status.internal.QLoginStatusHistory	java.time.Instant	jdk	java.base
br.com.sawcunhaos.organization.domain.access.status.internal.QReasonActivate	br.com.sawcunhaos.foundation.jpa.entity.QBaseEntity	externo	scos-foundation-jpa-1.2.0-SNAPSHOT.jar
br.com.sawcunhaos.organization.domain.access.status.internal.QReasonActivate	br.com.sawcunhaos.organization.domain.access.status.internal.EntityType	interno	classes
br.com.sawcunhaos.organization.domain.access.status.internal.QReasonActivate	br.com.sawcunhaos.organization.domain.access.status.internal.ReasonActivate	interno	classes
br.com.sawcunhaos.organization.domain.access.status.internal.QReasonActivate	com.querydsl.core.types.Path	externo	querydsl-core-7.6.jar
br.com.sawcunhaos.organization.domain.access.status.internal.QReasonActivate	com.querydsl.core.types.PathMetadata	externo	querydsl-core-7.6.jar
br.com.sawcunhaos.organization.domain.access.status.internal.QReasonActivate	com.querydsl.core.types.PathMetadataFactory	externo	querydsl-core-7.6.jar
br.com.sawcunhaos.organization.domain.access.status.internal.QReasonActivate	com.querydsl.core.types.dsl.BooleanPath	externo	querydsl-core-7.6.jar
br.com.sawcunhaos.organization.domain.access.status.internal.QReasonActivate	com.querydsl.core.types.dsl.DateTimePath	externo	querydsl-core-7.6.jar
br.com.sawcunhaos.organization.domain.access.status.internal.QReasonActivate	com.querydsl.core.types.dsl.EntityPathBase	externo	querydsl-core-7.6.jar
br.com.sawcunhaos.organization.domain.access.status.internal.QReasonActivate	com.querydsl.core.types.dsl.EnumPath	externo	querydsl-core-7.6.jar
br.com.sawcunhaos.organization.domain.access.status.internal.QReasonActivate	com.querydsl.core.types.dsl.NumberPath	externo	querydsl-core-7.6.jar
br.com.sawcunhaos.organization.domain.access.status.internal.QReasonActivate	com.querydsl.core.types.dsl.StringPath	externo	querydsl-core-7.6.jar
br.com.sawcunhaos.organization.domain.access.status.internal.QReasonActivate	java.lang.Class	jdk	java.base
br.com.sawcunhaos.organization.domain.access.status.internal.QReasonActivate	java.lang.Long	jdk	java.base
br.com.sawcunhaos.organization.domain.access.status.internal.QReasonActivate	java.lang.String	jdk	java.base
br.com.sawcunhaos.organization.domain.access.status.internal.QReasonActivate	java.time.Instant	jdk	java.base
br.com.sawcunhaos.organization.domain.access.status.internal.QReasonDisable	br.com.sawcunhaos.foundation.jpa.entity.QBaseEntity	externo	scos-foundation-jpa-1.2.0-SNAPSHOT.jar
br.com.sawcunhaos.organization.domain.access.status.internal.QReasonDisable	br.com.sawcunhaos.organization.domain.access.status.internal.EntityType	interno	classes
br.com.sawcunhaos.organization.domain.access.status.internal.QReasonDisable	br.com.sawcunhaos.organization.domain.access.status.internal.ReasonDisable	interno	classes
br.com.sawcunhaos.organization.domain.access.status.internal.QReasonDisable	com.querydsl.core.types.Path	externo	querydsl-core-7.6.jar
br.com.sawcunhaos.organization.domain.access.status.internal.QReasonDisable	com.querydsl.core.types.PathMetadata	externo	querydsl-core-7.6.jar
br.com.sawcunhaos.organization.domain.access.status.internal.QReasonDisable	com.querydsl.core.types.PathMetadataFactory	externo	querydsl-core-7.6.jar
br.com.sawcunhaos.organization.domain.access.status.internal.QReasonDisable	com.querydsl.core.types.dsl.BooleanPath	externo	querydsl-core-7.6.jar
br.com.sawcunhaos.organization.domain.access.status.internal.QReasonDisable	com.querydsl.core.types.dsl.DateTimePath	externo	querydsl-core-7.6.jar
br.com.sawcunhaos.organization.domain.access.status.internal.QReasonDisable	com.querydsl.core.types.dsl.EntityPathBase	externo	querydsl-core-7.6.jar
br.com.sawcunhaos.organization.domain.access.status.internal.QReasonDisable	com.querydsl.core.types.dsl.EnumPath	externo	querydsl-core-7.6.jar
br.com.sawcunhaos.organization.domain.access.status.internal.QReasonDisable	com.querydsl.core.types.dsl.NumberPath	externo	querydsl-core-7.6.jar
br.com.sawcunhaos.organization.domain.access.status.internal.QReasonDisable	com.querydsl.core.types.dsl.StringPath	externo	querydsl-core-7.6.jar
br.com.sawcunhaos.organization.domain.access.status.internal.QReasonDisable	java.lang.Class	jdk	java.base
br.com.sawcunhaos.organization.domain.access.status.internal.QReasonDisable	java.lang.Long	jdk	java.base
br.com.sawcunhaos.organization.domain.access.status.internal.QReasonDisable	java.lang.String	jdk	java.base
br.com.sawcunhaos.organization.domain.access.status.internal.QReasonDisable	java.time.Instant	jdk	java.base
br.com.sawcunhaos.organization.domain.access.status.internal.QReasonEnable	br.com.sawcunhaos.foundation.jpa.entity.QBaseEntity	externo	scos-foundation-jpa-1.2.0-SNAPSHOT.jar
br.com.sawcunhaos.organization.domain.access.status.internal.QReasonEnable	br.com.sawcunhaos.organization.domain.access.status.internal.EntityType	interno	classes
br.com.sawcunhaos.organization.domain.access.status.internal.QReasonEnable	br.com.sawcunhaos.organization.domain.access.status.internal.ReasonEnable	interno	classes
br.com.sawcunhaos.organization.domain.access.status.internal.QReasonEnable	com.querydsl.core.types.Path	externo	querydsl-core-7.6.jar
br.com.sawcunhaos.organization.domain.access.status.internal.QReasonEnable	com.querydsl.core.types.PathMetadata	externo	querydsl-core-7.6.jar
br.com.sawcunhaos.organization.domain.access.status.internal.QReasonEnable	com.querydsl.core.types.PathMetadataFactory	externo	querydsl-core-7.6.jar
br.com.sawcunhaos.organization.domain.access.status.internal.QReasonEnable	com.querydsl.core.types.dsl.BooleanPath	externo	querydsl-core-7.6.jar
br.com.sawcunhaos.organization.domain.access.status.internal.QReasonEnable	com.querydsl.core.types.dsl.DateTimePath	externo	querydsl-core-7.6.jar
br.com.sawcunhaos.organization.domain.access.status.internal.QReasonEnable	com.querydsl.core.types.dsl.EntityPathBase	externo	querydsl-core-7.6.jar
br.com.sawcunhaos.organization.domain.access.status.internal.QReasonEnable	com.querydsl.core.types.dsl.EnumPath	externo	querydsl-core-7.6.jar
br.com.sawcunhaos.organization.domain.access.status.internal.QReasonEnable	com.querydsl.core.types.dsl.NumberPath	externo	querydsl-core-7.6.jar
br.com.sawcunhaos.organization.domain.access.status.internal.QReasonEnable	com.querydsl.core.types.dsl.StringPath	externo	querydsl-core-7.6.jar
br.com.sawcunhaos.organization.domain.access.status.internal.QReasonEnable	java.lang.Class	jdk	java.base
br.com.sawcunhaos.organization.domain.access.status.internal.QReasonEnable	java.lang.Long	jdk	java.base
br.com.sawcunhaos.organization.domain.access.status.internal.QReasonEnable	java.lang.String	jdk	java.base
br.com.sawcunhaos.organization.domain.access.status.internal.QReasonEnable	java.time.Instant	jdk	java.base
br.com.sawcunhaos.organization.domain.access.status.internal.QReasonInactivate	br.com.sawcunhaos.foundation.jpa.entity.QBaseEntity	externo	scos-foundation-jpa-1.2.0-SNAPSHOT.jar
br.com.sawcunhaos.organization.domain.access.status.internal.QReasonInactivate	br.com.sawcunhaos.organization.domain.access.status.internal.EntityType	interno	classes
br.com.sawcunhaos.organization.domain.access.status.internal.QReasonInactivate	br.com.sawcunhaos.organization.domain.access.status.internal.ReasonInactivate	interno	classes
br.com.sawcunhaos.organization.domain.access.status.internal.QReasonInactivate	com.querydsl.core.types.Path	externo	querydsl-core-7.6.jar
br.com.sawcunhaos.organization.domain.access.status.internal.QReasonInactivate	com.querydsl.core.types.PathMetadata	externo	querydsl-core-7.6.jar
br.com.sawcunhaos.organization.domain.access.status.internal.QReasonInactivate	com.querydsl.core.types.PathMetadataFactory	externo	querydsl-core-7.6.jar
br.com.sawcunhaos.organization.domain.access.status.internal.QReasonInactivate	com.querydsl.core.types.dsl.BooleanPath	externo	querydsl-core-7.6.jar
br.com.sawcunhaos.organization.domain.access.status.internal.QReasonInactivate	com.querydsl.core.types.dsl.DateTimePath	externo	querydsl-core-7.6.jar
br.com.sawcunhaos.organization.domain.access.status.internal.QReasonInactivate	com.querydsl.core.types.dsl.EntityPathBase	externo	querydsl-core-7.6.jar
br.com.sawcunhaos.organization.domain.access.status.internal.QReasonInactivate	com.querydsl.core.types.dsl.EnumPath	externo	querydsl-core-7.6.jar
br.com.sawcunhaos.organization.domain.access.status.internal.QReasonInactivate	com.querydsl.core.types.dsl.NumberPath	externo	querydsl-core-7.6.jar
br.com.sawcunhaos.organization.domain.access.status.internal.QReasonInactivate	com.querydsl.core.types.dsl.StringPath	externo	querydsl-core-7.6.jar
br.com.sawcunhaos.organization.domain.access.status.internal.QReasonInactivate	java.lang.Class	jdk	java.base
br.com.sawcunhaos.organization.domain.access.status.internal.QReasonInactivate	java.lang.Long	jdk	java.base
br.com.sawcunhaos.organization.domain.access.status.internal.QReasonInactivate	java.lang.String	jdk	java.base
br.com.sawcunhaos.organization.domain.access.status.internal.QReasonInactivate	java.time.Instant	jdk	java.base
br.com.sawcunhaos.organization.domain.access.status.internal.ReasonActivate	br.com.sawcunhaos.flow.audit.sdk.api.AuditableEntity	externo	not found
br.com.sawcunhaos.organization.domain.access.status.internal.ReasonActivate	br.com.sawcunhaos.foundation.core.exception.ScosException	externo	scos-foundation-core-1.2.0-SNAPSHOT.jar
br.com.sawcunhaos.organization.domain.access.status.internal.ReasonActivate	br.com.sawcunhaos.foundation.core.specification.ExceptionCode	externo	scos-foundation-core-1.2.0-SNAPSHOT.jar
br.com.sawcunhaos.organization.domain.access.status.internal.ReasonActivate	br.com.sawcunhaos.foundation.jpa.entity.BaseEntity	externo	scos-foundation-jpa-1.2.0-SNAPSHOT.jar
br.com.sawcunhaos.organization.domain.access.status.internal.ReasonActivate	br.com.sawcunhaos.organization.domain.access.status.internal.EntityType	interno	classes
br.com.sawcunhaos.organization.domain.access.status.internal.ReasonActivate	br.com.sawcunhaos.organization.domain.access.status.internal.ReasonActivate$ReasonActivateBuilder	interno	classes
br.com.sawcunhaos.organization.domain.access.status.internal.ReasonActivate	br.com.sawcunhaos.organization.shared.exception.ExceptionCodeError	externo	flow-organization-shared-1.0.0-SNAPSHOT.jar
br.com.sawcunhaos.organization.domain.access.status.internal.ReasonActivate	jakarta.persistence.Column	externo	jakarta.persistence-api-3.2.0.jar
br.com.sawcunhaos.organization.domain.access.status.internal.ReasonActivate	jakarta.persistence.Entity	externo	jakarta.persistence-api-3.2.0.jar
br.com.sawcunhaos.organization.domain.access.status.internal.ReasonActivate	jakarta.persistence.Enumerated	externo	jakarta.persistence-api-3.2.0.jar
br.com.sawcunhaos.organization.domain.access.status.internal.ReasonActivate	jakarta.persistence.GeneratedValue	externo	jakarta.persistence-api-3.2.0.jar
br.com.sawcunhaos.organization.domain.access.status.internal.ReasonActivate	jakarta.persistence.Id	externo	jakarta.persistence-api-3.2.0.jar
br.com.sawcunhaos.organization.domain.access.status.internal.ReasonActivate	jakarta.persistence.Table	externo	jakarta.persistence-api-3.2.0.jar
br.com.sawcunhaos.organization.domain.access.status.internal.ReasonActivate	java.lang.Long	jdk	java.base
br.com.sawcunhaos.organization.domain.access.status.internal.ReasonActivate	java.lang.String	jdk	java.base
br.com.sawcunhaos.organization.domain.access.status.internal.ReasonActivate$ReasonActivateBuilder	br.com.sawcunhaos.organization.domain.access.status.internal.EntityType	interno	classes
br.com.sawcunhaos.organization.domain.access.status.internal.ReasonActivate$ReasonActivateBuilder	br.com.sawcunhaos.organization.domain.access.status.internal.ReasonActivate	interno	classes
br.com.sawcunhaos.organization.domain.access.status.internal.ReasonActivate$ReasonActivateBuilder	java.lang.Long	jdk	java.base
br.com.sawcunhaos.organization.domain.access.status.internal.ReasonActivate$ReasonActivateBuilder	java.lang.Object	jdk	java.base
br.com.sawcunhaos.organization.domain.access.status.internal.ReasonActivate$ReasonActivateBuilder	java.lang.String	jdk	java.base
br.com.sawcunhaos.organization.domain.access.status.internal.ReasonActivate$ReasonActivateBuilder	java.lang.invoke.CallSite	jdk	java.base
br.com.sawcunhaos.organization.domain.access.status.internal.ReasonActivate$ReasonActivateBuilder	java.lang.invoke.MethodHandles	jdk	java.base
br.com.sawcunhaos.organization.domain.access.status.internal.ReasonActivate$ReasonActivateBuilder	java.lang.invoke.MethodHandles$Lookup	jdk	java.base
br.com.sawcunhaos.organization.domain.access.status.internal.ReasonActivate$ReasonActivateBuilder	java.lang.invoke.MethodType	jdk	java.base
br.com.sawcunhaos.organization.domain.access.status.internal.ReasonActivate$ReasonActivateBuilder	java.lang.invoke.StringConcatFactory	jdk	java.base
br.com.sawcunhaos.organization.domain.access.status.internal.ReasonActivatePredicates	br.com.sawcunhaos.organization.domain.access.status.internal.EntityType	interno	classes
br.com.sawcunhaos.organization.domain.access.status.internal.ReasonActivatePredicates	br.com.sawcunhaos.organization.domain.access.status.internal.QReasonActivate	interno	classes
br.com.sawcunhaos.organization.domain.access.status.internal.ReasonActivatePredicates	com.querydsl.core.BooleanBuilder	externo	querydsl-core-7.6.jar
br.com.sawcunhaos.organization.domain.access.status.internal.ReasonActivatePredicates	com.querydsl.core.types.Predicate	externo	querydsl-core-7.6.jar
br.com.sawcunhaos.organization.domain.access.status.internal.ReasonActivatePredicates	com.querydsl.core.types.dsl.BooleanExpression	externo	querydsl-core-7.6.jar
br.com.sawcunhaos.organization.domain.access.status.internal.ReasonActivatePredicates	com.querydsl.core.types.dsl.BooleanPath	externo	querydsl-core-7.6.jar
br.com.sawcunhaos.organization.domain.access.status.internal.ReasonActivatePredicates	com.querydsl.core.types.dsl.EnumPath	externo	querydsl-core-7.6.jar
br.com.sawcunhaos.organization.domain.access.status.internal.ReasonActivatePredicates	com.querydsl.core.types.dsl.NumberPath	externo	querydsl-core-7.6.jar
br.com.sawcunhaos.organization.domain.access.status.internal.ReasonActivatePredicates	com.querydsl.core.types.dsl.StringPath	externo	querydsl-core-7.6.jar
br.com.sawcunhaos.organization.domain.access.status.internal.ReasonActivatePredicates	java.lang.Boolean	jdk	java.base
br.com.sawcunhaos.organization.domain.access.status.internal.ReasonActivatePredicates	java.lang.Long	jdk	java.base
br.com.sawcunhaos.organization.domain.access.status.internal.ReasonActivatePredicates	java.lang.Object	jdk	java.base
br.com.sawcunhaos.organization.domain.access.status.internal.ReasonActivatePredicates	java.lang.String	jdk	java.base
br.com.sawcunhaos.organization.domain.access.status.internal.ReasonActivatePredicates	java.util.Objects	jdk	java.base
br.com.sawcunhaos.organization.domain.access.status.internal.ReasonActivateRepository	br.com.sawcunhaos.organization.domain.access.status.internal.EntityType	interno	classes
br.com.sawcunhaos.organization.domain.access.status.internal.ReasonActivateRepository	br.com.sawcunhaos.organization.domain.access.status.internal.ReasonActivate	interno	classes
br.com.sawcunhaos.organization.domain.access.status.internal.ReasonActivateRepository	br.com.sawcunhaos.organization.domain.access.status.internal.ReasonActivatePredicates	interno	classes
br.com.sawcunhaos.organization.domain.access.status.internal.ReasonActivateRepository	com.querydsl.core.types.Predicate	externo	querydsl-core-7.6.jar
br.com.sawcunhaos.organization.domain.access.status.internal.ReasonActivateRepository	io.hypersistence.utils.spring.repository.BaseJpaRepository	externo	hypersistence-utils-hibernate-71-3.15.5.jar
br.com.sawcunhaos.organization.domain.access.status.internal.ReasonActivateRepository	java.lang.Boolean	jdk	java.base
br.com.sawcunhaos.organization.domain.access.status.internal.ReasonActivateRepository	java.lang.Long	jdk	java.base
br.com.sawcunhaos.organization.domain.access.status.internal.ReasonActivateRepository	java.lang.Object	jdk	java.base
br.com.sawcunhaos.organization.domain.access.status.internal.ReasonActivateRepository	java.lang.String	jdk	java.base
br.com.sawcunhaos.organization.domain.access.status.internal.ReasonActivateRepository	java.util.Objects	jdk	java.base
br.com.sawcunhaos.organization.domain.access.status.internal.ReasonActivateRepository	org.springframework.data.domain.Page	externo	spring-data-commons-4.1.1.jar
br.com.sawcunhaos.organization.domain.access.status.internal.ReasonActivateRepository	org.springframework.data.domain.Pageable	externo	spring-data-commons-4.1.1.jar
br.com.sawcunhaos.organization.domain.access.status.internal.ReasonActivateRepository	org.springframework.data.jpa.repository.JpaSpecificationExecutor	externo	spring-data-jpa-4.1.1.jar
br.com.sawcunhaos.organization.domain.access.status.internal.ReasonActivateRepository	org.springframework.data.querydsl.QuerydslPredicateExecutor	externo	spring-data-commons-4.1.1.jar
br.com.sawcunhaos.organization.domain.access.status.internal.ReasonActivateRepository	org.springframework.stereotype.Repository	externo	spring-context-7.0.9.jar
br.com.sawcunhaos.organization.domain.access.status.internal.ReasonDisable	br.com.sawcunhaos.flow.audit.sdk.api.AuditableEntity	externo	not found
br.com.sawcunhaos.organization.domain.access.status.internal.ReasonDisable	br.com.sawcunhaos.foundation.core.exception.ScosException	externo	scos-foundation-core-1.2.0-SNAPSHOT.jar
br.com.sawcunhaos.organization.domain.access.status.internal.ReasonDisable	br.com.sawcunhaos.foundation.core.specification.ExceptionCode	externo	scos-foundation-core-1.2.0-SNAPSHOT.jar
br.com.sawcunhaos.organization.domain.access.status.internal.ReasonDisable	br.com.sawcunhaos.foundation.jpa.entity.BaseEntity	externo	scos-foundation-jpa-1.2.0-SNAPSHOT.jar
br.com.sawcunhaos.organization.domain.access.status.internal.ReasonDisable	br.com.sawcunhaos.organization.domain.access.status.internal.EntityType	interno	classes
br.com.sawcunhaos.organization.domain.access.status.internal.ReasonDisable	br.com.sawcunhaos.organization.domain.access.status.internal.ReasonDisable$ReasonDisableBuilder	interno	classes
br.com.sawcunhaos.organization.domain.access.status.internal.ReasonDisable	br.com.sawcunhaos.organization.shared.exception.ExceptionCodeError	externo	flow-organization-shared-1.0.0-SNAPSHOT.jar
br.com.sawcunhaos.organization.domain.access.status.internal.ReasonDisable	jakarta.persistence.Column	externo	jakarta.persistence-api-3.2.0.jar
br.com.sawcunhaos.organization.domain.access.status.internal.ReasonDisable	jakarta.persistence.Entity	externo	jakarta.persistence-api-3.2.0.jar
br.com.sawcunhaos.organization.domain.access.status.internal.ReasonDisable	jakarta.persistence.Enumerated	externo	jakarta.persistence-api-3.2.0.jar
br.com.sawcunhaos.organization.domain.access.status.internal.ReasonDisable	jakarta.persistence.GeneratedValue	externo	jakarta.persistence-api-3.2.0.jar
br.com.sawcunhaos.organization.domain.access.status.internal.ReasonDisable	jakarta.persistence.Id	externo	jakarta.persistence-api-3.2.0.jar
br.com.sawcunhaos.organization.domain.access.status.internal.ReasonDisable	jakarta.persistence.Table	externo	jakarta.persistence-api-3.2.0.jar
br.com.sawcunhaos.organization.domain.access.status.internal.ReasonDisable	java.lang.Long	jdk	java.base
br.com.sawcunhaos.organization.domain.access.status.internal.ReasonDisable	java.lang.String	jdk	java.base
br.com.sawcunhaos.organization.domain.access.status.internal.ReasonDisable$ReasonDisableBuilder	br.com.sawcunhaos.organization.domain.access.status.internal.EntityType	interno	classes
br.com.sawcunhaos.organization.domain.access.status.internal.ReasonDisable$ReasonDisableBuilder	br.com.sawcunhaos.organization.domain.access.status.internal.ReasonDisable	interno	classes
br.com.sawcunhaos.organization.domain.access.status.internal.ReasonDisable$ReasonDisableBuilder	java.lang.Long	jdk	java.base
br.com.sawcunhaos.organization.domain.access.status.internal.ReasonDisable$ReasonDisableBuilder	java.lang.Object	jdk	java.base
br.com.sawcunhaos.organization.domain.access.status.internal.ReasonDisable$ReasonDisableBuilder	java.lang.String	jdk	java.base
br.com.sawcunhaos.organization.domain.access.status.internal.ReasonDisable$ReasonDisableBuilder	java.lang.invoke.CallSite	jdk	java.base
br.com.sawcunhaos.organization.domain.access.status.internal.ReasonDisable$ReasonDisableBuilder	java.lang.invoke.MethodHandles	jdk	java.base
br.com.sawcunhaos.organization.domain.access.status.internal.ReasonDisable$ReasonDisableBuilder	java.lang.invoke.MethodHandles$Lookup	jdk	java.base
br.com.sawcunhaos.organization.domain.access.status.internal.ReasonDisable$ReasonDisableBuilder	java.lang.invoke.MethodType	jdk	java.base
br.com.sawcunhaos.organization.domain.access.status.internal.ReasonDisable$ReasonDisableBuilder	java.lang.invoke.StringConcatFactory	jdk	java.base
br.com.sawcunhaos.organization.domain.access.status.internal.ReasonDisablePredicates	br.com.sawcunhaos.organization.domain.access.status.internal.EntityType	interno	classes
br.com.sawcunhaos.organization.domain.access.status.internal.ReasonDisablePredicates	br.com.sawcunhaos.organization.domain.access.status.internal.QReasonDisable	interno	classes
br.com.sawcunhaos.organization.domain.access.status.internal.ReasonDisablePredicates	com.querydsl.core.BooleanBuilder	externo	querydsl-core-7.6.jar
br.com.sawcunhaos.organization.domain.access.status.internal.ReasonDisablePredicates	com.querydsl.core.types.Predicate	externo	querydsl-core-7.6.jar
br.com.sawcunhaos.organization.domain.access.status.internal.ReasonDisablePredicates	com.querydsl.core.types.dsl.BooleanExpression	externo	querydsl-core-7.6.jar
br.com.sawcunhaos.organization.domain.access.status.internal.ReasonDisablePredicates	com.querydsl.core.types.dsl.BooleanPath	externo	querydsl-core-7.6.jar
br.com.sawcunhaos.organization.domain.access.status.internal.ReasonDisablePredicates	com.querydsl.core.types.dsl.EnumPath	externo	querydsl-core-7.6.jar
br.com.sawcunhaos.organization.domain.access.status.internal.ReasonDisablePredicates	com.querydsl.core.types.dsl.NumberPath	externo	querydsl-core-7.6.jar
br.com.sawcunhaos.organization.domain.access.status.internal.ReasonDisablePredicates	com.querydsl.core.types.dsl.StringPath	externo	querydsl-core-7.6.jar
br.com.sawcunhaos.organization.domain.access.status.internal.ReasonDisablePredicates	java.lang.Boolean	jdk	java.base
br.com.sawcunhaos.organization.domain.access.status.internal.ReasonDisablePredicates	java.lang.Long	jdk	java.base
br.com.sawcunhaos.organization.domain.access.status.internal.ReasonDisablePredicates	java.lang.Object	jdk	java.base
br.com.sawcunhaos.organization.domain.access.status.internal.ReasonDisablePredicates	java.lang.String	jdk	java.base
br.com.sawcunhaos.organization.domain.access.status.internal.ReasonDisablePredicates	java.util.Objects	jdk	java.base
br.com.sawcunhaos.organization.domain.access.status.internal.ReasonDisableRepository	br.com.sawcunhaos.organization.domain.access.status.internal.EntityType	interno	classes
br.com.sawcunhaos.organization.domain.access.status.internal.ReasonDisableRepository	br.com.sawcunhaos.organization.domain.access.status.internal.ReasonDisable	interno	classes
br.com.sawcunhaos.organization.domain.access.status.internal.ReasonDisableRepository	br.com.sawcunhaos.organization.domain.access.status.internal.ReasonDisablePredicates	interno	classes
br.com.sawcunhaos.organization.domain.access.status.internal.ReasonDisableRepository	com.querydsl.core.types.Predicate	externo	querydsl-core-7.6.jar
br.com.sawcunhaos.organization.domain.access.status.internal.ReasonDisableRepository	io.hypersistence.utils.spring.repository.BaseJpaRepository	externo	hypersistence-utils-hibernate-71-3.15.5.jar
br.com.sawcunhaos.organization.domain.access.status.internal.ReasonDisableRepository	java.lang.Boolean	jdk	java.base
br.com.sawcunhaos.organization.domain.access.status.internal.ReasonDisableRepository	java.lang.Long	jdk	java.base
br.com.sawcunhaos.organization.domain.access.status.internal.ReasonDisableRepository	java.lang.Object	jdk	java.base
br.com.sawcunhaos.organization.domain.access.status.internal.ReasonDisableRepository	java.lang.String	jdk	java.base
br.com.sawcunhaos.organization.domain.access.status.internal.ReasonDisableRepository	java.util.Objects	jdk	java.base
br.com.sawcunhaos.organization.domain.access.status.internal.ReasonDisableRepository	org.springframework.data.domain.Page	externo	spring-data-commons-4.1.1.jar
br.com.sawcunhaos.organization.domain.access.status.internal.ReasonDisableRepository	org.springframework.data.domain.Pageable	externo	spring-data-commons-4.1.1.jar
br.com.sawcunhaos.organization.domain.access.status.internal.ReasonDisableRepository	org.springframework.data.jpa.repository.JpaSpecificationExecutor	externo	spring-data-jpa-4.1.1.jar
br.com.sawcunhaos.organization.domain.access.status.internal.ReasonDisableRepository	org.springframework.data.querydsl.QuerydslPredicateExecutor	externo	spring-data-commons-4.1.1.jar
br.com.sawcunhaos.organization.domain.access.status.internal.ReasonDisableRepository	org.springframework.stereotype.Repository	externo	spring-context-7.0.9.jar
br.com.sawcunhaos.organization.domain.access.status.internal.ReasonEnable	br.com.sawcunhaos.flow.audit.sdk.api.AuditableEntity	externo	not found
br.com.sawcunhaos.organization.domain.access.status.internal.ReasonEnable	br.com.sawcunhaos.foundation.core.exception.ScosException	externo	scos-foundation-core-1.2.0-SNAPSHOT.jar
br.com.sawcunhaos.organization.domain.access.status.internal.ReasonEnable	br.com.sawcunhaos.foundation.core.specification.ExceptionCode	externo	scos-foundation-core-1.2.0-SNAPSHOT.jar
br.com.sawcunhaos.organization.domain.access.status.internal.ReasonEnable	br.com.sawcunhaos.foundation.jpa.entity.BaseEntity	externo	scos-foundation-jpa-1.2.0-SNAPSHOT.jar
br.com.sawcunhaos.organization.domain.access.status.internal.ReasonEnable	br.com.sawcunhaos.organization.domain.access.status.internal.EntityType	interno	classes
br.com.sawcunhaos.organization.domain.access.status.internal.ReasonEnable	br.com.sawcunhaos.organization.domain.access.status.internal.ReasonEnable$ReasonEnableBuilder	interno	classes
br.com.sawcunhaos.organization.domain.access.status.internal.ReasonEnable	br.com.sawcunhaos.organization.shared.exception.ExceptionCodeError	externo	flow-organization-shared-1.0.0-SNAPSHOT.jar
br.com.sawcunhaos.organization.domain.access.status.internal.ReasonEnable	jakarta.persistence.Column	externo	jakarta.persistence-api-3.2.0.jar
br.com.sawcunhaos.organization.domain.access.status.internal.ReasonEnable	jakarta.persistence.Entity	externo	jakarta.persistence-api-3.2.0.jar
br.com.sawcunhaos.organization.domain.access.status.internal.ReasonEnable	jakarta.persistence.Enumerated	externo	jakarta.persistence-api-3.2.0.jar
br.com.sawcunhaos.organization.domain.access.status.internal.ReasonEnable	jakarta.persistence.GeneratedValue	externo	jakarta.persistence-api-3.2.0.jar
br.com.sawcunhaos.organization.domain.access.status.internal.ReasonEnable	jakarta.persistence.Id	externo	jakarta.persistence-api-3.2.0.jar
br.com.sawcunhaos.organization.domain.access.status.internal.ReasonEnable	jakarta.persistence.Table	externo	jakarta.persistence-api-3.2.0.jar
br.com.sawcunhaos.organization.domain.access.status.internal.ReasonEnable	java.lang.Long	jdk	java.base
br.com.sawcunhaos.organization.domain.access.status.internal.ReasonEnable	java.lang.String	jdk	java.base
br.com.sawcunhaos.organization.domain.access.status.internal.ReasonEnable$ReasonEnableBuilder	br.com.sawcunhaos.organization.domain.access.status.internal.EntityType	interno	classes
br.com.sawcunhaos.organization.domain.access.status.internal.ReasonEnable$ReasonEnableBuilder	br.com.sawcunhaos.organization.domain.access.status.internal.ReasonEnable	interno	classes
br.com.sawcunhaos.organization.domain.access.status.internal.ReasonEnable$ReasonEnableBuilder	java.lang.Long	jdk	java.base
br.com.sawcunhaos.organization.domain.access.status.internal.ReasonEnable$ReasonEnableBuilder	java.lang.Object	jdk	java.base
br.com.sawcunhaos.organization.domain.access.status.internal.ReasonEnable$ReasonEnableBuilder	java.lang.String	jdk	java.base
br.com.sawcunhaos.organization.domain.access.status.internal.ReasonEnable$ReasonEnableBuilder	java.lang.invoke.CallSite	jdk	java.base
br.com.sawcunhaos.organization.domain.access.status.internal.ReasonEnable$ReasonEnableBuilder	java.lang.invoke.MethodHandles	jdk	java.base
br.com.sawcunhaos.organization.domain.access.status.internal.ReasonEnable$ReasonEnableBuilder	java.lang.invoke.MethodHandles$Lookup	jdk	java.base
br.com.sawcunhaos.organization.domain.access.status.internal.ReasonEnable$ReasonEnableBuilder	java.lang.invoke.MethodType	jdk	java.base
br.com.sawcunhaos.organization.domain.access.status.internal.ReasonEnable$ReasonEnableBuilder	java.lang.invoke.StringConcatFactory	jdk	java.base
br.com.sawcunhaos.organization.domain.access.status.internal.ReasonEnablePredicates	br.com.sawcunhaos.organization.domain.access.status.internal.EntityType	interno	classes
br.com.sawcunhaos.organization.domain.access.status.internal.ReasonEnablePredicates	br.com.sawcunhaos.organization.domain.access.status.internal.QReasonEnable	interno	classes
br.com.sawcunhaos.organization.domain.access.status.internal.ReasonEnablePredicates	com.querydsl.core.BooleanBuilder	externo	querydsl-core-7.6.jar
br.com.sawcunhaos.organization.domain.access.status.internal.ReasonEnablePredicates	com.querydsl.core.types.Predicate	externo	querydsl-core-7.6.jar
br.com.sawcunhaos.organization.domain.access.status.internal.ReasonEnablePredicates	com.querydsl.core.types.dsl.BooleanExpression	externo	querydsl-core-7.6.jar
br.com.sawcunhaos.organization.domain.access.status.internal.ReasonEnablePredicates	com.querydsl.core.types.dsl.BooleanPath	externo	querydsl-core-7.6.jar
br.com.sawcunhaos.organization.domain.access.status.internal.ReasonEnablePredicates	com.querydsl.core.types.dsl.EnumPath	externo	querydsl-core-7.6.jar
br.com.sawcunhaos.organization.domain.access.status.internal.ReasonEnablePredicates	com.querydsl.core.types.dsl.NumberPath	externo	querydsl-core-7.6.jar
br.com.sawcunhaos.organization.domain.access.status.internal.ReasonEnablePredicates	com.querydsl.core.types.dsl.StringPath	externo	querydsl-core-7.6.jar
br.com.sawcunhaos.organization.domain.access.status.internal.ReasonEnablePredicates	java.lang.Boolean	jdk	java.base
br.com.sawcunhaos.organization.domain.access.status.internal.ReasonEnablePredicates	java.lang.Long	jdk	java.base
br.com.sawcunhaos.organization.domain.access.status.internal.ReasonEnablePredicates	java.lang.Object	jdk	java.base
br.com.sawcunhaos.organization.domain.access.status.internal.ReasonEnablePredicates	java.lang.String	jdk	java.base
br.com.sawcunhaos.organization.domain.access.status.internal.ReasonEnablePredicates	java.util.Objects	jdk	java.base
br.com.sawcunhaos.organization.domain.access.status.internal.ReasonEnableRepository	br.com.sawcunhaos.organization.domain.access.status.internal.EntityType	interno	classes
br.com.sawcunhaos.organization.domain.access.status.internal.ReasonEnableRepository	br.com.sawcunhaos.organization.domain.access.status.internal.ReasonEnable	interno	classes
br.com.sawcunhaos.organization.domain.access.status.internal.ReasonEnableRepository	br.com.sawcunhaos.organization.domain.access.status.internal.ReasonEnablePredicates	interno	classes
br.com.sawcunhaos.organization.domain.access.status.internal.ReasonEnableRepository	com.querydsl.core.types.Predicate	externo	querydsl-core-7.6.jar
br.com.sawcunhaos.organization.domain.access.status.internal.ReasonEnableRepository	io.hypersistence.utils.spring.repository.BaseJpaRepository	externo	hypersistence-utils-hibernate-71-3.15.5.jar
br.com.sawcunhaos.organization.domain.access.status.internal.ReasonEnableRepository	java.lang.Boolean	jdk	java.base
br.com.sawcunhaos.organization.domain.access.status.internal.ReasonEnableRepository	java.lang.Long	jdk	java.base
br.com.sawcunhaos.organization.domain.access.status.internal.ReasonEnableRepository	java.lang.Object	jdk	java.base
br.com.sawcunhaos.organization.domain.access.status.internal.ReasonEnableRepository	java.lang.String	jdk	java.base
br.com.sawcunhaos.organization.domain.access.status.internal.ReasonEnableRepository	java.util.Objects	jdk	java.base
br.com.sawcunhaos.organization.domain.access.status.internal.ReasonEnableRepository	org.springframework.data.domain.Page	externo	spring-data-commons-4.1.1.jar
br.com.sawcunhaos.organization.domain.access.status.internal.ReasonEnableRepository	org.springframework.data.domain.Pageable	externo	spring-data-commons-4.1.1.jar
br.com.sawcunhaos.organization.domain.access.status.internal.ReasonEnableRepository	org.springframework.data.jpa.repository.JpaSpecificationExecutor	externo	spring-data-jpa-4.1.1.jar
br.com.sawcunhaos.organization.domain.access.status.internal.ReasonEnableRepository	org.springframework.data.querydsl.QuerydslPredicateExecutor	externo	spring-data-commons-4.1.1.jar
br.com.sawcunhaos.organization.domain.access.status.internal.ReasonEnableRepository	org.springframework.stereotype.Repository	externo	spring-context-7.0.9.jar
br.com.sawcunhaos.organization.domain.access.status.internal.ReasonInactivate	br.com.sawcunhaos.flow.audit.sdk.api.AuditableEntity	externo	not found
br.com.sawcunhaos.organization.domain.access.status.internal.ReasonInactivate	br.com.sawcunhaos.foundation.core.exception.ScosException	externo	scos-foundation-core-1.2.0-SNAPSHOT.jar
br.com.sawcunhaos.organization.domain.access.status.internal.ReasonInactivate	br.com.sawcunhaos.foundation.core.specification.ExceptionCode	externo	scos-foundation-core-1.2.0-SNAPSHOT.jar
br.com.sawcunhaos.organization.domain.access.status.internal.ReasonInactivate	br.com.sawcunhaos.foundation.jpa.entity.BaseEntity	externo	scos-foundation-jpa-1.2.0-SNAPSHOT.jar
br.com.sawcunhaos.organization.domain.access.status.internal.ReasonInactivate	br.com.sawcunhaos.organization.domain.access.status.internal.EntityType	interno	classes
br.com.sawcunhaos.organization.domain.access.status.internal.ReasonInactivate	br.com.sawcunhaos.organization.domain.access.status.internal.ReasonInactivate$ReasonInactivateBuilder	interno	classes
br.com.sawcunhaos.organization.domain.access.status.internal.ReasonInactivate	br.com.sawcunhaos.organization.shared.exception.ExceptionCodeError	externo	flow-organization-shared-1.0.0-SNAPSHOT.jar
br.com.sawcunhaos.organization.domain.access.status.internal.ReasonInactivate	jakarta.persistence.Column	externo	jakarta.persistence-api-3.2.0.jar
br.com.sawcunhaos.organization.domain.access.status.internal.ReasonInactivate	jakarta.persistence.Entity	externo	jakarta.persistence-api-3.2.0.jar
br.com.sawcunhaos.organization.domain.access.status.internal.ReasonInactivate	jakarta.persistence.Enumerated	externo	jakarta.persistence-api-3.2.0.jar
br.com.sawcunhaos.organization.domain.access.status.internal.ReasonInactivate	jakarta.persistence.GeneratedValue	externo	jakarta.persistence-api-3.2.0.jar
br.com.sawcunhaos.organization.domain.access.status.internal.ReasonInactivate	jakarta.persistence.Id	externo	jakarta.persistence-api-3.2.0.jar
br.com.sawcunhaos.organization.domain.access.status.internal.ReasonInactivate	jakarta.persistence.Table	externo	jakarta.persistence-api-3.2.0.jar
br.com.sawcunhaos.organization.domain.access.status.internal.ReasonInactivate	java.lang.Long	jdk	java.base
br.com.sawcunhaos.organization.domain.access.status.internal.ReasonInactivate	java.lang.String	jdk	java.base
br.com.sawcunhaos.organization.domain.access.status.internal.ReasonInactivate$ReasonInactivateBuilder	br.com.sawcunhaos.organization.domain.access.status.internal.EntityType	interno	classes
br.com.sawcunhaos.organization.domain.access.status.internal.ReasonInactivate$ReasonInactivateBuilder	br.com.sawcunhaos.organization.domain.access.status.internal.ReasonInactivate	interno	classes
br.com.sawcunhaos.organization.domain.access.status.internal.ReasonInactivate$ReasonInactivateBuilder	java.lang.Long	jdk	java.base
br.com.sawcunhaos.organization.domain.access.status.internal.ReasonInactivate$ReasonInactivateBuilder	java.lang.Object	jdk	java.base
br.com.sawcunhaos.organization.domain.access.status.internal.ReasonInactivate$ReasonInactivateBuilder	java.lang.String	jdk	java.base
br.com.sawcunhaos.organization.domain.access.status.internal.ReasonInactivate$ReasonInactivateBuilder	java.lang.invoke.CallSite	jdk	java.base
br.com.sawcunhaos.organization.domain.access.status.internal.ReasonInactivate$ReasonInactivateBuilder	java.lang.invoke.MethodHandles	jdk	java.base
br.com.sawcunhaos.organization.domain.access.status.internal.ReasonInactivate$ReasonInactivateBuilder	java.lang.invoke.MethodHandles$Lookup	jdk	java.base
br.com.sawcunhaos.organization.domain.access.status.internal.ReasonInactivate$ReasonInactivateBuilder	java.lang.invoke.MethodType	jdk	java.base
br.com.sawcunhaos.organization.domain.access.status.internal.ReasonInactivate$ReasonInactivateBuilder	java.lang.invoke.StringConcatFactory	jdk	java.base
br.com.sawcunhaos.organization.domain.access.status.internal.ReasonInactivatePredicates	br.com.sawcunhaos.organization.domain.access.status.internal.EntityType	interno	classes
br.com.sawcunhaos.organization.domain.access.status.internal.ReasonInactivatePredicates	br.com.sawcunhaos.organization.domain.access.status.internal.QReasonInactivate	interno	classes
br.com.sawcunhaos.organization.domain.access.status.internal.ReasonInactivatePredicates	com.querydsl.core.BooleanBuilder	externo	querydsl-core-7.6.jar
br.com.sawcunhaos.organization.domain.access.status.internal.ReasonInactivatePredicates	com.querydsl.core.types.Predicate	externo	querydsl-core-7.6.jar
br.com.sawcunhaos.organization.domain.access.status.internal.ReasonInactivatePredicates	com.querydsl.core.types.dsl.BooleanExpression	externo	querydsl-core-7.6.jar
br.com.sawcunhaos.organization.domain.access.status.internal.ReasonInactivatePredicates	com.querydsl.core.types.dsl.BooleanPath	externo	querydsl-core-7.6.jar
br.com.sawcunhaos.organization.domain.access.status.internal.ReasonInactivatePredicates	com.querydsl.core.types.dsl.EnumPath	externo	querydsl-core-7.6.jar
br.com.sawcunhaos.organization.domain.access.status.internal.ReasonInactivatePredicates	com.querydsl.core.types.dsl.NumberPath	externo	querydsl-core-7.6.jar
br.com.sawcunhaos.organization.domain.access.status.internal.ReasonInactivatePredicates	com.querydsl.core.types.dsl.StringPath	externo	querydsl-core-7.6.jar
br.com.sawcunhaos.organization.domain.access.status.internal.ReasonInactivatePredicates	java.lang.Boolean	jdk	java.base
br.com.sawcunhaos.organization.domain.access.status.internal.ReasonInactivatePredicates	java.lang.Long	jdk	java.base
br.com.sawcunhaos.organization.domain.access.status.internal.ReasonInactivatePredicates	java.lang.Object	jdk	java.base
br.com.sawcunhaos.organization.domain.access.status.internal.ReasonInactivatePredicates	java.lang.String	jdk	java.base
br.com.sawcunhaos.organization.domain.access.status.internal.ReasonInactivatePredicates	java.util.Objects	jdk	java.base
br.com.sawcunhaos.organization.domain.access.status.internal.ReasonInactivateRepository	br.com.sawcunhaos.organization.domain.access.status.internal.EntityType	interno	classes
br.com.sawcunhaos.organization.domain.access.status.internal.ReasonInactivateRepository	br.com.sawcunhaos.organization.domain.access.status.internal.ReasonInactivate	interno	classes
br.com.sawcunhaos.organization.domain.access.status.internal.ReasonInactivateRepository	br.com.sawcunhaos.organization.domain.access.status.internal.ReasonInactivatePredicates	interno	classes
br.com.sawcunhaos.organization.domain.access.status.internal.ReasonInactivateRepository	com.querydsl.core.types.Predicate	externo	querydsl-core-7.6.jar
br.com.sawcunhaos.organization.domain.access.status.internal.ReasonInactivateRepository	io.hypersistence.utils.spring.repository.BaseJpaRepository	externo	hypersistence-utils-hibernate-71-3.15.5.jar
br.com.sawcunhaos.organization.domain.access.status.internal.ReasonInactivateRepository	java.lang.Boolean	jdk	java.base
br.com.sawcunhaos.organization.domain.access.status.internal.ReasonInactivateRepository	java.lang.Long	jdk	java.base
br.com.sawcunhaos.organization.domain.access.status.internal.ReasonInactivateRepository	java.lang.Object	jdk	java.base
br.com.sawcunhaos.organization.domain.access.status.internal.ReasonInactivateRepository	java.lang.String	jdk	java.base
br.com.sawcunhaos.organization.domain.access.status.internal.ReasonInactivateRepository	java.util.Objects	jdk	java.base
br.com.sawcunhaos.organization.domain.access.status.internal.ReasonInactivateRepository	org.springframework.data.domain.Page	externo	spring-data-commons-4.1.1.jar
br.com.sawcunhaos.organization.domain.access.status.internal.ReasonInactivateRepository	org.springframework.data.domain.Pageable	externo	spring-data-commons-4.1.1.jar
br.com.sawcunhaos.organization.domain.access.status.internal.ReasonInactivateRepository	org.springframework.data.jpa.repository.JpaSpecificationExecutor	externo	spring-data-jpa-4.1.1.jar
br.com.sawcunhaos.organization.domain.access.status.internal.ReasonInactivateRepository	org.springframework.data.querydsl.QuerydslPredicateExecutor	externo	spring-data-commons-4.1.1.jar
br.com.sawcunhaos.organization.domain.access.status.internal.ReasonInactivateRepository	org.springframework.stereotype.Repository	externo	spring-context-7.0.9.jar
br.com.sawcunhaos.organization.domain.access.status.service.EmployeeReturnFromLeaveJob	br.com.sawcunhaos.organization.domain.access.login.internal.Login	interno	classes
br.com.sawcunhaos.organization.domain.access.status.service.EmployeeReturnFromLeaveJob	br.com.sawcunhaos.organization.domain.access.login.internal.LoginApprovalRequest	interno	classes
br.com.sawcunhaos.organization.domain.access.status.service.EmployeeReturnFromLeaveJob	br.com.sawcunhaos.organization.domain.access.login.internal.LoginApprovalRequest$LoginApprovalRequestBuilder	interno	classes
br.com.sawcunhaos.organization.domain.access.status.service.EmployeeReturnFromLeaveJob	br.com.sawcunhaos.organization.domain.access.login.internal.LoginApprovalRequestEscalationPolicy	interno	classes
br.com.sawcunhaos.organization.domain.access.status.service.EmployeeReturnFromLeaveJob	br.com.sawcunhaos.organization.domain.access.login.internal.LoginApprovalRequestLevel	interno	classes
br.com.sawcunhaos.organization.domain.access.status.service.EmployeeReturnFromLeaveJob	br.com.sawcunhaos.organization.domain.access.login.internal.LoginApprovalRequestRepository	interno	classes
br.com.sawcunhaos.organization.domain.access.status.service.EmployeeReturnFromLeaveJob	br.com.sawcunhaos.organization.domain.access.login.internal.LoginApprovalRequestStatus	interno	classes
br.com.sawcunhaos.organization.domain.access.status.service.EmployeeReturnFromLeaveJob	br.com.sawcunhaos.organization.domain.access.login.internal.LoginApprovalRequestType	interno	classes
br.com.sawcunhaos.organization.domain.access.status.service.EmployeeReturnFromLeaveJob	br.com.sawcunhaos.organization.domain.access.login.internal.LoginStatus	interno	classes
br.com.sawcunhaos.organization.domain.access.status.service.EmployeeReturnFromLeaveJob	br.com.sawcunhaos.organization.domain.access.login.service.BusinessDayCalculator	interno	classes
br.com.sawcunhaos.organization.domain.access.status.service.EmployeeReturnFromLeaveJob	br.com.sawcunhaos.organization.domain.access.login.service.LoginApprovalChainResolver	interno	classes
br.com.sawcunhaos.organization.domain.access.status.service.EmployeeReturnFromLeaveJob	br.com.sawcunhaos.organization.domain.access.status.internal.EmployeeStatusHistory	interno	classes
br.com.sawcunhaos.organization.domain.access.status.service.EmployeeReturnFromLeaveJob	br.com.sawcunhaos.organization.domain.access.status.internal.EmployeeStatusHistoryRepository	interno	classes
br.com.sawcunhaos.organization.domain.access.status.service.EmployeeReturnFromLeaveJob	br.com.sawcunhaos.organization.domain.corporate.employee.internal.Employee	interno	classes
br.com.sawcunhaos.organization.domain.access.status.service.EmployeeReturnFromLeaveJob	java.lang.Boolean	jdk	java.base
br.com.sawcunhaos.organization.domain.access.status.service.EmployeeReturnFromLeaveJob	java.lang.Class	jdk	java.base
br.com.sawcunhaos.organization.domain.access.status.service.EmployeeReturnFromLeaveJob	java.lang.Integer	jdk	java.base
br.com.sawcunhaos.organization.domain.access.status.service.EmployeeReturnFromLeaveJob	java.lang.Long	jdk	java.base
br.com.sawcunhaos.organization.domain.access.status.service.EmployeeReturnFromLeaveJob	java.lang.Object	jdk	java.base
br.com.sawcunhaos.organization.domain.access.status.service.EmployeeReturnFromLeaveJob	java.lang.String	jdk	java.base
br.com.sawcunhaos.organization.domain.access.status.service.EmployeeReturnFromLeaveJob	java.lang.invoke.CallSite	jdk	java.base
br.com.sawcunhaos.organization.domain.access.status.service.EmployeeReturnFromLeaveJob	java.lang.invoke.LambdaMetafactory	jdk	java.base
br.com.sawcunhaos.organization.domain.access.status.service.EmployeeReturnFromLeaveJob	java.lang.invoke.MethodHandle	jdk	java.base
br.com.sawcunhaos.organization.domain.access.status.service.EmployeeReturnFromLeaveJob	java.lang.invoke.MethodHandles	jdk	java.base
br.com.sawcunhaos.organization.domain.access.status.service.EmployeeReturnFromLeaveJob	java.lang.invoke.MethodHandles$Lookup	jdk	java.base
br.com.sawcunhaos.organization.domain.access.status.service.EmployeeReturnFromLeaveJob	java.lang.invoke.MethodType	jdk	java.base
br.com.sawcunhaos.organization.domain.access.status.service.EmployeeReturnFromLeaveJob	java.time.Clock	jdk	java.base
br.com.sawcunhaos.organization.domain.access.status.service.EmployeeReturnFromLeaveJob	java.time.Instant	jdk	java.base
br.com.sawcunhaos.organization.domain.access.status.service.EmployeeReturnFromLeaveJob	java.time.LocalDate	jdk	java.base
br.com.sawcunhaos.organization.domain.access.status.service.EmployeeReturnFromLeaveJob	java.time.ZoneId	jdk	java.base
br.com.sawcunhaos.organization.domain.access.status.service.EmployeeReturnFromLeaveJob	java.time.ZoneOffset	jdk	java.base
br.com.sawcunhaos.organization.domain.access.status.service.EmployeeReturnFromLeaveJob	java.util.List	jdk	java.base
br.com.sawcunhaos.organization.domain.access.status.service.EmployeeReturnFromLeaveJob	java.util.Optional	jdk	java.base
br.com.sawcunhaos.organization.domain.access.status.service.EmployeeReturnFromLeaveJob	java.util.Set	jdk	java.base
br.com.sawcunhaos.organization.domain.access.status.service.EmployeeReturnFromLeaveJob	java.util.function.Consumer	jdk	java.base
br.com.sawcunhaos.organization.domain.access.status.service.EmployeeReturnFromLeaveJob	java.util.function.Function	jdk	java.base
br.com.sawcunhaos.organization.domain.access.status.service.EmployeeReturnFromLeaveJob	java.util.function.Predicate	jdk	java.base
br.com.sawcunhaos.organization.domain.access.status.service.EmployeeReturnFromLeaveJob	java.util.stream.Stream	jdk	java.base
br.com.sawcunhaos.organization.domain.access.status.service.EmployeeReturnFromLeaveJob	org.slf4j.Logger	externo	slf4j-api-2.0.18.jar
br.com.sawcunhaos.organization.domain.access.status.service.EmployeeReturnFromLeaveJob	org.slf4j.LoggerFactory	externo	slf4j-api-2.0.18.jar
br.com.sawcunhaos.organization.domain.access.status.service.EmployeeReturnFromLeaveJob	org.springframework.scheduling.annotation.Scheduled	externo	spring-context-7.0.9.jar
br.com.sawcunhaos.organization.domain.access.status.service.EmployeeReturnFromLeaveJob	org.springframework.stereotype.Component	externo	spring-context-7.0.9.jar
br.com.sawcunhaos.organization.domain.access.status.service.EmployeeReturnFromLeaveJob	org.springframework.transaction.annotation.Transactional	externo	spring-tx-7.0.9.jar
br.com.sawcunhaos.organization.domain.access.status.service.ReasonActivateMapper	br.com.sawcunhaos.organization.domain.access.status.dto.ReasonActivateOutput	interno	classes
br.com.sawcunhaos.organization.domain.access.status.service.ReasonActivateMapper	br.com.sawcunhaos.organization.domain.access.status.internal.ReasonActivate	interno	classes
br.com.sawcunhaos.organization.domain.access.status.service.ReasonActivateMapper	java.lang.Object	jdk	java.base
br.com.sawcunhaos.organization.domain.access.status.service.ReasonActivateMapperImpl	br.com.sawcunhaos.organization.domain.access.status.dto.ReasonActivateOutput	interno	classes
br.com.sawcunhaos.organization.domain.access.status.service.ReasonActivateMapperImpl	br.com.sawcunhaos.organization.domain.access.status.dto.ReasonActivateOutput$ReasonActivateOutputBuilder	interno	classes
br.com.sawcunhaos.organization.domain.access.status.service.ReasonActivateMapperImpl	br.com.sawcunhaos.organization.domain.access.status.internal.EntityType	interno	classes
br.com.sawcunhaos.organization.domain.access.status.service.ReasonActivateMapperImpl	br.com.sawcunhaos.organization.domain.access.status.internal.ReasonActivate	interno	classes
br.com.sawcunhaos.organization.domain.access.status.service.ReasonActivateMapperImpl	br.com.sawcunhaos.organization.domain.access.status.service.ReasonActivateMapper	interno	classes
br.com.sawcunhaos.organization.domain.access.status.service.ReasonActivateMapperImpl	java.lang.Long	jdk	java.base
br.com.sawcunhaos.organization.domain.access.status.service.ReasonActivateMapperImpl	java.lang.Object	jdk	java.base
br.com.sawcunhaos.organization.domain.access.status.service.ReasonActivateMapperImpl	java.lang.String	jdk	java.base
br.com.sawcunhaos.organization.domain.access.status.service.ReasonActivateMapperImpl	org.springframework.stereotype.Component	externo	spring-context-7.0.9.jar
br.com.sawcunhaos.organization.domain.access.status.service.ReasonActivateServiceBean	br.com.sawcunhaos.foundation.core.exception.ScosException	externo	scos-foundation-core-1.2.0-SNAPSHOT.jar
br.com.sawcunhaos.organization.domain.access.status.service.ReasonActivateServiceBean	br.com.sawcunhaos.foundation.core.specification.ExceptionCode	externo	scos-foundation-core-1.2.0-SNAPSHOT.jar
br.com.sawcunhaos.organization.domain.access.status.service.ReasonActivateServiceBean	br.com.sawcunhaos.foundation.core.specification.ScosUserAuthentication	externo	scos-foundation-core-1.2.0-SNAPSHOT.jar
br.com.sawcunhaos.organization.domain.access.status.service.ReasonActivateServiceBean	br.com.sawcunhaos.organization.domain.access.status.dto.ReasonActivateInput	interno	classes
br.com.sawcunhaos.organization.domain.access.status.service.ReasonActivateServiceBean	br.com.sawcunhaos.organization.domain.access.status.dto.ReasonActivateOutput	interno	classes
br.com.sawcunhaos.organization.domain.access.status.service.ReasonActivateServiceBean	br.com.sawcunhaos.organization.domain.access.status.dto.ReasonActivateOutput$ReasonActivateOutputBuilder	interno	classes
br.com.sawcunhaos.organization.domain.access.status.service.ReasonActivateServiceBean	br.com.sawcunhaos.organization.domain.access.status.internal.EntityType	interno	classes
br.com.sawcunhaos.organization.domain.access.status.service.ReasonActivateServiceBean	br.com.sawcunhaos.organization.domain.access.status.internal.ReasonActivate	interno	classes
br.com.sawcunhaos.organization.domain.access.status.service.ReasonActivateServiceBean	br.com.sawcunhaos.organization.domain.access.status.internal.ReasonActivate$ReasonActivateBuilder	interno	classes
br.com.sawcunhaos.organization.domain.access.status.service.ReasonActivateServiceBean	br.com.sawcunhaos.organization.domain.access.status.internal.ReasonActivateRepository	interno	classes
br.com.sawcunhaos.organization.domain.access.status.service.ReasonActivateServiceBean	br.com.sawcunhaos.organization.domain.access.status.service.ReasonActivateMapper	interno	classes
br.com.sawcunhaos.organization.domain.access.status.service.ReasonActivateServiceBean	br.com.sawcunhaos.organization.domain.access.status.specification.ReasonActivateService	interno	classes
br.com.sawcunhaos.organization.domain.access.status.service.ReasonActivateServiceBean	br.com.sawcunhaos.organization.shared.exception.ExceptionCodeError	externo	flow-organization-shared-1.0.0-SNAPSHOT.jar
br.com.sawcunhaos.organization.domain.access.status.service.ReasonActivateServiceBean	java.lang.Boolean	jdk	java.base
br.com.sawcunhaos.organization.domain.access.status.service.ReasonActivateServiceBean	java.lang.Class	jdk	java.base
br.com.sawcunhaos.organization.domain.access.status.service.ReasonActivateServiceBean	java.lang.Long	jdk	java.base
br.com.sawcunhaos.organization.domain.access.status.service.ReasonActivateServiceBean	java.lang.Object	jdk	java.base
br.com.sawcunhaos.organization.domain.access.status.service.ReasonActivateServiceBean	java.lang.String	jdk	java.base
br.com.sawcunhaos.organization.domain.access.status.service.ReasonActivateServiceBean	java.lang.invoke.CallSite	jdk	java.base
br.com.sawcunhaos.organization.domain.access.status.service.ReasonActivateServiceBean	java.lang.invoke.LambdaMetafactory	jdk	java.base
br.com.sawcunhaos.organization.domain.access.status.service.ReasonActivateServiceBean	java.lang.invoke.MethodHandle	jdk	java.base
br.com.sawcunhaos.organization.domain.access.status.service.ReasonActivateServiceBean	java.lang.invoke.MethodHandles	jdk	java.base
br.com.sawcunhaos.organization.domain.access.status.service.ReasonActivateServiceBean	java.lang.invoke.MethodHandles$Lookup	jdk	java.base
br.com.sawcunhaos.organization.domain.access.status.service.ReasonActivateServiceBean	java.lang.invoke.MethodType	jdk	java.base
br.com.sawcunhaos.organization.domain.access.status.service.ReasonActivateServiceBean	java.util.Optional	jdk	java.base
br.com.sawcunhaos.organization.domain.access.status.service.ReasonActivateServiceBean	java.util.function.Function	jdk	java.base
br.com.sawcunhaos.organization.domain.access.status.service.ReasonActivateServiceBean	java.util.function.Supplier	jdk	java.base
br.com.sawcunhaos.organization.domain.access.status.service.ReasonActivateServiceBean	org.slf4j.Logger	externo	slf4j-api-2.0.18.jar
br.com.sawcunhaos.organization.domain.access.status.service.ReasonActivateServiceBean	org.slf4j.LoggerFactory	externo	slf4j-api-2.0.18.jar
br.com.sawcunhaos.organization.domain.access.status.service.ReasonActivateServiceBean	org.springframework.data.domain.Page	externo	spring-data-commons-4.1.1.jar
br.com.sawcunhaos.organization.domain.access.status.service.ReasonActivateServiceBean	org.springframework.data.domain.Pageable	externo	spring-data-commons-4.1.1.jar
br.com.sawcunhaos.organization.domain.access.status.service.ReasonActivateServiceBean	org.springframework.stereotype.Service	externo	spring-context-7.0.9.jar
br.com.sawcunhaos.organization.domain.access.status.service.ReasonActivateServiceBean	org.springframework.transaction.annotation.Transactional	externo	spring-tx-7.0.9.jar
br.com.sawcunhaos.organization.domain.access.status.service.ReasonDisableMapper	br.com.sawcunhaos.organization.domain.access.status.dto.ReasonDisableOutput	interno	classes
br.com.sawcunhaos.organization.domain.access.status.service.ReasonDisableMapper	br.com.sawcunhaos.organization.domain.access.status.internal.ReasonDisable	interno	classes
br.com.sawcunhaos.organization.domain.access.status.service.ReasonDisableMapper	java.lang.Object	jdk	java.base
br.com.sawcunhaos.organization.domain.access.status.service.ReasonDisableMapperImpl	br.com.sawcunhaos.organization.domain.access.status.dto.ReasonDisableOutput	interno	classes
br.com.sawcunhaos.organization.domain.access.status.service.ReasonDisableMapperImpl	br.com.sawcunhaos.organization.domain.access.status.dto.ReasonDisableOutput$ReasonDisableOutputBuilder	interno	classes
br.com.sawcunhaos.organization.domain.access.status.service.ReasonDisableMapperImpl	br.com.sawcunhaos.organization.domain.access.status.internal.EntityType	interno	classes
br.com.sawcunhaos.organization.domain.access.status.service.ReasonDisableMapperImpl	br.com.sawcunhaos.organization.domain.access.status.internal.ReasonDisable	interno	classes
br.com.sawcunhaos.organization.domain.access.status.service.ReasonDisableMapperImpl	br.com.sawcunhaos.organization.domain.access.status.service.ReasonDisableMapper	interno	classes
br.com.sawcunhaos.organization.domain.access.status.service.ReasonDisableMapperImpl	java.lang.Long	jdk	java.base
br.com.sawcunhaos.organization.domain.access.status.service.ReasonDisableMapperImpl	java.lang.Object	jdk	java.base
br.com.sawcunhaos.organization.domain.access.status.service.ReasonDisableMapperImpl	java.lang.String	jdk	java.base
br.com.sawcunhaos.organization.domain.access.status.service.ReasonDisableMapperImpl	org.springframework.stereotype.Component	externo	spring-context-7.0.9.jar
br.com.sawcunhaos.organization.domain.access.status.service.ReasonDisableServiceBean	br.com.sawcunhaos.foundation.core.exception.ScosException	externo	scos-foundation-core-1.2.0-SNAPSHOT.jar
br.com.sawcunhaos.organization.domain.access.status.service.ReasonDisableServiceBean	br.com.sawcunhaos.foundation.core.specification.ExceptionCode	externo	scos-foundation-core-1.2.0-SNAPSHOT.jar
br.com.sawcunhaos.organization.domain.access.status.service.ReasonDisableServiceBean	br.com.sawcunhaos.foundation.core.specification.ScosUserAuthentication	externo	scos-foundation-core-1.2.0-SNAPSHOT.jar
br.com.sawcunhaos.organization.domain.access.status.service.ReasonDisableServiceBean	br.com.sawcunhaos.organization.domain.access.status.dto.ReasonDisableInput	interno	classes
br.com.sawcunhaos.organization.domain.access.status.service.ReasonDisableServiceBean	br.com.sawcunhaos.organization.domain.access.status.dto.ReasonDisableOutput	interno	classes
br.com.sawcunhaos.organization.domain.access.status.service.ReasonDisableServiceBean	br.com.sawcunhaos.organization.domain.access.status.dto.ReasonDisableOutput$ReasonDisableOutputBuilder	interno	classes
br.com.sawcunhaos.organization.domain.access.status.service.ReasonDisableServiceBean	br.com.sawcunhaos.organization.domain.access.status.internal.EntityType	interno	classes
br.com.sawcunhaos.organization.domain.access.status.service.ReasonDisableServiceBean	br.com.sawcunhaos.organization.domain.access.status.internal.ReasonDisable	interno	classes
br.com.sawcunhaos.organization.domain.access.status.service.ReasonDisableServiceBean	br.com.sawcunhaos.organization.domain.access.status.internal.ReasonDisable$ReasonDisableBuilder	interno	classes
br.com.sawcunhaos.organization.domain.access.status.service.ReasonDisableServiceBean	br.com.sawcunhaos.organization.domain.access.status.internal.ReasonDisableRepository	interno	classes
br.com.sawcunhaos.organization.domain.access.status.service.ReasonDisableServiceBean	br.com.sawcunhaos.organization.domain.access.status.service.ReasonDisableMapper	interno	classes
br.com.sawcunhaos.organization.domain.access.status.service.ReasonDisableServiceBean	br.com.sawcunhaos.organization.domain.access.status.specification.ReasonDisableService	interno	classes
br.com.sawcunhaos.organization.domain.access.status.service.ReasonDisableServiceBean	br.com.sawcunhaos.organization.shared.exception.ExceptionCodeError	externo	flow-organization-shared-1.0.0-SNAPSHOT.jar
br.com.sawcunhaos.organization.domain.access.status.service.ReasonDisableServiceBean	java.lang.Boolean	jdk	java.base
br.com.sawcunhaos.organization.domain.access.status.service.ReasonDisableServiceBean	java.lang.Class	jdk	java.base
br.com.sawcunhaos.organization.domain.access.status.service.ReasonDisableServiceBean	java.lang.Long	jdk	java.base
br.com.sawcunhaos.organization.domain.access.status.service.ReasonDisableServiceBean	java.lang.Object	jdk	java.base
br.com.sawcunhaos.organization.domain.access.status.service.ReasonDisableServiceBean	java.lang.String	jdk	java.base
br.com.sawcunhaos.organization.domain.access.status.service.ReasonDisableServiceBean	java.lang.invoke.CallSite	jdk	java.base
br.com.sawcunhaos.organization.domain.access.status.service.ReasonDisableServiceBean	java.lang.invoke.LambdaMetafactory	jdk	java.base
br.com.sawcunhaos.organization.domain.access.status.service.ReasonDisableServiceBean	java.lang.invoke.MethodHandle	jdk	java.base
br.com.sawcunhaos.organization.domain.access.status.service.ReasonDisableServiceBean	java.lang.invoke.MethodHandles	jdk	java.base
br.com.sawcunhaos.organization.domain.access.status.service.ReasonDisableServiceBean	java.lang.invoke.MethodHandles$Lookup	jdk	java.base
br.com.sawcunhaos.organization.domain.access.status.service.ReasonDisableServiceBean	java.lang.invoke.MethodType	jdk	java.base
br.com.sawcunhaos.organization.domain.access.status.service.ReasonDisableServiceBean	java.util.Optional	jdk	java.base
br.com.sawcunhaos.organization.domain.access.status.service.ReasonDisableServiceBean	java.util.function.Function	jdk	java.base
br.com.sawcunhaos.organization.domain.access.status.service.ReasonDisableServiceBean	java.util.function.Supplier	jdk	java.base
br.com.sawcunhaos.organization.domain.access.status.service.ReasonDisableServiceBean	org.slf4j.Logger	externo	slf4j-api-2.0.18.jar
br.com.sawcunhaos.organization.domain.access.status.service.ReasonDisableServiceBean	org.slf4j.LoggerFactory	externo	slf4j-api-2.0.18.jar
br.com.sawcunhaos.organization.domain.access.status.service.ReasonDisableServiceBean	org.springframework.data.domain.Page	externo	spring-data-commons-4.1.1.jar
br.com.sawcunhaos.organization.domain.access.status.service.ReasonDisableServiceBean	org.springframework.data.domain.Pageable	externo	spring-data-commons-4.1.1.jar
br.com.sawcunhaos.organization.domain.access.status.service.ReasonDisableServiceBean	org.springframework.stereotype.Service	externo	spring-context-7.0.9.jar
br.com.sawcunhaos.organization.domain.access.status.service.ReasonDisableServiceBean	org.springframework.transaction.annotation.Transactional	externo	spring-tx-7.0.9.jar
br.com.sawcunhaos.organization.domain.access.status.service.ReasonEnableMapper	br.com.sawcunhaos.organization.domain.access.status.dto.ReasonEnableOutput	interno	classes
br.com.sawcunhaos.organization.domain.access.status.service.ReasonEnableMapper	br.com.sawcunhaos.organization.domain.access.status.internal.ReasonEnable	interno	classes
br.com.sawcunhaos.organization.domain.access.status.service.ReasonEnableMapper	java.lang.Object	jdk	java.base
br.com.sawcunhaos.organization.domain.access.status.service.ReasonEnableMapperImpl	br.com.sawcunhaos.organization.domain.access.status.dto.ReasonEnableOutput	interno	classes
br.com.sawcunhaos.organization.domain.access.status.service.ReasonEnableMapperImpl	br.com.sawcunhaos.organization.domain.access.status.dto.ReasonEnableOutput$ReasonEnableOutputBuilder	interno	classes
br.com.sawcunhaos.organization.domain.access.status.service.ReasonEnableMapperImpl	br.com.sawcunhaos.organization.domain.access.status.internal.EntityType	interno	classes
br.com.sawcunhaos.organization.domain.access.status.service.ReasonEnableMapperImpl	br.com.sawcunhaos.organization.domain.access.status.internal.ReasonEnable	interno	classes
br.com.sawcunhaos.organization.domain.access.status.service.ReasonEnableMapperImpl	br.com.sawcunhaos.organization.domain.access.status.service.ReasonEnableMapper	interno	classes
br.com.sawcunhaos.organization.domain.access.status.service.ReasonEnableMapperImpl	java.lang.Long	jdk	java.base
br.com.sawcunhaos.organization.domain.access.status.service.ReasonEnableMapperImpl	java.lang.Object	jdk	java.base
br.com.sawcunhaos.organization.domain.access.status.service.ReasonEnableMapperImpl	java.lang.String	jdk	java.base
br.com.sawcunhaos.organization.domain.access.status.service.ReasonEnableMapperImpl	org.springframework.stereotype.Component	externo	spring-context-7.0.9.jar
br.com.sawcunhaos.organization.domain.access.status.service.ReasonEnableServiceBean	br.com.sawcunhaos.foundation.core.exception.ScosException	externo	scos-foundation-core-1.2.0-SNAPSHOT.jar
br.com.sawcunhaos.organization.domain.access.status.service.ReasonEnableServiceBean	br.com.sawcunhaos.foundation.core.specification.ExceptionCode	externo	scos-foundation-core-1.2.0-SNAPSHOT.jar
br.com.sawcunhaos.organization.domain.access.status.service.ReasonEnableServiceBean	br.com.sawcunhaos.foundation.core.specification.ScosUserAuthentication	externo	scos-foundation-core-1.2.0-SNAPSHOT.jar
br.com.sawcunhaos.organization.domain.access.status.service.ReasonEnableServiceBean	br.com.sawcunhaos.organization.domain.access.status.dto.ReasonEnableInput	interno	classes
br.com.sawcunhaos.organization.domain.access.status.service.ReasonEnableServiceBean	br.com.sawcunhaos.organization.domain.access.status.dto.ReasonEnableOutput	interno	classes
br.com.sawcunhaos.organization.domain.access.status.service.ReasonEnableServiceBean	br.com.sawcunhaos.organization.domain.access.status.dto.ReasonEnableOutput$ReasonEnableOutputBuilder	interno	classes
br.com.sawcunhaos.organization.domain.access.status.service.ReasonEnableServiceBean	br.com.sawcunhaos.organization.domain.access.status.internal.EntityType	interno	classes
br.com.sawcunhaos.organization.domain.access.status.service.ReasonEnableServiceBean	br.com.sawcunhaos.organization.domain.access.status.internal.ReasonEnable	interno	classes
br.com.sawcunhaos.organization.domain.access.status.service.ReasonEnableServiceBean	br.com.sawcunhaos.organization.domain.access.status.internal.ReasonEnable$ReasonEnableBuilder	interno	classes
br.com.sawcunhaos.organization.domain.access.status.service.ReasonEnableServiceBean	br.com.sawcunhaos.organization.domain.access.status.internal.ReasonEnableRepository	interno	classes
br.com.sawcunhaos.organization.domain.access.status.service.ReasonEnableServiceBean	br.com.sawcunhaos.organization.domain.access.status.service.ReasonEnableMapper	interno	classes
br.com.sawcunhaos.organization.domain.access.status.service.ReasonEnableServiceBean	br.com.sawcunhaos.organization.domain.access.status.specification.ReasonEnableService	interno	classes
br.com.sawcunhaos.organization.domain.access.status.service.ReasonEnableServiceBean	br.com.sawcunhaos.organization.shared.exception.ExceptionCodeError	externo	flow-organization-shared-1.0.0-SNAPSHOT.jar
br.com.sawcunhaos.organization.domain.access.status.service.ReasonEnableServiceBean	java.lang.Boolean	jdk	java.base
br.com.sawcunhaos.organization.domain.access.status.service.ReasonEnableServiceBean	java.lang.Class	jdk	java.base
br.com.sawcunhaos.organization.domain.access.status.service.ReasonEnableServiceBean	java.lang.Long	jdk	java.base
br.com.sawcunhaos.organization.domain.access.status.service.ReasonEnableServiceBean	java.lang.Object	jdk	java.base
br.com.sawcunhaos.organization.domain.access.status.service.ReasonEnableServiceBean	java.lang.String	jdk	java.base
br.com.sawcunhaos.organization.domain.access.status.service.ReasonEnableServiceBean	java.lang.invoke.CallSite	jdk	java.base
br.com.sawcunhaos.organization.domain.access.status.service.ReasonEnableServiceBean	java.lang.invoke.LambdaMetafactory	jdk	java.base
br.com.sawcunhaos.organization.domain.access.status.service.ReasonEnableServiceBean	java.lang.invoke.MethodHandle	jdk	java.base
br.com.sawcunhaos.organization.domain.access.status.service.ReasonEnableServiceBean	java.lang.invoke.MethodHandles	jdk	java.base
br.com.sawcunhaos.organization.domain.access.status.service.ReasonEnableServiceBean	java.lang.invoke.MethodHandles$Lookup	jdk	java.base
br.com.sawcunhaos.organization.domain.access.status.service.ReasonEnableServiceBean	java.lang.invoke.MethodType	jdk	java.base
br.com.sawcunhaos.organization.domain.access.status.service.ReasonEnableServiceBean	java.util.Optional	jdk	java.base
br.com.sawcunhaos.organization.domain.access.status.service.ReasonEnableServiceBean	java.util.function.Function	jdk	java.base
br.com.sawcunhaos.organization.domain.access.status.service.ReasonEnableServiceBean	java.util.function.Supplier	jdk	java.base
br.com.sawcunhaos.organization.domain.access.status.service.ReasonEnableServiceBean	org.slf4j.Logger	externo	slf4j-api-2.0.18.jar
br.com.sawcunhaos.organization.domain.access.status.service.ReasonEnableServiceBean	org.slf4j.LoggerFactory	externo	slf4j-api-2.0.18.jar
br.com.sawcunhaos.organization.domain.access.status.service.ReasonEnableServiceBean	org.springframework.data.domain.Page	externo	spring-data-commons-4.1.1.jar
br.com.sawcunhaos.organization.domain.access.status.service.ReasonEnableServiceBean	org.springframework.data.domain.Pageable	externo	spring-data-commons-4.1.1.jar
br.com.sawcunhaos.organization.domain.access.status.service.ReasonEnableServiceBean	org.springframework.stereotype.Service	externo	spring-context-7.0.9.jar
br.com.sawcunhaos.organization.domain.access.status.service.ReasonEnableServiceBean	org.springframework.transaction.annotation.Transactional	externo	spring-tx-7.0.9.jar
br.com.sawcunhaos.organization.domain.access.status.service.ReasonInactivateMapper	br.com.sawcunhaos.organization.domain.access.status.dto.ReasonInactivateOutput	interno	classes
br.com.sawcunhaos.organization.domain.access.status.service.ReasonInactivateMapper	br.com.sawcunhaos.organization.domain.access.status.internal.ReasonInactivate	interno	classes
br.com.sawcunhaos.organization.domain.access.status.service.ReasonInactivateMapper	java.lang.Object	jdk	java.base
br.com.sawcunhaos.organization.domain.access.status.service.ReasonInactivateMapperImpl	br.com.sawcunhaos.organization.domain.access.status.dto.ReasonInactivateOutput	interno	classes
br.com.sawcunhaos.organization.domain.access.status.service.ReasonInactivateMapperImpl	br.com.sawcunhaos.organization.domain.access.status.dto.ReasonInactivateOutput$ReasonInactivateOutputBuilder	interno	classes
br.com.sawcunhaos.organization.domain.access.status.service.ReasonInactivateMapperImpl	br.com.sawcunhaos.organization.domain.access.status.internal.EntityType	interno	classes
br.com.sawcunhaos.organization.domain.access.status.service.ReasonInactivateMapperImpl	br.com.sawcunhaos.organization.domain.access.status.internal.ReasonInactivate	interno	classes
br.com.sawcunhaos.organization.domain.access.status.service.ReasonInactivateMapperImpl	br.com.sawcunhaos.organization.domain.access.status.service.ReasonInactivateMapper	interno	classes
br.com.sawcunhaos.organization.domain.access.status.service.ReasonInactivateMapperImpl	java.lang.Long	jdk	java.base
br.com.sawcunhaos.organization.domain.access.status.service.ReasonInactivateMapperImpl	java.lang.Object	jdk	java.base
br.com.sawcunhaos.organization.domain.access.status.service.ReasonInactivateMapperImpl	java.lang.String	jdk	java.base
br.com.sawcunhaos.organization.domain.access.status.service.ReasonInactivateMapperImpl	org.springframework.stereotype.Component	externo	spring-context-7.0.9.jar
br.com.sawcunhaos.organization.domain.access.status.service.ReasonInactivateServiceBean	br.com.sawcunhaos.foundation.core.exception.ScosException	externo	scos-foundation-core-1.2.0-SNAPSHOT.jar
br.com.sawcunhaos.organization.domain.access.status.service.ReasonInactivateServiceBean	br.com.sawcunhaos.foundation.core.specification.ExceptionCode	externo	scos-foundation-core-1.2.0-SNAPSHOT.jar
br.com.sawcunhaos.organization.domain.access.status.service.ReasonInactivateServiceBean	br.com.sawcunhaos.foundation.core.specification.ScosUserAuthentication	externo	scos-foundation-core-1.2.0-SNAPSHOT.jar
br.com.sawcunhaos.organization.domain.access.status.service.ReasonInactivateServiceBean	br.com.sawcunhaos.organization.domain.access.status.dto.ReasonInactivateInput	interno	classes
br.com.sawcunhaos.organization.domain.access.status.service.ReasonInactivateServiceBean	br.com.sawcunhaos.organization.domain.access.status.dto.ReasonInactivateOutput	interno	classes
br.com.sawcunhaos.organization.domain.access.status.service.ReasonInactivateServiceBean	br.com.sawcunhaos.organization.domain.access.status.dto.ReasonInactivateOutput$ReasonInactivateOutputBuilder	interno	classes
br.com.sawcunhaos.organization.domain.access.status.service.ReasonInactivateServiceBean	br.com.sawcunhaos.organization.domain.access.status.internal.EntityType	interno	classes
br.com.sawcunhaos.organization.domain.access.status.service.ReasonInactivateServiceBean	br.com.sawcunhaos.organization.domain.access.status.internal.ReasonInactivate	interno	classes
br.com.sawcunhaos.organization.domain.access.status.service.ReasonInactivateServiceBean	br.com.sawcunhaos.organization.domain.access.status.internal.ReasonInactivate$ReasonInactivateBuilder	interno	classes
br.com.sawcunhaos.organization.domain.access.status.service.ReasonInactivateServiceBean	br.com.sawcunhaos.organization.domain.access.status.internal.ReasonInactivateRepository	interno	classes
br.com.sawcunhaos.organization.domain.access.status.service.ReasonInactivateServiceBean	br.com.sawcunhaos.organization.domain.access.status.service.ReasonInactivateMapper	interno	classes
br.com.sawcunhaos.organization.domain.access.status.service.ReasonInactivateServiceBean	br.com.sawcunhaos.organization.domain.access.status.specification.ReasonInactivateService	interno	classes
br.com.sawcunhaos.organization.domain.access.status.service.ReasonInactivateServiceBean	br.com.sawcunhaos.organization.shared.exception.ExceptionCodeError	externo	flow-organization-shared-1.0.0-SNAPSHOT.jar
br.com.sawcunhaos.organization.domain.access.status.service.ReasonInactivateServiceBean	java.lang.Boolean	jdk	java.base
br.com.sawcunhaos.organization.domain.access.status.service.ReasonInactivateServiceBean	java.lang.Class	jdk	java.base
br.com.sawcunhaos.organization.domain.access.status.service.ReasonInactivateServiceBean	java.lang.Long	jdk	java.base
br.com.sawcunhaos.organization.domain.access.status.service.ReasonInactivateServiceBean	java.lang.Object	jdk	java.base
br.com.sawcunhaos.organization.domain.access.status.service.ReasonInactivateServiceBean	java.lang.String	jdk	java.base
br.com.sawcunhaos.organization.domain.access.status.service.ReasonInactivateServiceBean	java.lang.invoke.CallSite	jdk	java.base
br.com.sawcunhaos.organization.domain.access.status.service.ReasonInactivateServiceBean	java.lang.invoke.LambdaMetafactory	jdk	java.base
br.com.sawcunhaos.organization.domain.access.status.service.ReasonInactivateServiceBean	java.lang.invoke.MethodHandle	jdk	java.base
br.com.sawcunhaos.organization.domain.access.status.service.ReasonInactivateServiceBean	java.lang.invoke.MethodHandles	jdk	java.base
br.com.sawcunhaos.organization.domain.access.status.service.ReasonInactivateServiceBean	java.lang.invoke.MethodHandles$Lookup	jdk	java.base
br.com.sawcunhaos.organization.domain.access.status.service.ReasonInactivateServiceBean	java.lang.invoke.MethodType	jdk	java.base
br.com.sawcunhaos.organization.domain.access.status.service.ReasonInactivateServiceBean	java.util.Optional	jdk	java.base
br.com.sawcunhaos.organization.domain.access.status.service.ReasonInactivateServiceBean	java.util.function.Function	jdk	java.base
br.com.sawcunhaos.organization.domain.access.status.service.ReasonInactivateServiceBean	java.util.function.Supplier	jdk	java.base
br.com.sawcunhaos.organization.domain.access.status.service.ReasonInactivateServiceBean	org.slf4j.Logger	externo	slf4j-api-2.0.18.jar
br.com.sawcunhaos.organization.domain.access.status.service.ReasonInactivateServiceBean	org.slf4j.LoggerFactory	externo	slf4j-api-2.0.18.jar
br.com.sawcunhaos.organization.domain.access.status.service.ReasonInactivateServiceBean	org.springframework.data.domain.Page	externo	spring-data-commons-4.1.1.jar
br.com.sawcunhaos.organization.domain.access.status.service.ReasonInactivateServiceBean	org.springframework.data.domain.Pageable	externo	spring-data-commons-4.1.1.jar
br.com.sawcunhaos.organization.domain.access.status.service.ReasonInactivateServiceBean	org.springframework.stereotype.Service	externo	spring-context-7.0.9.jar
br.com.sawcunhaos.organization.domain.access.status.service.ReasonInactivateServiceBean	org.springframework.transaction.annotation.Transactional	externo	spring-tx-7.0.9.jar
br.com.sawcunhaos.organization.domain.access.status.specification.ReasonActivateService	br.com.sawcunhaos.organization.domain.access.status.dto.ReasonActivateInput	interno	classes
br.com.sawcunhaos.organization.domain.access.status.specification.ReasonActivateService	br.com.sawcunhaos.organization.domain.access.status.dto.ReasonActivateOutput	interno	classes
br.com.sawcunhaos.organization.domain.access.status.specification.ReasonActivateService	br.com.sawcunhaos.organization.domain.access.status.internal.EntityType	interno	classes
br.com.sawcunhaos.organization.domain.access.status.specification.ReasonActivateService	java.lang.Boolean	jdk	java.base
br.com.sawcunhaos.organization.domain.access.status.specification.ReasonActivateService	java.lang.Long	jdk	java.base
br.com.sawcunhaos.organization.domain.access.status.specification.ReasonActivateService	java.lang.Object	jdk	java.base
br.com.sawcunhaos.organization.domain.access.status.specification.ReasonActivateService	org.springframework.data.domain.Page	externo	spring-data-commons-4.1.1.jar
br.com.sawcunhaos.organization.domain.access.status.specification.ReasonActivateService	org.springframework.data.domain.Pageable	externo	spring-data-commons-4.1.1.jar
br.com.sawcunhaos.organization.domain.access.status.specification.ReasonDisableService	br.com.sawcunhaos.organization.domain.access.status.dto.ReasonDisableInput	interno	classes
br.com.sawcunhaos.organization.domain.access.status.specification.ReasonDisableService	br.com.sawcunhaos.organization.domain.access.status.dto.ReasonDisableOutput	interno	classes
br.com.sawcunhaos.organization.domain.access.status.specification.ReasonDisableService	br.com.sawcunhaos.organization.domain.access.status.internal.EntityType	interno	classes
br.com.sawcunhaos.organization.domain.access.status.specification.ReasonDisableService	java.lang.Boolean	jdk	java.base
br.com.sawcunhaos.organization.domain.access.status.specification.ReasonDisableService	java.lang.Long	jdk	java.base
br.com.sawcunhaos.organization.domain.access.status.specification.ReasonDisableService	java.lang.Object	jdk	java.base
br.com.sawcunhaos.organization.domain.access.status.specification.ReasonDisableService	org.springframework.data.domain.Page	externo	spring-data-commons-4.1.1.jar
br.com.sawcunhaos.organization.domain.access.status.specification.ReasonDisableService	org.springframework.data.domain.Pageable	externo	spring-data-commons-4.1.1.jar
br.com.sawcunhaos.organization.domain.access.status.specification.ReasonEnableService	br.com.sawcunhaos.organization.domain.access.status.dto.ReasonEnableInput	interno	classes
br.com.sawcunhaos.organization.domain.access.status.specification.ReasonEnableService	br.com.sawcunhaos.organization.domain.access.status.dto.ReasonEnableOutput	interno	classes
br.com.sawcunhaos.organization.domain.access.status.specification.ReasonEnableService	br.com.sawcunhaos.organization.domain.access.status.internal.EntityType	interno	classes
br.com.sawcunhaos.organization.domain.access.status.specification.ReasonEnableService	java.lang.Boolean	jdk	java.base
br.com.sawcunhaos.organization.domain.access.status.specification.ReasonEnableService	java.lang.Long	jdk	java.base
br.com.sawcunhaos.organization.domain.access.status.specification.ReasonEnableService	java.lang.Object	jdk	java.base
br.com.sawcunhaos.organization.domain.access.status.specification.ReasonEnableService	org.springframework.data.domain.Page	externo	spring-data-commons-4.1.1.jar
br.com.sawcunhaos.organization.domain.access.status.specification.ReasonEnableService	org.springframework.data.domain.Pageable	externo	spring-data-commons-4.1.1.jar
br.com.sawcunhaos.organization.domain.access.status.specification.ReasonInactivateService	br.com.sawcunhaos.organization.domain.access.status.dto.ReasonInactivateInput	interno	classes
br.com.sawcunhaos.organization.domain.access.status.specification.ReasonInactivateService	br.com.sawcunhaos.organization.domain.access.status.dto.ReasonInactivateOutput	interno	classes
br.com.sawcunhaos.organization.domain.access.status.specification.ReasonInactivateService	br.com.sawcunhaos.organization.domain.access.status.internal.EntityType	interno	classes
br.com.sawcunhaos.organization.domain.access.status.specification.ReasonInactivateService	java.lang.Boolean	jdk	java.base
br.com.sawcunhaos.organization.domain.access.status.specification.ReasonInactivateService	java.lang.Long	jdk	java.base
br.com.sawcunhaos.organization.domain.access.status.specification.ReasonInactivateService	java.lang.Object	jdk	java.base
br.com.sawcunhaos.organization.domain.access.status.specification.ReasonInactivateService	org.springframework.data.domain.Page	externo	spring-data-commons-4.1.1.jar
br.com.sawcunhaos.organization.domain.access.status.specification.ReasonInactivateService	org.springframework.data.domain.Pageable	externo	spring-data-commons-4.1.1.jar
br.com.sawcunhaos.organization.domain.access.system.dto.RegisterScosSystemInput	br.com.sawcunhaos.organization.domain.access.system.dto.RegisterScosSystemInput$RegisterScosSystemInputBuilder	interno	classes
br.com.sawcunhaos.organization.domain.access.system.dto.RegisterScosSystemInput	java.lang.Class	jdk	java.base
br.com.sawcunhaos.organization.domain.access.system.dto.RegisterScosSystemInput	java.lang.Object	jdk	java.base
br.com.sawcunhaos.organization.domain.access.system.dto.RegisterScosSystemInput	java.lang.Record	jdk	java.base
br.com.sawcunhaos.organization.domain.access.system.dto.RegisterScosSystemInput	java.lang.String	jdk	java.base
br.com.sawcunhaos.organization.domain.access.system.dto.RegisterScosSystemInput	java.lang.invoke.MethodHandle	jdk	java.base
br.com.sawcunhaos.organization.domain.access.system.dto.RegisterScosSystemInput	java.lang.invoke.MethodHandles	jdk	java.base
br.com.sawcunhaos.organization.domain.access.system.dto.RegisterScosSystemInput	java.lang.invoke.MethodHandles$Lookup	jdk	java.base
br.com.sawcunhaos.organization.domain.access.system.dto.RegisterScosSystemInput	java.lang.invoke.TypeDescriptor	jdk	java.base
br.com.sawcunhaos.organization.domain.access.system.dto.RegisterScosSystemInput	java.lang.runtime.ObjectMethods	jdk	java.base
br.com.sawcunhaos.organization.domain.access.system.dto.RegisterScosSystemInput$RegisterScosSystemInputBuilder	br.com.sawcunhaos.organization.domain.access.system.dto.RegisterScosSystemInput	interno	classes
br.com.sawcunhaos.organization.domain.access.system.dto.RegisterScosSystemInput$RegisterScosSystemInputBuilder	java.lang.NullPointerException	jdk	java.base
br.com.sawcunhaos.organization.domain.access.system.dto.RegisterScosSystemInput$RegisterScosSystemInputBuilder	java.lang.Object	jdk	java.base
br.com.sawcunhaos.organization.domain.access.system.dto.RegisterScosSystemInput$RegisterScosSystemInputBuilder	java.lang.String	jdk	java.base
br.com.sawcunhaos.organization.domain.access.system.dto.RegisterScosSystemInput$RegisterScosSystemInputBuilder	java.lang.invoke.CallSite	jdk	java.base
br.com.sawcunhaos.organization.domain.access.system.dto.RegisterScosSystemInput$RegisterScosSystemInputBuilder	java.lang.invoke.MethodHandles	jdk	java.base
br.com.sawcunhaos.organization.domain.access.system.dto.RegisterScosSystemInput$RegisterScosSystemInputBuilder	java.lang.invoke.MethodHandles$Lookup	jdk	java.base
br.com.sawcunhaos.organization.domain.access.system.dto.RegisterScosSystemInput$RegisterScosSystemInputBuilder	java.lang.invoke.MethodType	jdk	java.base
br.com.sawcunhaos.organization.domain.access.system.dto.RegisterScosSystemInput$RegisterScosSystemInputBuilder	java.lang.invoke.StringConcatFactory	jdk	java.base
br.com.sawcunhaos.organization.domain.access.system.dto.ScosSystemOutput	br.com.sawcunhaos.organization.domain.access.system.dto.ScosSystemOutput$ScosSystemOutputBuilder	interno	classes
br.com.sawcunhaos.organization.domain.access.system.dto.ScosSystemOutput	java.lang.Class	jdk	java.base
br.com.sawcunhaos.organization.domain.access.system.dto.ScosSystemOutput	java.lang.Object	jdk	java.base
br.com.sawcunhaos.organization.domain.access.system.dto.ScosSystemOutput	java.lang.Record	jdk	java.base
br.com.sawcunhaos.organization.domain.access.system.dto.ScosSystemOutput	java.lang.String	jdk	java.base
br.com.sawcunhaos.organization.domain.access.system.dto.ScosSystemOutput	java.lang.invoke.MethodHandle	jdk	java.base
br.com.sawcunhaos.organization.domain.access.system.dto.ScosSystemOutput	java.lang.invoke.MethodHandles	jdk	java.base
br.com.sawcunhaos.organization.domain.access.system.dto.ScosSystemOutput	java.lang.invoke.MethodHandles$Lookup	jdk	java.base
br.com.sawcunhaos.organization.domain.access.system.dto.ScosSystemOutput	java.lang.invoke.TypeDescriptor	jdk	java.base
br.com.sawcunhaos.organization.domain.access.system.dto.ScosSystemOutput	java.lang.runtime.ObjectMethods	jdk	java.base
br.com.sawcunhaos.organization.domain.access.system.dto.ScosSystemOutput	java.util.UUID	jdk	java.base
br.com.sawcunhaos.organization.domain.access.system.dto.ScosSystemOutput$ScosSystemOutputBuilder	br.com.sawcunhaos.organization.domain.access.system.dto.ScosSystemOutput	interno	classes
br.com.sawcunhaos.organization.domain.access.system.dto.ScosSystemOutput$ScosSystemOutputBuilder	java.lang.Object	jdk	java.base
br.com.sawcunhaos.organization.domain.access.system.dto.ScosSystemOutput$ScosSystemOutputBuilder	java.lang.String	jdk	java.base
br.com.sawcunhaos.organization.domain.access.system.dto.ScosSystemOutput$ScosSystemOutputBuilder	java.lang.invoke.CallSite	jdk	java.base
br.com.sawcunhaos.organization.domain.access.system.dto.ScosSystemOutput$ScosSystemOutputBuilder	java.lang.invoke.MethodHandles	jdk	java.base
br.com.sawcunhaos.organization.domain.access.system.dto.ScosSystemOutput$ScosSystemOutputBuilder	java.lang.invoke.MethodHandles$Lookup	jdk	java.base
br.com.sawcunhaos.organization.domain.access.system.dto.ScosSystemOutput$ScosSystemOutputBuilder	java.lang.invoke.MethodType	jdk	java.base
br.com.sawcunhaos.organization.domain.access.system.dto.ScosSystemOutput$ScosSystemOutputBuilder	java.lang.invoke.StringConcatFactory	jdk	java.base
br.com.sawcunhaos.organization.domain.access.system.dto.ScosSystemOutput$ScosSystemOutputBuilder	java.util.UUID	jdk	java.base
br.com.sawcunhaos.organization.domain.access.system.internal.QScosSystem	br.com.sawcunhaos.foundation.jpa.entity.QBaseEntity	externo	scos-foundation-jpa-1.2.0-SNAPSHOT.jar
br.com.sawcunhaos.organization.domain.access.system.internal.QScosSystem	br.com.sawcunhaos.organization.domain.access.system.internal.ScosSystem	interno	classes
br.com.sawcunhaos.organization.domain.access.system.internal.QScosSystem	com.querydsl.core.types.Path	externo	querydsl-core-7.6.jar
br.com.sawcunhaos.organization.domain.access.system.internal.QScosSystem	com.querydsl.core.types.PathMetadata	externo	querydsl-core-7.6.jar
br.com.sawcunhaos.organization.domain.access.system.internal.QScosSystem	com.querydsl.core.types.PathMetadataFactory	externo	querydsl-core-7.6.jar
br.com.sawcunhaos.organization.domain.access.system.internal.QScosSystem	com.querydsl.core.types.dsl.ComparablePath	externo	querydsl-core-7.6.jar
br.com.sawcunhaos.organization.domain.access.system.internal.QScosSystem	com.querydsl.core.types.dsl.DateTimePath	externo	querydsl-core-7.6.jar
br.com.sawcunhaos.organization.domain.access.system.internal.QScosSystem	com.querydsl.core.types.dsl.EntityPathBase	externo	querydsl-core-7.6.jar
br.com.sawcunhaos.organization.domain.access.system.internal.QScosSystem	com.querydsl.core.types.dsl.StringPath	externo	querydsl-core-7.6.jar
br.com.sawcunhaos.organization.domain.access.system.internal.QScosSystem	java.lang.Class	jdk	java.base
br.com.sawcunhaos.organization.domain.access.system.internal.QScosSystem	java.lang.String	jdk	java.base
br.com.sawcunhaos.organization.domain.access.system.internal.QScosSystem	java.time.Instant	jdk	java.base
br.com.sawcunhaos.organization.domain.access.system.internal.QScosSystem	java.util.UUID	jdk	java.base
br.com.sawcunhaos.organization.domain.access.system.internal.ScosSystem	br.com.sawcunhaos.flow.audit.sdk.api.AuditableEntity	externo	not found
br.com.sawcunhaos.organization.domain.access.system.internal.ScosSystem	br.com.sawcunhaos.foundation.jpa.entity.BaseEntity	externo	scos-foundation-jpa-1.2.0-SNAPSHOT.jar
br.com.sawcunhaos.organization.domain.access.system.internal.ScosSystem	br.com.sawcunhaos.organization.domain.access.system.internal.ScosSystem$ScosSystemBuilder	interno	classes
br.com.sawcunhaos.organization.domain.access.system.internal.ScosSystem	jakarta.persistence.Column	externo	jakarta.persistence-api-3.2.0.jar
br.com.sawcunhaos.organization.domain.access.system.internal.ScosSystem	jakarta.persistence.Convert	externo	jakarta.persistence-api-3.2.0.jar
br.com.sawcunhaos.organization.domain.access.system.internal.ScosSystem	jakarta.persistence.Entity	externo	jakarta.persistence-api-3.2.0.jar
br.com.sawcunhaos.organization.domain.access.system.internal.ScosSystem	jakarta.persistence.GeneratedValue	externo	jakarta.persistence-api-3.2.0.jar
br.com.sawcunhaos.organization.domain.access.system.internal.ScosSystem	jakarta.persistence.Id	externo	jakarta.persistence-api-3.2.0.jar
br.com.sawcunhaos.organization.domain.access.system.internal.ScosSystem	jakarta.persistence.Table	externo	jakarta.persistence-api-3.2.0.jar
br.com.sawcunhaos.organization.domain.access.system.internal.ScosSystem	jakarta.persistence.Transient	externo	jakarta.persistence-api-3.2.0.jar
br.com.sawcunhaos.organization.domain.access.system.internal.ScosSystem	java.lang.Object	jdk	java.base
br.com.sawcunhaos.organization.domain.access.system.internal.ScosSystem	java.lang.String	jdk	java.base
br.com.sawcunhaos.organization.domain.access.system.internal.ScosSystem	java.lang.invoke.CallSite	jdk	java.base
br.com.sawcunhaos.organization.domain.access.system.internal.ScosSystem	java.lang.invoke.MethodHandles	jdk	java.base
br.com.sawcunhaos.organization.domain.access.system.internal.ScosSystem	java.lang.invoke.MethodHandles$Lookup	jdk	java.base
br.com.sawcunhaos.organization.domain.access.system.internal.ScosSystem	java.lang.invoke.MethodType	jdk	java.base
br.com.sawcunhaos.organization.domain.access.system.internal.ScosSystem	java.lang.invoke.StringConcatFactory	jdk	java.base
br.com.sawcunhaos.organization.domain.access.system.internal.ScosSystem	java.nio.charset.Charset	jdk	java.base
br.com.sawcunhaos.organization.domain.access.system.internal.ScosSystem	java.nio.charset.StandardCharsets	jdk	java.base
br.com.sawcunhaos.organization.domain.access.system.internal.ScosSystem	java.security.MessageDigest	jdk	java.base
br.com.sawcunhaos.organization.domain.access.system.internal.ScosSystem	java.time.Instant	jdk	java.base
br.com.sawcunhaos.organization.domain.access.system.internal.ScosSystem	java.util.UUID	jdk	java.base
br.com.sawcunhaos.organization.domain.access.system.internal.ScosSystem$ScosSystemBuilder	br.com.sawcunhaos.organization.domain.access.system.internal.ScosSystem	interno	classes
br.com.sawcunhaos.organization.domain.access.system.internal.ScosSystem$ScosSystemBuilder	java.lang.Object	jdk	java.base
br.com.sawcunhaos.organization.domain.access.system.internal.ScosSystem$ScosSystemBuilder	java.lang.String	jdk	java.base
br.com.sawcunhaos.organization.domain.access.system.internal.ScosSystem$ScosSystemBuilder	java.lang.invoke.CallSite	jdk	java.base
br.com.sawcunhaos.organization.domain.access.system.internal.ScosSystem$ScosSystemBuilder	java.lang.invoke.MethodHandles	jdk	java.base
br.com.sawcunhaos.organization.domain.access.system.internal.ScosSystem$ScosSystemBuilder	java.lang.invoke.MethodHandles$Lookup	jdk	java.base
br.com.sawcunhaos.organization.domain.access.system.internal.ScosSystem$ScosSystemBuilder	java.lang.invoke.MethodType	jdk	java.base
br.com.sawcunhaos.organization.domain.access.system.internal.ScosSystem$ScosSystemBuilder	java.lang.invoke.StringConcatFactory	jdk	java.base
br.com.sawcunhaos.organization.domain.access.system.internal.ScosSystem$ScosSystemBuilder	java.time.Instant	jdk	java.base
br.com.sawcunhaos.organization.domain.access.system.internal.ScosSystem$ScosSystemBuilder	java.util.UUID	jdk	java.base
br.com.sawcunhaos.organization.domain.access.system.internal.ScosSystemRepository	br.com.sawcunhaos.organization.domain.access.system.internal.ScosSystem	interno	classes
br.com.sawcunhaos.organization.domain.access.system.internal.ScosSystemRepository	io.hypersistence.utils.spring.repository.BaseJpaRepository	externo	hypersistence-utils-hibernate-71-3.15.5.jar
br.com.sawcunhaos.organization.domain.access.system.internal.ScosSystemRepository	java.lang.Object	jdk	java.base
br.com.sawcunhaos.organization.domain.access.system.internal.ScosSystemRepository	java.lang.String	jdk	java.base
br.com.sawcunhaos.organization.domain.access.system.internal.ScosSystemRepository	java.util.Optional	jdk	java.base
br.com.sawcunhaos.organization.domain.access.system.internal.ScosSystemRepository	java.util.UUID	jdk	java.base
br.com.sawcunhaos.organization.domain.access.system.internal.ScosSystemRepository	org.springframework.data.jpa.repository.JpaSpecificationExecutor	externo	spring-data-jpa-4.1.1.jar
br.com.sawcunhaos.organization.domain.access.system.internal.ScosSystemRepository	org.springframework.data.querydsl.QuerydslPredicateExecutor	externo	spring-data-commons-4.1.1.jar
br.com.sawcunhaos.organization.domain.access.system.internal.ScosSystemRepository	org.springframework.stereotype.Repository	externo	spring-context-7.0.9.jar
br.com.sawcunhaos.organization.domain.access.system.service.ScosSystemServiceBean	br.com.sawcunhaos.foundation.core.exception.ScosException	externo	scos-foundation-core-1.2.0-SNAPSHOT.jar
br.com.sawcunhaos.organization.domain.access.system.service.ScosSystemServiceBean	br.com.sawcunhaos.foundation.core.specification.ExceptionCode	externo	scos-foundation-core-1.2.0-SNAPSHOT.jar
br.com.sawcunhaos.organization.domain.access.system.service.ScosSystemServiceBean	br.com.sawcunhaos.organization.domain.access.system.dto.RegisterScosSystemInput	interno	classes
br.com.sawcunhaos.organization.domain.access.system.service.ScosSystemServiceBean	br.com.sawcunhaos.organization.domain.access.system.dto.ScosSystemOutput	interno	classes
br.com.sawcunhaos.organization.domain.access.system.service.ScosSystemServiceBean	br.com.sawcunhaos.organization.domain.access.system.dto.ScosSystemOutput$ScosSystemOutputBuilder	interno	classes
br.com.sawcunhaos.organization.domain.access.system.service.ScosSystemServiceBean	br.com.sawcunhaos.organization.domain.access.system.internal.ScosSystem	interno	classes
br.com.sawcunhaos.organization.domain.access.system.service.ScosSystemServiceBean	br.com.sawcunhaos.organization.domain.access.system.internal.ScosSystem$ScosSystemBuilder	interno	classes
br.com.sawcunhaos.organization.domain.access.system.service.ScosSystemServiceBean	br.com.sawcunhaos.organization.domain.access.system.internal.ScosSystemRepository	interno	classes
br.com.sawcunhaos.organization.domain.access.system.service.ScosSystemServiceBean	br.com.sawcunhaos.organization.domain.access.system.specification.ScosSystemService	interno	classes
br.com.sawcunhaos.organization.domain.access.system.service.ScosSystemServiceBean	br.com.sawcunhaos.organization.shared.exception.ExceptionCodeError	externo	flow-organization-shared-1.0.0-SNAPSHOT.jar
br.com.sawcunhaos.organization.domain.access.system.service.ScosSystemServiceBean	br.com.sawcunhaos.organization.shared.utils.SystemSecretCryptoService	externo	flow-organization-shared-1.0.0-SNAPSHOT.jar
br.com.sawcunhaos.organization.domain.access.system.service.ScosSystemServiceBean	java.lang.Class	jdk	java.base
br.com.sawcunhaos.organization.domain.access.system.service.ScosSystemServiceBean	java.lang.Object	jdk	java.base
br.com.sawcunhaos.organization.domain.access.system.service.ScosSystemServiceBean	java.lang.String	jdk	java.base
br.com.sawcunhaos.organization.domain.access.system.service.ScosSystemServiceBean	java.lang.invoke.CallSite	jdk	java.base
br.com.sawcunhaos.organization.domain.access.system.service.ScosSystemServiceBean	java.lang.invoke.LambdaMetafactory	jdk	java.base
br.com.sawcunhaos.organization.domain.access.system.service.ScosSystemServiceBean	java.lang.invoke.MethodHandle	jdk	java.base
br.com.sawcunhaos.organization.domain.access.system.service.ScosSystemServiceBean	java.lang.invoke.MethodHandles	jdk	java.base
br.com.sawcunhaos.organization.domain.access.system.service.ScosSystemServiceBean	java.lang.invoke.MethodHandles$Lookup	jdk	java.base
br.com.sawcunhaos.organization.domain.access.system.service.ScosSystemServiceBean	java.lang.invoke.MethodType	jdk	java.base
br.com.sawcunhaos.organization.domain.access.system.service.ScosSystemServiceBean	java.security.SecureRandom	jdk	java.base
br.com.sawcunhaos.organization.domain.access.system.service.ScosSystemServiceBean	java.time.Clock	jdk	java.base
br.com.sawcunhaos.organization.domain.access.system.service.ScosSystemServiceBean	java.time.Instant	jdk	java.base
br.com.sawcunhaos.organization.domain.access.system.service.ScosSystemServiceBean	java.util.Base64	jdk	java.base
br.com.sawcunhaos.organization.domain.access.system.service.ScosSystemServiceBean	java.util.Base64$Encoder	jdk	java.base
br.com.sawcunhaos.organization.domain.access.system.service.ScosSystemServiceBean	java.util.Objects	jdk	java.base
br.com.sawcunhaos.organization.domain.access.system.service.ScosSystemServiceBean	java.util.Optional	jdk	java.base
br.com.sawcunhaos.organization.domain.access.system.service.ScosSystemServiceBean	java.util.UUID	jdk	java.base
br.com.sawcunhaos.organization.domain.access.system.service.ScosSystemServiceBean	java.util.function.Supplier	jdk	java.base
br.com.sawcunhaos.organization.domain.access.system.service.ScosSystemServiceBean	org.slf4j.Logger	externo	slf4j-api-2.0.18.jar
br.com.sawcunhaos.organization.domain.access.system.service.ScosSystemServiceBean	org.slf4j.LoggerFactory	externo	slf4j-api-2.0.18.jar
br.com.sawcunhaos.organization.domain.access.system.service.ScosSystemServiceBean	org.springframework.stereotype.Service	externo	spring-context-7.0.9.jar
br.com.sawcunhaos.organization.domain.access.system.service.ScosSystemServiceBean	org.springframework.transaction.annotation.Transactional	externo	spring-tx-7.0.9.jar
br.com.sawcunhaos.organization.domain.access.system.specification.ScosSystemService	br.com.sawcunhaos.organization.domain.access.system.dto.RegisterScosSystemInput	interno	classes
br.com.sawcunhaos.organization.domain.access.system.specification.ScosSystemService	br.com.sawcunhaos.organization.domain.access.system.dto.ScosSystemOutput	interno	classes
br.com.sawcunhaos.organization.domain.access.system.specification.ScosSystemService	java.lang.Object	jdk	java.base
br.com.sawcunhaos.organization.domain.access.system.specification.ScosSystemService	java.lang.String	jdk	java.base
br.com.sawcunhaos.organization.domain.config.ClockConfig	java.lang.Object	jdk	java.base
br.com.sawcunhaos.organization.domain.config.ClockConfig	java.time.Clock	jdk	java.base
br.com.sawcunhaos.organization.domain.config.ClockConfig	org.springframework.context.annotation.Bean	externo	spring-context-7.0.9.jar
br.com.sawcunhaos.organization.domain.config.ClockConfig	org.springframework.context.annotation.Configuration	externo	spring-context-7.0.9.jar
br.com.sawcunhaos.organization.domain.configuration.dto.ConfigurationOutput	br.com.sawcunhaos.organization.domain.configuration.dto.ConfigurationOutput$ConfigurationOutputBuilder	interno	classes
br.com.sawcunhaos.organization.domain.configuration.dto.ConfigurationOutput	java.lang.Class	jdk	java.base
br.com.sawcunhaos.organization.domain.configuration.dto.ConfigurationOutput	java.lang.Object	jdk	java.base
br.com.sawcunhaos.organization.domain.configuration.dto.ConfigurationOutput	java.lang.Record	jdk	java.base
br.com.sawcunhaos.organization.domain.configuration.dto.ConfigurationOutput	java.lang.String	jdk	java.base
br.com.sawcunhaos.organization.domain.configuration.dto.ConfigurationOutput	java.lang.invoke.MethodHandle	jdk	java.base
br.com.sawcunhaos.organization.domain.configuration.dto.ConfigurationOutput	java.lang.invoke.MethodHandles	jdk	java.base
br.com.sawcunhaos.organization.domain.configuration.dto.ConfigurationOutput	java.lang.invoke.MethodHandles$Lookup	jdk	java.base
br.com.sawcunhaos.organization.domain.configuration.dto.ConfigurationOutput	java.lang.invoke.TypeDescriptor	jdk	java.base
br.com.sawcunhaos.organization.domain.configuration.dto.ConfigurationOutput	java.lang.runtime.ObjectMethods	jdk	java.base
br.com.sawcunhaos.organization.domain.configuration.dto.ConfigurationOutput$ConfigurationOutputBuilder	br.com.sawcunhaos.organization.domain.configuration.dto.ConfigurationOutput	interno	classes
br.com.sawcunhaos.organization.domain.configuration.dto.ConfigurationOutput$ConfigurationOutputBuilder	java.lang.Object	jdk	java.base
br.com.sawcunhaos.organization.domain.configuration.dto.ConfigurationOutput$ConfigurationOutputBuilder	java.lang.String	jdk	java.base
br.com.sawcunhaos.organization.domain.configuration.dto.ConfigurationOutput$ConfigurationOutputBuilder	java.lang.invoke.CallSite	jdk	java.base
br.com.sawcunhaos.organization.domain.configuration.dto.ConfigurationOutput$ConfigurationOutputBuilder	java.lang.invoke.MethodHandles	jdk	java.base
br.com.sawcunhaos.organization.domain.configuration.dto.ConfigurationOutput$ConfigurationOutputBuilder	java.lang.invoke.MethodHandles$Lookup	jdk	java.base
br.com.sawcunhaos.organization.domain.configuration.dto.ConfigurationOutput$ConfigurationOutputBuilder	java.lang.invoke.MethodType	jdk	java.base
br.com.sawcunhaos.organization.domain.configuration.dto.ConfigurationOutput$ConfigurationOutputBuilder	java.lang.invoke.StringConcatFactory	jdk	java.base
br.com.sawcunhaos.organization.domain.configuration.dto.KeyConfigurationOutput	br.com.sawcunhaos.organization.domain.configuration.dto.KeyConfigurationOutput$KeyConfigurationOutputBuilder	interno	classes
br.com.sawcunhaos.organization.domain.configuration.dto.KeyConfigurationOutput	java.lang.Class	jdk	java.base
br.com.sawcunhaos.organization.domain.configuration.dto.KeyConfigurationOutput	java.lang.Object	jdk	java.base
br.com.sawcunhaos.organization.domain.configuration.dto.KeyConfigurationOutput	java.lang.Record	jdk	java.base
br.com.sawcunhaos.organization.domain.configuration.dto.KeyConfigurationOutput	java.lang.String	jdk	java.base
br.com.sawcunhaos.organization.domain.configuration.dto.KeyConfigurationOutput	java.lang.invoke.MethodHandle	jdk	java.base
br.com.sawcunhaos.organization.domain.configuration.dto.KeyConfigurationOutput	java.lang.invoke.MethodHandles	jdk	java.base
br.com.sawcunhaos.organization.domain.configuration.dto.KeyConfigurationOutput	java.lang.invoke.MethodHandles$Lookup	jdk	java.base
br.com.sawcunhaos.organization.domain.configuration.dto.KeyConfigurationOutput	java.lang.invoke.TypeDescriptor	jdk	java.base
br.com.sawcunhaos.organization.domain.configuration.dto.KeyConfigurationOutput	java.lang.runtime.ObjectMethods	jdk	java.base
br.com.sawcunhaos.organization.domain.configuration.dto.KeyConfigurationOutput$KeyConfigurationOutputBuilder	br.com.sawcunhaos.organization.domain.configuration.dto.KeyConfigurationOutput	interno	classes
br.com.sawcunhaos.organization.domain.configuration.dto.KeyConfigurationOutput$KeyConfigurationOutputBuilder	java.lang.Object	jdk	java.base
br.com.sawcunhaos.organization.domain.configuration.dto.KeyConfigurationOutput$KeyConfigurationOutputBuilder	java.lang.String	jdk	java.base
br.com.sawcunhaos.organization.domain.configuration.dto.KeyConfigurationOutput$KeyConfigurationOutputBuilder	java.lang.invoke.CallSite	jdk	java.base
br.com.sawcunhaos.organization.domain.configuration.dto.KeyConfigurationOutput$KeyConfigurationOutputBuilder	java.lang.invoke.MethodHandles	jdk	java.base
br.com.sawcunhaos.organization.domain.configuration.dto.KeyConfigurationOutput$KeyConfigurationOutputBuilder	java.lang.invoke.MethodHandles$Lookup	jdk	java.base
br.com.sawcunhaos.organization.domain.configuration.dto.KeyConfigurationOutput$KeyConfigurationOutputBuilder	java.lang.invoke.MethodType	jdk	java.base
br.com.sawcunhaos.organization.domain.configuration.dto.KeyConfigurationOutput$KeyConfigurationOutputBuilder	java.lang.invoke.StringConcatFactory	jdk	java.base
br.com.sawcunhaos.organization.domain.configuration.internal.ConfigurationKey	br.com.sawcunhaos.foundation.core.exception.ScosException	externo	scos-foundation-core-1.2.0-SNAPSHOT.jar
br.com.sawcunhaos.organization.domain.configuration.internal.ConfigurationKey	br.com.sawcunhaos.foundation.core.specification.ExceptionCode	externo	scos-foundation-core-1.2.0-SNAPSHOT.jar
br.com.sawcunhaos.organization.domain.configuration.internal.ConfigurationKey	br.com.sawcunhaos.organization.domain.configuration.internal.ConfigurationType	interno	classes
br.com.sawcunhaos.organization.domain.configuration.internal.ConfigurationKey	br.com.sawcunhaos.organization.shared.exception.ExceptionCodeError	externo	flow-organization-shared-1.0.0-SNAPSHOT.jar
br.com.sawcunhaos.organization.domain.configuration.internal.ConfigurationKey	java.lang.Class	jdk	java.base
br.com.sawcunhaos.organization.domain.configuration.internal.ConfigurationKey	java.lang.Enum	jdk	java.base
br.com.sawcunhaos.organization.domain.configuration.internal.ConfigurationKey	java.lang.Exception	jdk	java.base
br.com.sawcunhaos.organization.domain.configuration.internal.ConfigurationKey	java.lang.Object	jdk	java.base
br.com.sawcunhaos.organization.domain.configuration.internal.ConfigurationKey	java.lang.String	jdk	java.base
br.com.sawcunhaos.organization.domain.configuration.internal.ConfigurationKey	java.lang.System	jdk	java.base
br.com.sawcunhaos.organization.domain.configuration.internal.ConfigurationKey	org.slf4j.Logger	externo	slf4j-api-2.0.18.jar
br.com.sawcunhaos.organization.domain.configuration.internal.ConfigurationKey	org.slf4j.LoggerFactory	externo	slf4j-api-2.0.18.jar
br.com.sawcunhaos.organization.domain.configuration.internal.ConfigurationType	java.lang.Class	jdk	java.base
br.com.sawcunhaos.organization.domain.configuration.internal.ConfigurationType	java.lang.Enum	jdk	java.base
br.com.sawcunhaos.organization.domain.configuration.internal.ConfigurationType	java.lang.Object	jdk	java.base
br.com.sawcunhaos.organization.domain.configuration.internal.ConfigurationType	java.lang.String	jdk	java.base
br.com.sawcunhaos.organization.domain.configuration.internal.ConfigurationType	java.lang.System	jdk	java.base
br.com.sawcunhaos.organization.domain.configuration.internal.OrganizationConfiguration	br.com.sawcunhaos.flow.audit.sdk.api.AuditableEntity	externo	not found
br.com.sawcunhaos.organization.domain.configuration.internal.OrganizationConfiguration	br.com.sawcunhaos.foundation.jpa.entity.BaseEntity	externo	scos-foundation-jpa-1.2.0-SNAPSHOT.jar
br.com.sawcunhaos.organization.domain.configuration.internal.OrganizationConfiguration	br.com.sawcunhaos.organization.domain.configuration.internal.ConfigurationKey	interno	classes
br.com.sawcunhaos.organization.domain.configuration.internal.OrganizationConfiguration	br.com.sawcunhaos.organization.domain.configuration.internal.ConfigurationType	interno	classes
br.com.sawcunhaos.organization.domain.configuration.internal.OrganizationConfiguration	br.com.sawcunhaos.organization.domain.configuration.internal.OrganizationConfiguration$OrganizationConfigurationBuilder	interno	classes
br.com.sawcunhaos.organization.domain.configuration.internal.OrganizationConfiguration	jakarta.persistence.Column	externo	jakarta.persistence-api-3.2.0.jar
br.com.sawcunhaos.organization.domain.configuration.internal.OrganizationConfiguration	jakarta.persistence.Entity	externo	jakarta.persistence-api-3.2.0.jar
br.com.sawcunhaos.organization.domain.configuration.internal.OrganizationConfiguration	jakarta.persistence.Enumerated	externo	jakarta.persistence-api-3.2.0.jar
br.com.sawcunhaos.organization.domain.configuration.internal.OrganizationConfiguration	jakarta.persistence.Id	externo	jakarta.persistence-api-3.2.0.jar
br.com.sawcunhaos.organization.domain.configuration.internal.OrganizationConfiguration	jakarta.persistence.Table	externo	jakarta.persistence-api-3.2.0.jar
br.com.sawcunhaos.organization.domain.configuration.internal.OrganizationConfiguration	java.lang.String	jdk	java.base
br.com.sawcunhaos.organization.domain.configuration.internal.OrganizationConfiguration$OrganizationConfigurationBuilder	br.com.sawcunhaos.organization.domain.configuration.internal.ConfigurationKey	interno	classes
br.com.sawcunhaos.organization.domain.configuration.internal.OrganizationConfiguration$OrganizationConfigurationBuilder	br.com.sawcunhaos.organization.domain.configuration.internal.ConfigurationType	interno	classes
br.com.sawcunhaos.organization.domain.configuration.internal.OrganizationConfiguration$OrganizationConfigurationBuilder	br.com.sawcunhaos.organization.domain.configuration.internal.OrganizationConfiguration	interno	classes
br.com.sawcunhaos.organization.domain.configuration.internal.OrganizationConfiguration$OrganizationConfigurationBuilder	java.lang.Object	jdk	java.base
br.com.sawcunhaos.organization.domain.configuration.internal.OrganizationConfiguration$OrganizationConfigurationBuilder	java.lang.String	jdk	java.base
br.com.sawcunhaos.organization.domain.configuration.internal.OrganizationConfiguration$OrganizationConfigurationBuilder	java.lang.invoke.CallSite	jdk	java.base
br.com.sawcunhaos.organization.domain.configuration.internal.OrganizationConfiguration$OrganizationConfigurationBuilder	java.lang.invoke.MethodHandles	jdk	java.base
br.com.sawcunhaos.organization.domain.configuration.internal.OrganizationConfiguration$OrganizationConfigurationBuilder	java.lang.invoke.MethodHandles$Lookup	jdk	java.base
br.com.sawcunhaos.organization.domain.configuration.internal.OrganizationConfiguration$OrganizationConfigurationBuilder	java.lang.invoke.MethodType	jdk	java.base
br.com.sawcunhaos.organization.domain.configuration.internal.OrganizationConfiguration$OrganizationConfigurationBuilder	java.lang.invoke.StringConcatFactory	jdk	java.base
br.com.sawcunhaos.organization.domain.configuration.internal.OrganizationConfigurationRepository	br.com.sawcunhaos.organization.domain.configuration.internal.ConfigurationKey	interno	classes
br.com.sawcunhaos.organization.domain.configuration.internal.OrganizationConfigurationRepository	br.com.sawcunhaos.organization.domain.configuration.internal.OrganizationConfiguration	interno	classes
br.com.sawcunhaos.organization.domain.configuration.internal.OrganizationConfigurationRepository	io.hypersistence.utils.spring.repository.BaseJpaRepository	externo	hypersistence-utils-hibernate-71-3.15.5.jar
br.com.sawcunhaos.organization.domain.configuration.internal.OrganizationConfigurationRepository	java.lang.Object	jdk	java.base
br.com.sawcunhaos.organization.domain.configuration.internal.OrganizationConfigurationRepository	java.lang.String	jdk	java.base
br.com.sawcunhaos.organization.domain.configuration.internal.OrganizationConfigurationRepository	java.util.List	jdk	java.base
br.com.sawcunhaos.organization.domain.configuration.internal.OrganizationConfigurationRepository	java.util.Optional	jdk	java.base
br.com.sawcunhaos.organization.domain.configuration.internal.OrganizationConfigurationRepository	org.springframework.stereotype.Repository	externo	spring-context-7.0.9.jar
br.com.sawcunhaos.organization.domain.configuration.internal.QOrganizationConfiguration	br.com.sawcunhaos.foundation.jpa.entity.QBaseEntity	externo	scos-foundation-jpa-1.2.0-SNAPSHOT.jar
br.com.sawcunhaos.organization.domain.configuration.internal.QOrganizationConfiguration	br.com.sawcunhaos.organization.domain.configuration.internal.ConfigurationKey	interno	classes
br.com.sawcunhaos.organization.domain.configuration.internal.QOrganizationConfiguration	br.com.sawcunhaos.organization.domain.configuration.internal.ConfigurationType	interno	classes
br.com.sawcunhaos.organization.domain.configuration.internal.QOrganizationConfiguration	br.com.sawcunhaos.organization.domain.configuration.internal.OrganizationConfiguration	interno	classes
br.com.sawcunhaos.organization.domain.configuration.internal.QOrganizationConfiguration	com.querydsl.core.types.Path	externo	querydsl-core-7.6.jar
br.com.sawcunhaos.organization.domain.configuration.internal.QOrganizationConfiguration	com.querydsl.core.types.PathMetadata	externo	querydsl-core-7.6.jar
br.com.sawcunhaos.organization.domain.configuration.internal.QOrganizationConfiguration	com.querydsl.core.types.PathMetadataFactory	externo	querydsl-core-7.6.jar
br.com.sawcunhaos.organization.domain.configuration.internal.QOrganizationConfiguration	com.querydsl.core.types.dsl.DateTimePath	externo	querydsl-core-7.6.jar
br.com.sawcunhaos.organization.domain.configuration.internal.QOrganizationConfiguration	com.querydsl.core.types.dsl.EntityPathBase	externo	querydsl-core-7.6.jar
br.com.sawcunhaos.organization.domain.configuration.internal.QOrganizationConfiguration	com.querydsl.core.types.dsl.EnumPath	externo	querydsl-core-7.6.jar
br.com.sawcunhaos.organization.domain.configuration.internal.QOrganizationConfiguration	com.querydsl.core.types.dsl.StringPath	externo	querydsl-core-7.6.jar
br.com.sawcunhaos.organization.domain.configuration.internal.QOrganizationConfiguration	java.lang.Class	jdk	java.base
br.com.sawcunhaos.organization.domain.configuration.internal.QOrganizationConfiguration	java.lang.String	jdk	java.base
br.com.sawcunhaos.organization.domain.configuration.internal.QOrganizationConfiguration	java.time.Instant	jdk	java.base
br.com.sawcunhaos.organization.domain.configuration.service.ConfigurationServiceBean	br.com.sawcunhaos.foundation.core.exception.ScosException	externo	scos-foundation-core-1.2.0-SNAPSHOT.jar
br.com.sawcunhaos.organization.domain.configuration.service.ConfigurationServiceBean	br.com.sawcunhaos.foundation.core.specification.ExceptionCode	externo	scos-foundation-core-1.2.0-SNAPSHOT.jar
br.com.sawcunhaos.organization.domain.configuration.service.ConfigurationServiceBean	br.com.sawcunhaos.foundation.core.specification.LocaleService	externo	scos-foundation-core-1.2.0-SNAPSHOT.jar
br.com.sawcunhaos.organization.domain.configuration.service.ConfigurationServiceBean	br.com.sawcunhaos.organization.domain.configuration.dto.ConfigurationOutput	interno	classes
br.com.sawcunhaos.organization.domain.configuration.service.ConfigurationServiceBean	br.com.sawcunhaos.organization.domain.configuration.dto.ConfigurationOutput$ConfigurationOutputBuilder	interno	classes
br.com.sawcunhaos.organization.domain.configuration.service.ConfigurationServiceBean	br.com.sawcunhaos.organization.domain.configuration.dto.KeyConfigurationOutput	interno	classes
br.com.sawcunhaos.organization.domain.configuration.service.ConfigurationServiceBean	br.com.sawcunhaos.organization.domain.configuration.dto.KeyConfigurationOutput$KeyConfigurationOutputBuilder	interno	classes
br.com.sawcunhaos.organization.domain.configuration.service.ConfigurationServiceBean	br.com.sawcunhaos.organization.domain.configuration.internal.ConfigurationKey	interno	classes
br.com.sawcunhaos.organization.domain.configuration.service.ConfigurationServiceBean	br.com.sawcunhaos.organization.domain.configuration.internal.ConfigurationType	interno	classes
br.com.sawcunhaos.organization.domain.configuration.service.ConfigurationServiceBean	br.com.sawcunhaos.organization.domain.configuration.internal.OrganizationConfiguration	interno	classes
br.com.sawcunhaos.organization.domain.configuration.service.ConfigurationServiceBean	br.com.sawcunhaos.organization.domain.configuration.internal.OrganizationConfigurationRepository	interno	classes
br.com.sawcunhaos.organization.domain.configuration.service.ConfigurationServiceBean	br.com.sawcunhaos.organization.domain.configuration.specification.ConfigurationService	interno	classes
br.com.sawcunhaos.organization.domain.configuration.service.ConfigurationServiceBean	br.com.sawcunhaos.organization.shared.exception.ExceptionCodeError	externo	flow-organization-shared-1.0.0-SNAPSHOT.jar
br.com.sawcunhaos.organization.domain.configuration.service.ConfigurationServiceBean	java.lang.Class	jdk	java.base
br.com.sawcunhaos.organization.domain.configuration.service.ConfigurationServiceBean	java.lang.Object	jdk	java.base
br.com.sawcunhaos.organization.domain.configuration.service.ConfigurationServiceBean	java.lang.String	jdk	java.base
br.com.sawcunhaos.organization.domain.configuration.service.ConfigurationServiceBean	java.lang.invoke.CallSite	jdk	java.base
br.com.sawcunhaos.organization.domain.configuration.service.ConfigurationServiceBean	java.lang.invoke.LambdaMetafactory	jdk	java.base
br.com.sawcunhaos.organization.domain.configuration.service.ConfigurationServiceBean	java.lang.invoke.MethodHandle	jdk	java.base
br.com.sawcunhaos.organization.domain.configuration.service.ConfigurationServiceBean	java.lang.invoke.MethodHandles	jdk	java.base
br.com.sawcunhaos.organization.domain.configuration.service.ConfigurationServiceBean	java.lang.invoke.MethodHandles$Lookup	jdk	java.base
br.com.sawcunhaos.organization.domain.configuration.service.ConfigurationServiceBean	java.lang.invoke.MethodType	jdk	java.base
br.com.sawcunhaos.organization.domain.configuration.service.ConfigurationServiceBean	java.util.Arrays	jdk	java.base
br.com.sawcunhaos.organization.domain.configuration.service.ConfigurationServiceBean	java.util.List	jdk	java.base
br.com.sawcunhaos.organization.domain.configuration.service.ConfigurationServiceBean	java.util.Optional	jdk	java.base
br.com.sawcunhaos.organization.domain.configuration.service.ConfigurationServiceBean	java.util.function.Function	jdk	java.base
br.com.sawcunhaos.organization.domain.configuration.service.ConfigurationServiceBean	java.util.function.Supplier	jdk	java.base
br.com.sawcunhaos.organization.domain.configuration.service.ConfigurationServiceBean	java.util.stream.Stream	jdk	java.base
br.com.sawcunhaos.organization.domain.configuration.service.ConfigurationServiceBean	org.slf4j.Logger	externo	slf4j-api-2.0.18.jar
br.com.sawcunhaos.organization.domain.configuration.service.ConfigurationServiceBean	org.slf4j.LoggerFactory	externo	slf4j-api-2.0.18.jar
br.com.sawcunhaos.organization.domain.configuration.service.ConfigurationServiceBean	org.springframework.stereotype.Service	externo	spring-context-7.0.9.jar
br.com.sawcunhaos.organization.domain.configuration.service.ConfigurationServiceBean	org.springframework.transaction.annotation.Transactional	externo	spring-tx-7.0.9.jar
br.com.sawcunhaos.organization.domain.configuration.specification.ConfigurationService	br.com.sawcunhaos.organization.domain.configuration.dto.ConfigurationOutput	interno	classes
br.com.sawcunhaos.organization.domain.configuration.specification.ConfigurationService	br.com.sawcunhaos.organization.domain.configuration.dto.KeyConfigurationOutput	interno	classes
br.com.sawcunhaos.organization.domain.configuration.specification.ConfigurationService	java.lang.Object	jdk	java.base
br.com.sawcunhaos.organization.domain.configuration.specification.ConfigurationService	java.lang.String	jdk	java.base
br.com.sawcunhaos.organization.domain.configuration.specification.ConfigurationService	java.util.List	jdk	java.base
br.com.sawcunhaos.organization.domain.corporate.catalog.dto.AddressTypeInput	br.com.sawcunhaos.organization.domain.access.status.internal.EntityType	interno	classes
br.com.sawcunhaos.organization.domain.corporate.catalog.dto.AddressTypeInput	br.com.sawcunhaos.organization.domain.corporate.catalog.dto.AddressTypeInput$AddressTypeInputBuilder	interno	classes
br.com.sawcunhaos.organization.domain.corporate.catalog.dto.AddressTypeInput	java.lang.Class	jdk	java.base
br.com.sawcunhaos.organization.domain.corporate.catalog.dto.AddressTypeInput	java.lang.Long	jdk	java.base
br.com.sawcunhaos.organization.domain.corporate.catalog.dto.AddressTypeInput	java.lang.Object	jdk	java.base
br.com.sawcunhaos.organization.domain.corporate.catalog.dto.AddressTypeInput	java.lang.Record	jdk	java.base
br.com.sawcunhaos.organization.domain.corporate.catalog.dto.AddressTypeInput	java.lang.String	jdk	java.base
br.com.sawcunhaos.organization.domain.corporate.catalog.dto.AddressTypeInput	java.lang.invoke.MethodHandle	jdk	java.base
br.com.sawcunhaos.organization.domain.corporate.catalog.dto.AddressTypeInput	java.lang.invoke.MethodHandles	jdk	java.base
br.com.sawcunhaos.organization.domain.corporate.catalog.dto.AddressTypeInput	java.lang.invoke.MethodHandles$Lookup	jdk	java.base
br.com.sawcunhaos.organization.domain.corporate.catalog.dto.AddressTypeInput	java.lang.invoke.TypeDescriptor	jdk	java.base
br.com.sawcunhaos.organization.domain.corporate.catalog.dto.AddressTypeInput	java.lang.runtime.ObjectMethods	jdk	java.base
br.com.sawcunhaos.organization.domain.corporate.catalog.dto.AddressTypeInput$AddressTypeInputBuilder	br.com.sawcunhaos.organization.domain.access.status.internal.EntityType	interno	classes
br.com.sawcunhaos.organization.domain.corporate.catalog.dto.AddressTypeInput$AddressTypeInputBuilder	br.com.sawcunhaos.organization.domain.corporate.catalog.dto.AddressTypeInput	interno	classes
br.com.sawcunhaos.organization.domain.corporate.catalog.dto.AddressTypeInput$AddressTypeInputBuilder	java.lang.Long	jdk	java.base
br.com.sawcunhaos.organization.domain.corporate.catalog.dto.AddressTypeInput$AddressTypeInputBuilder	java.lang.Object	jdk	java.base
br.com.sawcunhaos.organization.domain.corporate.catalog.dto.AddressTypeInput$AddressTypeInputBuilder	java.lang.String	jdk	java.base
br.com.sawcunhaos.organization.domain.corporate.catalog.dto.AddressTypeInput$AddressTypeInputBuilder	java.lang.invoke.CallSite	jdk	java.base
br.com.sawcunhaos.organization.domain.corporate.catalog.dto.AddressTypeInput$AddressTypeInputBuilder	java.lang.invoke.MethodHandles	jdk	java.base
br.com.sawcunhaos.organization.domain.corporate.catalog.dto.AddressTypeInput$AddressTypeInputBuilder	java.lang.invoke.MethodHandles$Lookup	jdk	java.base
br.com.sawcunhaos.organization.domain.corporate.catalog.dto.AddressTypeInput$AddressTypeInputBuilder	java.lang.invoke.MethodType	jdk	java.base
br.com.sawcunhaos.organization.domain.corporate.catalog.dto.AddressTypeInput$AddressTypeInputBuilder	java.lang.invoke.StringConcatFactory	jdk	java.base
br.com.sawcunhaos.organization.domain.corporate.catalog.dto.AddressTypeOutput	br.com.sawcunhaos.organization.domain.access.status.internal.EntityType	interno	classes
br.com.sawcunhaos.organization.domain.corporate.catalog.dto.AddressTypeOutput	br.com.sawcunhaos.organization.domain.corporate.catalog.dto.AddressTypeOutput$AddressTypeOutputBuilder	interno	classes
br.com.sawcunhaos.organization.domain.corporate.catalog.dto.AddressTypeOutput	java.lang.Class	jdk	java.base
br.com.sawcunhaos.organization.domain.corporate.catalog.dto.AddressTypeOutput	java.lang.Long	jdk	java.base
br.com.sawcunhaos.organization.domain.corporate.catalog.dto.AddressTypeOutput	java.lang.Object	jdk	java.base
br.com.sawcunhaos.organization.domain.corporate.catalog.dto.AddressTypeOutput	java.lang.Record	jdk	java.base
br.com.sawcunhaos.organization.domain.corporate.catalog.dto.AddressTypeOutput	java.lang.String	jdk	java.base
br.com.sawcunhaos.organization.domain.corporate.catalog.dto.AddressTypeOutput	java.lang.invoke.MethodHandle	jdk	java.base
br.com.sawcunhaos.organization.domain.corporate.catalog.dto.AddressTypeOutput	java.lang.invoke.MethodHandles	jdk	java.base
br.com.sawcunhaos.organization.domain.corporate.catalog.dto.AddressTypeOutput	java.lang.invoke.MethodHandles$Lookup	jdk	java.base
br.com.sawcunhaos.organization.domain.corporate.catalog.dto.AddressTypeOutput	java.lang.invoke.TypeDescriptor	jdk	java.base
br.com.sawcunhaos.organization.domain.corporate.catalog.dto.AddressTypeOutput	java.lang.runtime.ObjectMethods	jdk	java.base
br.com.sawcunhaos.organization.domain.corporate.catalog.dto.AddressTypeOutput$AddressTypeOutputBuilder	br.com.sawcunhaos.organization.domain.access.status.internal.EntityType	interno	classes
br.com.sawcunhaos.organization.domain.corporate.catalog.dto.AddressTypeOutput$AddressTypeOutputBuilder	br.com.sawcunhaos.organization.domain.corporate.catalog.dto.AddressTypeOutput	interno	classes
br.com.sawcunhaos.organization.domain.corporate.catalog.dto.AddressTypeOutput$AddressTypeOutputBuilder	java.lang.Long	jdk	java.base
br.com.sawcunhaos.organization.domain.corporate.catalog.dto.AddressTypeOutput$AddressTypeOutputBuilder	java.lang.Object	jdk	java.base
br.com.sawcunhaos.organization.domain.corporate.catalog.dto.AddressTypeOutput$AddressTypeOutputBuilder	java.lang.String	jdk	java.base
br.com.sawcunhaos.organization.domain.corporate.catalog.dto.AddressTypeOutput$AddressTypeOutputBuilder	java.lang.invoke.CallSite	jdk	java.base
br.com.sawcunhaos.organization.domain.corporate.catalog.dto.AddressTypeOutput$AddressTypeOutputBuilder	java.lang.invoke.MethodHandles	jdk	java.base
br.com.sawcunhaos.organization.domain.corporate.catalog.dto.AddressTypeOutput$AddressTypeOutputBuilder	java.lang.invoke.MethodHandles$Lookup	jdk	java.base
br.com.sawcunhaos.organization.domain.corporate.catalog.dto.AddressTypeOutput$AddressTypeOutputBuilder	java.lang.invoke.MethodType	jdk	java.base
br.com.sawcunhaos.organization.domain.corporate.catalog.dto.AddressTypeOutput$AddressTypeOutputBuilder	java.lang.invoke.StringConcatFactory	jdk	java.base
br.com.sawcunhaos.organization.domain.corporate.catalog.dto.ContactTypeInput	br.com.sawcunhaos.organization.domain.access.status.internal.EntityType	interno	classes
br.com.sawcunhaos.organization.domain.corporate.catalog.dto.ContactTypeInput	br.com.sawcunhaos.organization.domain.corporate.catalog.dto.ContactTypeInput$ContactTypeInputBuilder	interno	classes
br.com.sawcunhaos.organization.domain.corporate.catalog.dto.ContactTypeInput	java.lang.Class	jdk	java.base
br.com.sawcunhaos.organization.domain.corporate.catalog.dto.ContactTypeInput	java.lang.Long	jdk	java.base
br.com.sawcunhaos.organization.domain.corporate.catalog.dto.ContactTypeInput	java.lang.Object	jdk	java.base
br.com.sawcunhaos.organization.domain.corporate.catalog.dto.ContactTypeInput	java.lang.Record	jdk	java.base
br.com.sawcunhaos.organization.domain.corporate.catalog.dto.ContactTypeInput	java.lang.String	jdk	java.base
br.com.sawcunhaos.organization.domain.corporate.catalog.dto.ContactTypeInput	java.lang.invoke.MethodHandle	jdk	java.base
br.com.sawcunhaos.organization.domain.corporate.catalog.dto.ContactTypeInput	java.lang.invoke.MethodHandles	jdk	java.base
br.com.sawcunhaos.organization.domain.corporate.catalog.dto.ContactTypeInput	java.lang.invoke.MethodHandles$Lookup	jdk	java.base
br.com.sawcunhaos.organization.domain.corporate.catalog.dto.ContactTypeInput	java.lang.invoke.TypeDescriptor	jdk	java.base
br.com.sawcunhaos.organization.domain.corporate.catalog.dto.ContactTypeInput	java.lang.runtime.ObjectMethods	jdk	java.base
br.com.sawcunhaos.organization.domain.corporate.catalog.dto.ContactTypeInput$ContactTypeInputBuilder	br.com.sawcunhaos.organization.domain.access.status.internal.EntityType	interno	classes
br.com.sawcunhaos.organization.domain.corporate.catalog.dto.ContactTypeInput$ContactTypeInputBuilder	br.com.sawcunhaos.organization.domain.corporate.catalog.dto.ContactTypeInput	interno	classes
br.com.sawcunhaos.organization.domain.corporate.catalog.dto.ContactTypeInput$ContactTypeInputBuilder	java.lang.Long	jdk	java.base
br.com.sawcunhaos.organization.domain.corporate.catalog.dto.ContactTypeInput$ContactTypeInputBuilder	java.lang.Object	jdk	java.base
br.com.sawcunhaos.organization.domain.corporate.catalog.dto.ContactTypeInput$ContactTypeInputBuilder	java.lang.String	jdk	java.base
br.com.sawcunhaos.organization.domain.corporate.catalog.dto.ContactTypeInput$ContactTypeInputBuilder	java.lang.invoke.CallSite	jdk	java.base
br.com.sawcunhaos.organization.domain.corporate.catalog.dto.ContactTypeInput$ContactTypeInputBuilder	java.lang.invoke.MethodHandles	jdk	java.base
br.com.sawcunhaos.organization.domain.corporate.catalog.dto.ContactTypeInput$ContactTypeInputBuilder	java.lang.invoke.MethodHandles$Lookup	jdk	java.base
br.com.sawcunhaos.organization.domain.corporate.catalog.dto.ContactTypeInput$ContactTypeInputBuilder	java.lang.invoke.MethodType	jdk	java.base
br.com.sawcunhaos.organization.domain.corporate.catalog.dto.ContactTypeInput$ContactTypeInputBuilder	java.lang.invoke.StringConcatFactory	jdk	java.base
br.com.sawcunhaos.organization.domain.corporate.catalog.dto.ContactTypeOutput	br.com.sawcunhaos.organization.domain.access.status.internal.EntityType	interno	classes
br.com.sawcunhaos.organization.domain.corporate.catalog.dto.ContactTypeOutput	br.com.sawcunhaos.organization.domain.corporate.catalog.dto.ContactTypeOutput$ContactTypeOutputBuilder	interno	classes
br.com.sawcunhaos.organization.domain.corporate.catalog.dto.ContactTypeOutput	java.lang.Class	jdk	java.base
br.com.sawcunhaos.organization.domain.corporate.catalog.dto.ContactTypeOutput	java.lang.Long	jdk	java.base
br.com.sawcunhaos.organization.domain.corporate.catalog.dto.ContactTypeOutput	java.lang.Object	jdk	java.base
br.com.sawcunhaos.organization.domain.corporate.catalog.dto.ContactTypeOutput	java.lang.Record	jdk	java.base
br.com.sawcunhaos.organization.domain.corporate.catalog.dto.ContactTypeOutput	java.lang.String	jdk	java.base
br.com.sawcunhaos.organization.domain.corporate.catalog.dto.ContactTypeOutput	java.lang.invoke.MethodHandle	jdk	java.base
br.com.sawcunhaos.organization.domain.corporate.catalog.dto.ContactTypeOutput	java.lang.invoke.MethodHandles	jdk	java.base
br.com.sawcunhaos.organization.domain.corporate.catalog.dto.ContactTypeOutput	java.lang.invoke.MethodHandles$Lookup	jdk	java.base
br.com.sawcunhaos.organization.domain.corporate.catalog.dto.ContactTypeOutput	java.lang.invoke.TypeDescriptor	jdk	java.base
br.com.sawcunhaos.organization.domain.corporate.catalog.dto.ContactTypeOutput	java.lang.runtime.ObjectMethods	jdk	java.base
br.com.sawcunhaos.organization.domain.corporate.catalog.dto.ContactTypeOutput$ContactTypeOutputBuilder	br.com.sawcunhaos.organization.domain.access.status.internal.EntityType	interno	classes
br.com.sawcunhaos.organization.domain.corporate.catalog.dto.ContactTypeOutput$ContactTypeOutputBuilder	br.com.sawcunhaos.organization.domain.corporate.catalog.dto.ContactTypeOutput	interno	classes
br.com.sawcunhaos.organization.domain.corporate.catalog.dto.ContactTypeOutput$ContactTypeOutputBuilder	java.lang.Long	jdk	java.base
br.com.sawcunhaos.organization.domain.corporate.catalog.dto.ContactTypeOutput$ContactTypeOutputBuilder	java.lang.Object	jdk	java.base
br.com.sawcunhaos.organization.domain.corporate.catalog.dto.ContactTypeOutput$ContactTypeOutputBuilder	java.lang.String	jdk	java.base
br.com.sawcunhaos.organization.domain.corporate.catalog.dto.ContactTypeOutput$ContactTypeOutputBuilder	java.lang.invoke.CallSite	jdk	java.base
br.com.sawcunhaos.organization.domain.corporate.catalog.dto.ContactTypeOutput$ContactTypeOutputBuilder	java.lang.invoke.MethodHandles	jdk	java.base
br.com.sawcunhaos.organization.domain.corporate.catalog.dto.ContactTypeOutput$ContactTypeOutputBuilder	java.lang.invoke.MethodHandles$Lookup	jdk	java.base
br.com.sawcunhaos.organization.domain.corporate.catalog.dto.ContactTypeOutput$ContactTypeOutputBuilder	java.lang.invoke.MethodType	jdk	java.base
br.com.sawcunhaos.organization.domain.corporate.catalog.dto.ContactTypeOutput$ContactTypeOutputBuilder	java.lang.invoke.StringConcatFactory	jdk	java.base
br.com.sawcunhaos.organization.domain.corporate.catalog.internal.AddressType	br.com.sawcunhaos.flow.audit.sdk.api.AuditableEntity	externo	not found
br.com.sawcunhaos.organization.domain.corporate.catalog.internal.AddressType	br.com.sawcunhaos.foundation.core.exception.ScosException	externo	scos-foundation-core-1.2.0-SNAPSHOT.jar
br.com.sawcunhaos.organization.domain.corporate.catalog.internal.AddressType	br.com.sawcunhaos.foundation.core.specification.ExceptionCode	externo	scos-foundation-core-1.2.0-SNAPSHOT.jar
br.com.sawcunhaos.organization.domain.corporate.catalog.internal.AddressType	br.com.sawcunhaos.foundation.jpa.entity.BaseEntity	externo	scos-foundation-jpa-1.2.0-SNAPSHOT.jar
br.com.sawcunhaos.organization.domain.corporate.catalog.internal.AddressType	br.com.sawcunhaos.organization.domain.access.status.internal.EntityType	interno	classes
br.com.sawcunhaos.organization.domain.corporate.catalog.internal.AddressType	br.com.sawcunhaos.organization.domain.corporate.catalog.internal.AddressType$AddressTypeBuilder	interno	classes
br.com.sawcunhaos.organization.domain.corporate.catalog.internal.AddressType	br.com.sawcunhaos.organization.shared.exception.ExceptionCodeError	externo	flow-organization-shared-1.0.0-SNAPSHOT.jar
br.com.sawcunhaos.organization.domain.corporate.catalog.internal.AddressType	jakarta.persistence.Column	externo	jakarta.persistence-api-3.2.0.jar
br.com.sawcunhaos.organization.domain.corporate.catalog.internal.AddressType	jakarta.persistence.Entity	externo	jakarta.persistence-api-3.2.0.jar
br.com.sawcunhaos.organization.domain.corporate.catalog.internal.AddressType	jakarta.persistence.Enumerated	externo	jakarta.persistence-api-3.2.0.jar
br.com.sawcunhaos.organization.domain.corporate.catalog.internal.AddressType	jakarta.persistence.GeneratedValue	externo	jakarta.persistence-api-3.2.0.jar
br.com.sawcunhaos.organization.domain.corporate.catalog.internal.AddressType	jakarta.persistence.Id	externo	jakarta.persistence-api-3.2.0.jar
br.com.sawcunhaos.organization.domain.corporate.catalog.internal.AddressType	jakarta.persistence.Table	externo	jakarta.persistence-api-3.2.0.jar
br.com.sawcunhaos.organization.domain.corporate.catalog.internal.AddressType	java.lang.Long	jdk	java.base
br.com.sawcunhaos.organization.domain.corporate.catalog.internal.AddressType	java.lang.String	jdk	java.base
br.com.sawcunhaos.organization.domain.corporate.catalog.internal.AddressType$AddressTypeBuilder	br.com.sawcunhaos.organization.domain.access.status.internal.EntityType	interno	classes
br.com.sawcunhaos.organization.domain.corporate.catalog.internal.AddressType$AddressTypeBuilder	br.com.sawcunhaos.organization.domain.corporate.catalog.internal.AddressType	interno	classes
br.com.sawcunhaos.organization.domain.corporate.catalog.internal.AddressType$AddressTypeBuilder	java.lang.Long	jdk	java.base
br.com.sawcunhaos.organization.domain.corporate.catalog.internal.AddressType$AddressTypeBuilder	java.lang.Object	jdk	java.base
br.com.sawcunhaos.organization.domain.corporate.catalog.internal.AddressType$AddressTypeBuilder	java.lang.String	jdk	java.base
br.com.sawcunhaos.organization.domain.corporate.catalog.internal.AddressType$AddressTypeBuilder	java.lang.invoke.CallSite	jdk	java.base
br.com.sawcunhaos.organization.domain.corporate.catalog.internal.AddressType$AddressTypeBuilder	java.lang.invoke.MethodHandles	jdk	java.base
br.com.sawcunhaos.organization.domain.corporate.catalog.internal.AddressType$AddressTypeBuilder	java.lang.invoke.MethodHandles$Lookup	jdk	java.base
br.com.sawcunhaos.organization.domain.corporate.catalog.internal.AddressType$AddressTypeBuilder	java.lang.invoke.MethodType	jdk	java.base
br.com.sawcunhaos.organization.domain.corporate.catalog.internal.AddressType$AddressTypeBuilder	java.lang.invoke.StringConcatFactory	jdk	java.base
br.com.sawcunhaos.organization.domain.corporate.catalog.internal.AddressTypePredicates	br.com.sawcunhaos.organization.domain.access.status.internal.EntityType	interno	classes
br.com.sawcunhaos.organization.domain.corporate.catalog.internal.AddressTypePredicates	br.com.sawcunhaos.organization.domain.corporate.catalog.internal.QAddressType	interno	classes
br.com.sawcunhaos.organization.domain.corporate.catalog.internal.AddressTypePredicates	com.querydsl.core.BooleanBuilder	externo	querydsl-core-7.6.jar
br.com.sawcunhaos.organization.domain.corporate.catalog.internal.AddressTypePredicates	com.querydsl.core.types.Predicate	externo	querydsl-core-7.6.jar
br.com.sawcunhaos.organization.domain.corporate.catalog.internal.AddressTypePredicates	com.querydsl.core.types.dsl.BooleanExpression	externo	querydsl-core-7.6.jar
br.com.sawcunhaos.organization.domain.corporate.catalog.internal.AddressTypePredicates	com.querydsl.core.types.dsl.BooleanPath	externo	querydsl-core-7.6.jar
br.com.sawcunhaos.organization.domain.corporate.catalog.internal.AddressTypePredicates	com.querydsl.core.types.dsl.EnumPath	externo	querydsl-core-7.6.jar
br.com.sawcunhaos.organization.domain.corporate.catalog.internal.AddressTypePredicates	com.querydsl.core.types.dsl.NumberPath	externo	querydsl-core-7.6.jar
br.com.sawcunhaos.organization.domain.corporate.catalog.internal.AddressTypePredicates	com.querydsl.core.types.dsl.StringPath	externo	querydsl-core-7.6.jar
br.com.sawcunhaos.organization.domain.corporate.catalog.internal.AddressTypePredicates	java.lang.Boolean	jdk	java.base
br.com.sawcunhaos.organization.domain.corporate.catalog.internal.AddressTypePredicates	java.lang.Long	jdk	java.base
br.com.sawcunhaos.organization.domain.corporate.catalog.internal.AddressTypePredicates	java.lang.Object	jdk	java.base
br.com.sawcunhaos.organization.domain.corporate.catalog.internal.AddressTypePredicates	java.lang.String	jdk	java.base
br.com.sawcunhaos.organization.domain.corporate.catalog.internal.AddressTypePredicates	java.util.Objects	jdk	java.base
br.com.sawcunhaos.organization.domain.corporate.catalog.internal.AddressTypeRepository	br.com.sawcunhaos.organization.domain.access.status.internal.EntityType	interno	classes
br.com.sawcunhaos.organization.domain.corporate.catalog.internal.AddressTypeRepository	br.com.sawcunhaos.organization.domain.corporate.catalog.internal.AddressType	interno	classes
br.com.sawcunhaos.organization.domain.corporate.catalog.internal.AddressTypeRepository	br.com.sawcunhaos.organization.domain.corporate.catalog.internal.AddressTypePredicates	interno	classes
br.com.sawcunhaos.organization.domain.corporate.catalog.internal.AddressTypeRepository	com.querydsl.core.types.Predicate	externo	querydsl-core-7.6.jar
br.com.sawcunhaos.organization.domain.corporate.catalog.internal.AddressTypeRepository	io.hypersistence.utils.spring.repository.BaseJpaRepository	externo	hypersistence-utils-hibernate-71-3.15.5.jar
br.com.sawcunhaos.organization.domain.corporate.catalog.internal.AddressTypeRepository	java.lang.Boolean	jdk	java.base
br.com.sawcunhaos.organization.domain.corporate.catalog.internal.AddressTypeRepository	java.lang.Long	jdk	java.base
br.com.sawcunhaos.organization.domain.corporate.catalog.internal.AddressTypeRepository	java.lang.Object	jdk	java.base
br.com.sawcunhaos.organization.domain.corporate.catalog.internal.AddressTypeRepository	java.lang.String	jdk	java.base
br.com.sawcunhaos.organization.domain.corporate.catalog.internal.AddressTypeRepository	java.util.Objects	jdk	java.base
br.com.sawcunhaos.organization.domain.corporate.catalog.internal.AddressTypeRepository	org.springframework.data.domain.Page	externo	spring-data-commons-4.1.1.jar
br.com.sawcunhaos.organization.domain.corporate.catalog.internal.AddressTypeRepository	org.springframework.data.domain.Pageable	externo	spring-data-commons-4.1.1.jar
br.com.sawcunhaos.organization.domain.corporate.catalog.internal.AddressTypeRepository	org.springframework.data.jpa.repository.JpaSpecificationExecutor	externo	spring-data-jpa-4.1.1.jar
br.com.sawcunhaos.organization.domain.corporate.catalog.internal.AddressTypeRepository	org.springframework.data.querydsl.QuerydslPredicateExecutor	externo	spring-data-commons-4.1.1.jar
br.com.sawcunhaos.organization.domain.corporate.catalog.internal.AddressTypeRepository	org.springframework.stereotype.Repository	externo	spring-context-7.0.9.jar
br.com.sawcunhaos.organization.domain.corporate.catalog.internal.ContactType	br.com.sawcunhaos.flow.audit.sdk.api.AuditableEntity	externo	not found
br.com.sawcunhaos.organization.domain.corporate.catalog.internal.ContactType	br.com.sawcunhaos.foundation.core.exception.ScosException	externo	scos-foundation-core-1.2.0-SNAPSHOT.jar
br.com.sawcunhaos.organization.domain.corporate.catalog.internal.ContactType	br.com.sawcunhaos.foundation.core.specification.ExceptionCode	externo	scos-foundation-core-1.2.0-SNAPSHOT.jar
br.com.sawcunhaos.organization.domain.corporate.catalog.internal.ContactType	br.com.sawcunhaos.foundation.jpa.entity.BaseEntity	externo	scos-foundation-jpa-1.2.0-SNAPSHOT.jar
br.com.sawcunhaos.organization.domain.corporate.catalog.internal.ContactType	br.com.sawcunhaos.organization.domain.access.status.internal.EntityType	interno	classes
br.com.sawcunhaos.organization.domain.corporate.catalog.internal.ContactType	br.com.sawcunhaos.organization.domain.corporate.catalog.internal.ContactType$ContactTypeBuilder	interno	classes
br.com.sawcunhaos.organization.domain.corporate.catalog.internal.ContactType	br.com.sawcunhaos.organization.shared.exception.ExceptionCodeError	externo	flow-organization-shared-1.0.0-SNAPSHOT.jar
br.com.sawcunhaos.organization.domain.corporate.catalog.internal.ContactType	jakarta.persistence.Column	externo	jakarta.persistence-api-3.2.0.jar
br.com.sawcunhaos.organization.domain.corporate.catalog.internal.ContactType	jakarta.persistence.Entity	externo	jakarta.persistence-api-3.2.0.jar
br.com.sawcunhaos.organization.domain.corporate.catalog.internal.ContactType	jakarta.persistence.Enumerated	externo	jakarta.persistence-api-3.2.0.jar
br.com.sawcunhaos.organization.domain.corporate.catalog.internal.ContactType	jakarta.persistence.GeneratedValue	externo	jakarta.persistence-api-3.2.0.jar
br.com.sawcunhaos.organization.domain.corporate.catalog.internal.ContactType	jakarta.persistence.Id	externo	jakarta.persistence-api-3.2.0.jar
br.com.sawcunhaos.organization.domain.corporate.catalog.internal.ContactType	jakarta.persistence.Table	externo	jakarta.persistence-api-3.2.0.jar
br.com.sawcunhaos.organization.domain.corporate.catalog.internal.ContactType	java.lang.Long	jdk	java.base
br.com.sawcunhaos.organization.domain.corporate.catalog.internal.ContactType	java.lang.String	jdk	java.base
br.com.sawcunhaos.organization.domain.corporate.catalog.internal.ContactType$ContactTypeBuilder	br.com.sawcunhaos.organization.domain.access.status.internal.EntityType	interno	classes
br.com.sawcunhaos.organization.domain.corporate.catalog.internal.ContactType$ContactTypeBuilder	br.com.sawcunhaos.organization.domain.corporate.catalog.internal.ContactType	interno	classes
br.com.sawcunhaos.organization.domain.corporate.catalog.internal.ContactType$ContactTypeBuilder	java.lang.Long	jdk	java.base
br.com.sawcunhaos.organization.domain.corporate.catalog.internal.ContactType$ContactTypeBuilder	java.lang.Object	jdk	java.base
br.com.sawcunhaos.organization.domain.corporate.catalog.internal.ContactType$ContactTypeBuilder	java.lang.String	jdk	java.base
br.com.sawcunhaos.organization.domain.corporate.catalog.internal.ContactType$ContactTypeBuilder	java.lang.invoke.CallSite	jdk	java.base
br.com.sawcunhaos.organization.domain.corporate.catalog.internal.ContactType$ContactTypeBuilder	java.lang.invoke.MethodHandles	jdk	java.base
br.com.sawcunhaos.organization.domain.corporate.catalog.internal.ContactType$ContactTypeBuilder	java.lang.invoke.MethodHandles$Lookup	jdk	java.base
br.com.sawcunhaos.organization.domain.corporate.catalog.internal.ContactType$ContactTypeBuilder	java.lang.invoke.MethodType	jdk	java.base
br.com.sawcunhaos.organization.domain.corporate.catalog.internal.ContactType$ContactTypeBuilder	java.lang.invoke.StringConcatFactory	jdk	java.base
br.com.sawcunhaos.organization.domain.corporate.catalog.internal.ContactTypePredicates	br.com.sawcunhaos.organization.domain.access.status.internal.EntityType	interno	classes
br.com.sawcunhaos.organization.domain.corporate.catalog.internal.ContactTypePredicates	br.com.sawcunhaos.organization.domain.corporate.catalog.internal.QContactType	interno	classes
br.com.sawcunhaos.organization.domain.corporate.catalog.internal.ContactTypePredicates	com.querydsl.core.BooleanBuilder	externo	querydsl-core-7.6.jar
br.com.sawcunhaos.organization.domain.corporate.catalog.internal.ContactTypePredicates	com.querydsl.core.types.Predicate	externo	querydsl-core-7.6.jar
br.com.sawcunhaos.organization.domain.corporate.catalog.internal.ContactTypePredicates	com.querydsl.core.types.dsl.BooleanExpression	externo	querydsl-core-7.6.jar
br.com.sawcunhaos.organization.domain.corporate.catalog.internal.ContactTypePredicates	com.querydsl.core.types.dsl.BooleanPath	externo	querydsl-core-7.6.jar
br.com.sawcunhaos.organization.domain.corporate.catalog.internal.ContactTypePredicates	com.querydsl.core.types.dsl.EnumPath	externo	querydsl-core-7.6.jar
br.com.sawcunhaos.organization.domain.corporate.catalog.internal.ContactTypePredicates	com.querydsl.core.types.dsl.NumberPath	externo	querydsl-core-7.6.jar
br.com.sawcunhaos.organization.domain.corporate.catalog.internal.ContactTypePredicates	com.querydsl.core.types.dsl.StringPath	externo	querydsl-core-7.6.jar
br.com.sawcunhaos.organization.domain.corporate.catalog.internal.ContactTypePredicates	java.lang.Boolean	jdk	java.base
br.com.sawcunhaos.organization.domain.corporate.catalog.internal.ContactTypePredicates	java.lang.Long	jdk	java.base
br.com.sawcunhaos.organization.domain.corporate.catalog.internal.ContactTypePredicates	java.lang.Object	jdk	java.base
br.com.sawcunhaos.organization.domain.corporate.catalog.internal.ContactTypePredicates	java.lang.String	jdk	java.base
br.com.sawcunhaos.organization.domain.corporate.catalog.internal.ContactTypePredicates	java.util.Objects	jdk	java.base
br.com.sawcunhaos.organization.domain.corporate.catalog.internal.ContactTypeRepository	br.com.sawcunhaos.organization.domain.access.status.internal.EntityType	interno	classes
br.com.sawcunhaos.organization.domain.corporate.catalog.internal.ContactTypeRepository	br.com.sawcunhaos.organization.domain.corporate.catalog.internal.ContactType	interno	classes
br.com.sawcunhaos.organization.domain.corporate.catalog.internal.ContactTypeRepository	br.com.sawcunhaos.organization.domain.corporate.catalog.internal.ContactTypePredicates	interno	classes
br.com.sawcunhaos.organization.domain.corporate.catalog.internal.ContactTypeRepository	com.querydsl.core.types.Predicate	externo	querydsl-core-7.6.jar
br.com.sawcunhaos.organization.domain.corporate.catalog.internal.ContactTypeRepository	io.hypersistence.utils.spring.repository.BaseJpaRepository	externo	hypersistence-utils-hibernate-71-3.15.5.jar
br.com.sawcunhaos.organization.domain.corporate.catalog.internal.ContactTypeRepository	java.lang.Boolean	jdk	java.base
br.com.sawcunhaos.organization.domain.corporate.catalog.internal.ContactTypeRepository	java.lang.Long	jdk	java.base
br.com.sawcunhaos.organization.domain.corporate.catalog.internal.ContactTypeRepository	java.lang.Object	jdk	java.base
br.com.sawcunhaos.organization.domain.corporate.catalog.internal.ContactTypeRepository	java.lang.String	jdk	java.base
br.com.sawcunhaos.organization.domain.corporate.catalog.internal.ContactTypeRepository	java.util.Objects	jdk	java.base
br.com.sawcunhaos.organization.domain.corporate.catalog.internal.ContactTypeRepository	org.springframework.data.domain.Page	externo	spring-data-commons-4.1.1.jar
br.com.sawcunhaos.organization.domain.corporate.catalog.internal.ContactTypeRepository	org.springframework.data.domain.Pageable	externo	spring-data-commons-4.1.1.jar
br.com.sawcunhaos.organization.domain.corporate.catalog.internal.ContactTypeRepository	org.springframework.data.jpa.repository.JpaSpecificationExecutor	externo	spring-data-jpa-4.1.1.jar
br.com.sawcunhaos.organization.domain.corporate.catalog.internal.ContactTypeRepository	org.springframework.data.querydsl.QuerydslPredicateExecutor	externo	spring-data-commons-4.1.1.jar
br.com.sawcunhaos.organization.domain.corporate.catalog.internal.ContactTypeRepository	org.springframework.stereotype.Repository	externo	spring-context-7.0.9.jar
br.com.sawcunhaos.organization.domain.corporate.catalog.internal.QAddressType	br.com.sawcunhaos.foundation.jpa.entity.QBaseEntity	externo	scos-foundation-jpa-1.2.0-SNAPSHOT.jar
br.com.sawcunhaos.organization.domain.corporate.catalog.internal.QAddressType	br.com.sawcunhaos.organization.domain.access.status.internal.EntityType	interno	classes
br.com.sawcunhaos.organization.domain.corporate.catalog.internal.QAddressType	br.com.sawcunhaos.organization.domain.corporate.catalog.internal.AddressType	interno	classes
br.com.sawcunhaos.organization.domain.corporate.catalog.internal.QAddressType	com.querydsl.core.types.Path	externo	querydsl-core-7.6.jar
br.com.sawcunhaos.organization.domain.corporate.catalog.internal.QAddressType	com.querydsl.core.types.PathMetadata	externo	querydsl-core-7.6.jar
br.com.sawcunhaos.organization.domain.corporate.catalog.internal.QAddressType	com.querydsl.core.types.PathMetadataFactory	externo	querydsl-core-7.6.jar
br.com.sawcunhaos.organization.domain.corporate.catalog.internal.QAddressType	com.querydsl.core.types.dsl.BooleanPath	externo	querydsl-core-7.6.jar
br.com.sawcunhaos.organization.domain.corporate.catalog.internal.QAddressType	com.querydsl.core.types.dsl.DateTimePath	externo	querydsl-core-7.6.jar
br.com.sawcunhaos.organization.domain.corporate.catalog.internal.QAddressType	com.querydsl.core.types.dsl.EntityPathBase	externo	querydsl-core-7.6.jar
br.com.sawcunhaos.organization.domain.corporate.catalog.internal.QAddressType	com.querydsl.core.types.dsl.EnumPath	externo	querydsl-core-7.6.jar
br.com.sawcunhaos.organization.domain.corporate.catalog.internal.QAddressType	com.querydsl.core.types.dsl.NumberPath	externo	querydsl-core-7.6.jar
br.com.sawcunhaos.organization.domain.corporate.catalog.internal.QAddressType	com.querydsl.core.types.dsl.StringPath	externo	querydsl-core-7.6.jar
br.com.sawcunhaos.organization.domain.corporate.catalog.internal.QAddressType	java.lang.Class	jdk	java.base
br.com.sawcunhaos.organization.domain.corporate.catalog.internal.QAddressType	java.lang.Long	jdk	java.base
br.com.sawcunhaos.organization.domain.corporate.catalog.internal.QAddressType	java.lang.String	jdk	java.base
br.com.sawcunhaos.organization.domain.corporate.catalog.internal.QAddressType	java.time.Instant	jdk	java.base
br.com.sawcunhaos.organization.domain.corporate.catalog.internal.QContactType	br.com.sawcunhaos.foundation.jpa.entity.QBaseEntity	externo	scos-foundation-jpa-1.2.0-SNAPSHOT.jar
br.com.sawcunhaos.organization.domain.corporate.catalog.internal.QContactType	br.com.sawcunhaos.organization.domain.access.status.internal.EntityType	interno	classes
br.com.sawcunhaos.organization.domain.corporate.catalog.internal.QContactType	br.com.sawcunhaos.organization.domain.corporate.catalog.internal.ContactType	interno	classes
br.com.sawcunhaos.organization.domain.corporate.catalog.internal.QContactType	com.querydsl.core.types.Path	externo	querydsl-core-7.6.jar
br.com.sawcunhaos.organization.domain.corporate.catalog.internal.QContactType	com.querydsl.core.types.PathMetadata	externo	querydsl-core-7.6.jar
br.com.sawcunhaos.organization.domain.corporate.catalog.internal.QContactType	com.querydsl.core.types.PathMetadataFactory	externo	querydsl-core-7.6.jar
br.com.sawcunhaos.organization.domain.corporate.catalog.internal.QContactType	com.querydsl.core.types.dsl.BooleanPath	externo	querydsl-core-7.6.jar
br.com.sawcunhaos.organization.domain.corporate.catalog.internal.QContactType	com.querydsl.core.types.dsl.DateTimePath	externo	querydsl-core-7.6.jar
br.com.sawcunhaos.organization.domain.corporate.catalog.internal.QContactType	com.querydsl.core.types.dsl.EntityPathBase	externo	querydsl-core-7.6.jar
br.com.sawcunhaos.organization.domain.corporate.catalog.internal.QContactType	com.querydsl.core.types.dsl.EnumPath	externo	querydsl-core-7.6.jar
br.com.sawcunhaos.organization.domain.corporate.catalog.internal.QContactType	com.querydsl.core.types.dsl.NumberPath	externo	querydsl-core-7.6.jar
br.com.sawcunhaos.organization.domain.corporate.catalog.internal.QContactType	com.querydsl.core.types.dsl.StringPath	externo	querydsl-core-7.6.jar
br.com.sawcunhaos.organization.domain.corporate.catalog.internal.QContactType	java.lang.Class	jdk	java.base
br.com.sawcunhaos.organization.domain.corporate.catalog.internal.QContactType	java.lang.Long	jdk	java.base
br.com.sawcunhaos.organization.domain.corporate.catalog.internal.QContactType	java.lang.String	jdk	java.base
br.com.sawcunhaos.organization.domain.corporate.catalog.internal.QContactType	java.time.Instant	jdk	java.base
br.com.sawcunhaos.organization.domain.corporate.catalog.service.AddressTypeMapper	br.com.sawcunhaos.organization.domain.corporate.catalog.dto.AddressTypeOutput	interno	classes
br.com.sawcunhaos.organization.domain.corporate.catalog.service.AddressTypeMapper	br.com.sawcunhaos.organization.domain.corporate.catalog.internal.AddressType	interno	classes
br.com.sawcunhaos.organization.domain.corporate.catalog.service.AddressTypeMapper	java.lang.Object	jdk	java.base
br.com.sawcunhaos.organization.domain.corporate.catalog.service.AddressTypeMapperImpl	br.com.sawcunhaos.organization.domain.access.status.internal.EntityType	interno	classes
br.com.sawcunhaos.organization.domain.corporate.catalog.service.AddressTypeMapperImpl	br.com.sawcunhaos.organization.domain.corporate.catalog.dto.AddressTypeOutput	interno	classes
br.com.sawcunhaos.organization.domain.corporate.catalog.service.AddressTypeMapperImpl	br.com.sawcunhaos.organization.domain.corporate.catalog.dto.AddressTypeOutput$AddressTypeOutputBuilder	interno	classes
br.com.sawcunhaos.organization.domain.corporate.catalog.service.AddressTypeMapperImpl	br.com.sawcunhaos.organization.domain.corporate.catalog.internal.AddressType	interno	classes
br.com.sawcunhaos.organization.domain.corporate.catalog.service.AddressTypeMapperImpl	br.com.sawcunhaos.organization.domain.corporate.catalog.service.AddressTypeMapper	interno	classes
br.com.sawcunhaos.organization.domain.corporate.catalog.service.AddressTypeMapperImpl	java.lang.Long	jdk	java.base
br.com.sawcunhaos.organization.domain.corporate.catalog.service.AddressTypeMapperImpl	java.lang.Object	jdk	java.base
br.com.sawcunhaos.organization.domain.corporate.catalog.service.AddressTypeMapperImpl	java.lang.String	jdk	java.base
br.com.sawcunhaos.organization.domain.corporate.catalog.service.AddressTypeMapperImpl	org.springframework.stereotype.Component	externo	spring-context-7.0.9.jar
br.com.sawcunhaos.organization.domain.corporate.catalog.service.AddressTypeServiceBean	br.com.sawcunhaos.foundation.core.exception.ScosException	externo	scos-foundation-core-1.2.0-SNAPSHOT.jar
br.com.sawcunhaos.organization.domain.corporate.catalog.service.AddressTypeServiceBean	br.com.sawcunhaos.foundation.core.specification.ExceptionCode	externo	scos-foundation-core-1.2.0-SNAPSHOT.jar
br.com.sawcunhaos.organization.domain.corporate.catalog.service.AddressTypeServiceBean	br.com.sawcunhaos.foundation.core.specification.ScosUserAuthentication	externo	scos-foundation-core-1.2.0-SNAPSHOT.jar
br.com.sawcunhaos.organization.domain.corporate.catalog.service.AddressTypeServiceBean	br.com.sawcunhaos.organization.domain.access.status.internal.EntityType	interno	classes
br.com.sawcunhaos.organization.domain.corporate.catalog.service.AddressTypeServiceBean	br.com.sawcunhaos.organization.domain.corporate.catalog.dto.AddressTypeInput	interno	classes
br.com.sawcunhaos.organization.domain.corporate.catalog.service.AddressTypeServiceBean	br.com.sawcunhaos.organization.domain.corporate.catalog.dto.AddressTypeOutput	interno	classes
br.com.sawcunhaos.organization.domain.corporate.catalog.service.AddressTypeServiceBean	br.com.sawcunhaos.organization.domain.corporate.catalog.dto.AddressTypeOutput$AddressTypeOutputBuilder	interno	classes
br.com.sawcunhaos.organization.domain.corporate.catalog.service.AddressTypeServiceBean	br.com.sawcunhaos.organization.domain.corporate.catalog.internal.AddressType	interno	classes
br.com.sawcunhaos.organization.domain.corporate.catalog.service.AddressTypeServiceBean	br.com.sawcunhaos.organization.domain.corporate.catalog.internal.AddressType$AddressTypeBuilder	interno	classes
br.com.sawcunhaos.organization.domain.corporate.catalog.service.AddressTypeServiceBean	br.com.sawcunhaos.organization.domain.corporate.catalog.internal.AddressTypeRepository	interno	classes
br.com.sawcunhaos.organization.domain.corporate.catalog.service.AddressTypeServiceBean	br.com.sawcunhaos.organization.domain.corporate.catalog.service.AddressTypeMapper	interno	classes
br.com.sawcunhaos.organization.domain.corporate.catalog.service.AddressTypeServiceBean	br.com.sawcunhaos.organization.domain.corporate.catalog.specification.AddressTypeService	interno	classes
br.com.sawcunhaos.organization.domain.corporate.catalog.service.AddressTypeServiceBean	br.com.sawcunhaos.organization.shared.exception.ExceptionCodeError	externo	flow-organization-shared-1.0.0-SNAPSHOT.jar
br.com.sawcunhaos.organization.domain.corporate.catalog.service.AddressTypeServiceBean	java.lang.Boolean	jdk	java.base
br.com.sawcunhaos.organization.domain.corporate.catalog.service.AddressTypeServiceBean	java.lang.Class	jdk	java.base
br.com.sawcunhaos.organization.domain.corporate.catalog.service.AddressTypeServiceBean	java.lang.Long	jdk	java.base
br.com.sawcunhaos.organization.domain.corporate.catalog.service.AddressTypeServiceBean	java.lang.Object	jdk	java.base
br.com.sawcunhaos.organization.domain.corporate.catalog.service.AddressTypeServiceBean	java.lang.String	jdk	java.base
br.com.sawcunhaos.organization.domain.corporate.catalog.service.AddressTypeServiceBean	java.lang.invoke.CallSite	jdk	java.base
br.com.sawcunhaos.organization.domain.corporate.catalog.service.AddressTypeServiceBean	java.lang.invoke.LambdaMetafactory	jdk	java.base
br.com.sawcunhaos.organization.domain.corporate.catalog.service.AddressTypeServiceBean	java.lang.invoke.MethodHandle	jdk	java.base
br.com.sawcunhaos.organization.domain.corporate.catalog.service.AddressTypeServiceBean	java.lang.invoke.MethodHandles	jdk	java.base
br.com.sawcunhaos.organization.domain.corporate.catalog.service.AddressTypeServiceBean	java.lang.invoke.MethodHandles$Lookup	jdk	java.base
br.com.sawcunhaos.organization.domain.corporate.catalog.service.AddressTypeServiceBean	java.lang.invoke.MethodType	jdk	java.base
br.com.sawcunhaos.organization.domain.corporate.catalog.service.AddressTypeServiceBean	java.util.Optional	jdk	java.base
br.com.sawcunhaos.organization.domain.corporate.catalog.service.AddressTypeServiceBean	java.util.function.Function	jdk	java.base
br.com.sawcunhaos.organization.domain.corporate.catalog.service.AddressTypeServiceBean	java.util.function.Supplier	jdk	java.base
br.com.sawcunhaos.organization.domain.corporate.catalog.service.AddressTypeServiceBean	org.slf4j.Logger	externo	slf4j-api-2.0.18.jar
br.com.sawcunhaos.organization.domain.corporate.catalog.service.AddressTypeServiceBean	org.slf4j.LoggerFactory	externo	slf4j-api-2.0.18.jar
br.com.sawcunhaos.organization.domain.corporate.catalog.service.AddressTypeServiceBean	org.springframework.data.domain.Page	externo	spring-data-commons-4.1.1.jar
br.com.sawcunhaos.organization.domain.corporate.catalog.service.AddressTypeServiceBean	org.springframework.data.domain.Pageable	externo	spring-data-commons-4.1.1.jar
br.com.sawcunhaos.organization.domain.corporate.catalog.service.AddressTypeServiceBean	org.springframework.stereotype.Service	externo	spring-context-7.0.9.jar
br.com.sawcunhaos.organization.domain.corporate.catalog.service.AddressTypeServiceBean	org.springframework.transaction.annotation.Transactional	externo	spring-tx-7.0.9.jar
br.com.sawcunhaos.organization.domain.corporate.catalog.service.ContactTypeMapper	br.com.sawcunhaos.organization.domain.corporate.catalog.dto.ContactTypeOutput	interno	classes
br.com.sawcunhaos.organization.domain.corporate.catalog.service.ContactTypeMapper	br.com.sawcunhaos.organization.domain.corporate.catalog.internal.ContactType	interno	classes
br.com.sawcunhaos.organization.domain.corporate.catalog.service.ContactTypeMapper	java.lang.Object	jdk	java.base
br.com.sawcunhaos.organization.domain.corporate.catalog.service.ContactTypeMapperImpl	br.com.sawcunhaos.organization.domain.access.status.internal.EntityType	interno	classes
br.com.sawcunhaos.organization.domain.corporate.catalog.service.ContactTypeMapperImpl	br.com.sawcunhaos.organization.domain.corporate.catalog.dto.ContactTypeOutput	interno	classes
br.com.sawcunhaos.organization.domain.corporate.catalog.service.ContactTypeMapperImpl	br.com.sawcunhaos.organization.domain.corporate.catalog.dto.ContactTypeOutput$ContactTypeOutputBuilder	interno	classes
br.com.sawcunhaos.organization.domain.corporate.catalog.service.ContactTypeMapperImpl	br.com.sawcunhaos.organization.domain.corporate.catalog.internal.ContactType	interno	classes
br.com.sawcunhaos.organization.domain.corporate.catalog.service.ContactTypeMapperImpl	br.com.sawcunhaos.organization.domain.corporate.catalog.service.ContactTypeMapper	interno	classes
br.com.sawcunhaos.organization.domain.corporate.catalog.service.ContactTypeMapperImpl	java.lang.Long	jdk	java.base
br.com.sawcunhaos.organization.domain.corporate.catalog.service.ContactTypeMapperImpl	java.lang.Object	jdk	java.base
br.com.sawcunhaos.organization.domain.corporate.catalog.service.ContactTypeMapperImpl	java.lang.String	jdk	java.base
br.com.sawcunhaos.organization.domain.corporate.catalog.service.ContactTypeMapperImpl	org.springframework.stereotype.Component	externo	spring-context-7.0.9.jar
br.com.sawcunhaos.organization.domain.corporate.catalog.service.ContactTypeServiceBean	br.com.sawcunhaos.foundation.core.exception.ScosException	externo	scos-foundation-core-1.2.0-SNAPSHOT.jar
br.com.sawcunhaos.organization.domain.corporate.catalog.service.ContactTypeServiceBean	br.com.sawcunhaos.foundation.core.specification.ExceptionCode	externo	scos-foundation-core-1.2.0-SNAPSHOT.jar
br.com.sawcunhaos.organization.domain.corporate.catalog.service.ContactTypeServiceBean	br.com.sawcunhaos.foundation.core.specification.ScosUserAuthentication	externo	scos-foundation-core-1.2.0-SNAPSHOT.jar
br.com.sawcunhaos.organization.domain.corporate.catalog.service.ContactTypeServiceBean	br.com.sawcunhaos.organization.domain.access.status.internal.EntityType	interno	classes
br.com.sawcunhaos.organization.domain.corporate.catalog.service.ContactTypeServiceBean	br.com.sawcunhaos.organization.domain.corporate.catalog.dto.ContactTypeInput	interno	classes
br.com.sawcunhaos.organization.domain.corporate.catalog.service.ContactTypeServiceBean	br.com.sawcunhaos.organization.domain.corporate.catalog.dto.ContactTypeOutput	interno	classes
br.com.sawcunhaos.organization.domain.corporate.catalog.service.ContactTypeServiceBean	br.com.sawcunhaos.organization.domain.corporate.catalog.dto.ContactTypeOutput$ContactTypeOutputBuilder	interno	classes
br.com.sawcunhaos.organization.domain.corporate.catalog.service.ContactTypeServiceBean	br.com.sawcunhaos.organization.domain.corporate.catalog.internal.ContactType	interno	classes
br.com.sawcunhaos.organization.domain.corporate.catalog.service.ContactTypeServiceBean	br.com.sawcunhaos.organization.domain.corporate.catalog.internal.ContactType$ContactTypeBuilder	interno	classes
br.com.sawcunhaos.organization.domain.corporate.catalog.service.ContactTypeServiceBean	br.com.sawcunhaos.organization.domain.corporate.catalog.internal.ContactTypeRepository	interno	classes
br.com.sawcunhaos.organization.domain.corporate.catalog.service.ContactTypeServiceBean	br.com.sawcunhaos.organization.domain.corporate.catalog.service.ContactTypeMapper	interno	classes
br.com.sawcunhaos.organization.domain.corporate.catalog.service.ContactTypeServiceBean	br.com.sawcunhaos.organization.domain.corporate.catalog.specification.ContactTypeService	interno	classes
br.com.sawcunhaos.organization.domain.corporate.catalog.service.ContactTypeServiceBean	br.com.sawcunhaos.organization.shared.exception.ExceptionCodeError	externo	flow-organization-shared-1.0.0-SNAPSHOT.jar
br.com.sawcunhaos.organization.domain.corporate.catalog.service.ContactTypeServiceBean	java.lang.Boolean	jdk	java.base
br.com.sawcunhaos.organization.domain.corporate.catalog.service.ContactTypeServiceBean	java.lang.Class	jdk	java.base
br.com.sawcunhaos.organization.domain.corporate.catalog.service.ContactTypeServiceBean	java.lang.Long	jdk	java.base
br.com.sawcunhaos.organization.domain.corporate.catalog.service.ContactTypeServiceBean	java.lang.Object	jdk	java.base
br.com.sawcunhaos.organization.domain.corporate.catalog.service.ContactTypeServiceBean	java.lang.String	jdk	java.base
br.com.sawcunhaos.organization.domain.corporate.catalog.service.ContactTypeServiceBean	java.lang.invoke.CallSite	jdk	java.base
br.com.sawcunhaos.organization.domain.corporate.catalog.service.ContactTypeServiceBean	java.lang.invoke.LambdaMetafactory	jdk	java.base
br.com.sawcunhaos.organization.domain.corporate.catalog.service.ContactTypeServiceBean	java.lang.invoke.MethodHandle	jdk	java.base
br.com.sawcunhaos.organization.domain.corporate.catalog.service.ContactTypeServiceBean	java.lang.invoke.MethodHandles	jdk	java.base
br.com.sawcunhaos.organization.domain.corporate.catalog.service.ContactTypeServiceBean	java.lang.invoke.MethodHandles$Lookup	jdk	java.base
br.com.sawcunhaos.organization.domain.corporate.catalog.service.ContactTypeServiceBean	java.lang.invoke.MethodType	jdk	java.base
br.com.sawcunhaos.organization.domain.corporate.catalog.service.ContactTypeServiceBean	java.util.Optional	jdk	java.base
br.com.sawcunhaos.organization.domain.corporate.catalog.service.ContactTypeServiceBean	java.util.function.Function	jdk	java.base
br.com.sawcunhaos.organization.domain.corporate.catalog.service.ContactTypeServiceBean	java.util.function.Supplier	jdk	java.base
br.com.sawcunhaos.organization.domain.corporate.catalog.service.ContactTypeServiceBean	org.slf4j.Logger	externo	slf4j-api-2.0.18.jar
br.com.sawcunhaos.organization.domain.corporate.catalog.service.ContactTypeServiceBean	org.slf4j.LoggerFactory	externo	slf4j-api-2.0.18.jar
br.com.sawcunhaos.organization.domain.corporate.catalog.service.ContactTypeServiceBean	org.springframework.data.domain.Page	externo	spring-data-commons-4.1.1.jar
br.com.sawcunhaos.organization.domain.corporate.catalog.service.ContactTypeServiceBean	org.springframework.data.domain.Pageable	externo	spring-data-commons-4.1.1.jar
br.com.sawcunhaos.organization.domain.corporate.catalog.service.ContactTypeServiceBean	org.springframework.stereotype.Service	externo	spring-context-7.0.9.jar
br.com.sawcunhaos.organization.domain.corporate.catalog.service.ContactTypeServiceBean	org.springframework.transaction.annotation.Transactional	externo	spring-tx-7.0.9.jar
br.com.sawcunhaos.organization.domain.corporate.catalog.specification.AddressTypeService	br.com.sawcunhaos.organization.domain.access.status.internal.EntityType	interno	classes
br.com.sawcunhaos.organization.domain.corporate.catalog.specification.AddressTypeService	br.com.sawcunhaos.organization.domain.corporate.catalog.dto.AddressTypeInput	interno	classes
br.com.sawcunhaos.organization.domain.corporate.catalog.specification.AddressTypeService	br.com.sawcunhaos.organization.domain.corporate.catalog.dto.AddressTypeOutput	interno	classes
br.com.sawcunhaos.organization.domain.corporate.catalog.specification.AddressTypeService	br.com.sawcunhaos.organization.domain.corporate.catalog.internal.AddressType	interno	classes
br.com.sawcunhaos.organization.domain.corporate.catalog.specification.AddressTypeService	java.lang.Boolean	jdk	java.base
br.com.sawcunhaos.organization.domain.corporate.catalog.specification.AddressTypeService	java.lang.Long	jdk	java.base
br.com.sawcunhaos.organization.domain.corporate.catalog.specification.AddressTypeService	java.lang.Object	jdk	java.base
br.com.sawcunhaos.organization.domain.corporate.catalog.specification.AddressTypeService	org.springframework.data.domain.Page	externo	spring-data-commons-4.1.1.jar
br.com.sawcunhaos.organization.domain.corporate.catalog.specification.AddressTypeService	org.springframework.data.domain.Pageable	externo	spring-data-commons-4.1.1.jar
br.com.sawcunhaos.organization.domain.corporate.catalog.specification.ContactTypeService	br.com.sawcunhaos.organization.domain.access.status.internal.EntityType	interno	classes
br.com.sawcunhaos.organization.domain.corporate.catalog.specification.ContactTypeService	br.com.sawcunhaos.organization.domain.corporate.catalog.dto.ContactTypeInput	interno	classes
br.com.sawcunhaos.organization.domain.corporate.catalog.specification.ContactTypeService	br.com.sawcunhaos.organization.domain.corporate.catalog.dto.ContactTypeOutput	interno	classes
br.com.sawcunhaos.organization.domain.corporate.catalog.specification.ContactTypeService	br.com.sawcunhaos.organization.domain.corporate.catalog.internal.ContactType	interno	classes
br.com.sawcunhaos.organization.domain.corporate.catalog.specification.ContactTypeService	java.lang.Boolean	jdk	java.base
br.com.sawcunhaos.organization.domain.corporate.catalog.specification.ContactTypeService	java.lang.Long	jdk	java.base
br.com.sawcunhaos.organization.domain.corporate.catalog.specification.ContactTypeService	java.lang.Object	jdk	java.base
br.com.sawcunhaos.organization.domain.corporate.catalog.specification.ContactTypeService	org.springframework.data.domain.Page	externo	spring-data-commons-4.1.1.jar
br.com.sawcunhaos.organization.domain.corporate.catalog.specification.ContactTypeService	org.springframework.data.domain.Pageable	externo	spring-data-commons-4.1.1.jar
br.com.sawcunhaos.organization.domain.corporate.company.dto.CnaeInput	br.com.sawcunhaos.organization.domain.corporate.company.dto.CnaeInput$CnaeInputBuilder	interno	classes
br.com.sawcunhaos.organization.domain.corporate.company.dto.CnaeInput	java.lang.Class	jdk	java.base
br.com.sawcunhaos.organization.domain.corporate.company.dto.CnaeInput	java.lang.Long	jdk	java.base
br.com.sawcunhaos.organization.domain.corporate.company.dto.CnaeInput	java.lang.Object	jdk	java.base
br.com.sawcunhaos.organization.domain.corporate.company.dto.CnaeInput	java.lang.Record	jdk	java.base
br.com.sawcunhaos.organization.domain.corporate.company.dto.CnaeInput	java.lang.String	jdk	java.base
br.com.sawcunhaos.organization.domain.corporate.company.dto.CnaeInput	java.lang.invoke.MethodHandle	jdk	java.base
br.com.sawcunhaos.organization.domain.corporate.company.dto.CnaeInput	java.lang.invoke.MethodHandles	jdk	java.base
br.com.sawcunhaos.organization.domain.corporate.company.dto.CnaeInput	java.lang.invoke.MethodHandles$Lookup	jdk	java.base
br.com.sawcunhaos.organization.domain.corporate.company.dto.CnaeInput	java.lang.invoke.TypeDescriptor	jdk	java.base
br.com.sawcunhaos.organization.domain.corporate.company.dto.CnaeInput	java.lang.runtime.ObjectMethods	jdk	java.base
br.com.sawcunhaos.organization.domain.corporate.company.dto.CnaeInput$CnaeInputBuilder	br.com.sawcunhaos.organization.domain.corporate.company.dto.CnaeInput	interno	classes
br.com.sawcunhaos.organization.domain.corporate.company.dto.CnaeInput$CnaeInputBuilder	java.lang.Long	jdk	java.base
br.com.sawcunhaos.organization.domain.corporate.company.dto.CnaeInput$CnaeInputBuilder	java.lang.Object	jdk	java.base
br.com.sawcunhaos.organization.domain.corporate.company.dto.CnaeInput$CnaeInputBuilder	java.lang.String	jdk	java.base
br.com.sawcunhaos.organization.domain.corporate.company.dto.CnaeInput$CnaeInputBuilder	java.lang.invoke.CallSite	jdk	java.base
br.com.sawcunhaos.organization.domain.corporate.company.dto.CnaeInput$CnaeInputBuilder	java.lang.invoke.MethodHandles	jdk	java.base
br.com.sawcunhaos.organization.domain.corporate.company.dto.CnaeInput$CnaeInputBuilder	java.lang.invoke.MethodHandles$Lookup	jdk	java.base
br.com.sawcunhaos.organization.domain.corporate.company.dto.CnaeInput$CnaeInputBuilder	java.lang.invoke.MethodType	jdk	java.base
br.com.sawcunhaos.organization.domain.corporate.company.dto.CnaeInput$CnaeInputBuilder	java.lang.invoke.StringConcatFactory	jdk	java.base
br.com.sawcunhaos.organization.domain.corporate.company.dto.CnaeOutput	br.com.sawcunhaos.organization.domain.corporate.company.dto.CnaeOutput$CnaeOutputBuilder	interno	classes
br.com.sawcunhaos.organization.domain.corporate.company.dto.CnaeOutput	java.lang.Class	jdk	java.base
br.com.sawcunhaos.organization.domain.corporate.company.dto.CnaeOutput	java.lang.Long	jdk	java.base
br.com.sawcunhaos.organization.domain.corporate.company.dto.CnaeOutput	java.lang.Object	jdk	java.base
br.com.sawcunhaos.organization.domain.corporate.company.dto.CnaeOutput	java.lang.Record	jdk	java.base
br.com.sawcunhaos.organization.domain.corporate.company.dto.CnaeOutput	java.lang.String	jdk	java.base
br.com.sawcunhaos.organization.domain.corporate.company.dto.CnaeOutput	java.lang.invoke.MethodHandle	jdk	java.base
br.com.sawcunhaos.organization.domain.corporate.company.dto.CnaeOutput	java.lang.invoke.MethodHandles	jdk	java.base
br.com.sawcunhaos.organization.domain.corporate.company.dto.CnaeOutput	java.lang.invoke.MethodHandles$Lookup	jdk	java.base
br.com.sawcunhaos.organization.domain.corporate.company.dto.CnaeOutput	java.lang.invoke.TypeDescriptor	jdk	java.base
br.com.sawcunhaos.organization.domain.corporate.company.dto.CnaeOutput	java.lang.runtime.ObjectMethods	jdk	java.base
br.com.sawcunhaos.organization.domain.corporate.company.dto.CnaeOutput$CnaeOutputBuilder	br.com.sawcunhaos.organization.domain.corporate.company.dto.CnaeOutput	interno	classes
br.com.sawcunhaos.organization.domain.corporate.company.dto.CnaeOutput$CnaeOutputBuilder	java.lang.Long	jdk	java.base
br.com.sawcunhaos.organization.domain.corporate.company.dto.CnaeOutput$CnaeOutputBuilder	java.lang.Object	jdk	java.base
br.com.sawcunhaos.organization.domain.corporate.company.dto.CnaeOutput$CnaeOutputBuilder	java.lang.String	jdk	java.base
br.com.sawcunhaos.organization.domain.corporate.company.dto.CnaeOutput$CnaeOutputBuilder	java.lang.invoke.CallSite	jdk	java.base
br.com.sawcunhaos.organization.domain.corporate.company.dto.CnaeOutput$CnaeOutputBuilder	java.lang.invoke.MethodHandles	jdk	java.base
br.com.sawcunhaos.organization.domain.corporate.company.dto.CnaeOutput$CnaeOutputBuilder	java.lang.invoke.MethodHandles$Lookup	jdk	java.base
br.com.sawcunhaos.organization.domain.corporate.company.dto.CnaeOutput$CnaeOutputBuilder	java.lang.invoke.MethodType	jdk	java.base
br.com.sawcunhaos.organization.domain.corporate.company.dto.CnaeOutput$CnaeOutputBuilder	java.lang.invoke.StringConcatFactory	jdk	java.base
br.com.sawcunhaos.organization.domain.corporate.company.dto.CompanyInput	br.com.sawcunhaos.organization.domain.corporate.company.dto.CompanyInput$CompanyInputBuilder	interno	classes
br.com.sawcunhaos.organization.domain.corporate.company.dto.CompanyInput	java.lang.Class	jdk	java.base
br.com.sawcunhaos.organization.domain.corporate.company.dto.CompanyInput	java.lang.Long	jdk	java.base
br.com.sawcunhaos.organization.domain.corporate.company.dto.CompanyInput	java.lang.Object	jdk	java.base
br.com.sawcunhaos.organization.domain.corporate.company.dto.CompanyInput	java.lang.Record	jdk	java.base
br.com.sawcunhaos.organization.domain.corporate.company.dto.CompanyInput	java.lang.String	jdk	java.base
br.com.sawcunhaos.organization.domain.corporate.company.dto.CompanyInput	java.lang.invoke.MethodHandle	jdk	java.base
br.com.sawcunhaos.organization.domain.corporate.company.dto.CompanyInput	java.lang.invoke.MethodHandles	jdk	java.base
br.com.sawcunhaos.organization.domain.corporate.company.dto.CompanyInput	java.lang.invoke.MethodHandles$Lookup	jdk	java.base
br.com.sawcunhaos.organization.domain.corporate.company.dto.CompanyInput	java.lang.invoke.TypeDescriptor	jdk	java.base
br.com.sawcunhaos.organization.domain.corporate.company.dto.CompanyInput	java.lang.runtime.ObjectMethods	jdk	java.base
br.com.sawcunhaos.organization.domain.corporate.company.dto.CompanyInput	java.time.LocalDate	jdk	java.base
br.com.sawcunhaos.organization.domain.corporate.company.dto.CompanyInput$CompanyInputBuilder	br.com.sawcunhaos.organization.domain.corporate.company.dto.CompanyInput	interno	classes
br.com.sawcunhaos.organization.domain.corporate.company.dto.CompanyInput$CompanyInputBuilder	java.lang.Long	jdk	java.base
br.com.sawcunhaos.organization.domain.corporate.company.dto.CompanyInput$CompanyInputBuilder	java.lang.Object	jdk	java.base
br.com.sawcunhaos.organization.domain.corporate.company.dto.CompanyInput$CompanyInputBuilder	java.lang.String	jdk	java.base
br.com.sawcunhaos.organization.domain.corporate.company.dto.CompanyInput$CompanyInputBuilder	java.lang.invoke.CallSite	jdk	java.base
br.com.sawcunhaos.organization.domain.corporate.company.dto.CompanyInput$CompanyInputBuilder	java.lang.invoke.MethodHandles	jdk	java.base
br.com.sawcunhaos.organization.domain.corporate.company.dto.CompanyInput$CompanyInputBuilder	java.lang.invoke.MethodHandles$Lookup	jdk	java.base
br.com.sawcunhaos.organization.domain.corporate.company.dto.CompanyInput$CompanyInputBuilder	java.lang.invoke.MethodType	jdk	java.base
br.com.sawcunhaos.organization.domain.corporate.company.dto.CompanyInput$CompanyInputBuilder	java.lang.invoke.StringConcatFactory	jdk	java.base
br.com.sawcunhaos.organization.domain.corporate.company.dto.CompanyInput$CompanyInputBuilder	java.time.LocalDate	jdk	java.base
br.com.sawcunhaos.organization.domain.corporate.company.dto.CompanyOutput	br.com.sawcunhaos.organization.domain.corporate.company.dto.CompanyOutput$CompanyOutputBuilder	interno	classes
br.com.sawcunhaos.organization.domain.corporate.company.dto.CompanyOutput	br.com.sawcunhaos.organization.domain.corporate.company.dto.ParentCompanyOutput	interno	classes
br.com.sawcunhaos.organization.domain.corporate.company.dto.CompanyOutput	br.com.sawcunhaos.organization.domain.corporate.company.internal.StatusCompany	interno	classes
br.com.sawcunhaos.organization.domain.corporate.company.dto.CompanyOutput	java.lang.Class	jdk	java.base
br.com.sawcunhaos.organization.domain.corporate.company.dto.CompanyOutput	java.lang.Long	jdk	java.base
br.com.sawcunhaos.organization.domain.corporate.company.dto.CompanyOutput	java.lang.Object	jdk	java.base
br.com.sawcunhaos.organization.domain.corporate.company.dto.CompanyOutput	java.lang.Record	jdk	java.base
br.com.sawcunhaos.organization.domain.corporate.company.dto.CompanyOutput	java.lang.String	jdk	java.base
br.com.sawcunhaos.organization.domain.corporate.company.dto.CompanyOutput	java.lang.invoke.MethodHandle	jdk	java.base
br.com.sawcunhaos.organization.domain.corporate.company.dto.CompanyOutput	java.lang.invoke.MethodHandles	jdk	java.base
br.com.sawcunhaos.organization.domain.corporate.company.dto.CompanyOutput	java.lang.invoke.MethodHandles$Lookup	jdk	java.base
br.com.sawcunhaos.organization.domain.corporate.company.dto.CompanyOutput	java.lang.invoke.TypeDescriptor	jdk	java.base
br.com.sawcunhaos.organization.domain.corporate.company.dto.CompanyOutput	java.lang.runtime.ObjectMethods	jdk	java.base
br.com.sawcunhaos.organization.domain.corporate.company.dto.CompanyOutput	java.time.LocalDate	jdk	java.base
br.com.sawcunhaos.organization.domain.corporate.company.dto.CompanyOutput$CompanyOutputBuilder	br.com.sawcunhaos.organization.domain.corporate.company.dto.CompanyOutput	interno	classes
br.com.sawcunhaos.organization.domain.corporate.company.dto.CompanyOutput$CompanyOutputBuilder	br.com.sawcunhaos.organization.domain.corporate.company.dto.ParentCompanyOutput	interno	classes
br.com.sawcunhaos.organization.domain.corporate.company.dto.CompanyOutput$CompanyOutputBuilder	br.com.sawcunhaos.organization.domain.corporate.company.internal.StatusCompany	interno	classes
br.com.sawcunhaos.organization.domain.corporate.company.dto.CompanyOutput$CompanyOutputBuilder	java.lang.Long	jdk	java.base
br.com.sawcunhaos.organization.domain.corporate.company.dto.CompanyOutput$CompanyOutputBuilder	java.lang.Object	jdk	java.base
br.com.sawcunhaos.organization.domain.corporate.company.dto.CompanyOutput$CompanyOutputBuilder	java.lang.String	jdk	java.base
br.com.sawcunhaos.organization.domain.corporate.company.dto.CompanyOutput$CompanyOutputBuilder	java.lang.invoke.CallSite	jdk	java.base
br.com.sawcunhaos.organization.domain.corporate.company.dto.CompanyOutput$CompanyOutputBuilder	java.lang.invoke.MethodHandles	jdk	java.base
br.com.sawcunhaos.organization.domain.corporate.company.dto.CompanyOutput$CompanyOutputBuilder	java.lang.invoke.MethodHandles$Lookup	jdk	java.base
br.com.sawcunhaos.organization.domain.corporate.company.dto.CompanyOutput$CompanyOutputBuilder	java.lang.invoke.MethodType	jdk	java.base
br.com.sawcunhaos.organization.domain.corporate.company.dto.CompanyOutput$CompanyOutputBuilder	java.lang.invoke.StringConcatFactory	jdk	java.base
br.com.sawcunhaos.organization.domain.corporate.company.dto.CompanyOutput$CompanyOutputBuilder	java.time.LocalDate	jdk	java.base
br.com.sawcunhaos.organization.domain.corporate.company.dto.LegalNatureInput	br.com.sawcunhaos.organization.domain.corporate.company.dto.LegalNatureInput$LegalNatureInputBuilder	interno	classes
br.com.sawcunhaos.organization.domain.corporate.company.dto.LegalNatureInput	java.lang.Class	jdk	java.base
br.com.sawcunhaos.organization.domain.corporate.company.dto.LegalNatureInput	java.lang.Long	jdk	java.base
br.com.sawcunhaos.organization.domain.corporate.company.dto.LegalNatureInput	java.lang.Object	jdk	java.base
br.com.sawcunhaos.organization.domain.corporate.company.dto.LegalNatureInput	java.lang.Record	jdk	java.base
br.com.sawcunhaos.organization.domain.corporate.company.dto.LegalNatureInput	java.lang.String	jdk	java.base
br.com.sawcunhaos.organization.domain.corporate.company.dto.LegalNatureInput	java.lang.invoke.MethodHandle	jdk	java.base
br.com.sawcunhaos.organization.domain.corporate.company.dto.LegalNatureInput	java.lang.invoke.MethodHandles	jdk	java.base
br.com.sawcunhaos.organization.domain.corporate.company.dto.LegalNatureInput	java.lang.invoke.MethodHandles$Lookup	jdk	java.base
br.com.sawcunhaos.organization.domain.corporate.company.dto.LegalNatureInput	java.lang.invoke.TypeDescriptor	jdk	java.base
br.com.sawcunhaos.organization.domain.corporate.company.dto.LegalNatureInput	java.lang.runtime.ObjectMethods	jdk	java.base
br.com.sawcunhaos.organization.domain.corporate.company.dto.LegalNatureInput$LegalNatureInputBuilder	br.com.sawcunhaos.organization.domain.corporate.company.dto.LegalNatureInput	interno	classes
br.com.sawcunhaos.organization.domain.corporate.company.dto.LegalNatureInput$LegalNatureInputBuilder	java.lang.Long	jdk	java.base
br.com.sawcunhaos.organization.domain.corporate.company.dto.LegalNatureInput$LegalNatureInputBuilder	java.lang.Object	jdk	java.base
br.com.sawcunhaos.organization.domain.corporate.company.dto.LegalNatureInput$LegalNatureInputBuilder	java.lang.String	jdk	java.base
br.com.sawcunhaos.organization.domain.corporate.company.dto.LegalNatureInput$LegalNatureInputBuilder	java.lang.invoke.CallSite	jdk	java.base
br.com.sawcunhaos.organization.domain.corporate.company.dto.LegalNatureInput$LegalNatureInputBuilder	java.lang.invoke.MethodHandles	jdk	java.base
br.com.sawcunhaos.organization.domain.corporate.company.dto.LegalNatureInput$LegalNatureInputBuilder	java.lang.invoke.MethodHandles$Lookup	jdk	java.base
br.com.sawcunhaos.organization.domain.corporate.company.dto.LegalNatureInput$LegalNatureInputBuilder	java.lang.invoke.MethodType	jdk	java.base
br.com.sawcunhaos.organization.domain.corporate.company.dto.LegalNatureInput$LegalNatureInputBuilder	java.lang.invoke.StringConcatFactory	jdk	java.base
br.com.sawcunhaos.organization.domain.corporate.company.dto.LegalNatureOutput	br.com.sawcunhaos.organization.domain.corporate.company.dto.LegalNatureOutput$LegalNatureOutputBuilder	interno	classes
br.com.sawcunhaos.organization.domain.corporate.company.dto.LegalNatureOutput	java.lang.Class	jdk	java.base
br.com.sawcunhaos.organization.domain.corporate.company.dto.LegalNatureOutput	java.lang.Long	jdk	java.base
br.com.sawcunhaos.organization.domain.corporate.company.dto.LegalNatureOutput	java.lang.Object	jdk	java.base
br.com.sawcunhaos.organization.domain.corporate.company.dto.LegalNatureOutput	java.lang.Record	jdk	java.base
br.com.sawcunhaos.organization.domain.corporate.company.dto.LegalNatureOutput	java.lang.String	jdk	java.base
br.com.sawcunhaos.organization.domain.corporate.company.dto.LegalNatureOutput	java.lang.invoke.MethodHandle	jdk	java.base
br.com.sawcunhaos.organization.domain.corporate.company.dto.LegalNatureOutput	java.lang.invoke.MethodHandles	jdk	java.base
br.com.sawcunhaos.organization.domain.corporate.company.dto.LegalNatureOutput	java.lang.invoke.MethodHandles$Lookup	jdk	java.base
br.com.sawcunhaos.organization.domain.corporate.company.dto.LegalNatureOutput	java.lang.invoke.TypeDescriptor	jdk	java.base
br.com.sawcunhaos.organization.domain.corporate.company.dto.LegalNatureOutput	java.lang.runtime.ObjectMethods	jdk	java.base
br.com.sawcunhaos.organization.domain.corporate.company.dto.LegalNatureOutput$LegalNatureOutputBuilder	br.com.sawcunhaos.organization.domain.corporate.company.dto.LegalNatureOutput	interno	classes
br.com.sawcunhaos.organization.domain.corporate.company.dto.LegalNatureOutput$LegalNatureOutputBuilder	java.lang.Long	jdk	java.base
br.com.sawcunhaos.organization.domain.corporate.company.dto.LegalNatureOutput$LegalNatureOutputBuilder	java.lang.Object	jdk	java.base
br.com.sawcunhaos.organization.domain.corporate.company.dto.LegalNatureOutput$LegalNatureOutputBuilder	java.lang.String	jdk	java.base
br.com.sawcunhaos.organization.domain.corporate.company.dto.LegalNatureOutput$LegalNatureOutputBuilder	java.lang.invoke.CallSite	jdk	java.base
br.com.sawcunhaos.organization.domain.corporate.company.dto.LegalNatureOutput$LegalNatureOutputBuilder	java.lang.invoke.MethodHandles	jdk	java.base
br.com.sawcunhaos.organization.domain.corporate.company.dto.LegalNatureOutput$LegalNatureOutputBuilder	java.lang.invoke.MethodHandles$Lookup	jdk	java.base
br.com.sawcunhaos.organization.domain.corporate.company.dto.LegalNatureOutput$LegalNatureOutputBuilder	java.lang.invoke.MethodType	jdk	java.base
br.com.sawcunhaos.organization.domain.corporate.company.dto.LegalNatureOutput$LegalNatureOutputBuilder	java.lang.invoke.StringConcatFactory	jdk	java.base
br.com.sawcunhaos.organization.domain.corporate.company.dto.ParentCompanyOutput	br.com.sawcunhaos.organization.domain.corporate.company.dto.ParentCompanyOutput$ParentCompanyOutputBuilder	interno	classes
br.com.sawcunhaos.organization.domain.corporate.company.dto.ParentCompanyOutput	java.lang.Class	jdk	java.base
br.com.sawcunhaos.organization.domain.corporate.company.dto.ParentCompanyOutput	java.lang.Long	jdk	java.base
br.com.sawcunhaos.organization.domain.corporate.company.dto.ParentCompanyOutput	java.lang.Object	jdk	java.base
br.com.sawcunhaos.organization.domain.corporate.company.dto.ParentCompanyOutput	java.lang.Record	jdk	java.base
br.com.sawcunhaos.organization.domain.corporate.company.dto.ParentCompanyOutput	java.lang.String	jdk	java.base
br.com.sawcunhaos.organization.domain.corporate.company.dto.ParentCompanyOutput	java.lang.invoke.MethodHandle	jdk	java.base
br.com.sawcunhaos.organization.domain.corporate.company.dto.ParentCompanyOutput	java.lang.invoke.MethodHandles	jdk	java.base
br.com.sawcunhaos.organization.domain.corporate.company.dto.ParentCompanyOutput	java.lang.invoke.MethodHandles$Lookup	jdk	java.base
br.com.sawcunhaos.organization.domain.corporate.company.dto.ParentCompanyOutput	java.lang.invoke.TypeDescriptor	jdk	java.base
br.com.sawcunhaos.organization.domain.corporate.company.dto.ParentCompanyOutput	java.lang.runtime.ObjectMethods	jdk	java.base
br.com.sawcunhaos.organization.domain.corporate.company.dto.ParentCompanyOutput$ParentCompanyOutputBuilder	br.com.sawcunhaos.organization.domain.corporate.company.dto.ParentCompanyOutput	interno	classes
br.com.sawcunhaos.organization.domain.corporate.company.dto.ParentCompanyOutput$ParentCompanyOutputBuilder	java.lang.Long	jdk	java.base
br.com.sawcunhaos.organization.domain.corporate.company.dto.ParentCompanyOutput$ParentCompanyOutputBuilder	java.lang.Object	jdk	java.base
br.com.sawcunhaos.organization.domain.corporate.company.dto.ParentCompanyOutput$ParentCompanyOutputBuilder	java.lang.String	jdk	java.base
br.com.sawcunhaos.organization.domain.corporate.company.dto.ParentCompanyOutput$ParentCompanyOutputBuilder	java.lang.invoke.CallSite	jdk	java.base
br.com.sawcunhaos.organization.domain.corporate.company.dto.ParentCompanyOutput$ParentCompanyOutputBuilder	java.lang.invoke.MethodHandles	jdk	java.base
br.com.sawcunhaos.organization.domain.corporate.company.dto.ParentCompanyOutput$ParentCompanyOutputBuilder	java.lang.invoke.MethodHandles$Lookup	jdk	java.base
br.com.sawcunhaos.organization.domain.corporate.company.dto.ParentCompanyOutput$ParentCompanyOutputBuilder	java.lang.invoke.MethodType	jdk	java.base
br.com.sawcunhaos.organization.domain.corporate.company.dto.ParentCompanyOutput$ParentCompanyOutputBuilder	java.lang.invoke.StringConcatFactory	jdk	java.base
br.com.sawcunhaos.organization.domain.corporate.company.internal.Cnae	br.com.sawcunhaos.flow.audit.sdk.api.AuditableEntity	externo	not found
br.com.sawcunhaos.organization.domain.corporate.company.internal.Cnae	br.com.sawcunhaos.organization.domain.corporate.company.internal.Cnae$CnaeBuilder	interno	classes
br.com.sawcunhaos.organization.domain.corporate.company.internal.Cnae	jakarta.persistence.Column	externo	jakarta.persistence-api-3.2.0.jar
br.com.sawcunhaos.organization.domain.corporate.company.internal.Cnae	jakarta.persistence.Entity	externo	jakarta.persistence-api-3.2.0.jar
br.com.sawcunhaos.organization.domain.corporate.company.internal.Cnae	jakarta.persistence.GeneratedValue	externo	jakarta.persistence-api-3.2.0.jar
br.com.sawcunhaos.organization.domain.corporate.company.internal.Cnae	jakarta.persistence.Id	externo	jakarta.persistence-api-3.2.0.jar
br.com.sawcunhaos.organization.domain.corporate.company.internal.Cnae	jakarta.persistence.Table	externo	jakarta.persistence-api-3.2.0.jar
br.com.sawcunhaos.organization.domain.corporate.company.internal.Cnae	java.lang.Long	jdk	java.base
br.com.sawcunhaos.organization.domain.corporate.company.internal.Cnae	java.lang.Object	jdk	java.base
br.com.sawcunhaos.organization.domain.corporate.company.internal.Cnae	java.lang.String	jdk	java.base
br.com.sawcunhaos.organization.domain.corporate.company.internal.Cnae	java.time.Instant	jdk	java.base
br.com.sawcunhaos.organization.domain.corporate.company.internal.Cnae	org.hibernate.annotations.CreationTimestamp	externo	hibernate-core-7.4.5.Final.jar
br.com.sawcunhaos.organization.domain.corporate.company.internal.Cnae$CnaeBuilder	br.com.sawcunhaos.organization.domain.corporate.company.internal.Cnae	interno	classes
br.com.sawcunhaos.organization.domain.corporate.company.internal.Cnae$CnaeBuilder	java.lang.Long	jdk	java.base
br.com.sawcunhaos.organization.domain.corporate.company.internal.Cnae$CnaeBuilder	java.lang.Object	jdk	java.base
br.com.sawcunhaos.organization.domain.corporate.company.internal.Cnae$CnaeBuilder	java.lang.String	jdk	java.base
br.com.sawcunhaos.organization.domain.corporate.company.internal.Cnae$CnaeBuilder	java.lang.invoke.CallSite	jdk	java.base
br.com.sawcunhaos.organization.domain.corporate.company.internal.Cnae$CnaeBuilder	java.lang.invoke.MethodHandles	jdk	java.base
br.com.sawcunhaos.organization.domain.corporate.company.internal.Cnae$CnaeBuilder	java.lang.invoke.MethodHandles$Lookup	jdk	java.base
br.com.sawcunhaos.organization.domain.corporate.company.internal.Cnae$CnaeBuilder	java.lang.invoke.MethodType	jdk	java.base
br.com.sawcunhaos.organization.domain.corporate.company.internal.Cnae$CnaeBuilder	java.lang.invoke.StringConcatFactory	jdk	java.base
br.com.sawcunhaos.organization.domain.corporate.company.internal.Cnae$CnaeBuilder	java.time.Instant	jdk	java.base
br.com.sawcunhaos.organization.domain.corporate.company.internal.CnaeRepository	br.com.sawcunhaos.organization.domain.corporate.company.internal.Cnae	interno	classes
br.com.sawcunhaos.organization.domain.corporate.company.internal.CnaeRepository	br.com.sawcunhaos.organization.domain.corporate.company.internal.QCnae	interno	classes
br.com.sawcunhaos.organization.domain.corporate.company.internal.CnaeRepository	com.querydsl.core.types.Predicate	externo	querydsl-core-7.6.jar
br.com.sawcunhaos.organization.domain.corporate.company.internal.CnaeRepository	com.querydsl.core.types.dsl.BooleanExpression	externo	querydsl-core-7.6.jar
br.com.sawcunhaos.organization.domain.corporate.company.internal.CnaeRepository	com.querydsl.core.types.dsl.NumberPath	externo	querydsl-core-7.6.jar
br.com.sawcunhaos.organization.domain.corporate.company.internal.CnaeRepository	com.querydsl.core.types.dsl.StringPath	externo	querydsl-core-7.6.jar
br.com.sawcunhaos.organization.domain.corporate.company.internal.CnaeRepository	io.hypersistence.utils.spring.repository.BaseJpaRepository	externo	hypersistence-utils-hibernate-71-3.15.5.jar
br.com.sawcunhaos.organization.domain.corporate.company.internal.CnaeRepository	java.lang.Long	jdk	java.base
br.com.sawcunhaos.organization.domain.corporate.company.internal.CnaeRepository	java.lang.Object	jdk	java.base
br.com.sawcunhaos.organization.domain.corporate.company.internal.CnaeRepository	java.lang.String	jdk	java.base
br.com.sawcunhaos.organization.domain.corporate.company.internal.CnaeRepository	org.springframework.data.domain.Page	externo	spring-data-commons-4.1.1.jar
br.com.sawcunhaos.organization.domain.corporate.company.internal.CnaeRepository	org.springframework.data.domain.Pageable	externo	spring-data-commons-4.1.1.jar
br.com.sawcunhaos.organization.domain.corporate.company.internal.CnaeRepository	org.springframework.data.jpa.repository.JpaSpecificationExecutor	externo	spring-data-jpa-4.1.1.jar
br.com.sawcunhaos.organization.domain.corporate.company.internal.CnaeRepository	org.springframework.data.querydsl.QuerydslPredicateExecutor	externo	spring-data-commons-4.1.1.jar
br.com.sawcunhaos.organization.domain.corporate.company.internal.CnaeRepository	org.springframework.stereotype.Repository	externo	spring-context-7.0.9.jar
br.com.sawcunhaos.organization.domain.corporate.company.internal.Company	br.com.sawcunhaos.flow.audit.sdk.api.AuditableEntity	externo	not found
br.com.sawcunhaos.organization.domain.corporate.company.internal.Company	br.com.sawcunhaos.foundation.core.exception.ScosException	externo	scos-foundation-core-1.2.0-SNAPSHOT.jar
br.com.sawcunhaos.organization.domain.corporate.company.internal.Company	br.com.sawcunhaos.foundation.core.specification.ExceptionCode	externo	scos-foundation-core-1.2.0-SNAPSHOT.jar
br.com.sawcunhaos.organization.domain.corporate.company.internal.Company	br.com.sawcunhaos.foundation.jpa.entity.BaseEntity	externo	scos-foundation-jpa-1.2.0-SNAPSHOT.jar
br.com.sawcunhaos.organization.domain.corporate.company.internal.Company	br.com.sawcunhaos.foundation.validation.valueobjects.Cnpj	externo	scos-foundation-validation-1.2.0-SNAPSHOT.jar
br.com.sawcunhaos.organization.domain.corporate.company.internal.Company	br.com.sawcunhaos.organization.domain.access.status.internal.CompanyStatusHistory	interno	classes
br.com.sawcunhaos.organization.domain.corporate.company.internal.Company	br.com.sawcunhaos.organization.domain.access.status.internal.CompanyStatusHistory$CompanyStatusHistoryBuilder	interno	classes
br.com.sawcunhaos.organization.domain.corporate.company.internal.Company	br.com.sawcunhaos.organization.domain.access.status.internal.ReasonActivate	interno	classes
br.com.sawcunhaos.organization.domain.corporate.company.internal.Company	br.com.sawcunhaos.organization.domain.access.status.internal.ReasonActivate$ReasonActivateBuilder	interno	classes
br.com.sawcunhaos.organization.domain.corporate.company.internal.Company	br.com.sawcunhaos.organization.domain.access.status.internal.ReasonDisable	interno	classes
br.com.sawcunhaos.organization.domain.corporate.company.internal.Company	br.com.sawcunhaos.organization.domain.access.status.internal.ReasonDisable$ReasonDisableBuilder	interno	classes
br.com.sawcunhaos.organization.domain.corporate.company.internal.Company	br.com.sawcunhaos.organization.domain.access.status.internal.ReasonEnable	interno	classes
br.com.sawcunhaos.organization.domain.corporate.company.internal.Company	br.com.sawcunhaos.organization.domain.access.status.internal.ReasonEnable$ReasonEnableBuilder	interno	classes
br.com.sawcunhaos.organization.domain.corporate.company.internal.Company	br.com.sawcunhaos.organization.domain.access.status.internal.ReasonInactivate	interno	classes
br.com.sawcunhaos.organization.domain.corporate.company.internal.Company	br.com.sawcunhaos.organization.domain.access.status.internal.ReasonInactivate$ReasonInactivateBuilder	interno	classes
br.com.sawcunhaos.organization.domain.corporate.company.internal.Company	br.com.sawcunhaos.organization.domain.corporate.company.internal.Cnae	interno	classes
br.com.sawcunhaos.organization.domain.corporate.company.internal.Company	br.com.sawcunhaos.organization.domain.corporate.company.internal.Company$CompanyBuilder	interno	classes
br.com.sawcunhaos.organization.domain.corporate.company.internal.Company	br.com.sawcunhaos.organization.domain.corporate.company.internal.CompanyAddress	interno	classes
br.com.sawcunhaos.organization.domain.corporate.company.internal.Company	br.com.sawcunhaos.organization.domain.corporate.company.internal.CompanyContact	interno	classes
br.com.sawcunhaos.organization.domain.corporate.company.internal.Company	br.com.sawcunhaos.organization.domain.corporate.company.internal.LegalNature	interno	classes
br.com.sawcunhaos.organization.domain.corporate.company.internal.Company	br.com.sawcunhaos.organization.domain.corporate.company.internal.StatusCompany	interno	classes
br.com.sawcunhaos.organization.domain.corporate.company.internal.Company	br.com.sawcunhaos.organization.shared.exception.ExceptionCodeError	externo	flow-organization-shared-1.0.0-SNAPSHOT.jar
br.com.sawcunhaos.organization.domain.corporate.company.internal.Company	jakarta.persistence.AttributeOverride	externo	jakarta.persistence-api-3.2.0.jar
br.com.sawcunhaos.organization.domain.corporate.company.internal.Company	jakarta.persistence.Column	externo	jakarta.persistence-api-3.2.0.jar
br.com.sawcunhaos.organization.domain.corporate.company.internal.Company	jakarta.persistence.Convert	externo	jakarta.persistence-api-3.2.0.jar
br.com.sawcunhaos.organization.domain.corporate.company.internal.Company	jakarta.persistence.Embedded	externo	jakarta.persistence-api-3.2.0.jar
br.com.sawcunhaos.organization.domain.corporate.company.internal.Company	jakarta.persistence.Entity	externo	jakarta.persistence-api-3.2.0.jar
br.com.sawcunhaos.organization.domain.corporate.company.internal.Company	jakarta.persistence.Enumerated	externo	jakarta.persistence-api-3.2.0.jar
br.com.sawcunhaos.organization.domain.corporate.company.internal.Company	jakarta.persistence.GeneratedValue	externo	jakarta.persistence-api-3.2.0.jar
br.com.sawcunhaos.organization.domain.corporate.company.internal.Company	jakarta.persistence.Id	externo	jakarta.persistence-api-3.2.0.jar
br.com.sawcunhaos.organization.domain.corporate.company.internal.Company	jakarta.persistence.JoinColumn	externo	jakarta.persistence-api-3.2.0.jar
br.com.sawcunhaos.organization.domain.corporate.company.internal.Company	jakarta.persistence.ManyToOne	externo	jakarta.persistence-api-3.2.0.jar
br.com.sawcunhaos.organization.domain.corporate.company.internal.Company	jakarta.persistence.OneToMany	externo	jakarta.persistence-api-3.2.0.jar
br.com.sawcunhaos.organization.domain.corporate.company.internal.Company	jakarta.persistence.Table	externo	jakarta.persistence-api-3.2.0.jar
br.com.sawcunhaos.organization.domain.corporate.company.internal.Company	java.lang.Long	jdk	java.base
br.com.sawcunhaos.organization.domain.corporate.company.internal.Company	java.lang.String	jdk	java.base
br.com.sawcunhaos.organization.domain.corporate.company.internal.Company	java.time.LocalDate	jdk	java.base
br.com.sawcunhaos.organization.domain.corporate.company.internal.Company	java.time.ZoneId	jdk	java.base
br.com.sawcunhaos.organization.domain.corporate.company.internal.Company	java.util.HashSet	jdk	java.base
br.com.sawcunhaos.organization.domain.corporate.company.internal.Company	java.util.Set	jdk	java.base
br.com.sawcunhaos.organization.domain.corporate.company.internal.Company$CompanyBuilder	br.com.sawcunhaos.foundation.validation.valueobjects.Cnpj	externo	scos-foundation-validation-1.2.0-SNAPSHOT.jar
br.com.sawcunhaos.organization.domain.corporate.company.internal.Company$CompanyBuilder	br.com.sawcunhaos.organization.domain.corporate.company.internal.Cnae	interno	classes
br.com.sawcunhaos.organization.domain.corporate.company.internal.Company$CompanyBuilder	br.com.sawcunhaos.organization.domain.corporate.company.internal.Company	interno	classes
br.com.sawcunhaos.organization.domain.corporate.company.internal.Company$CompanyBuilder	br.com.sawcunhaos.organization.domain.corporate.company.internal.CompanyAddress	interno	classes
br.com.sawcunhaos.organization.domain.corporate.company.internal.Company$CompanyBuilder	br.com.sawcunhaos.organization.domain.corporate.company.internal.CompanyContact	interno	classes
br.com.sawcunhaos.organization.domain.corporate.company.internal.Company$CompanyBuilder	br.com.sawcunhaos.organization.domain.corporate.company.internal.LegalNature	interno	classes
br.com.sawcunhaos.organization.domain.corporate.company.internal.Company$CompanyBuilder	br.com.sawcunhaos.organization.domain.corporate.company.internal.StatusCompany	interno	classes
br.com.sawcunhaos.organization.domain.corporate.company.internal.Company$CompanyBuilder	java.lang.Long	jdk	java.base
br.com.sawcunhaos.organization.domain.corporate.company.internal.Company$CompanyBuilder	java.lang.Object	jdk	java.base
br.com.sawcunhaos.organization.domain.corporate.company.internal.Company$CompanyBuilder	java.lang.String	jdk	java.base
br.com.sawcunhaos.organization.domain.corporate.company.internal.Company$CompanyBuilder	java.lang.invoke.CallSite	jdk	java.base
br.com.sawcunhaos.organization.domain.corporate.company.internal.Company$CompanyBuilder	java.lang.invoke.MethodHandles	jdk	java.base
br.com.sawcunhaos.organization.domain.corporate.company.internal.Company$CompanyBuilder	java.lang.invoke.MethodHandles$Lookup	jdk	java.base
br.com.sawcunhaos.organization.domain.corporate.company.internal.Company$CompanyBuilder	java.lang.invoke.MethodType	jdk	java.base
br.com.sawcunhaos.organization.domain.corporate.company.internal.Company$CompanyBuilder	java.lang.invoke.StringConcatFactory	jdk	java.base
br.com.sawcunhaos.organization.domain.corporate.company.internal.Company$CompanyBuilder	java.time.LocalDate	jdk	java.base
br.com.sawcunhaos.organization.domain.corporate.company.internal.Company$CompanyBuilder	java.time.ZoneId	jdk	java.base
br.com.sawcunhaos.organization.domain.corporate.company.internal.Company$CompanyBuilder	java.util.Set	jdk	java.base
br.com.sawcunhaos.organization.domain.corporate.company.internal.CompanyAddress	br.com.sawcunhaos.flow.audit.sdk.api.AuditableEntity	externo	not found
br.com.sawcunhaos.organization.domain.corporate.company.internal.CompanyAddress	br.com.sawcunhaos.foundation.jpa.entity.BaseEntity	externo	scos-foundation-jpa-1.2.0-SNAPSHOT.jar
br.com.sawcunhaos.organization.domain.corporate.company.internal.CompanyAddress	br.com.sawcunhaos.organization.domain.corporate.catalog.internal.AddressType	interno	classes
br.com.sawcunhaos.organization.domain.corporate.company.internal.CompanyAddress	br.com.sawcunhaos.organization.domain.corporate.company.internal.Company	interno	classes
br.com.sawcunhaos.organization.domain.corporate.company.internal.CompanyAddress	br.com.sawcunhaos.organization.domain.corporate.company.internal.CompanyAddress$CompanyAddressBuilder	interno	classes
br.com.sawcunhaos.organization.domain.corporate.company.internal.CompanyAddress	br.com.sawcunhaos.organization.domain.corporate.company.internal.CompanyAddressPk	interno	classes
br.com.sawcunhaos.organization.domain.corporate.company.internal.CompanyAddress	jakarta.persistence.Column	externo	jakarta.persistence-api-3.2.0.jar
br.com.sawcunhaos.organization.domain.corporate.company.internal.CompanyAddress	jakarta.persistence.EmbeddedId	externo	jakarta.persistence-api-3.2.0.jar
br.com.sawcunhaos.organization.domain.corporate.company.internal.CompanyAddress	jakarta.persistence.Entity	externo	jakarta.persistence-api-3.2.0.jar
br.com.sawcunhaos.organization.domain.corporate.company.internal.CompanyAddress	jakarta.persistence.JoinColumn	externo	jakarta.persistence-api-3.2.0.jar
br.com.sawcunhaos.organization.domain.corporate.company.internal.CompanyAddress	jakarta.persistence.ManyToOne	externo	jakarta.persistence-api-3.2.0.jar
br.com.sawcunhaos.organization.domain.corporate.company.internal.CompanyAddress	jakarta.persistence.Table	externo	jakarta.persistence-api-3.2.0.jar
br.com.sawcunhaos.organization.domain.corporate.company.internal.CompanyAddress	java.lang.String	jdk	java.base
br.com.sawcunhaos.organization.domain.corporate.company.internal.CompanyAddress	org.locationtech.jts.geom.Point	externo	jts-core-1.20.0.jar
br.com.sawcunhaos.organization.domain.corporate.company.internal.CompanyAddress$CompanyAddressBuilder	br.com.sawcunhaos.organization.domain.corporate.catalog.internal.AddressType	interno	classes
br.com.sawcunhaos.organization.domain.corporate.company.internal.CompanyAddress$CompanyAddressBuilder	br.com.sawcunhaos.organization.domain.corporate.company.internal.Company	interno	classes
br.com.sawcunhaos.organization.domain.corporate.company.internal.CompanyAddress$CompanyAddressBuilder	br.com.sawcunhaos.organization.domain.corporate.company.internal.CompanyAddress	interno	classes
br.com.sawcunhaos.organization.domain.corporate.company.internal.CompanyAddress$CompanyAddressBuilder	br.com.sawcunhaos.organization.domain.corporate.company.internal.CompanyAddressPk	interno	classes
br.com.sawcunhaos.organization.domain.corporate.company.internal.CompanyAddress$CompanyAddressBuilder	java.lang.Object	jdk	java.base
br.com.sawcunhaos.organization.domain.corporate.company.internal.CompanyAddress$CompanyAddressBuilder	java.lang.String	jdk	java.base
br.com.sawcunhaos.organization.domain.corporate.company.internal.CompanyAddress$CompanyAddressBuilder	java.lang.invoke.CallSite	jdk	java.base
br.com.sawcunhaos.organization.domain.corporate.company.internal.CompanyAddress$CompanyAddressBuilder	java.lang.invoke.MethodHandles	jdk	java.base
br.com.sawcunhaos.organization.domain.corporate.company.internal.CompanyAddress$CompanyAddressBuilder	java.lang.invoke.MethodHandles$Lookup	jdk	java.base
br.com.sawcunhaos.organization.domain.corporate.company.internal.CompanyAddress$CompanyAddressBuilder	java.lang.invoke.MethodType	jdk	java.base
br.com.sawcunhaos.organization.domain.corporate.company.internal.CompanyAddress$CompanyAddressBuilder	java.lang.invoke.StringConcatFactory	jdk	java.base
br.com.sawcunhaos.organization.domain.corporate.company.internal.CompanyAddress$CompanyAddressBuilder	org.locationtech.jts.geom.Point	externo	jts-core-1.20.0.jar
br.com.sawcunhaos.organization.domain.corporate.company.internal.CompanyAddressPk	br.com.sawcunhaos.organization.domain.corporate.company.internal.CompanyAddressPk$CompanyAddressPkBuilder	interno	classes
br.com.sawcunhaos.organization.domain.corporate.company.internal.CompanyAddressPk	jakarta.persistence.Column	externo	jakarta.persistence-api-3.2.0.jar
br.com.sawcunhaos.organization.domain.corporate.company.internal.CompanyAddressPk	jakarta.persistence.Embeddable	externo	jakarta.persistence-api-3.2.0.jar
br.com.sawcunhaos.organization.domain.corporate.company.internal.CompanyAddressPk	java.lang.Long	jdk	java.base
br.com.sawcunhaos.organization.domain.corporate.company.internal.CompanyAddressPk	java.lang.Object	jdk	java.base
br.com.sawcunhaos.organization.domain.corporate.company.internal.CompanyAddressPk$CompanyAddressPkBuilder	br.com.sawcunhaos.organization.domain.corporate.company.internal.CompanyAddressPk	interno	classes
br.com.sawcunhaos.organization.domain.corporate.company.internal.CompanyAddressPk$CompanyAddressPkBuilder	java.lang.Long	jdk	java.base
br.com.sawcunhaos.organization.domain.corporate.company.internal.CompanyAddressPk$CompanyAddressPkBuilder	java.lang.Object	jdk	java.base
br.com.sawcunhaos.organization.domain.corporate.company.internal.CompanyAddressPk$CompanyAddressPkBuilder	java.lang.String	jdk	java.base
br.com.sawcunhaos.organization.domain.corporate.company.internal.CompanyAddressPk$CompanyAddressPkBuilder	java.lang.invoke.CallSite	jdk	java.base
br.com.sawcunhaos.organization.domain.corporate.company.internal.CompanyAddressPk$CompanyAddressPkBuilder	java.lang.invoke.MethodHandles	jdk	java.base
br.com.sawcunhaos.organization.domain.corporate.company.internal.CompanyAddressPk$CompanyAddressPkBuilder	java.lang.invoke.MethodHandles$Lookup	jdk	java.base
br.com.sawcunhaos.organization.domain.corporate.company.internal.CompanyAddressPk$CompanyAddressPkBuilder	java.lang.invoke.MethodType	jdk	java.base
br.com.sawcunhaos.organization.domain.corporate.company.internal.CompanyAddressPk$CompanyAddressPkBuilder	java.lang.invoke.StringConcatFactory	jdk	java.base
br.com.sawcunhaos.organization.domain.corporate.company.internal.CompanyAddressRepository	br.com.sawcunhaos.organization.domain.corporate.company.internal.CompanyAddress	interno	classes
br.com.sawcunhaos.organization.domain.corporate.company.internal.CompanyAddressRepository	br.com.sawcunhaos.organization.domain.corporate.company.internal.CompanyAddressPk	interno	classes
br.com.sawcunhaos.organization.domain.corporate.company.internal.CompanyAddressRepository	br.com.sawcunhaos.organization.domain.corporate.company.internal.QCompany	interno	classes
br.com.sawcunhaos.organization.domain.corporate.company.internal.CompanyAddressRepository	br.com.sawcunhaos.organization.domain.corporate.company.internal.QCompanyAddress	interno	classes
br.com.sawcunhaos.organization.domain.corporate.company.internal.CompanyAddressRepository	br.com.sawcunhaos.organization.domain.corporate.company.internal.QCompanyAddressPk	interno	classes
br.com.sawcunhaos.organization.domain.corporate.company.internal.CompanyAddressRepository	br.com.sawcunhaos.organization.domain.corporate.company.internal.StatusCompany	interno	classes
br.com.sawcunhaos.organization.domain.corporate.company.internal.CompanyAddressRepository	com.querydsl.core.types.Predicate	externo	querydsl-core-7.6.jar
br.com.sawcunhaos.organization.domain.corporate.company.internal.CompanyAddressRepository	com.querydsl.core.types.dsl.BooleanExpression	externo	querydsl-core-7.6.jar
br.com.sawcunhaos.organization.domain.corporate.company.internal.CompanyAddressRepository	com.querydsl.core.types.dsl.EnumPath	externo	querydsl-core-7.6.jar
br.com.sawcunhaos.organization.domain.corporate.company.internal.CompanyAddressRepository	com.querydsl.core.types.dsl.NumberPath	externo	querydsl-core-7.6.jar
br.com.sawcunhaos.organization.domain.corporate.company.internal.CompanyAddressRepository	io.hypersistence.utils.spring.repository.BaseJpaRepository	externo	hypersistence-utils-hibernate-71-3.15.5.jar
br.com.sawcunhaos.organization.domain.corporate.company.internal.CompanyAddressRepository	java.lang.Long	jdk	java.base
br.com.sawcunhaos.organization.domain.corporate.company.internal.CompanyAddressRepository	java.lang.Object	jdk	java.base
br.com.sawcunhaos.organization.domain.corporate.company.internal.CompanyAddressRepository	java.util.Optional	jdk	java.base
br.com.sawcunhaos.organization.domain.corporate.company.internal.CompanyAddressRepository	org.springframework.data.domain.Page	externo	spring-data-commons-4.1.1.jar
br.com.sawcunhaos.organization.domain.corporate.company.internal.CompanyAddressRepository	org.springframework.data.domain.Pageable	externo	spring-data-commons-4.1.1.jar
br.com.sawcunhaos.organization.domain.corporate.company.internal.CompanyAddressRepository	org.springframework.data.jpa.repository.JpaSpecificationExecutor	externo	spring-data-jpa-4.1.1.jar
br.com.sawcunhaos.organization.domain.corporate.company.internal.CompanyAddressRepository	org.springframework.data.querydsl.QuerydslPredicateExecutor	externo	spring-data-commons-4.1.1.jar
br.com.sawcunhaos.organization.domain.corporate.company.internal.CompanyAddressRepository	org.springframework.stereotype.Repository	externo	spring-context-7.0.9.jar
br.com.sawcunhaos.organization.domain.corporate.company.internal.CompanyCnaeSecondary	br.com.sawcunhaos.flow.audit.sdk.api.AuditableEntity	externo	not found
br.com.sawcunhaos.organization.domain.corporate.company.internal.CompanyCnaeSecondary	br.com.sawcunhaos.organization.domain.corporate.company.internal.CompanyCnaeSecondary$CompanyCnaeSecondaryBuilder	interno	classes
br.com.sawcunhaos.organization.domain.corporate.company.internal.CompanyCnaeSecondary	br.com.sawcunhaos.organization.domain.corporate.company.internal.CompanyCnaeSecondaryPk	interno	classes
br.com.sawcunhaos.organization.domain.corporate.company.internal.CompanyCnaeSecondary	jakarta.persistence.Column	externo	jakarta.persistence-api-3.2.0.jar
br.com.sawcunhaos.organization.domain.corporate.company.internal.CompanyCnaeSecondary	jakarta.persistence.EmbeddedId	externo	jakarta.persistence-api-3.2.0.jar
br.com.sawcunhaos.organization.domain.corporate.company.internal.CompanyCnaeSecondary	jakarta.persistence.Entity	externo	jakarta.persistence-api-3.2.0.jar
br.com.sawcunhaos.organization.domain.corporate.company.internal.CompanyCnaeSecondary	jakarta.persistence.Table	externo	jakarta.persistence-api-3.2.0.jar
br.com.sawcunhaos.organization.domain.corporate.company.internal.CompanyCnaeSecondary	java.lang.Object	jdk	java.base
br.com.sawcunhaos.organization.domain.corporate.company.internal.CompanyCnaeSecondary	java.lang.String	jdk	java.base
br.com.sawcunhaos.organization.domain.corporate.company.internal.CompanyCnaeSecondary	java.time.Instant	jdk	java.base
br.com.sawcunhaos.organization.domain.corporate.company.internal.CompanyCnaeSecondary	org.hibernate.annotations.CreationTimestamp	externo	hibernate-core-7.4.5.Final.jar
br.com.sawcunhaos.organization.domain.corporate.company.internal.CompanyCnaeSecondary$CompanyCnaeSecondaryBuilder	br.com.sawcunhaos.organization.domain.corporate.company.internal.CompanyCnaeSecondary	interno	classes
br.com.sawcunhaos.organization.domain.corporate.company.internal.CompanyCnaeSecondary$CompanyCnaeSecondaryBuilder	br.com.sawcunhaos.organization.domain.corporate.company.internal.CompanyCnaeSecondaryPk	interno	classes
br.com.sawcunhaos.organization.domain.corporate.company.internal.CompanyCnaeSecondary$CompanyCnaeSecondaryBuilder	java.lang.Object	jdk	java.base
br.com.sawcunhaos.organization.domain.corporate.company.internal.CompanyCnaeSecondary$CompanyCnaeSecondaryBuilder	java.lang.String	jdk	java.base
br.com.sawcunhaos.organization.domain.corporate.company.internal.CompanyCnaeSecondary$CompanyCnaeSecondaryBuilder	java.lang.invoke.CallSite	jdk	java.base
br.com.sawcunhaos.organization.domain.corporate.company.internal.CompanyCnaeSecondary$CompanyCnaeSecondaryBuilder	java.lang.invoke.MethodHandles	jdk	java.base
br.com.sawcunhaos.organization.domain.corporate.company.internal.CompanyCnaeSecondary$CompanyCnaeSecondaryBuilder	java.lang.invoke.MethodHandles$Lookup	jdk	java.base
br.com.sawcunhaos.organization.domain.corporate.company.internal.CompanyCnaeSecondary$CompanyCnaeSecondaryBuilder	java.lang.invoke.MethodType	jdk	java.base
br.com.sawcunhaos.organization.domain.corporate.company.internal.CompanyCnaeSecondary$CompanyCnaeSecondaryBuilder	java.lang.invoke.StringConcatFactory	jdk	java.base
br.com.sawcunhaos.organization.domain.corporate.company.internal.CompanyCnaeSecondary$CompanyCnaeSecondaryBuilder	java.time.Instant	jdk	java.base
br.com.sawcunhaos.organization.domain.corporate.company.internal.CompanyCnaeSecondaryPk	br.com.sawcunhaos.organization.domain.corporate.company.internal.CompanyCnaeSecondaryPk$CompanyCnaeSecondaryPkBuilder	interno	classes
br.com.sawcunhaos.organization.domain.corporate.company.internal.CompanyCnaeSecondaryPk	jakarta.persistence.Column	externo	jakarta.persistence-api-3.2.0.jar
br.com.sawcunhaos.organization.domain.corporate.company.internal.CompanyCnaeSecondaryPk	jakarta.persistence.Embeddable	externo	jakarta.persistence-api-3.2.0.jar
br.com.sawcunhaos.organization.domain.corporate.company.internal.CompanyCnaeSecondaryPk	java.lang.Long	jdk	java.base
br.com.sawcunhaos.organization.domain.corporate.company.internal.CompanyCnaeSecondaryPk	java.lang.Object	jdk	java.base
br.com.sawcunhaos.organization.domain.corporate.company.internal.CompanyCnaeSecondaryPk$CompanyCnaeSecondaryPkBuilder	br.com.sawcunhaos.organization.domain.corporate.company.internal.CompanyCnaeSecondaryPk	interno	classes
br.com.sawcunhaos.organization.domain.corporate.company.internal.CompanyCnaeSecondaryPk$CompanyCnaeSecondaryPkBuilder	java.lang.Long	jdk	java.base
br.com.sawcunhaos.organization.domain.corporate.company.internal.CompanyCnaeSecondaryPk$CompanyCnaeSecondaryPkBuilder	java.lang.Object	jdk	java.base
br.com.sawcunhaos.organization.domain.corporate.company.internal.CompanyCnaeSecondaryPk$CompanyCnaeSecondaryPkBuilder	java.lang.String	jdk	java.base
br.com.sawcunhaos.organization.domain.corporate.company.internal.CompanyCnaeSecondaryPk$CompanyCnaeSecondaryPkBuilder	java.lang.invoke.CallSite	jdk	java.base
br.com.sawcunhaos.organization.domain.corporate.company.internal.CompanyCnaeSecondaryPk$CompanyCnaeSecondaryPkBuilder	java.lang.invoke.MethodHandles	jdk	java.base
br.com.sawcunhaos.organization.domain.corporate.company.internal.CompanyCnaeSecondaryPk$CompanyCnaeSecondaryPkBuilder	java.lang.invoke.MethodHandles$Lookup	jdk	java.base
br.com.sawcunhaos.organization.domain.corporate.company.internal.CompanyCnaeSecondaryPk$CompanyCnaeSecondaryPkBuilder	java.lang.invoke.MethodType	jdk	java.base
br.com.sawcunhaos.organization.domain.corporate.company.internal.CompanyCnaeSecondaryPk$CompanyCnaeSecondaryPkBuilder	java.lang.invoke.StringConcatFactory	jdk	java.base
br.com.sawcunhaos.organization.domain.corporate.company.internal.CompanyCnaeSecondaryRepository	br.com.sawcunhaos.organization.domain.corporate.company.internal.CompanyCnaeSecondary	interno	classes
br.com.sawcunhaos.organization.domain.corporate.company.internal.CompanyCnaeSecondaryRepository	br.com.sawcunhaos.organization.domain.corporate.company.internal.CompanyCnaeSecondaryPk	interno	classes
br.com.sawcunhaos.organization.domain.corporate.company.internal.CompanyCnaeSecondaryRepository	br.com.sawcunhaos.organization.domain.corporate.company.internal.QCompanyCnaeSecondary	interno	classes
br.com.sawcunhaos.organization.domain.corporate.company.internal.CompanyCnaeSecondaryRepository	br.com.sawcunhaos.organization.domain.corporate.company.internal.QCompanyCnaeSecondaryPk	interno	classes
br.com.sawcunhaos.organization.domain.corporate.company.internal.CompanyCnaeSecondaryRepository	com.querydsl.core.types.Predicate	externo	querydsl-core-7.6.jar
br.com.sawcunhaos.organization.domain.corporate.company.internal.CompanyCnaeSecondaryRepository	com.querydsl.core.types.dsl.BooleanExpression	externo	querydsl-core-7.6.jar
br.com.sawcunhaos.organization.domain.corporate.company.internal.CompanyCnaeSecondaryRepository	com.querydsl.core.types.dsl.NumberPath	externo	querydsl-core-7.6.jar
br.com.sawcunhaos.organization.domain.corporate.company.internal.CompanyCnaeSecondaryRepository	io.hypersistence.utils.spring.repository.BaseJpaRepository	externo	hypersistence-utils-hibernate-71-3.15.5.jar
br.com.sawcunhaos.organization.domain.corporate.company.internal.CompanyCnaeSecondaryRepository	java.lang.Long	jdk	java.base
br.com.sawcunhaos.organization.domain.corporate.company.internal.CompanyCnaeSecondaryRepository	java.lang.Object	jdk	java.base
br.com.sawcunhaos.organization.domain.corporate.company.internal.CompanyCnaeSecondaryRepository	org.springframework.data.jpa.repository.JpaSpecificationExecutor	externo	spring-data-jpa-4.1.1.jar
br.com.sawcunhaos.organization.domain.corporate.company.internal.CompanyCnaeSecondaryRepository	org.springframework.data.querydsl.QuerydslPredicateExecutor	externo	spring-data-commons-4.1.1.jar
br.com.sawcunhaos.organization.domain.corporate.company.internal.CompanyCnaeSecondaryRepository	org.springframework.stereotype.Repository	externo	spring-context-7.0.9.jar
br.com.sawcunhaos.organization.domain.corporate.company.internal.CompanyContact	br.com.sawcunhaos.flow.audit.sdk.api.AuditableEntity	externo	not found
br.com.sawcunhaos.organization.domain.corporate.company.internal.CompanyContact	br.com.sawcunhaos.foundation.jpa.entity.BaseEntity	externo	scos-foundation-jpa-1.2.0-SNAPSHOT.jar
br.com.sawcunhaos.organization.domain.corporate.company.internal.CompanyContact	br.com.sawcunhaos.foundation.validation.valueobjects.Email	externo	scos-foundation-validation-1.2.0-SNAPSHOT.jar
br.com.sawcunhaos.organization.domain.corporate.company.internal.CompanyContact	br.com.sawcunhaos.organization.domain.corporate.catalog.internal.ContactType	interno	classes
br.com.sawcunhaos.organization.domain.corporate.company.internal.CompanyContact	br.com.sawcunhaos.organization.domain.corporate.company.internal.Company	interno	classes
br.com.sawcunhaos.organization.domain.corporate.company.internal.CompanyContact	br.com.sawcunhaos.organization.domain.corporate.company.internal.CompanyContact$CompanyContactBuilder	interno	classes
br.com.sawcunhaos.organization.domain.corporate.company.internal.CompanyContact	jakarta.persistence.AttributeOverride	externo	jakarta.persistence-api-3.2.0.jar
br.com.sawcunhaos.organization.domain.corporate.company.internal.CompanyContact	jakarta.persistence.Column	externo	jakarta.persistence-api-3.2.0.jar
br.com.sawcunhaos.organization.domain.corporate.company.internal.CompanyContact	jakarta.persistence.Embedded	externo	jakarta.persistence-api-3.2.0.jar
br.com.sawcunhaos.organization.domain.corporate.company.internal.CompanyContact	jakarta.persistence.Entity	externo	jakarta.persistence-api-3.2.0.jar
br.com.sawcunhaos.organization.domain.corporate.company.internal.CompanyContact	jakarta.persistence.GeneratedValue	externo	jakarta.persistence-api-3.2.0.jar
br.com.sawcunhaos.organization.domain.corporate.company.internal.CompanyContact	jakarta.persistence.Id	externo	jakarta.persistence-api-3.2.0.jar
br.com.sawcunhaos.organization.domain.corporate.company.internal.CompanyContact	jakarta.persistence.JoinColumn	externo	jakarta.persistence-api-3.2.0.jar
br.com.sawcunhaos.organization.domain.corporate.company.internal.CompanyContact	jakarta.persistence.ManyToOne	externo	jakarta.persistence-api-3.2.0.jar
br.com.sawcunhaos.organization.domain.corporate.company.internal.CompanyContact	jakarta.persistence.Table	externo	jakarta.persistence-api-3.2.0.jar
br.com.sawcunhaos.organization.domain.corporate.company.internal.CompanyContact	java.lang.Long	jdk	java.base
br.com.sawcunhaos.organization.domain.corporate.company.internal.CompanyContact	java.lang.String	jdk	java.base
br.com.sawcunhaos.organization.domain.corporate.company.internal.CompanyContact$CompanyContactBuilder	br.com.sawcunhaos.foundation.validation.valueobjects.Email	externo	scos-foundation-validation-1.2.0-SNAPSHOT.jar
br.com.sawcunhaos.organization.domain.corporate.company.internal.CompanyContact$CompanyContactBuilder	br.com.sawcunhaos.organization.domain.corporate.catalog.internal.ContactType	interno	classes
br.com.sawcunhaos.organization.domain.corporate.company.internal.CompanyContact$CompanyContactBuilder	br.com.sawcunhaos.organization.domain.corporate.company.internal.Company	interno	classes
br.com.sawcunhaos.organization.domain.corporate.company.internal.CompanyContact$CompanyContactBuilder	br.com.sawcunhaos.organization.domain.corporate.company.internal.CompanyContact	interno	classes
br.com.sawcunhaos.organization.domain.corporate.company.internal.CompanyContact$CompanyContactBuilder	java.lang.Long	jdk	java.base
br.com.sawcunhaos.organization.domain.corporate.company.internal.CompanyContact$CompanyContactBuilder	java.lang.Object	jdk	java.base
br.com.sawcunhaos.organization.domain.corporate.company.internal.CompanyContact$CompanyContactBuilder	java.lang.String	jdk	java.base
br.com.sawcunhaos.organization.domain.corporate.company.internal.CompanyContact$CompanyContactBuilder	java.lang.invoke.CallSite	jdk	java.base
br.com.sawcunhaos.organization.domain.corporate.company.internal.CompanyContact$CompanyContactBuilder	java.lang.invoke.MethodHandles	jdk	java.base
br.com.sawcunhaos.organization.domain.corporate.company.internal.CompanyContact$CompanyContactBuilder	java.lang.invoke.MethodHandles$Lookup	jdk	java.base
br.com.sawcunhaos.organization.domain.corporate.company.internal.CompanyContact$CompanyContactBuilder	java.lang.invoke.MethodType	jdk	java.base
br.com.sawcunhaos.organization.domain.corporate.company.internal.CompanyContact$CompanyContactBuilder	java.lang.invoke.StringConcatFactory	jdk	java.base
br.com.sawcunhaos.organization.domain.corporate.company.internal.CompanyContactRepository	br.com.sawcunhaos.organization.domain.corporate.company.internal.CompanyContact	interno	classes
br.com.sawcunhaos.organization.domain.corporate.company.internal.CompanyContactRepository	br.com.sawcunhaos.organization.domain.corporate.company.internal.QCompany	interno	classes
br.com.sawcunhaos.organization.domain.corporate.company.internal.CompanyContactRepository	br.com.sawcunhaos.organization.domain.corporate.company.internal.QCompanyContact	interno	classes
br.com.sawcunhaos.organization.domain.corporate.company.internal.CompanyContactRepository	br.com.sawcunhaos.organization.domain.corporate.company.internal.StatusCompany	interno	classes
br.com.sawcunhaos.organization.domain.corporate.company.internal.CompanyContactRepository	com.querydsl.core.types.Predicate	externo	querydsl-core-7.6.jar
br.com.sawcunhaos.organization.domain.corporate.company.internal.CompanyContactRepository	com.querydsl.core.types.dsl.BooleanExpression	externo	querydsl-core-7.6.jar
br.com.sawcunhaos.organization.domain.corporate.company.internal.CompanyContactRepository	com.querydsl.core.types.dsl.EnumPath	externo	querydsl-core-7.6.jar
br.com.sawcunhaos.organization.domain.corporate.company.internal.CompanyContactRepository	com.querydsl.core.types.dsl.NumberPath	externo	querydsl-core-7.6.jar
br.com.sawcunhaos.organization.domain.corporate.company.internal.CompanyContactRepository	io.hypersistence.utils.spring.repository.BaseJpaRepository	externo	hypersistence-utils-hibernate-71-3.15.5.jar
br.com.sawcunhaos.organization.domain.corporate.company.internal.CompanyContactRepository	java.lang.Long	jdk	java.base
br.com.sawcunhaos.organization.domain.corporate.company.internal.CompanyContactRepository	java.lang.Object	jdk	java.base
br.com.sawcunhaos.organization.domain.corporate.company.internal.CompanyContactRepository	java.util.Optional	jdk	java.base
br.com.sawcunhaos.organization.domain.corporate.company.internal.CompanyContactRepository	org.springframework.data.domain.Page	externo	spring-data-commons-4.1.1.jar
br.com.sawcunhaos.organization.domain.corporate.company.internal.CompanyContactRepository	org.springframework.data.domain.Pageable	externo	spring-data-commons-4.1.1.jar
br.com.sawcunhaos.organization.domain.corporate.company.internal.CompanyContactRepository	org.springframework.data.jpa.repository.JpaSpecificationExecutor	externo	spring-data-jpa-4.1.1.jar
br.com.sawcunhaos.organization.domain.corporate.company.internal.CompanyContactRepository	org.springframework.data.querydsl.QuerydslPredicateExecutor	externo	spring-data-commons-4.1.1.jar
br.com.sawcunhaos.organization.domain.corporate.company.internal.CompanyContactRepository	org.springframework.stereotype.Repository	externo	spring-context-7.0.9.jar
br.com.sawcunhaos.organization.domain.corporate.company.internal.CompanyPredicates	br.com.sawcunhaos.organization.domain.corporate.company.internal.QCompany	interno	classes
br.com.sawcunhaos.organization.domain.corporate.company.internal.CompanyPredicates	br.com.sawcunhaos.organization.domain.corporate.company.internal.StatusCompany	interno	classes
br.com.sawcunhaos.organization.domain.corporate.company.internal.CompanyPredicates	com.querydsl.core.BooleanBuilder	externo	querydsl-core-7.6.jar
br.com.sawcunhaos.organization.domain.corporate.company.internal.CompanyPredicates	com.querydsl.core.types.Predicate	externo	querydsl-core-7.6.jar
br.com.sawcunhaos.organization.domain.corporate.company.internal.CompanyPredicates	com.querydsl.core.types.dsl.BooleanExpression	externo	querydsl-core-7.6.jar
br.com.sawcunhaos.organization.domain.corporate.company.internal.CompanyPredicates	com.querydsl.core.types.dsl.EnumPath	externo	querydsl-core-7.6.jar
br.com.sawcunhaos.organization.domain.corporate.company.internal.CompanyPredicates	com.querydsl.core.types.dsl.NumberPath	externo	querydsl-core-7.6.jar
br.com.sawcunhaos.organization.domain.corporate.company.internal.CompanyPredicates	com.querydsl.core.types.dsl.StringPath	externo	querydsl-core-7.6.jar
br.com.sawcunhaos.organization.domain.corporate.company.internal.CompanyPredicates	java.lang.Object	jdk	java.base
br.com.sawcunhaos.organization.domain.corporate.company.internal.CompanyPredicates	java.lang.String	jdk	java.base
br.com.sawcunhaos.organization.domain.corporate.company.internal.CompanyRepository	br.com.sawcunhaos.foundation.validation.valueobjects.QCnpj	externo	scos-foundation-validation-1.2.0-SNAPSHOT.jar
br.com.sawcunhaos.organization.domain.corporate.company.internal.CompanyRepository	br.com.sawcunhaos.organization.domain.corporate.company.internal.Company	interno	classes
br.com.sawcunhaos.organization.domain.corporate.company.internal.CompanyRepository	br.com.sawcunhaos.organization.domain.corporate.company.internal.CompanyPredicates	interno	classes
br.com.sawcunhaos.organization.domain.corporate.company.internal.CompanyRepository	br.com.sawcunhaos.organization.domain.corporate.company.internal.QCnae	interno	classes
br.com.sawcunhaos.organization.domain.corporate.company.internal.CompanyRepository	br.com.sawcunhaos.organization.domain.corporate.company.internal.QCompany	interno	classes
br.com.sawcunhaos.organization.domain.corporate.company.internal.CompanyRepository	br.com.sawcunhaos.organization.domain.corporate.company.internal.QLegalNature	interno	classes
br.com.sawcunhaos.organization.domain.corporate.company.internal.CompanyRepository	br.com.sawcunhaos.organization.domain.corporate.company.internal.StatusCompany	interno	classes
br.com.sawcunhaos.organization.domain.corporate.company.internal.CompanyRepository	com.querydsl.core.types.Predicate	externo	querydsl-core-7.6.jar
br.com.sawcunhaos.organization.domain.corporate.company.internal.CompanyRepository	com.querydsl.core.types.dsl.BooleanExpression	externo	querydsl-core-7.6.jar
br.com.sawcunhaos.organization.domain.corporate.company.internal.CompanyRepository	com.querydsl.core.types.dsl.EnumPath	externo	querydsl-core-7.6.jar
br.com.sawcunhaos.organization.domain.corporate.company.internal.CompanyRepository	com.querydsl.core.types.dsl.NumberPath	externo	querydsl-core-7.6.jar
br.com.sawcunhaos.organization.domain.corporate.company.internal.CompanyRepository	com.querydsl.core.types.dsl.StringPath	externo	querydsl-core-7.6.jar
br.com.sawcunhaos.organization.domain.corporate.company.internal.CompanyRepository	io.hypersistence.utils.spring.repository.BaseJpaRepository	externo	hypersistence-utils-hibernate-71-3.15.5.jar
br.com.sawcunhaos.organization.domain.corporate.company.internal.CompanyRepository	java.lang.Long	jdk	java.base
br.com.sawcunhaos.organization.domain.corporate.company.internal.CompanyRepository	java.lang.Object	jdk	java.base
br.com.sawcunhaos.organization.domain.corporate.company.internal.CompanyRepository	java.lang.String	jdk	java.base
br.com.sawcunhaos.organization.domain.corporate.company.internal.CompanyRepository	java.util.List	jdk	java.base
br.com.sawcunhaos.organization.domain.corporate.company.internal.CompanyRepository	java.util.Optional	jdk	java.base
br.com.sawcunhaos.organization.domain.corporate.company.internal.CompanyRepository	org.springframework.data.domain.Page	externo	spring-data-commons-4.1.1.jar
br.com.sawcunhaos.organization.domain.corporate.company.internal.CompanyRepository	org.springframework.data.domain.Pageable	externo	spring-data-commons-4.1.1.jar
br.com.sawcunhaos.organization.domain.corporate.company.internal.CompanyRepository	org.springframework.data.jpa.repository.JpaSpecificationExecutor	externo	spring-data-jpa-4.1.1.jar
br.com.sawcunhaos.organization.domain.corporate.company.internal.CompanyRepository	org.springframework.data.jpa.repository.Query	externo	spring-data-jpa-4.1.1.jar
br.com.sawcunhaos.organization.domain.corporate.company.internal.CompanyRepository	org.springframework.data.querydsl.QuerydslPredicateExecutor	externo	spring-data-commons-4.1.1.jar
br.com.sawcunhaos.organization.domain.corporate.company.internal.CompanyRepository	org.springframework.data.repository.query.Param	externo	spring-data-commons-4.1.1.jar
br.com.sawcunhaos.organization.domain.corporate.company.internal.CompanyRepository	org.springframework.stereotype.Repository	externo	spring-context-7.0.9.jar
br.com.sawcunhaos.organization.domain.corporate.company.internal.LegalNature	br.com.sawcunhaos.flow.audit.sdk.api.AuditableEntity	externo	not found
br.com.sawcunhaos.organization.domain.corporate.company.internal.LegalNature	br.com.sawcunhaos.organization.domain.corporate.company.internal.LegalNature$LegalNatureBuilder	interno	classes
br.com.sawcunhaos.organization.domain.corporate.company.internal.LegalNature	jakarta.persistence.Column	externo	jakarta.persistence-api-3.2.0.jar
br.com.sawcunhaos.organization.domain.corporate.company.internal.LegalNature	jakarta.persistence.Entity	externo	jakarta.persistence-api-3.2.0.jar
br.com.sawcunhaos.organization.domain.corporate.company.internal.LegalNature	jakarta.persistence.GeneratedValue	externo	jakarta.persistence-api-3.2.0.jar
br.com.sawcunhaos.organization.domain.corporate.company.internal.LegalNature	jakarta.persistence.Id	externo	jakarta.persistence-api-3.2.0.jar
br.com.sawcunhaos.organization.domain.corporate.company.internal.LegalNature	jakarta.persistence.Table	externo	jakarta.persistence-api-3.2.0.jar
br.com.sawcunhaos.organization.domain.corporate.company.internal.LegalNature	java.lang.Long	jdk	java.base
br.com.sawcunhaos.organization.domain.corporate.company.internal.LegalNature	java.lang.Object	jdk	java.base
br.com.sawcunhaos.organization.domain.corporate.company.internal.LegalNature	java.lang.String	jdk	java.base
br.com.sawcunhaos.organization.domain.corporate.company.internal.LegalNature	java.time.Instant	jdk	java.base
br.com.sawcunhaos.organization.domain.corporate.company.internal.LegalNature	org.hibernate.annotations.CreationTimestamp	externo	hibernate-core-7.4.5.Final.jar
br.com.sawcunhaos.organization.domain.corporate.company.internal.LegalNature$LegalNatureBuilder	br.com.sawcunhaos.organization.domain.corporate.company.internal.LegalNature	interno	classes
br.com.sawcunhaos.organization.domain.corporate.company.internal.LegalNature$LegalNatureBuilder	java.lang.Long	jdk	java.base
br.com.sawcunhaos.organization.domain.corporate.company.internal.LegalNature$LegalNatureBuilder	java.lang.Object	jdk	java.base
br.com.sawcunhaos.organization.domain.corporate.company.internal.LegalNature$LegalNatureBuilder	java.lang.String	jdk	java.base
br.com.sawcunhaos.organization.domain.corporate.company.internal.LegalNature$LegalNatureBuilder	java.lang.invoke.CallSite	jdk	java.base
br.com.sawcunhaos.organization.domain.corporate.company.internal.LegalNature$LegalNatureBuilder	java.lang.invoke.MethodHandles	jdk	java.base
br.com.sawcunhaos.organization.domain.corporate.company.internal.LegalNature$LegalNatureBuilder	java.lang.invoke.MethodHandles$Lookup	jdk	java.base
br.com.sawcunhaos.organization.domain.corporate.company.internal.LegalNature$LegalNatureBuilder	java.lang.invoke.MethodType	jdk	java.base
br.com.sawcunhaos.organization.domain.corporate.company.internal.LegalNature$LegalNatureBuilder	java.lang.invoke.StringConcatFactory	jdk	java.base
br.com.sawcunhaos.organization.domain.corporate.company.internal.LegalNature$LegalNatureBuilder	java.time.Instant	jdk	java.base
br.com.sawcunhaos.organization.domain.corporate.company.internal.LegalNatureRepository	br.com.sawcunhaos.organization.domain.corporate.company.internal.LegalNature	interno	classes
br.com.sawcunhaos.organization.domain.corporate.company.internal.LegalNatureRepository	br.com.sawcunhaos.organization.domain.corporate.company.internal.QLegalNature	interno	classes
br.com.sawcunhaos.organization.domain.corporate.company.internal.LegalNatureRepository	com.querydsl.core.types.Predicate	externo	querydsl-core-7.6.jar
br.com.sawcunhaos.organization.domain.corporate.company.internal.LegalNatureRepository	com.querydsl.core.types.dsl.BooleanExpression	externo	querydsl-core-7.6.jar
br.com.sawcunhaos.organization.domain.corporate.company.internal.LegalNatureRepository	com.querydsl.core.types.dsl.NumberPath	externo	querydsl-core-7.6.jar
br.com.sawcunhaos.organization.domain.corporate.company.internal.LegalNatureRepository	com.querydsl.core.types.dsl.StringPath	externo	querydsl-core-7.6.jar
br.com.sawcunhaos.organization.domain.corporate.company.internal.LegalNatureRepository	io.hypersistence.utils.spring.repository.BaseJpaRepository	externo	hypersistence-utils-hibernate-71-3.15.5.jar
br.com.sawcunhaos.organization.domain.corporate.company.internal.LegalNatureRepository	java.lang.Long	jdk	java.base
br.com.sawcunhaos.organization.domain.corporate.company.internal.LegalNatureRepository	java.lang.Object	jdk	java.base
br.com.sawcunhaos.organization.domain.corporate.company.internal.LegalNatureRepository	java.lang.String	jdk	java.base
br.com.sawcunhaos.organization.domain.corporate.company.internal.LegalNatureRepository	org.springframework.data.domain.Page	externo	spring-data-commons-4.1.1.jar
br.com.sawcunhaos.organization.domain.corporate.company.internal.LegalNatureRepository	org.springframework.data.domain.Pageable	externo	spring-data-commons-4.1.1.jar
br.com.sawcunhaos.organization.domain.corporate.company.internal.LegalNatureRepository	org.springframework.data.jpa.repository.JpaSpecificationExecutor	externo	spring-data-jpa-4.1.1.jar
br.com.sawcunhaos.organization.domain.corporate.company.internal.LegalNatureRepository	org.springframework.data.querydsl.QuerydslPredicateExecutor	externo	spring-data-commons-4.1.1.jar
br.com.sawcunhaos.organization.domain.corporate.company.internal.LegalNatureRepository	org.springframework.stereotype.Repository	externo	spring-context-7.0.9.jar
br.com.sawcunhaos.organization.domain.corporate.company.internal.QCnae	br.com.sawcunhaos.organization.domain.corporate.company.internal.Cnae	interno	classes
br.com.sawcunhaos.organization.domain.corporate.company.internal.QCnae	com.querydsl.core.types.Path	externo	querydsl-core-7.6.jar
br.com.sawcunhaos.organization.domain.corporate.company.internal.QCnae	com.querydsl.core.types.PathMetadata	externo	querydsl-core-7.6.jar
br.com.sawcunhaos.organization.domain.corporate.company.internal.QCnae	com.querydsl.core.types.PathMetadataFactory	externo	querydsl-core-7.6.jar
br.com.sawcunhaos.organization.domain.corporate.company.internal.QCnae	com.querydsl.core.types.dsl.DateTimePath	externo	querydsl-core-7.6.jar
br.com.sawcunhaos.organization.domain.corporate.company.internal.QCnae	com.querydsl.core.types.dsl.EntityPathBase	externo	querydsl-core-7.6.jar
br.com.sawcunhaos.organization.domain.corporate.company.internal.QCnae	com.querydsl.core.types.dsl.NumberPath	externo	querydsl-core-7.6.jar
br.com.sawcunhaos.organization.domain.corporate.company.internal.QCnae	com.querydsl.core.types.dsl.StringPath	externo	querydsl-core-7.6.jar
br.com.sawcunhaos.organization.domain.corporate.company.internal.QCnae	java.lang.Class	jdk	java.base
br.com.sawcunhaos.organization.domain.corporate.company.internal.QCnae	java.lang.Long	jdk	java.base
br.com.sawcunhaos.organization.domain.corporate.company.internal.QCnae	java.lang.String	jdk	java.base
br.com.sawcunhaos.organization.domain.corporate.company.internal.QCnae	java.time.Instant	jdk	java.base
br.com.sawcunhaos.organization.domain.corporate.company.internal.QCompany	br.com.sawcunhaos.foundation.jpa.entity.QBaseEntity	externo	scos-foundation-jpa-1.2.0-SNAPSHOT.jar
br.com.sawcunhaos.organization.domain.corporate.company.internal.QCompany	br.com.sawcunhaos.foundation.validation.valueobjects.QCnpj	externo	scos-foundation-validation-1.2.0-SNAPSHOT.jar
br.com.sawcunhaos.organization.domain.corporate.company.internal.QCompany	br.com.sawcunhaos.organization.domain.corporate.company.internal.Company	interno	classes
br.com.sawcunhaos.organization.domain.corporate.company.internal.QCompany	br.com.sawcunhaos.organization.domain.corporate.company.internal.CompanyAddress	interno	classes
br.com.sawcunhaos.organization.domain.corporate.company.internal.QCompany	br.com.sawcunhaos.organization.domain.corporate.company.internal.CompanyContact	interno	classes
br.com.sawcunhaos.organization.domain.corporate.company.internal.QCompany	br.com.sawcunhaos.organization.domain.corporate.company.internal.QCnae	interno	classes
br.com.sawcunhaos.organization.domain.corporate.company.internal.QCompany	br.com.sawcunhaos.organization.domain.corporate.company.internal.QCompanyAddress	interno	classes
br.com.sawcunhaos.organization.domain.corporate.company.internal.QCompany	br.com.sawcunhaos.organization.domain.corporate.company.internal.QCompanyContact	interno	classes
br.com.sawcunhaos.organization.domain.corporate.company.internal.QCompany	br.com.sawcunhaos.organization.domain.corporate.company.internal.QLegalNature	interno	classes
br.com.sawcunhaos.organization.domain.corporate.company.internal.QCompany	br.com.sawcunhaos.organization.domain.corporate.company.internal.StatusCompany	interno	classes
br.com.sawcunhaos.organization.domain.corporate.company.internal.QCompany	com.querydsl.core.types.Path	externo	querydsl-core-7.6.jar
br.com.sawcunhaos.organization.domain.corporate.company.internal.QCompany	com.querydsl.core.types.PathMetadata	externo	querydsl-core-7.6.jar
br.com.sawcunhaos.organization.domain.corporate.company.internal.QCompany	com.querydsl.core.types.PathMetadataFactory	externo	querydsl-core-7.6.jar
br.com.sawcunhaos.organization.domain.corporate.company.internal.QCompany	com.querydsl.core.types.dsl.DatePath	externo	querydsl-core-7.6.jar
br.com.sawcunhaos.organization.domain.corporate.company.internal.QCompany	com.querydsl.core.types.dsl.DateTimePath	externo	querydsl-core-7.6.jar
br.com.sawcunhaos.organization.domain.corporate.company.internal.QCompany	com.querydsl.core.types.dsl.EntityPathBase	externo	querydsl-core-7.6.jar
br.com.sawcunhaos.organization.domain.corporate.company.internal.QCompany	com.querydsl.core.types.dsl.EnumPath	externo	querydsl-core-7.6.jar
br.com.sawcunhaos.organization.domain.corporate.company.internal.QCompany	com.querydsl.core.types.dsl.NumberPath	externo	querydsl-core-7.6.jar
br.com.sawcunhaos.organization.domain.corporate.company.internal.QCompany	com.querydsl.core.types.dsl.PathInits	externo	querydsl-core-7.6.jar
br.com.sawcunhaos.organization.domain.corporate.company.internal.QCompany	com.querydsl.core.types.dsl.SetPath	externo	querydsl-core-7.6.jar
br.com.sawcunhaos.organization.domain.corporate.company.internal.QCompany	com.querydsl.core.types.dsl.SimplePath	externo	querydsl-core-7.6.jar
br.com.sawcunhaos.organization.domain.corporate.company.internal.QCompany	com.querydsl.core.types.dsl.StringPath	externo	querydsl-core-7.6.jar
br.com.sawcunhaos.organization.domain.corporate.company.internal.QCompany	java.lang.Class	jdk	java.base
br.com.sawcunhaos.organization.domain.corporate.company.internal.QCompany	java.lang.Long	jdk	java.base
br.com.sawcunhaos.organization.domain.corporate.company.internal.QCompany	java.lang.String	jdk	java.base
br.com.sawcunhaos.organization.domain.corporate.company.internal.QCompany	java.time.Instant	jdk	java.base
br.com.sawcunhaos.organization.domain.corporate.company.internal.QCompany	java.time.LocalDate	jdk	java.base
br.com.sawcunhaos.organization.domain.corporate.company.internal.QCompany	java.time.ZoneId	jdk	java.base
br.com.sawcunhaos.organization.domain.corporate.company.internal.QCompanyAddress	br.com.sawcunhaos.foundation.jpa.entity.QBaseEntity	externo	scos-foundation-jpa-1.2.0-SNAPSHOT.jar
br.com.sawcunhaos.organization.domain.corporate.company.internal.QCompanyAddress	br.com.sawcunhaos.organization.domain.corporate.catalog.internal.QAddressType	interno	classes
br.com.sawcunhaos.organization.domain.corporate.company.internal.QCompanyAddress	br.com.sawcunhaos.organization.domain.corporate.company.internal.CompanyAddress	interno	classes
br.com.sawcunhaos.organization.domain.corporate.company.internal.QCompanyAddress	br.com.sawcunhaos.organization.domain.corporate.company.internal.QCompany	interno	classes
br.com.sawcunhaos.organization.domain.corporate.company.internal.QCompanyAddress	br.com.sawcunhaos.organization.domain.corporate.company.internal.QCompanyAddressPk	interno	classes
br.com.sawcunhaos.organization.domain.corporate.company.internal.QCompanyAddress	com.querydsl.core.types.Path	externo	querydsl-core-7.6.jar
br.com.sawcunhaos.organization.domain.corporate.company.internal.QCompanyAddress	com.querydsl.core.types.PathMetadata	externo	querydsl-core-7.6.jar
br.com.sawcunhaos.organization.domain.corporate.company.internal.QCompanyAddress	com.querydsl.core.types.PathMetadataFactory	externo	querydsl-core-7.6.jar
br.com.sawcunhaos.organization.domain.corporate.company.internal.QCompanyAddress	com.querydsl.core.types.dsl.ComparablePath	externo	querydsl-core-7.6.jar
br.com.sawcunhaos.organization.domain.corporate.company.internal.QCompanyAddress	com.querydsl.core.types.dsl.DateTimePath	externo	querydsl-core-7.6.jar
br.com.sawcunhaos.organization.domain.corporate.company.internal.QCompanyAddress	com.querydsl.core.types.dsl.EntityPathBase	externo	querydsl-core-7.6.jar
br.com.sawcunhaos.organization.domain.corporate.company.internal.QCompanyAddress	com.querydsl.core.types.dsl.NumberPath	externo	querydsl-core-7.6.jar
br.com.sawcunhaos.organization.domain.corporate.company.internal.QCompanyAddress	com.querydsl.core.types.dsl.PathInits	externo	querydsl-core-7.6.jar
br.com.sawcunhaos.organization.domain.corporate.company.internal.QCompanyAddress	com.querydsl.core.types.dsl.StringPath	externo	querydsl-core-7.6.jar
br.com.sawcunhaos.organization.domain.corporate.company.internal.QCompanyAddress	java.lang.Class	jdk	java.base
br.com.sawcunhaos.organization.domain.corporate.company.internal.QCompanyAddress	java.lang.Integer	jdk	java.base
br.com.sawcunhaos.organization.domain.corporate.company.internal.QCompanyAddress	java.lang.String	jdk	java.base
br.com.sawcunhaos.organization.domain.corporate.company.internal.QCompanyAddress	java.time.Instant	jdk	java.base
br.com.sawcunhaos.organization.domain.corporate.company.internal.QCompanyAddress	org.locationtech.jts.geom.Point	externo	jts-core-1.20.0.jar
br.com.sawcunhaos.organization.domain.corporate.company.internal.QCompanyAddressPk	br.com.sawcunhaos.organization.domain.corporate.company.internal.CompanyAddressPk	interno	classes
br.com.sawcunhaos.organization.domain.corporate.company.internal.QCompanyAddressPk	com.querydsl.core.types.Path	externo	querydsl-core-7.6.jar
br.com.sawcunhaos.organization.domain.corporate.company.internal.QCompanyAddressPk	com.querydsl.core.types.PathMetadata	externo	querydsl-core-7.6.jar
br.com.sawcunhaos.organization.domain.corporate.company.internal.QCompanyAddressPk	com.querydsl.core.types.PathMetadataFactory	externo	querydsl-core-7.6.jar
br.com.sawcunhaos.organization.domain.corporate.company.internal.QCompanyAddressPk	com.querydsl.core.types.dsl.BeanPath	externo	querydsl-core-7.6.jar
br.com.sawcunhaos.organization.domain.corporate.company.internal.QCompanyAddressPk	com.querydsl.core.types.dsl.NumberPath	externo	querydsl-core-7.6.jar
br.com.sawcunhaos.organization.domain.corporate.company.internal.QCompanyAddressPk	java.lang.Class	jdk	java.base
br.com.sawcunhaos.organization.domain.corporate.company.internal.QCompanyAddressPk	java.lang.Long	jdk	java.base
br.com.sawcunhaos.organization.domain.corporate.company.internal.QCompanyAddressPk	java.lang.String	jdk	java.base
br.com.sawcunhaos.organization.domain.corporate.company.internal.QCompanyCnaeSecondary	br.com.sawcunhaos.organization.domain.corporate.company.internal.CompanyCnaeSecondary	interno	classes
br.com.sawcunhaos.organization.domain.corporate.company.internal.QCompanyCnaeSecondary	br.com.sawcunhaos.organization.domain.corporate.company.internal.QCompanyCnaeSecondaryPk	interno	classes
br.com.sawcunhaos.organization.domain.corporate.company.internal.QCompanyCnaeSecondary	com.querydsl.core.types.Path	externo	querydsl-core-7.6.jar
br.com.sawcunhaos.organization.domain.corporate.company.internal.QCompanyCnaeSecondary	com.querydsl.core.types.PathMetadata	externo	querydsl-core-7.6.jar
br.com.sawcunhaos.organization.domain.corporate.company.internal.QCompanyCnaeSecondary	com.querydsl.core.types.PathMetadataFactory	externo	querydsl-core-7.6.jar
br.com.sawcunhaos.organization.domain.corporate.company.internal.QCompanyCnaeSecondary	com.querydsl.core.types.dsl.DateTimePath	externo	querydsl-core-7.6.jar
br.com.sawcunhaos.organization.domain.corporate.company.internal.QCompanyCnaeSecondary	com.querydsl.core.types.dsl.EntityPathBase	externo	querydsl-core-7.6.jar
br.com.sawcunhaos.organization.domain.corporate.company.internal.QCompanyCnaeSecondary	com.querydsl.core.types.dsl.PathInits	externo	querydsl-core-7.6.jar
br.com.sawcunhaos.organization.domain.corporate.company.internal.QCompanyCnaeSecondary	com.querydsl.core.types.dsl.StringPath	externo	querydsl-core-7.6.jar
br.com.sawcunhaos.organization.domain.corporate.company.internal.QCompanyCnaeSecondary	java.lang.Class	jdk	java.base
br.com.sawcunhaos.organization.domain.corporate.company.internal.QCompanyCnaeSecondary	java.lang.String	jdk	java.base
br.com.sawcunhaos.organization.domain.corporate.company.internal.QCompanyCnaeSecondary	java.time.Instant	jdk	java.base
br.com.sawcunhaos.organization.domain.corporate.company.internal.QCompanyCnaeSecondaryPk	br.com.sawcunhaos.organization.domain.corporate.company.internal.CompanyCnaeSecondaryPk	interno	classes
br.com.sawcunhaos.organization.domain.corporate.company.internal.QCompanyCnaeSecondaryPk	com.querydsl.core.types.Path	externo	querydsl-core-7.6.jar
br.com.sawcunhaos.organization.domain.corporate.company.internal.QCompanyCnaeSecondaryPk	com.querydsl.core.types.PathMetadata	externo	querydsl-core-7.6.jar
br.com.sawcunhaos.organization.domain.corporate.company.internal.QCompanyCnaeSecondaryPk	com.querydsl.core.types.PathMetadataFactory	externo	querydsl-core-7.6.jar
br.com.sawcunhaos.organization.domain.corporate.company.internal.QCompanyCnaeSecondaryPk	com.querydsl.core.types.dsl.BeanPath	externo	querydsl-core-7.6.jar
br.com.sawcunhaos.organization.domain.corporate.company.internal.QCompanyCnaeSecondaryPk	com.querydsl.core.types.dsl.NumberPath	externo	querydsl-core-7.6.jar
br.com.sawcunhaos.organization.domain.corporate.company.internal.QCompanyCnaeSecondaryPk	java.lang.Class	jdk	java.base
br.com.sawcunhaos.organization.domain.corporate.company.internal.QCompanyCnaeSecondaryPk	java.lang.Long	jdk	java.base
br.com.sawcunhaos.organization.domain.corporate.company.internal.QCompanyCnaeSecondaryPk	java.lang.String	jdk	java.base
br.com.sawcunhaos.organization.domain.corporate.company.internal.QCompanyContact	br.com.sawcunhaos.foundation.jpa.entity.QBaseEntity	externo	scos-foundation-jpa-1.2.0-SNAPSHOT.jar
br.com.sawcunhaos.organization.domain.corporate.company.internal.QCompanyContact	br.com.sawcunhaos.foundation.validation.valueobjects.QEmail	externo	scos-foundation-validation-1.2.0-SNAPSHOT.jar
br.com.sawcunhaos.organization.domain.corporate.company.internal.QCompanyContact	br.com.sawcunhaos.organization.domain.corporate.catalog.internal.QContactType	interno	classes
br.com.sawcunhaos.organization.domain.corporate.company.internal.QCompanyContact	br.com.sawcunhaos.organization.domain.corporate.company.internal.CompanyContact	interno	classes
br.com.sawcunhaos.organization.domain.corporate.company.internal.QCompanyContact	br.com.sawcunhaos.organization.domain.corporate.company.internal.QCompany	interno	classes
br.com.sawcunhaos.organization.domain.corporate.company.internal.QCompanyContact	com.querydsl.core.types.Path	externo	querydsl-core-7.6.jar
br.com.sawcunhaos.organization.domain.corporate.company.internal.QCompanyContact	com.querydsl.core.types.PathMetadata	externo	querydsl-core-7.6.jar
br.com.sawcunhaos.organization.domain.corporate.company.internal.QCompanyContact	com.querydsl.core.types.PathMetadataFactory	externo	querydsl-core-7.6.jar
br.com.sawcunhaos.organization.domain.corporate.company.internal.QCompanyContact	com.querydsl.core.types.dsl.DateTimePath	externo	querydsl-core-7.6.jar
br.com.sawcunhaos.organization.domain.corporate.company.internal.QCompanyContact	com.querydsl.core.types.dsl.EntityPathBase	externo	querydsl-core-7.6.jar
br.com.sawcunhaos.organization.domain.corporate.company.internal.QCompanyContact	com.querydsl.core.types.dsl.NumberPath	externo	querydsl-core-7.6.jar
br.com.sawcunhaos.organization.domain.corporate.company.internal.QCompanyContact	com.querydsl.core.types.dsl.PathInits	externo	querydsl-core-7.6.jar
br.com.sawcunhaos.organization.domain.corporate.company.internal.QCompanyContact	com.querydsl.core.types.dsl.StringPath	externo	querydsl-core-7.6.jar
br.com.sawcunhaos.organization.domain.corporate.company.internal.QCompanyContact	java.lang.Class	jdk	java.base
br.com.sawcunhaos.organization.domain.corporate.company.internal.QCompanyContact	java.lang.Long	jdk	java.base
br.com.sawcunhaos.organization.domain.corporate.company.internal.QCompanyContact	java.lang.String	jdk	java.base
br.com.sawcunhaos.organization.domain.corporate.company.internal.QCompanyContact	java.time.Instant	jdk	java.base
br.com.sawcunhaos.organization.domain.corporate.company.internal.QLegalNature	br.com.sawcunhaos.organization.domain.corporate.company.internal.LegalNature	interno	classes
br.com.sawcunhaos.organization.domain.corporate.company.internal.QLegalNature	com.querydsl.core.types.Path	externo	querydsl-core-7.6.jar
br.com.sawcunhaos.organization.domain.corporate.company.internal.QLegalNature	com.querydsl.core.types.PathMetadata	externo	querydsl-core-7.6.jar
br.com.sawcunhaos.organization.domain.corporate.company.internal.QLegalNature	com.querydsl.core.types.PathMetadataFactory	externo	querydsl-core-7.6.jar
br.com.sawcunhaos.organization.domain.corporate.company.internal.QLegalNature	com.querydsl.core.types.dsl.DateTimePath	externo	querydsl-core-7.6.jar
br.com.sawcunhaos.organization.domain.corporate.company.internal.QLegalNature	com.querydsl.core.types.dsl.EntityPathBase	externo	querydsl-core-7.6.jar
br.com.sawcunhaos.organization.domain.corporate.company.internal.QLegalNature	com.querydsl.core.types.dsl.NumberPath	externo	querydsl-core-7.6.jar
br.com.sawcunhaos.organization.domain.corporate.company.internal.QLegalNature	com.querydsl.core.types.dsl.StringPath	externo	querydsl-core-7.6.jar
br.com.sawcunhaos.organization.domain.corporate.company.internal.QLegalNature	java.lang.Class	jdk	java.base
br.com.sawcunhaos.organization.domain.corporate.company.internal.QLegalNature	java.lang.Long	jdk	java.base
br.com.sawcunhaos.organization.domain.corporate.company.internal.QLegalNature	java.lang.String	jdk	java.base
br.com.sawcunhaos.organization.domain.corporate.company.internal.QLegalNature	java.time.Instant	jdk	java.base
br.com.sawcunhaos.organization.domain.corporate.company.internal.StatusCompany	java.lang.Class	jdk	java.base
br.com.sawcunhaos.organization.domain.corporate.company.internal.StatusCompany	java.lang.Enum	jdk	java.base
br.com.sawcunhaos.organization.domain.corporate.company.internal.StatusCompany	java.lang.Object	jdk	java.base
br.com.sawcunhaos.organization.domain.corporate.company.internal.StatusCompany	java.lang.String	jdk	java.base
br.com.sawcunhaos.organization.domain.corporate.company.internal.StatusCompany	java.lang.System	jdk	java.base
br.com.sawcunhaos.organization.domain.corporate.company.service.CnaeMapper	br.com.sawcunhaos.organization.domain.corporate.company.dto.CnaeOutput	interno	classes
br.com.sawcunhaos.organization.domain.corporate.company.service.CnaeMapper	br.com.sawcunhaos.organization.domain.corporate.company.internal.Cnae	interno	classes
br.com.sawcunhaos.organization.domain.corporate.company.service.CnaeMapper	java.lang.Object	jdk	java.base
br.com.sawcunhaos.organization.domain.corporate.company.service.CnaeMapperImpl	br.com.sawcunhaos.organization.domain.corporate.company.dto.CnaeOutput	interno	classes
br.com.sawcunhaos.organization.domain.corporate.company.service.CnaeMapperImpl	br.com.sawcunhaos.organization.domain.corporate.company.dto.CnaeOutput$CnaeOutputBuilder	interno	classes
br.com.sawcunhaos.organization.domain.corporate.company.service.CnaeMapperImpl	br.com.sawcunhaos.organization.domain.corporate.company.internal.Cnae	interno	classes
br.com.sawcunhaos.organization.domain.corporate.company.service.CnaeMapperImpl	br.com.sawcunhaos.organization.domain.corporate.company.service.CnaeMapper	interno	classes
br.com.sawcunhaos.organization.domain.corporate.company.service.CnaeMapperImpl	java.lang.Long	jdk	java.base
br.com.sawcunhaos.organization.domain.corporate.company.service.CnaeMapperImpl	java.lang.Object	jdk	java.base
br.com.sawcunhaos.organization.domain.corporate.company.service.CnaeMapperImpl	java.lang.String	jdk	java.base
br.com.sawcunhaos.organization.domain.corporate.company.service.CnaeMapperImpl	org.springframework.stereotype.Component	externo	spring-context-7.0.9.jar
br.com.sawcunhaos.organization.domain.corporate.company.service.CnaeServiceBean	br.com.sawcunhaos.foundation.core.exception.ScosException	externo	scos-foundation-core-1.2.0-SNAPSHOT.jar
br.com.sawcunhaos.organization.domain.corporate.company.service.CnaeServiceBean	br.com.sawcunhaos.foundation.core.specification.ExceptionCode	externo	scos-foundation-core-1.2.0-SNAPSHOT.jar
br.com.sawcunhaos.organization.domain.corporate.company.service.CnaeServiceBean	br.com.sawcunhaos.organization.domain.corporate.company.dto.CnaeInput	interno	classes
br.com.sawcunhaos.organization.domain.corporate.company.service.CnaeServiceBean	br.com.sawcunhaos.organization.domain.corporate.company.dto.CnaeOutput	interno	classes
br.com.sawcunhaos.organization.domain.corporate.company.service.CnaeServiceBean	br.com.sawcunhaos.organization.domain.corporate.company.internal.Cnae	interno	classes
br.com.sawcunhaos.organization.domain.corporate.company.service.CnaeServiceBean	br.com.sawcunhaos.organization.domain.corporate.company.internal.Cnae$CnaeBuilder	interno	classes
br.com.sawcunhaos.organization.domain.corporate.company.service.CnaeServiceBean	br.com.sawcunhaos.organization.domain.corporate.company.internal.CnaeRepository	interno	classes
br.com.sawcunhaos.organization.domain.corporate.company.service.CnaeServiceBean	br.com.sawcunhaos.organization.domain.corporate.company.internal.CompanyCnaeSecondaryRepository	interno	classes
br.com.sawcunhaos.organization.domain.corporate.company.service.CnaeServiceBean	br.com.sawcunhaos.organization.domain.corporate.company.internal.CompanyRepository	interno	classes
br.com.sawcunhaos.organization.domain.corporate.company.service.CnaeServiceBean	br.com.sawcunhaos.organization.domain.corporate.company.service.CnaeMapper	interno	classes
br.com.sawcunhaos.organization.domain.corporate.company.service.CnaeServiceBean	br.com.sawcunhaos.organization.domain.corporate.company.specification.CnaeService	interno	classes
br.com.sawcunhaos.organization.domain.corporate.company.service.CnaeServiceBean	br.com.sawcunhaos.organization.shared.exception.ExceptionCodeError	externo	flow-organization-shared-1.0.0-SNAPSHOT.jar
br.com.sawcunhaos.organization.domain.corporate.company.service.CnaeServiceBean	java.lang.Class	jdk	java.base
br.com.sawcunhaos.organization.domain.corporate.company.service.CnaeServiceBean	java.lang.Long	jdk	java.base
br.com.sawcunhaos.organization.domain.corporate.company.service.CnaeServiceBean	java.lang.Object	jdk	java.base
br.com.sawcunhaos.organization.domain.corporate.company.service.CnaeServiceBean	java.lang.String	jdk	java.base
br.com.sawcunhaos.organization.domain.corporate.company.service.CnaeServiceBean	java.lang.invoke.CallSite	jdk	java.base
br.com.sawcunhaos.organization.domain.corporate.company.service.CnaeServiceBean	java.lang.invoke.LambdaMetafactory	jdk	java.base
br.com.sawcunhaos.organization.domain.corporate.company.service.CnaeServiceBean	java.lang.invoke.MethodHandle	jdk	java.base
br.com.sawcunhaos.organization.domain.corporate.company.service.CnaeServiceBean	java.lang.invoke.MethodHandles	jdk	java.base
br.com.sawcunhaos.organization.domain.corporate.company.service.CnaeServiceBean	java.lang.invoke.MethodHandles$Lookup	jdk	java.base
br.com.sawcunhaos.organization.domain.corporate.company.service.CnaeServiceBean	java.lang.invoke.MethodType	jdk	java.base
br.com.sawcunhaos.organization.domain.corporate.company.service.CnaeServiceBean	java.util.Optional	jdk	java.base
br.com.sawcunhaos.organization.domain.corporate.company.service.CnaeServiceBean	java.util.function.Function	jdk	java.base
br.com.sawcunhaos.organization.domain.corporate.company.service.CnaeServiceBean	java.util.function.Supplier	jdk	java.base
br.com.sawcunhaos.organization.domain.corporate.company.service.CnaeServiceBean	org.slf4j.Logger	externo	slf4j-api-2.0.18.jar
br.com.sawcunhaos.organization.domain.corporate.company.service.CnaeServiceBean	org.slf4j.LoggerFactory	externo	slf4j-api-2.0.18.jar
br.com.sawcunhaos.organization.domain.corporate.company.service.CnaeServiceBean	org.springframework.data.domain.Page	externo	spring-data-commons-4.1.1.jar
br.com.sawcunhaos.organization.domain.corporate.company.service.CnaeServiceBean	org.springframework.data.domain.Pageable	externo	spring-data-commons-4.1.1.jar
br.com.sawcunhaos.organization.domain.corporate.company.service.CnaeServiceBean	org.springframework.stereotype.Service	externo	spring-context-7.0.9.jar
br.com.sawcunhaos.organization.domain.corporate.company.service.CnaeServiceBean	org.springframework.transaction.annotation.Transactional	externo	spring-tx-7.0.9.jar
br.com.sawcunhaos.organization.domain.corporate.company.service.CompanyMapper	br.com.sawcunhaos.organization.domain.corporate.company.dto.CompanyOutput	interno	classes
br.com.sawcunhaos.organization.domain.corporate.company.service.CompanyMapper	br.com.sawcunhaos.organization.domain.corporate.company.dto.ParentCompanyOutput	interno	classes
br.com.sawcunhaos.organization.domain.corporate.company.service.CompanyMapper	br.com.sawcunhaos.organization.domain.corporate.company.internal.Company	interno	classes
br.com.sawcunhaos.organization.domain.corporate.company.service.CompanyMapper	java.lang.Object	jdk	java.base
br.com.sawcunhaos.organization.domain.corporate.company.service.CompanyMapperImpl	br.com.sawcunhaos.foundation.validation.valueobjects.Cnpj	externo	scos-foundation-validation-1.2.0-SNAPSHOT.jar
br.com.sawcunhaos.organization.domain.corporate.company.service.CompanyMapperImpl	br.com.sawcunhaos.organization.domain.corporate.company.dto.CompanyOutput	interno	classes
br.com.sawcunhaos.organization.domain.corporate.company.service.CompanyMapperImpl	br.com.sawcunhaos.organization.domain.corporate.company.dto.CompanyOutput$CompanyOutputBuilder	interno	classes
br.com.sawcunhaos.organization.domain.corporate.company.service.CompanyMapperImpl	br.com.sawcunhaos.organization.domain.corporate.company.dto.ParentCompanyOutput	interno	classes
br.com.sawcunhaos.organization.domain.corporate.company.service.CompanyMapperImpl	br.com.sawcunhaos.organization.domain.corporate.company.dto.ParentCompanyOutput$ParentCompanyOutputBuilder	interno	classes
br.com.sawcunhaos.organization.domain.corporate.company.service.CompanyMapperImpl	br.com.sawcunhaos.organization.domain.corporate.company.internal.Cnae	interno	classes
br.com.sawcunhaos.organization.domain.corporate.company.service.CompanyMapperImpl	br.com.sawcunhaos.organization.domain.corporate.company.internal.Company	interno	classes
br.com.sawcunhaos.organization.domain.corporate.company.service.CompanyMapperImpl	br.com.sawcunhaos.organization.domain.corporate.company.internal.LegalNature	interno	classes
br.com.sawcunhaos.organization.domain.corporate.company.service.CompanyMapperImpl	br.com.sawcunhaos.organization.domain.corporate.company.internal.StatusCompany	interno	classes
br.com.sawcunhaos.organization.domain.corporate.company.service.CompanyMapperImpl	br.com.sawcunhaos.organization.domain.corporate.company.service.CompanyMapper	interno	classes
br.com.sawcunhaos.organization.domain.corporate.company.service.CompanyMapperImpl	java.lang.Long	jdk	java.base
br.com.sawcunhaos.organization.domain.corporate.company.service.CompanyMapperImpl	java.lang.Object	jdk	java.base
br.com.sawcunhaos.organization.domain.corporate.company.service.CompanyMapperImpl	java.lang.String	jdk	java.base
br.com.sawcunhaos.organization.domain.corporate.company.service.CompanyMapperImpl	java.time.LocalDate	jdk	java.base
br.com.sawcunhaos.organization.domain.corporate.company.service.CompanyMapperImpl	org.springframework.stereotype.Component	externo	spring-context-7.0.9.jar
br.com.sawcunhaos.organization.domain.corporate.company.service.CompanyServiceBean	br.com.sawcunhaos.foundation.core.exception.ScosException	externo	scos-foundation-core-1.2.0-SNAPSHOT.jar
br.com.sawcunhaos.organization.domain.corporate.company.service.CompanyServiceBean	br.com.sawcunhaos.foundation.core.specification.ExceptionCode	externo	scos-foundation-core-1.2.0-SNAPSHOT.jar
br.com.sawcunhaos.organization.domain.corporate.company.service.CompanyServiceBean	br.com.sawcunhaos.foundation.core.specification.ScosUserAuthentication	externo	scos-foundation-core-1.2.0-SNAPSHOT.jar
br.com.sawcunhaos.organization.domain.corporate.company.service.CompanyServiceBean	br.com.sawcunhaos.foundation.validation.valueobjects.Cnpj	externo	scos-foundation-validation-1.2.0-SNAPSHOT.jar
br.com.sawcunhaos.organization.domain.corporate.company.service.CompanyServiceBean	br.com.sawcunhaos.organization.domain.access.status.dto.ReasonActivateOutput	interno	classes
br.com.sawcunhaos.organization.domain.corporate.company.service.CompanyServiceBean	br.com.sawcunhaos.organization.domain.access.status.dto.ReasonDisableOutput	interno	classes
br.com.sawcunhaos.organization.domain.corporate.company.service.CompanyServiceBean	br.com.sawcunhaos.organization.domain.access.status.dto.ReasonEnableOutput	interno	classes
br.com.sawcunhaos.organization.domain.corporate.company.service.CompanyServiceBean	br.com.sawcunhaos.organization.domain.access.status.dto.ReasonInactivateOutput	interno	classes
br.com.sawcunhaos.organization.domain.corporate.company.service.CompanyServiceBean	br.com.sawcunhaos.organization.domain.access.status.internal.CompanyStatusHistory	interno	classes
br.com.sawcunhaos.organization.domain.corporate.company.service.CompanyServiceBean	br.com.sawcunhaos.organization.domain.access.status.internal.CompanyStatusHistory$CompanyStatusHistoryBuilder	interno	classes
br.com.sawcunhaos.organization.domain.corporate.company.service.CompanyServiceBean	br.com.sawcunhaos.organization.domain.access.status.internal.CompanyStatusHistoryRepository	interno	classes
br.com.sawcunhaos.organization.domain.corporate.company.service.CompanyServiceBean	br.com.sawcunhaos.organization.domain.access.status.internal.EntityType	interno	classes
br.com.sawcunhaos.organization.domain.corporate.company.service.CompanyServiceBean	br.com.sawcunhaos.organization.domain.access.status.internal.ReasonActivate	interno	classes
br.com.sawcunhaos.organization.domain.corporate.company.service.CompanyServiceBean	br.com.sawcunhaos.organization.domain.access.status.internal.ReasonActivate$ReasonActivateBuilder	interno	classes
br.com.sawcunhaos.organization.domain.corporate.company.service.CompanyServiceBean	br.com.sawcunhaos.organization.domain.access.status.specification.ReasonActivateService	interno	classes
br.com.sawcunhaos.organization.domain.corporate.company.service.CompanyServiceBean	br.com.sawcunhaos.organization.domain.access.status.specification.ReasonDisableService	interno	classes
br.com.sawcunhaos.organization.domain.corporate.company.service.CompanyServiceBean	br.com.sawcunhaos.organization.domain.access.status.specification.ReasonEnableService	interno	classes
br.com.sawcunhaos.organization.domain.corporate.company.service.CompanyServiceBean	br.com.sawcunhaos.organization.domain.access.status.specification.ReasonInactivateService	interno	classes
br.com.sawcunhaos.organization.domain.corporate.company.service.CompanyServiceBean	br.com.sawcunhaos.organization.domain.configuration.internal.ConfigurationKey	interno	classes
br.com.sawcunhaos.organization.domain.corporate.company.service.CompanyServiceBean	br.com.sawcunhaos.organization.domain.configuration.internal.OrganizationConfiguration	interno	classes
br.com.sawcunhaos.organization.domain.corporate.company.service.CompanyServiceBean	br.com.sawcunhaos.organization.domain.configuration.internal.OrganizationConfigurationRepository	interno	classes
br.com.sawcunhaos.organization.domain.corporate.company.service.CompanyServiceBean	br.com.sawcunhaos.organization.domain.corporate.company.dto.CompanyInput	interno	classes
br.com.sawcunhaos.organization.domain.corporate.company.service.CompanyServiceBean	br.com.sawcunhaos.organization.domain.corporate.company.dto.CompanyOutput	interno	classes
br.com.sawcunhaos.organization.domain.corporate.company.service.CompanyServiceBean	br.com.sawcunhaos.organization.domain.corporate.company.internal.Cnae	interno	classes
br.com.sawcunhaos.organization.domain.corporate.company.service.CompanyServiceBean	br.com.sawcunhaos.organization.domain.corporate.company.internal.Cnae$CnaeBuilder	interno	classes
br.com.sawcunhaos.organization.domain.corporate.company.service.CompanyServiceBean	br.com.sawcunhaos.organization.domain.corporate.company.internal.CnaeRepository	interno	classes
br.com.sawcunhaos.organization.domain.corporate.company.service.CompanyServiceBean	br.com.sawcunhaos.organization.domain.corporate.company.internal.Company	interno	classes
br.com.sawcunhaos.organization.domain.corporate.company.service.CompanyServiceBean	br.com.sawcunhaos.organization.domain.corporate.company.internal.Company$CompanyBuilder	interno	classes
br.com.sawcunhaos.organization.domain.corporate.company.service.CompanyServiceBean	br.com.sawcunhaos.organization.domain.corporate.company.internal.CompanyRepository	interno	classes
br.com.sawcunhaos.organization.domain.corporate.company.service.CompanyServiceBean	br.com.sawcunhaos.organization.domain.corporate.company.internal.LegalNature	interno	classes
br.com.sawcunhaos.organization.domain.corporate.company.service.CompanyServiceBean	br.com.sawcunhaos.organization.domain.corporate.company.internal.LegalNature$LegalNatureBuilder	interno	classes
br.com.sawcunhaos.organization.domain.corporate.company.service.CompanyServiceBean	br.com.sawcunhaos.organization.domain.corporate.company.internal.LegalNatureRepository	interno	classes
br.com.sawcunhaos.organization.domain.corporate.company.service.CompanyServiceBean	br.com.sawcunhaos.organization.domain.corporate.company.internal.QCnae	interno	classes
br.com.sawcunhaos.organization.domain.corporate.company.service.CompanyServiceBean	br.com.sawcunhaos.organization.domain.corporate.company.internal.QLegalNature	interno	classes
br.com.sawcunhaos.organization.domain.corporate.company.service.CompanyServiceBean	br.com.sawcunhaos.organization.domain.corporate.company.internal.StatusCompany	interno	classes
br.com.sawcunhaos.organization.domain.corporate.company.service.CompanyServiceBean	br.com.sawcunhaos.organization.domain.corporate.company.service.CompanyMapper	interno	classes
br.com.sawcunhaos.organization.domain.corporate.company.service.CompanyServiceBean	br.com.sawcunhaos.organization.domain.corporate.company.specification.CompanyService	interno	classes
br.com.sawcunhaos.organization.domain.corporate.company.service.CompanyServiceBean	br.com.sawcunhaos.organization.shared.exception.ExceptionCodeError	externo	flow-organization-shared-1.0.0-SNAPSHOT.jar
br.com.sawcunhaos.organization.domain.corporate.company.service.CompanyServiceBean	com.querydsl.core.types.Predicate	externo	querydsl-core-7.6.jar
br.com.sawcunhaos.organization.domain.corporate.company.service.CompanyServiceBean	com.querydsl.core.types.dsl.BooleanExpression	externo	querydsl-core-7.6.jar
br.com.sawcunhaos.organization.domain.corporate.company.service.CompanyServiceBean	com.querydsl.core.types.dsl.NumberPath	externo	querydsl-core-7.6.jar
br.com.sawcunhaos.organization.domain.corporate.company.service.CompanyServiceBean	java.lang.Class	jdk	java.base
br.com.sawcunhaos.organization.domain.corporate.company.service.CompanyServiceBean	java.lang.Integer	jdk	java.base
br.com.sawcunhaos.organization.domain.corporate.company.service.CompanyServiceBean	java.lang.Long	jdk	java.base
br.com.sawcunhaos.organization.domain.corporate.company.service.CompanyServiceBean	java.lang.Object	jdk	java.base
br.com.sawcunhaos.organization.domain.corporate.company.service.CompanyServiceBean	java.lang.String	jdk	java.base
br.com.sawcunhaos.organization.domain.corporate.company.service.CompanyServiceBean	java.lang.invoke.CallSite	jdk	java.base
br.com.sawcunhaos.organization.domain.corporate.company.service.CompanyServiceBean	java.lang.invoke.LambdaMetafactory	jdk	java.base
br.com.sawcunhaos.organization.domain.corporate.company.service.CompanyServiceBean	java.lang.invoke.MethodHandle	jdk	java.base
br.com.sawcunhaos.organization.domain.corporate.company.service.CompanyServiceBean	java.lang.invoke.MethodHandles	jdk	java.base
br.com.sawcunhaos.organization.domain.corporate.company.service.CompanyServiceBean	java.lang.invoke.MethodHandles$Lookup	jdk	java.base
br.com.sawcunhaos.organization.domain.corporate.company.service.CompanyServiceBean	java.lang.invoke.MethodType	jdk	java.base
br.com.sawcunhaos.organization.domain.corporate.company.service.CompanyServiceBean	java.time.LocalDate	jdk	java.base
br.com.sawcunhaos.organization.domain.corporate.company.service.CompanyServiceBean	java.time.ZoneId	jdk	java.base
br.com.sawcunhaos.organization.domain.corporate.company.service.CompanyServiceBean	java.util.Optional	jdk	java.base
br.com.sawcunhaos.organization.domain.corporate.company.service.CompanyServiceBean	java.util.function.Function	jdk	java.base
br.com.sawcunhaos.organization.domain.corporate.company.service.CompanyServiceBean	java.util.function.Supplier	jdk	java.base
br.com.sawcunhaos.organization.domain.corporate.company.service.CompanyServiceBean	org.slf4j.Logger	externo	slf4j-api-2.0.18.jar
br.com.sawcunhaos.organization.domain.corporate.company.service.CompanyServiceBean	org.slf4j.LoggerFactory	externo	slf4j-api-2.0.18.jar
br.com.sawcunhaos.organization.domain.corporate.company.service.CompanyServiceBean	org.springframework.data.domain.Page	externo	spring-data-commons-4.1.1.jar
br.com.sawcunhaos.organization.domain.corporate.company.service.CompanyServiceBean	org.springframework.data.domain.Pageable	externo	spring-data-commons-4.1.1.jar
br.com.sawcunhaos.organization.domain.corporate.company.service.CompanyServiceBean	org.springframework.stereotype.Service	externo	spring-context-7.0.9.jar
br.com.sawcunhaos.organization.domain.corporate.company.service.CompanyServiceBean	org.springframework.transaction.annotation.Transactional	externo	spring-tx-7.0.9.jar
br.com.sawcunhaos.organization.domain.corporate.company.service.LegalNatureMapper	br.com.sawcunhaos.organization.domain.corporate.company.dto.LegalNatureOutput	interno	classes
br.com.sawcunhaos.organization.domain.corporate.company.service.LegalNatureMapper	br.com.sawcunhaos.organization.domain.corporate.company.internal.LegalNature	interno	classes
br.com.sawcunhaos.organization.domain.corporate.company.service.LegalNatureMapper	java.lang.Object	jdk	java.base
br.com.sawcunhaos.organization.domain.corporate.company.service.LegalNatureMapperImpl	br.com.sawcunhaos.organization.domain.corporate.company.dto.LegalNatureOutput	interno	classes
br.com.sawcunhaos.organization.domain.corporate.company.service.LegalNatureMapperImpl	br.com.sawcunhaos.organization.domain.corporate.company.dto.LegalNatureOutput$LegalNatureOutputBuilder	interno	classes
br.com.sawcunhaos.organization.domain.corporate.company.service.LegalNatureMapperImpl	br.com.sawcunhaos.organization.domain.corporate.company.internal.LegalNature	interno	classes
br.com.sawcunhaos.organization.domain.corporate.company.service.LegalNatureMapperImpl	br.com.sawcunhaos.organization.domain.corporate.company.service.LegalNatureMapper	interno	classes
br.com.sawcunhaos.organization.domain.corporate.company.service.LegalNatureMapperImpl	java.lang.Long	jdk	java.base
br.com.sawcunhaos.organization.domain.corporate.company.service.LegalNatureMapperImpl	java.lang.Object	jdk	java.base
br.com.sawcunhaos.organization.domain.corporate.company.service.LegalNatureMapperImpl	java.lang.String	jdk	java.base
br.com.sawcunhaos.organization.domain.corporate.company.service.LegalNatureMapperImpl	org.springframework.stereotype.Component	externo	spring-context-7.0.9.jar
br.com.sawcunhaos.organization.domain.corporate.company.service.LegalNatureServiceBean	br.com.sawcunhaos.foundation.core.exception.ScosException	externo	scos-foundation-core-1.2.0-SNAPSHOT.jar
br.com.sawcunhaos.organization.domain.corporate.company.service.LegalNatureServiceBean	br.com.sawcunhaos.foundation.core.specification.ExceptionCode	externo	scos-foundation-core-1.2.0-SNAPSHOT.jar
br.com.sawcunhaos.organization.domain.corporate.company.service.LegalNatureServiceBean	br.com.sawcunhaos.organization.domain.corporate.company.dto.LegalNatureInput	interno	classes
br.com.sawcunhaos.organization.domain.corporate.company.service.LegalNatureServiceBean	br.com.sawcunhaos.organization.domain.corporate.company.dto.LegalNatureOutput	interno	classes
br.com.sawcunhaos.organization.domain.corporate.company.service.LegalNatureServiceBean	br.com.sawcunhaos.organization.domain.corporate.company.internal.CompanyRepository	interno	classes
br.com.sawcunhaos.organization.domain.corporate.company.service.LegalNatureServiceBean	br.com.sawcunhaos.organization.domain.corporate.company.internal.LegalNature	interno	classes
br.com.sawcunhaos.organization.domain.corporate.company.service.LegalNatureServiceBean	br.com.sawcunhaos.organization.domain.corporate.company.internal.LegalNature$LegalNatureBuilder	interno	classes
br.com.sawcunhaos.organization.domain.corporate.company.service.LegalNatureServiceBean	br.com.sawcunhaos.organization.domain.corporate.company.internal.LegalNatureRepository	interno	classes
br.com.sawcunhaos.organization.domain.corporate.company.service.LegalNatureServiceBean	br.com.sawcunhaos.organization.domain.corporate.company.service.LegalNatureMapper	interno	classes
br.com.sawcunhaos.organization.domain.corporate.company.service.LegalNatureServiceBean	br.com.sawcunhaos.organization.domain.corporate.company.specification.LegalNatureService	interno	classes
br.com.sawcunhaos.organization.domain.corporate.company.service.LegalNatureServiceBean	br.com.sawcunhaos.organization.shared.exception.ExceptionCodeError	externo	flow-organization-shared-1.0.0-SNAPSHOT.jar
br.com.sawcunhaos.organization.domain.corporate.company.service.LegalNatureServiceBean	java.lang.Class	jdk	java.base
br.com.sawcunhaos.organization.domain.corporate.company.service.LegalNatureServiceBean	java.lang.Long	jdk	java.base
br.com.sawcunhaos.organization.domain.corporate.company.service.LegalNatureServiceBean	java.lang.Object	jdk	java.base
br.com.sawcunhaos.organization.domain.corporate.company.service.LegalNatureServiceBean	java.lang.String	jdk	java.base
br.com.sawcunhaos.organization.domain.corporate.company.service.LegalNatureServiceBean	java.lang.invoke.CallSite	jdk	java.base
br.com.sawcunhaos.organization.domain.corporate.company.service.LegalNatureServiceBean	java.lang.invoke.LambdaMetafactory	jdk	java.base
br.com.sawcunhaos.organization.domain.corporate.company.service.LegalNatureServiceBean	java.lang.invoke.MethodHandle	jdk	java.base
br.com.sawcunhaos.organization.domain.corporate.company.service.LegalNatureServiceBean	java.lang.invoke.MethodHandles	jdk	java.base
br.com.sawcunhaos.organization.domain.corporate.company.service.LegalNatureServiceBean	java.lang.invoke.MethodHandles$Lookup	jdk	java.base
br.com.sawcunhaos.organization.domain.corporate.company.service.LegalNatureServiceBean	java.lang.invoke.MethodType	jdk	java.base
br.com.sawcunhaos.organization.domain.corporate.company.service.LegalNatureServiceBean	java.util.Optional	jdk	java.base
br.com.sawcunhaos.organization.domain.corporate.company.service.LegalNatureServiceBean	java.util.function.Function	jdk	java.base
br.com.sawcunhaos.organization.domain.corporate.company.service.LegalNatureServiceBean	java.util.function.Supplier	jdk	java.base
br.com.sawcunhaos.organization.domain.corporate.company.service.LegalNatureServiceBean	org.slf4j.Logger	externo	slf4j-api-2.0.18.jar
br.com.sawcunhaos.organization.domain.corporate.company.service.LegalNatureServiceBean	org.slf4j.LoggerFactory	externo	slf4j-api-2.0.18.jar
br.com.sawcunhaos.organization.domain.corporate.company.service.LegalNatureServiceBean	org.springframework.data.domain.Page	externo	spring-data-commons-4.1.1.jar
br.com.sawcunhaos.organization.domain.corporate.company.service.LegalNatureServiceBean	org.springframework.data.domain.Pageable	externo	spring-data-commons-4.1.1.jar
br.com.sawcunhaos.organization.domain.corporate.company.service.LegalNatureServiceBean	org.springframework.stereotype.Service	externo	spring-context-7.0.9.jar
br.com.sawcunhaos.organization.domain.corporate.company.service.LegalNatureServiceBean	org.springframework.transaction.annotation.Transactional	externo	spring-tx-7.0.9.jar
br.com.sawcunhaos.organization.domain.corporate.company.specification.CnaeService	br.com.sawcunhaos.organization.domain.corporate.company.dto.CnaeInput	interno	classes
br.com.sawcunhaos.organization.domain.corporate.company.specification.CnaeService	br.com.sawcunhaos.organization.domain.corporate.company.dto.CnaeOutput	interno	classes
br.com.sawcunhaos.organization.domain.corporate.company.specification.CnaeService	br.com.sawcunhaos.organization.domain.corporate.company.internal.Cnae	interno	classes
br.com.sawcunhaos.organization.domain.corporate.company.specification.CnaeService	java.lang.Long	jdk	java.base
br.com.sawcunhaos.organization.domain.corporate.company.specification.CnaeService	java.lang.Object	jdk	java.base
br.com.sawcunhaos.organization.domain.corporate.company.specification.CnaeService	org.springframework.data.domain.Page	externo	spring-data-commons-4.1.1.jar
br.com.sawcunhaos.organization.domain.corporate.company.specification.CnaeService	org.springframework.data.domain.Pageable	externo	spring-data-commons-4.1.1.jar
br.com.sawcunhaos.organization.domain.corporate.company.specification.CompanyService	br.com.sawcunhaos.organization.domain.corporate.company.dto.CompanyInput	interno	classes
br.com.sawcunhaos.organization.domain.corporate.company.specification.CompanyService	br.com.sawcunhaos.organization.domain.corporate.company.dto.CompanyOutput	interno	classes
br.com.sawcunhaos.organization.domain.corporate.company.specification.CompanyService	br.com.sawcunhaos.organization.domain.corporate.company.internal.Company	interno	classes
br.com.sawcunhaos.organization.domain.corporate.company.specification.CompanyService	br.com.sawcunhaos.organization.domain.corporate.company.internal.StatusCompany	interno	classes
br.com.sawcunhaos.organization.domain.corporate.company.specification.CompanyService	java.lang.Long	jdk	java.base
br.com.sawcunhaos.organization.domain.corporate.company.specification.CompanyService	java.lang.Object	jdk	java.base
br.com.sawcunhaos.organization.domain.corporate.company.specification.CompanyService	java.lang.String	jdk	java.base
br.com.sawcunhaos.organization.domain.corporate.company.specification.CompanyService	java.time.ZoneId	jdk	java.base
br.com.sawcunhaos.organization.domain.corporate.company.specification.CompanyService	org.springframework.data.domain.Page	externo	spring-data-commons-4.1.1.jar
br.com.sawcunhaos.organization.domain.corporate.company.specification.CompanyService	org.springframework.data.domain.Pageable	externo	spring-data-commons-4.1.1.jar
br.com.sawcunhaos.organization.domain.corporate.company.specification.LegalNatureService	br.com.sawcunhaos.organization.domain.corporate.company.dto.LegalNatureInput	interno	classes
br.com.sawcunhaos.organization.domain.corporate.company.specification.LegalNatureService	br.com.sawcunhaos.organization.domain.corporate.company.dto.LegalNatureOutput	interno	classes
br.com.sawcunhaos.organization.domain.corporate.company.specification.LegalNatureService	br.com.sawcunhaos.organization.domain.corporate.company.internal.LegalNature	interno	classes
br.com.sawcunhaos.organization.domain.corporate.company.specification.LegalNatureService	java.lang.Long	jdk	java.base
br.com.sawcunhaos.organization.domain.corporate.company.specification.LegalNatureService	java.lang.Object	jdk	java.base
br.com.sawcunhaos.organization.domain.corporate.company.specification.LegalNatureService	org.springframework.data.domain.Page	externo	spring-data-commons-4.1.1.jar
br.com.sawcunhaos.organization.domain.corporate.company.specification.LegalNatureService	org.springframework.data.domain.Pageable	externo	spring-data-commons-4.1.1.jar
br.com.sawcunhaos.organization.domain.corporate.department.dto.DepartmentInput	br.com.sawcunhaos.organization.domain.corporate.department.dto.DepartmentInput$DepartmentInputBuilder	interno	classes
br.com.sawcunhaos.organization.domain.corporate.department.dto.DepartmentInput	java.lang.Class	jdk	java.base
br.com.sawcunhaos.organization.domain.corporate.department.dto.DepartmentInput	java.lang.Long	jdk	java.base
br.com.sawcunhaos.organization.domain.corporate.department.dto.DepartmentInput	java.lang.Object	jdk	java.base
br.com.sawcunhaos.organization.domain.corporate.department.dto.DepartmentInput	java.lang.Record	jdk	java.base
br.com.sawcunhaos.organization.domain.corporate.department.dto.DepartmentInput	java.lang.String	jdk	java.base
br.com.sawcunhaos.organization.domain.corporate.department.dto.DepartmentInput	java.lang.invoke.MethodHandle	jdk	java.base
br.com.sawcunhaos.organization.domain.corporate.department.dto.DepartmentInput	java.lang.invoke.MethodHandles	jdk	java.base
br.com.sawcunhaos.organization.domain.corporate.department.dto.DepartmentInput	java.lang.invoke.MethodHandles$Lookup	jdk	java.base
br.com.sawcunhaos.organization.domain.corporate.department.dto.DepartmentInput	java.lang.invoke.TypeDescriptor	jdk	java.base
br.com.sawcunhaos.organization.domain.corporate.department.dto.DepartmentInput	java.lang.runtime.ObjectMethods	jdk	java.base
br.com.sawcunhaos.organization.domain.corporate.department.dto.DepartmentInput$DepartmentInputBuilder	br.com.sawcunhaos.organization.domain.corporate.department.dto.DepartmentInput	interno	classes
br.com.sawcunhaos.organization.domain.corporate.department.dto.DepartmentInput$DepartmentInputBuilder	java.lang.Long	jdk	java.base
br.com.sawcunhaos.organization.domain.corporate.department.dto.DepartmentInput$DepartmentInputBuilder	java.lang.Object	jdk	java.base
br.com.sawcunhaos.organization.domain.corporate.department.dto.DepartmentInput$DepartmentInputBuilder	java.lang.String	jdk	java.base
br.com.sawcunhaos.organization.domain.corporate.department.dto.DepartmentInput$DepartmentInputBuilder	java.lang.invoke.CallSite	jdk	java.base
br.com.sawcunhaos.organization.domain.corporate.department.dto.DepartmentInput$DepartmentInputBuilder	java.lang.invoke.MethodHandles	jdk	java.base
br.com.sawcunhaos.organization.domain.corporate.department.dto.DepartmentInput$DepartmentInputBuilder	java.lang.invoke.MethodHandles$Lookup	jdk	java.base
br.com.sawcunhaos.organization.domain.corporate.department.dto.DepartmentInput$DepartmentInputBuilder	java.lang.invoke.MethodType	jdk	java.base
br.com.sawcunhaos.organization.domain.corporate.department.dto.DepartmentInput$DepartmentInputBuilder	java.lang.invoke.StringConcatFactory	jdk	java.base
br.com.sawcunhaos.organization.domain.corporate.department.dto.DepartmentOutput	br.com.sawcunhaos.organization.domain.corporate.department.dto.DepartmentOutput$DepartmentOutputBuilder	interno	classes
br.com.sawcunhaos.organization.domain.corporate.department.dto.DepartmentOutput	java.lang.Class	jdk	java.base
br.com.sawcunhaos.organization.domain.corporate.department.dto.DepartmentOutput	java.lang.Long	jdk	java.base
br.com.sawcunhaos.organization.domain.corporate.department.dto.DepartmentOutput	java.lang.Object	jdk	java.base
br.com.sawcunhaos.organization.domain.corporate.department.dto.DepartmentOutput	java.lang.Record	jdk	java.base
br.com.sawcunhaos.organization.domain.corporate.department.dto.DepartmentOutput	java.lang.String	jdk	java.base
br.com.sawcunhaos.organization.domain.corporate.department.dto.DepartmentOutput	java.lang.invoke.MethodHandle	jdk	java.base
br.com.sawcunhaos.organization.domain.corporate.department.dto.DepartmentOutput	java.lang.invoke.MethodHandles	jdk	java.base
br.com.sawcunhaos.organization.domain.corporate.department.dto.DepartmentOutput	java.lang.invoke.MethodHandles$Lookup	jdk	java.base
br.com.sawcunhaos.organization.domain.corporate.department.dto.DepartmentOutput	java.lang.invoke.TypeDescriptor	jdk	java.base
br.com.sawcunhaos.organization.domain.corporate.department.dto.DepartmentOutput	java.lang.runtime.ObjectMethods	jdk	java.base
br.com.sawcunhaos.organization.domain.corporate.department.dto.DepartmentOutput$DepartmentOutputBuilder	br.com.sawcunhaos.organization.domain.corporate.department.dto.DepartmentOutput	interno	classes
br.com.sawcunhaos.organization.domain.corporate.department.dto.DepartmentOutput$DepartmentOutputBuilder	java.lang.Long	jdk	java.base
br.com.sawcunhaos.organization.domain.corporate.department.dto.DepartmentOutput$DepartmentOutputBuilder	java.lang.Object	jdk	java.base
br.com.sawcunhaos.organization.domain.corporate.department.dto.DepartmentOutput$DepartmentOutputBuilder	java.lang.String	jdk	java.base
br.com.sawcunhaos.organization.domain.corporate.department.dto.DepartmentOutput$DepartmentOutputBuilder	java.lang.invoke.CallSite	jdk	java.base
br.com.sawcunhaos.organization.domain.corporate.department.dto.DepartmentOutput$DepartmentOutputBuilder	java.lang.invoke.MethodHandles	jdk	java.base
br.com.sawcunhaos.organization.domain.corporate.department.dto.DepartmentOutput$DepartmentOutputBuilder	java.lang.invoke.MethodHandles$Lookup	jdk	java.base
br.com.sawcunhaos.organization.domain.corporate.department.dto.DepartmentOutput$DepartmentOutputBuilder	java.lang.invoke.MethodType	jdk	java.base
br.com.sawcunhaos.organization.domain.corporate.department.dto.DepartmentOutput$DepartmentOutputBuilder	java.lang.invoke.StringConcatFactory	jdk	java.base
br.com.sawcunhaos.organization.domain.corporate.department.internal.Department	br.com.sawcunhaos.flow.audit.sdk.api.AuditableEntity	externo	not found
br.com.sawcunhaos.organization.domain.corporate.department.internal.Department	br.com.sawcunhaos.foundation.core.exception.ScosException	externo	scos-foundation-core-1.2.0-SNAPSHOT.jar
br.com.sawcunhaos.organization.domain.corporate.department.internal.Department	br.com.sawcunhaos.foundation.core.specification.ExceptionCode	externo	scos-foundation-core-1.2.0-SNAPSHOT.jar
br.com.sawcunhaos.organization.domain.corporate.department.internal.Department	br.com.sawcunhaos.foundation.jpa.entity.BaseEntity	externo	scos-foundation-jpa-1.2.0-SNAPSHOT.jar
br.com.sawcunhaos.organization.domain.corporate.department.internal.Department	br.com.sawcunhaos.organization.domain.corporate.department.internal.Department$DepartmentBuilder	interno	classes
br.com.sawcunhaos.organization.domain.corporate.department.internal.Department	br.com.sawcunhaos.organization.domain.corporate.employee.internal.Employee	interno	classes
br.com.sawcunhaos.organization.domain.corporate.department.internal.Department	br.com.sawcunhaos.organization.domain.corporate.position.internal.Position	interno	classes
br.com.sawcunhaos.organization.domain.corporate.department.internal.Department	br.com.sawcunhaos.organization.shared.exception.ExceptionCodeError	externo	flow-organization-shared-1.0.0-SNAPSHOT.jar
br.com.sawcunhaos.organization.domain.corporate.department.internal.Department	jakarta.persistence.Column	externo	jakarta.persistence-api-3.2.0.jar
br.com.sawcunhaos.organization.domain.corporate.department.internal.Department	jakarta.persistence.Entity	externo	jakarta.persistence-api-3.2.0.jar
br.com.sawcunhaos.organization.domain.corporate.department.internal.Department	jakarta.persistence.GeneratedValue	externo	jakarta.persistence-api-3.2.0.jar
br.com.sawcunhaos.organization.domain.corporate.department.internal.Department	jakarta.persistence.Id	externo	jakarta.persistence-api-3.2.0.jar
br.com.sawcunhaos.organization.domain.corporate.department.internal.Department	jakarta.persistence.JoinColumn	externo	jakarta.persistence-api-3.2.0.jar
br.com.sawcunhaos.organization.domain.corporate.department.internal.Department	jakarta.persistence.ManyToOne	externo	jakarta.persistence-api-3.2.0.jar
br.com.sawcunhaos.organization.domain.corporate.department.internal.Department	jakarta.persistence.OneToMany	externo	jakarta.persistence-api-3.2.0.jar
br.com.sawcunhaos.organization.domain.corporate.department.internal.Department	jakarta.persistence.Table	externo	jakarta.persistence-api-3.2.0.jar
br.com.sawcunhaos.organization.domain.corporate.department.internal.Department	java.lang.Long	jdk	java.base
br.com.sawcunhaos.organization.domain.corporate.department.internal.Department	java.lang.String	jdk	java.base
br.com.sawcunhaos.organization.domain.corporate.department.internal.Department	java.util.Set	jdk	java.base
br.com.sawcunhaos.organization.domain.corporate.department.internal.Department$DepartmentBuilder	br.com.sawcunhaos.organization.domain.corporate.department.internal.Department	interno	classes
br.com.sawcunhaos.organization.domain.corporate.department.internal.Department$DepartmentBuilder	br.com.sawcunhaos.organization.domain.corporate.employee.internal.Employee	interno	classes
br.com.sawcunhaos.organization.domain.corporate.department.internal.Department$DepartmentBuilder	br.com.sawcunhaos.organization.domain.corporate.position.internal.Position	interno	classes
br.com.sawcunhaos.organization.domain.corporate.department.internal.Department$DepartmentBuilder	java.lang.Long	jdk	java.base
br.com.sawcunhaos.organization.domain.corporate.department.internal.Department$DepartmentBuilder	java.lang.Object	jdk	java.base
br.com.sawcunhaos.organization.domain.corporate.department.internal.Department$DepartmentBuilder	java.lang.String	jdk	java.base
br.com.sawcunhaos.organization.domain.corporate.department.internal.Department$DepartmentBuilder	java.lang.invoke.CallSite	jdk	java.base
br.com.sawcunhaos.organization.domain.corporate.department.internal.Department$DepartmentBuilder	java.lang.invoke.MethodHandles	jdk	java.base
br.com.sawcunhaos.organization.domain.corporate.department.internal.Department$DepartmentBuilder	java.lang.invoke.MethodHandles$Lookup	jdk	java.base
br.com.sawcunhaos.organization.domain.corporate.department.internal.Department$DepartmentBuilder	java.lang.invoke.MethodType	jdk	java.base
br.com.sawcunhaos.organization.domain.corporate.department.internal.Department$DepartmentBuilder	java.lang.invoke.StringConcatFactory	jdk	java.base
br.com.sawcunhaos.organization.domain.corporate.department.internal.Department$DepartmentBuilder	java.util.Set	jdk	java.base
br.com.sawcunhaos.organization.domain.corporate.department.internal.DepartmentPredicates	br.com.sawcunhaos.organization.domain.corporate.department.internal.QDepartment	interno	classes
br.com.sawcunhaos.organization.domain.corporate.department.internal.DepartmentPredicates	com.querydsl.core.BooleanBuilder	externo	querydsl-core-7.6.jar
br.com.sawcunhaos.organization.domain.corporate.department.internal.DepartmentPredicates	com.querydsl.core.types.Predicate	externo	querydsl-core-7.6.jar
br.com.sawcunhaos.organization.domain.corporate.department.internal.DepartmentPredicates	com.querydsl.core.types.dsl.BooleanExpression	externo	querydsl-core-7.6.jar
br.com.sawcunhaos.organization.domain.corporate.department.internal.DepartmentPredicates	com.querydsl.core.types.dsl.BooleanPath	externo	querydsl-core-7.6.jar
br.com.sawcunhaos.organization.domain.corporate.department.internal.DepartmentPredicates	com.querydsl.core.types.dsl.NumberPath	externo	querydsl-core-7.6.jar
br.com.sawcunhaos.organization.domain.corporate.department.internal.DepartmentPredicates	com.querydsl.core.types.dsl.StringPath	externo	querydsl-core-7.6.jar
br.com.sawcunhaos.organization.domain.corporate.department.internal.DepartmentPredicates	java.lang.Boolean	jdk	java.base
br.com.sawcunhaos.organization.domain.corporate.department.internal.DepartmentPredicates	java.lang.Long	jdk	java.base
br.com.sawcunhaos.organization.domain.corporate.department.internal.DepartmentPredicates	java.lang.Object	jdk	java.base
br.com.sawcunhaos.organization.domain.corporate.department.internal.DepartmentPredicates	java.lang.String	jdk	java.base
br.com.sawcunhaos.organization.domain.corporate.department.internal.DepartmentRepository	br.com.sawcunhaos.organization.domain.corporate.department.internal.Department	interno	classes
br.com.sawcunhaos.organization.domain.corporate.department.internal.DepartmentRepository	br.com.sawcunhaos.organization.domain.corporate.department.internal.DepartmentPredicates	interno	classes
br.com.sawcunhaos.organization.domain.corporate.department.internal.DepartmentRepository	br.com.sawcunhaos.organization.domain.corporate.department.internal.QDepartment	interno	classes
br.com.sawcunhaos.organization.domain.corporate.department.internal.DepartmentRepository	br.com.sawcunhaos.organization.domain.corporate.position.internal.QPosition	interno	classes
br.com.sawcunhaos.organization.domain.corporate.department.internal.DepartmentRepository	com.querydsl.core.types.Predicate	externo	querydsl-core-7.6.jar
br.com.sawcunhaos.organization.domain.corporate.department.internal.DepartmentRepository	com.querydsl.core.types.dsl.BooleanExpression	externo	querydsl-core-7.6.jar
br.com.sawcunhaos.organization.domain.corporate.department.internal.DepartmentRepository	com.querydsl.core.types.dsl.BooleanPath	externo	querydsl-core-7.6.jar
br.com.sawcunhaos.organization.domain.corporate.department.internal.DepartmentRepository	com.querydsl.core.types.dsl.NumberPath	externo	querydsl-core-7.6.jar
br.com.sawcunhaos.organization.domain.corporate.department.internal.DepartmentRepository	com.querydsl.core.types.dsl.SetPath	externo	querydsl-core-7.6.jar
br.com.sawcunhaos.organization.domain.corporate.department.internal.DepartmentRepository	com.querydsl.core.types.dsl.SimpleExpression	externo	querydsl-core-7.6.jar
br.com.sawcunhaos.organization.domain.corporate.department.internal.DepartmentRepository	io.hypersistence.utils.spring.repository.BaseJpaRepository	externo	hypersistence-utils-hibernate-71-3.15.5.jar
br.com.sawcunhaos.organization.domain.corporate.department.internal.DepartmentRepository	java.lang.Boolean	jdk	java.base
br.com.sawcunhaos.organization.domain.corporate.department.internal.DepartmentRepository	java.lang.Long	jdk	java.base
br.com.sawcunhaos.organization.domain.corporate.department.internal.DepartmentRepository	java.lang.Object	jdk	java.base
br.com.sawcunhaos.organization.domain.corporate.department.internal.DepartmentRepository	java.lang.String	jdk	java.base
br.com.sawcunhaos.organization.domain.corporate.department.internal.DepartmentRepository	java.util.Optional	jdk	java.base
br.com.sawcunhaos.organization.domain.corporate.department.internal.DepartmentRepository	org.springframework.data.domain.Page	externo	spring-data-commons-4.1.1.jar
br.com.sawcunhaos.organization.domain.corporate.department.internal.DepartmentRepository	org.springframework.data.domain.Pageable	externo	spring-data-commons-4.1.1.jar
br.com.sawcunhaos.organization.domain.corporate.department.internal.DepartmentRepository	org.springframework.data.jpa.repository.JpaSpecificationExecutor	externo	spring-data-jpa-4.1.1.jar
br.com.sawcunhaos.organization.domain.corporate.department.internal.DepartmentRepository	org.springframework.data.querydsl.QuerydslPredicateExecutor	externo	spring-data-commons-4.1.1.jar
br.com.sawcunhaos.organization.domain.corporate.department.internal.DepartmentRepository	org.springframework.stereotype.Repository	externo	spring-context-7.0.9.jar
br.com.sawcunhaos.organization.domain.corporate.department.internal.QDepartment	br.com.sawcunhaos.foundation.jpa.entity.QBaseEntity	externo	scos-foundation-jpa-1.2.0-SNAPSHOT.jar
br.com.sawcunhaos.organization.domain.corporate.department.internal.QDepartment	br.com.sawcunhaos.organization.domain.corporate.department.internal.Department	interno	classes
br.com.sawcunhaos.organization.domain.corporate.department.internal.QDepartment	br.com.sawcunhaos.organization.domain.corporate.employee.internal.QEmployee	interno	classes
br.com.sawcunhaos.organization.domain.corporate.department.internal.QDepartment	br.com.sawcunhaos.organization.domain.corporate.position.internal.Position	interno	classes
br.com.sawcunhaos.organization.domain.corporate.department.internal.QDepartment	br.com.sawcunhaos.organization.domain.corporate.position.internal.QPosition	interno	classes
br.com.sawcunhaos.organization.domain.corporate.department.internal.QDepartment	com.querydsl.core.types.Path	externo	querydsl-core-7.6.jar
br.com.sawcunhaos.organization.domain.corporate.department.internal.QDepartment	com.querydsl.core.types.PathMetadata	externo	querydsl-core-7.6.jar
br.com.sawcunhaos.organization.domain.corporate.department.internal.QDepartment	com.querydsl.core.types.PathMetadataFactory	externo	querydsl-core-7.6.jar
br.com.sawcunhaos.organization.domain.corporate.department.internal.QDepartment	com.querydsl.core.types.dsl.BooleanPath	externo	querydsl-core-7.6.jar
br.com.sawcunhaos.organization.domain.corporate.department.internal.QDepartment	com.querydsl.core.types.dsl.DateTimePath	externo	querydsl-core-7.6.jar
br.com.sawcunhaos.organization.domain.corporate.department.internal.QDepartment	com.querydsl.core.types.dsl.EntityPathBase	externo	querydsl-core-7.6.jar
br.com.sawcunhaos.organization.domain.corporate.department.internal.QDepartment	com.querydsl.core.types.dsl.NumberPath	externo	querydsl-core-7.6.jar
br.com.sawcunhaos.organization.domain.corporate.department.internal.QDepartment	com.querydsl.core.types.dsl.PathInits	externo	querydsl-core-7.6.jar
br.com.sawcunhaos.organization.domain.corporate.department.internal.QDepartment	com.querydsl.core.types.dsl.SetPath	externo	querydsl-core-7.6.jar
br.com.sawcunhaos.organization.domain.corporate.department.internal.QDepartment	com.querydsl.core.types.dsl.StringPath	externo	querydsl-core-7.6.jar
br.com.sawcunhaos.organization.domain.corporate.department.internal.QDepartment	java.lang.Class	jdk	java.base
br.com.sawcunhaos.organization.domain.corporate.department.internal.QDepartment	java.lang.Long	jdk	java.base
br.com.sawcunhaos.organization.domain.corporate.department.internal.QDepartment	java.lang.String	jdk	java.base
br.com.sawcunhaos.organization.domain.corporate.department.internal.QDepartment	java.time.Instant	jdk	java.base
br.com.sawcunhaos.organization.domain.corporate.department.service.DepartmentMapper	br.com.sawcunhaos.organization.domain.corporate.department.dto.DepartmentOutput	interno	classes
br.com.sawcunhaos.organization.domain.corporate.department.service.DepartmentMapper	br.com.sawcunhaos.organization.domain.corporate.department.internal.Department	interno	classes
br.com.sawcunhaos.organization.domain.corporate.department.service.DepartmentMapper	java.lang.Object	jdk	java.base
br.com.sawcunhaos.organization.domain.corporate.department.service.DepartmentMapperImpl	br.com.sawcunhaos.organization.domain.corporate.department.dto.DepartmentOutput	interno	classes
br.com.sawcunhaos.organization.domain.corporate.department.service.DepartmentMapperImpl	br.com.sawcunhaos.organization.domain.corporate.department.dto.DepartmentOutput$DepartmentOutputBuilder	interno	classes
br.com.sawcunhaos.organization.domain.corporate.department.service.DepartmentMapperImpl	br.com.sawcunhaos.organization.domain.corporate.department.internal.Department	interno	classes
br.com.sawcunhaos.organization.domain.corporate.department.service.DepartmentMapperImpl	br.com.sawcunhaos.organization.domain.corporate.department.service.DepartmentMapper	interno	classes
br.com.sawcunhaos.organization.domain.corporate.department.service.DepartmentMapperImpl	br.com.sawcunhaos.organization.domain.corporate.employee.internal.Employee	interno	classes
br.com.sawcunhaos.organization.domain.corporate.department.service.DepartmentMapperImpl	java.lang.Long	jdk	java.base
br.com.sawcunhaos.organization.domain.corporate.department.service.DepartmentMapperImpl	java.lang.Object	jdk	java.base
br.com.sawcunhaos.organization.domain.corporate.department.service.DepartmentMapperImpl	java.lang.String	jdk	java.base
br.com.sawcunhaos.organization.domain.corporate.department.service.DepartmentMapperImpl	org.springframework.stereotype.Component	externo	spring-context-7.0.9.jar
br.com.sawcunhaos.organization.domain.corporate.department.service.DepartmentServiceBean	br.com.sawcunhaos.foundation.core.exception.ScosException	externo	scos-foundation-core-1.2.0-SNAPSHOT.jar
br.com.sawcunhaos.organization.domain.corporate.department.service.DepartmentServiceBean	br.com.sawcunhaos.foundation.core.specification.ExceptionCode	externo	scos-foundation-core-1.2.0-SNAPSHOT.jar
br.com.sawcunhaos.organization.domain.corporate.department.service.DepartmentServiceBean	br.com.sawcunhaos.foundation.core.specification.ScosUserAuthentication	externo	scos-foundation-core-1.2.0-SNAPSHOT.jar
br.com.sawcunhaos.organization.domain.corporate.department.service.DepartmentServiceBean	br.com.sawcunhaos.organization.domain.corporate.department.dto.DepartmentInput	interno	classes
br.com.sawcunhaos.organization.domain.corporate.department.service.DepartmentServiceBean	br.com.sawcunhaos.organization.domain.corporate.department.dto.DepartmentOutput	interno	classes
br.com.sawcunhaos.organization.domain.corporate.department.service.DepartmentServiceBean	br.com.sawcunhaos.organization.domain.corporate.department.dto.DepartmentOutput$DepartmentOutputBuilder	interno	classes
br.com.sawcunhaos.organization.domain.corporate.department.service.DepartmentServiceBean	br.com.sawcunhaos.organization.domain.corporate.department.internal.Department	interno	classes
br.com.sawcunhaos.organization.domain.corporate.department.service.DepartmentServiceBean	br.com.sawcunhaos.organization.domain.corporate.department.internal.Department$DepartmentBuilder	interno	classes
br.com.sawcunhaos.organization.domain.corporate.department.service.DepartmentServiceBean	br.com.sawcunhaos.organization.domain.corporate.department.internal.DepartmentRepository	interno	classes
br.com.sawcunhaos.organization.domain.corporate.department.service.DepartmentServiceBean	br.com.sawcunhaos.organization.domain.corporate.department.service.DepartmentMapper	interno	classes
br.com.sawcunhaos.organization.domain.corporate.department.service.DepartmentServiceBean	br.com.sawcunhaos.organization.domain.corporate.department.specification.DepartmentService	interno	classes
br.com.sawcunhaos.organization.domain.corporate.department.service.DepartmentServiceBean	br.com.sawcunhaos.organization.domain.corporate.employee.internal.Employee	interno	classes
br.com.sawcunhaos.organization.domain.corporate.department.service.DepartmentServiceBean	br.com.sawcunhaos.organization.domain.corporate.employee.internal.EmployeeQueryRepository	interno	classes
br.com.sawcunhaos.organization.domain.corporate.department.service.DepartmentServiceBean	br.com.sawcunhaos.organization.shared.exception.ExceptionCodeError	externo	flow-organization-shared-1.0.0-SNAPSHOT.jar
br.com.sawcunhaos.organization.domain.corporate.department.service.DepartmentServiceBean	java.lang.Boolean	jdk	java.base
br.com.sawcunhaos.organization.domain.corporate.department.service.DepartmentServiceBean	java.lang.Class	jdk	java.base
br.com.sawcunhaos.organization.domain.corporate.department.service.DepartmentServiceBean	java.lang.Long	jdk	java.base
br.com.sawcunhaos.organization.domain.corporate.department.service.DepartmentServiceBean	java.lang.Object	jdk	java.base
br.com.sawcunhaos.organization.domain.corporate.department.service.DepartmentServiceBean	java.lang.String	jdk	java.base
br.com.sawcunhaos.organization.domain.corporate.department.service.DepartmentServiceBean	java.lang.invoke.CallSite	jdk	java.base
br.com.sawcunhaos.organization.domain.corporate.department.service.DepartmentServiceBean	java.lang.invoke.LambdaMetafactory	jdk	java.base
br.com.sawcunhaos.organization.domain.corporate.department.service.DepartmentServiceBean	java.lang.invoke.MethodHandle	jdk	java.base
br.com.sawcunhaos.organization.domain.corporate.department.service.DepartmentServiceBean	java.lang.invoke.MethodHandles	jdk	java.base
br.com.sawcunhaos.organization.domain.corporate.department.service.DepartmentServiceBean	java.lang.invoke.MethodHandles$Lookup	jdk	java.base
br.com.sawcunhaos.organization.domain.corporate.department.service.DepartmentServiceBean	java.lang.invoke.MethodType	jdk	java.base
br.com.sawcunhaos.organization.domain.corporate.department.service.DepartmentServiceBean	java.util.Optional	jdk	java.base
br.com.sawcunhaos.organization.domain.corporate.department.service.DepartmentServiceBean	java.util.function.Function	jdk	java.base
br.com.sawcunhaos.organization.domain.corporate.department.service.DepartmentServiceBean	java.util.function.Supplier	jdk	java.base
br.com.sawcunhaos.organization.domain.corporate.department.service.DepartmentServiceBean	org.slf4j.Logger	externo	slf4j-api-2.0.18.jar
br.com.sawcunhaos.organization.domain.corporate.department.service.DepartmentServiceBean	org.slf4j.LoggerFactory	externo	slf4j-api-2.0.18.jar
br.com.sawcunhaos.organization.domain.corporate.department.service.DepartmentServiceBean	org.springframework.data.domain.Page	externo	spring-data-commons-4.1.1.jar
br.com.sawcunhaos.organization.domain.corporate.department.service.DepartmentServiceBean	org.springframework.data.domain.Pageable	externo	spring-data-commons-4.1.1.jar
br.com.sawcunhaos.organization.domain.corporate.department.service.DepartmentServiceBean	org.springframework.stereotype.Service	externo	spring-context-7.0.9.jar
br.com.sawcunhaos.organization.domain.corporate.department.service.DepartmentServiceBean	org.springframework.transaction.annotation.Transactional	externo	spring-tx-7.0.9.jar
br.com.sawcunhaos.organization.domain.corporate.department.specification.DepartmentService	br.com.sawcunhaos.organization.domain.corporate.department.dto.DepartmentInput	interno	classes
br.com.sawcunhaos.organization.domain.corporate.department.specification.DepartmentService	br.com.sawcunhaos.organization.domain.corporate.department.dto.DepartmentOutput	interno	classes
br.com.sawcunhaos.organization.domain.corporate.department.specification.DepartmentService	br.com.sawcunhaos.organization.domain.corporate.department.internal.Department	interno	classes
br.com.sawcunhaos.organization.domain.corporate.department.specification.DepartmentService	java.lang.Boolean	jdk	java.base
br.com.sawcunhaos.organization.domain.corporate.department.specification.DepartmentService	java.lang.Long	jdk	java.base
br.com.sawcunhaos.organization.domain.corporate.department.specification.DepartmentService	java.lang.Object	jdk	java.base
br.com.sawcunhaos.organization.domain.corporate.department.specification.DepartmentService	org.springframework.data.domain.Page	externo	spring-data-commons-4.1.1.jar
br.com.sawcunhaos.organization.domain.corporate.department.specification.DepartmentService	org.springframework.data.domain.Pageable	externo	spring-data-commons-4.1.1.jar
br.com.sawcunhaos.organization.domain.corporate.employee.dto.EmployeeInput	br.com.sawcunhaos.organization.domain.corporate.employee.dto.EmployeeInput$EmployeeInputBuilder	interno	classes
br.com.sawcunhaos.organization.domain.corporate.employee.dto.EmployeeInput	br.com.sawcunhaos.organization.domain.corporate.employee.internal.EmployeeContractType	interno	classes
br.com.sawcunhaos.organization.domain.corporate.employee.dto.EmployeeInput	java.lang.Class	jdk	java.base
br.com.sawcunhaos.organization.domain.corporate.employee.dto.EmployeeInput	java.lang.Long	jdk	java.base
br.com.sawcunhaos.organization.domain.corporate.employee.dto.EmployeeInput	java.lang.Object	jdk	java.base
br.com.sawcunhaos.organization.domain.corporate.employee.dto.EmployeeInput	java.lang.Record	jdk	java.base
br.com.sawcunhaos.organization.domain.corporate.employee.dto.EmployeeInput	java.lang.String	jdk	java.base
br.com.sawcunhaos.organization.domain.corporate.employee.dto.EmployeeInput	java.lang.invoke.MethodHandle	jdk	java.base
br.com.sawcunhaos.organization.domain.corporate.employee.dto.EmployeeInput	java.lang.invoke.MethodHandles	jdk	java.base
br.com.sawcunhaos.organization.domain.corporate.employee.dto.EmployeeInput	java.lang.invoke.MethodHandles$Lookup	jdk	java.base
br.com.sawcunhaos.organization.domain.corporate.employee.dto.EmployeeInput	java.lang.invoke.TypeDescriptor	jdk	java.base
br.com.sawcunhaos.organization.domain.corporate.employee.dto.EmployeeInput	java.lang.runtime.ObjectMethods	jdk	java.base
br.com.sawcunhaos.organization.domain.corporate.employee.dto.EmployeeInput	java.time.LocalDate	jdk	java.base
br.com.sawcunhaos.organization.domain.corporate.employee.dto.EmployeeInput$EmployeeInputBuilder	br.com.sawcunhaos.organization.domain.corporate.employee.dto.EmployeeInput	interno	classes
br.com.sawcunhaos.organization.domain.corporate.employee.dto.EmployeeInput$EmployeeInputBuilder	br.com.sawcunhaos.organization.domain.corporate.employee.internal.EmployeeContractType	interno	classes
br.com.sawcunhaos.organization.domain.corporate.employee.dto.EmployeeInput$EmployeeInputBuilder	java.lang.Long	jdk	java.base
br.com.sawcunhaos.organization.domain.corporate.employee.dto.EmployeeInput$EmployeeInputBuilder	java.lang.Object	jdk	java.base
br.com.sawcunhaos.organization.domain.corporate.employee.dto.EmployeeInput$EmployeeInputBuilder	java.lang.String	jdk	java.base
br.com.sawcunhaos.organization.domain.corporate.employee.dto.EmployeeInput$EmployeeInputBuilder	java.lang.invoke.CallSite	jdk	java.base
br.com.sawcunhaos.organization.domain.corporate.employee.dto.EmployeeInput$EmployeeInputBuilder	java.lang.invoke.MethodHandles	jdk	java.base
br.com.sawcunhaos.organization.domain.corporate.employee.dto.EmployeeInput$EmployeeInputBuilder	java.lang.invoke.MethodHandles$Lookup	jdk	java.base
br.com.sawcunhaos.organization.domain.corporate.employee.dto.EmployeeInput$EmployeeInputBuilder	java.lang.invoke.MethodType	jdk	java.base
br.com.sawcunhaos.organization.domain.corporate.employee.dto.EmployeeInput$EmployeeInputBuilder	java.lang.invoke.StringConcatFactory	jdk	java.base
br.com.sawcunhaos.organization.domain.corporate.employee.dto.EmployeeInput$EmployeeInputBuilder	java.time.LocalDate	jdk	java.base
br.com.sawcunhaos.organization.domain.corporate.employee.dto.EmployeeOutput	br.com.sawcunhaos.organization.domain.corporate.employee.dto.EmployeeOutput$EmployeeOutputBuilder	interno	classes
br.com.sawcunhaos.organization.domain.corporate.employee.dto.EmployeeOutput	br.com.sawcunhaos.organization.domain.corporate.employee.internal.EmployeeContractType	interno	classes
br.com.sawcunhaos.organization.domain.corporate.employee.dto.EmployeeOutput	br.com.sawcunhaos.organization.domain.corporate.employee.internal.StatusEmployee	interno	classes
br.com.sawcunhaos.organization.domain.corporate.employee.dto.EmployeeOutput	java.lang.Class	jdk	java.base
br.com.sawcunhaos.organization.domain.corporate.employee.dto.EmployeeOutput	java.lang.Long	jdk	java.base
br.com.sawcunhaos.organization.domain.corporate.employee.dto.EmployeeOutput	java.lang.Object	jdk	java.base
br.com.sawcunhaos.organization.domain.corporate.employee.dto.EmployeeOutput	java.lang.Record	jdk	java.base
br.com.sawcunhaos.organization.domain.corporate.employee.dto.EmployeeOutput	java.lang.String	jdk	java.base
br.com.sawcunhaos.organization.domain.corporate.employee.dto.EmployeeOutput	java.lang.invoke.MethodHandle	jdk	java.base
br.com.sawcunhaos.organization.domain.corporate.employee.dto.EmployeeOutput	java.lang.invoke.MethodHandles	jdk	java.base
br.com.sawcunhaos.organization.domain.corporate.employee.dto.EmployeeOutput	java.lang.invoke.MethodHandles$Lookup	jdk	java.base
br.com.sawcunhaos.organization.domain.corporate.employee.dto.EmployeeOutput	java.lang.invoke.TypeDescriptor	jdk	java.base
br.com.sawcunhaos.organization.domain.corporate.employee.dto.EmployeeOutput	java.lang.runtime.ObjectMethods	jdk	java.base
br.com.sawcunhaos.organization.domain.corporate.employee.dto.EmployeeOutput	java.time.LocalDate	jdk	java.base
br.com.sawcunhaos.organization.domain.corporate.employee.dto.EmployeeOutput$EmployeeOutputBuilder	br.com.sawcunhaos.organization.domain.corporate.employee.dto.EmployeeOutput	interno	classes
br.com.sawcunhaos.organization.domain.corporate.employee.dto.EmployeeOutput$EmployeeOutputBuilder	br.com.sawcunhaos.organization.domain.corporate.employee.internal.EmployeeContractType	interno	classes
br.com.sawcunhaos.organization.domain.corporate.employee.dto.EmployeeOutput$EmployeeOutputBuilder	br.com.sawcunhaos.organization.domain.corporate.employee.internal.StatusEmployee	interno	classes
br.com.sawcunhaos.organization.domain.corporate.employee.dto.EmployeeOutput$EmployeeOutputBuilder	java.lang.Long	jdk	java.base
br.com.sawcunhaos.organization.domain.corporate.employee.dto.EmployeeOutput$EmployeeOutputBuilder	java.lang.Object	jdk	java.base
br.com.sawcunhaos.organization.domain.corporate.employee.dto.EmployeeOutput$EmployeeOutputBuilder	java.lang.String	jdk	java.base
br.com.sawcunhaos.organization.domain.corporate.employee.dto.EmployeeOutput$EmployeeOutputBuilder	java.lang.invoke.CallSite	jdk	java.base
br.com.sawcunhaos.organization.domain.corporate.employee.dto.EmployeeOutput$EmployeeOutputBuilder	java.lang.invoke.MethodHandles	jdk	java.base
br.com.sawcunhaos.organization.domain.corporate.employee.dto.EmployeeOutput$EmployeeOutputBuilder	java.lang.invoke.MethodHandles$Lookup	jdk	java.base
br.com.sawcunhaos.organization.domain.corporate.employee.dto.EmployeeOutput$EmployeeOutputBuilder	java.lang.invoke.MethodType	jdk	java.base
br.com.sawcunhaos.organization.domain.corporate.employee.dto.EmployeeOutput$EmployeeOutputBuilder	java.lang.invoke.StringConcatFactory	jdk	java.base
br.com.sawcunhaos.organization.domain.corporate.employee.dto.EmployeeOutput$EmployeeOutputBuilder	java.time.LocalDate	jdk	java.base
br.com.sawcunhaos.organization.domain.corporate.employee.dto.RehireEmployeeInput	br.com.sawcunhaos.organization.domain.corporate.employee.dto.RehireEmployeeInput$RehireEmployeeInputBuilder	interno	classes
br.com.sawcunhaos.organization.domain.corporate.employee.dto.RehireEmployeeInput	br.com.sawcunhaos.organization.domain.corporate.employee.internal.EmployeeContractType	interno	classes
br.com.sawcunhaos.organization.domain.corporate.employee.dto.RehireEmployeeInput	java.lang.Class	jdk	java.base
br.com.sawcunhaos.organization.domain.corporate.employee.dto.RehireEmployeeInput	java.lang.Long	jdk	java.base
br.com.sawcunhaos.organization.domain.corporate.employee.dto.RehireEmployeeInput	java.lang.Object	jdk	java.base
br.com.sawcunhaos.organization.domain.corporate.employee.dto.RehireEmployeeInput	java.lang.Record	jdk	java.base
br.com.sawcunhaos.organization.domain.corporate.employee.dto.RehireEmployeeInput	java.lang.String	jdk	java.base
br.com.sawcunhaos.organization.domain.corporate.employee.dto.RehireEmployeeInput	java.lang.invoke.MethodHandle	jdk	java.base
br.com.sawcunhaos.organization.domain.corporate.employee.dto.RehireEmployeeInput	java.lang.invoke.MethodHandles	jdk	java.base
br.com.sawcunhaos.organization.domain.corporate.employee.dto.RehireEmployeeInput	java.lang.invoke.MethodHandles$Lookup	jdk	java.base
br.com.sawcunhaos.organization.domain.corporate.employee.dto.RehireEmployeeInput	java.lang.invoke.TypeDescriptor	jdk	java.base
br.com.sawcunhaos.organization.domain.corporate.employee.dto.RehireEmployeeInput	java.lang.runtime.ObjectMethods	jdk	java.base
br.com.sawcunhaos.organization.domain.corporate.employee.dto.RehireEmployeeInput	java.time.LocalDate	jdk	java.base
br.com.sawcunhaos.organization.domain.corporate.employee.dto.RehireEmployeeInput$RehireEmployeeInputBuilder	br.com.sawcunhaos.organization.domain.corporate.employee.dto.RehireEmployeeInput	interno	classes
br.com.sawcunhaos.organization.domain.corporate.employee.dto.RehireEmployeeInput$RehireEmployeeInputBuilder	br.com.sawcunhaos.organization.domain.corporate.employee.internal.EmployeeContractType	interno	classes
br.com.sawcunhaos.organization.domain.corporate.employee.dto.RehireEmployeeInput$RehireEmployeeInputBuilder	java.lang.Long	jdk	java.base
br.com.sawcunhaos.organization.domain.corporate.employee.dto.RehireEmployeeInput$RehireEmployeeInputBuilder	java.lang.Object	jdk	java.base
br.com.sawcunhaos.organization.domain.corporate.employee.dto.RehireEmployeeInput$RehireEmployeeInputBuilder	java.lang.String	jdk	java.base
br.com.sawcunhaos.organization.domain.corporate.employee.dto.RehireEmployeeInput$RehireEmployeeInputBuilder	java.lang.invoke.CallSite	jdk	java.base
br.com.sawcunhaos.organization.domain.corporate.employee.dto.RehireEmployeeInput$RehireEmployeeInputBuilder	java.lang.invoke.MethodHandles	jdk	java.base
br.com.sawcunhaos.organization.domain.corporate.employee.dto.RehireEmployeeInput$RehireEmployeeInputBuilder	java.lang.invoke.MethodHandles$Lookup	jdk	java.base
br.com.sawcunhaos.organization.domain.corporate.employee.dto.RehireEmployeeInput$RehireEmployeeInputBuilder	java.lang.invoke.MethodType	jdk	java.base
br.com.sawcunhaos.organization.domain.corporate.employee.dto.RehireEmployeeInput$RehireEmployeeInputBuilder	java.lang.invoke.StringConcatFactory	jdk	java.base
br.com.sawcunhaos.organization.domain.corporate.employee.dto.RehireEmployeeInput$RehireEmployeeInputBuilder	java.time.LocalDate	jdk	java.base
br.com.sawcunhaos.organization.domain.corporate.employee.internal.Employee	br.com.sawcunhaos.flow.audit.sdk.api.AuditableEntity	externo	not found
br.com.sawcunhaos.organization.domain.corporate.employee.internal.Employee	br.com.sawcunhaos.foundation.core.exception.ScosException	externo	scos-foundation-core-1.2.0-SNAPSHOT.jar
br.com.sawcunhaos.organization.domain.corporate.employee.internal.Employee	br.com.sawcunhaos.foundation.core.specification.ExceptionCode	externo	scos-foundation-core-1.2.0-SNAPSHOT.jar
br.com.sawcunhaos.organization.domain.corporate.employee.internal.Employee	br.com.sawcunhaos.foundation.jpa.entity.BaseEntity	externo	scos-foundation-jpa-1.2.0-SNAPSHOT.jar
br.com.sawcunhaos.organization.domain.corporate.employee.internal.Employee	br.com.sawcunhaos.foundation.validation.valueobjects.Cpf	externo	scos-foundation-validation-1.2.0-SNAPSHOT.jar
br.com.sawcunhaos.organization.domain.corporate.employee.internal.Employee	br.com.sawcunhaos.foundation.validation.valueobjects.Email	externo	scos-foundation-validation-1.2.0-SNAPSHOT.jar
br.com.sawcunhaos.organization.domain.corporate.employee.internal.Employee	br.com.sawcunhaos.organization.domain.access.login.internal.Login	interno	classes
br.com.sawcunhaos.organization.domain.corporate.employee.internal.Employee	br.com.sawcunhaos.organization.domain.access.status.internal.EmployeeStatusHistory	interno	classes
br.com.sawcunhaos.organization.domain.corporate.employee.internal.Employee	br.com.sawcunhaos.organization.domain.access.status.internal.EmployeeStatusHistory$EmployeeStatusHistoryBuilder	interno	classes
br.com.sawcunhaos.organization.domain.corporate.employee.internal.Employee	br.com.sawcunhaos.organization.domain.access.status.internal.ReasonActivate	interno	classes
br.com.sawcunhaos.organization.domain.corporate.employee.internal.Employee	br.com.sawcunhaos.organization.domain.access.status.internal.ReasonActivate$ReasonActivateBuilder	interno	classes
br.com.sawcunhaos.organization.domain.corporate.employee.internal.Employee	br.com.sawcunhaos.organization.domain.access.status.internal.ReasonDisable	interno	classes
br.com.sawcunhaos.organization.domain.corporate.employee.internal.Employee	br.com.sawcunhaos.organization.domain.access.status.internal.ReasonDisable$ReasonDisableBuilder	interno	classes
br.com.sawcunhaos.organization.domain.corporate.employee.internal.Employee	br.com.sawcunhaos.organization.domain.access.status.internal.ReasonEnable	interno	classes
br.com.sawcunhaos.organization.domain.corporate.employee.internal.Employee	br.com.sawcunhaos.organization.domain.access.status.internal.ReasonEnable$ReasonEnableBuilder	interno	classes
br.com.sawcunhaos.organization.domain.corporate.employee.internal.Employee	br.com.sawcunhaos.organization.domain.access.status.internal.ReasonInactivate	interno	classes
br.com.sawcunhaos.organization.domain.corporate.employee.internal.Employee	br.com.sawcunhaos.organization.domain.access.status.internal.ReasonInactivate$ReasonInactivateBuilder	interno	classes
br.com.sawcunhaos.organization.domain.corporate.employee.internal.Employee	br.com.sawcunhaos.organization.domain.corporate.company.internal.Company	interno	classes
br.com.sawcunhaos.organization.domain.corporate.employee.internal.Employee	br.com.sawcunhaos.organization.domain.corporate.employee.internal.Employee$EmployeeBuilder	interno	classes
br.com.sawcunhaos.organization.domain.corporate.employee.internal.Employee	br.com.sawcunhaos.organization.domain.corporate.employee.internal.EmployeeContractType	interno	classes
br.com.sawcunhaos.organization.domain.corporate.employee.internal.Employee	br.com.sawcunhaos.organization.domain.corporate.employee.internal.StatusEmployee	interno	classes
br.com.sawcunhaos.organization.domain.corporate.employee.internal.Employee	br.com.sawcunhaos.organization.domain.corporate.position.internal.Position	interno	classes
br.com.sawcunhaos.organization.domain.corporate.employee.internal.Employee	br.com.sawcunhaos.organization.shared.exception.ExceptionCodeError	externo	flow-organization-shared-1.0.0-SNAPSHOT.jar
br.com.sawcunhaos.organization.domain.corporate.employee.internal.Employee	jakarta.persistence.AttributeOverride	externo	jakarta.persistence-api-3.2.0.jar
br.com.sawcunhaos.organization.domain.corporate.employee.internal.Employee	jakarta.persistence.Column	externo	jakarta.persistence-api-3.2.0.jar
br.com.sawcunhaos.organization.domain.corporate.employee.internal.Employee	jakarta.persistence.Embedded	externo	jakarta.persistence-api-3.2.0.jar
br.com.sawcunhaos.organization.domain.corporate.employee.internal.Employee	jakarta.persistence.Entity	externo	jakarta.persistence-api-3.2.0.jar
br.com.sawcunhaos.organization.domain.corporate.employee.internal.Employee	jakarta.persistence.Enumerated	externo	jakarta.persistence-api-3.2.0.jar
br.com.sawcunhaos.organization.domain.corporate.employee.internal.Employee	jakarta.persistence.GeneratedValue	externo	jakarta.persistence-api-3.2.0.jar
br.com.sawcunhaos.organization.domain.corporate.employee.internal.Employee	jakarta.persistence.Id	externo	jakarta.persistence-api-3.2.0.jar
br.com.sawcunhaos.organization.domain.corporate.employee.internal.Employee	jakarta.persistence.JoinColumn	externo	jakarta.persistence-api-3.2.0.jar
br.com.sawcunhaos.organization.domain.corporate.employee.internal.Employee	jakarta.persistence.ManyToOne	externo	jakarta.persistence-api-3.2.0.jar
br.com.sawcunhaos.organization.domain.corporate.employee.internal.Employee	jakarta.persistence.OneToMany	externo	jakarta.persistence-api-3.2.0.jar
br.com.sawcunhaos.organization.domain.corporate.employee.internal.Employee	jakarta.persistence.Table	externo	jakarta.persistence-api-3.2.0.jar
br.com.sawcunhaos.organization.domain.corporate.employee.internal.Employee	java.lang.Long	jdk	java.base
br.com.sawcunhaos.organization.domain.corporate.employee.internal.Employee	java.lang.String	jdk	java.base
br.com.sawcunhaos.organization.domain.corporate.employee.internal.Employee	java.time.LocalDate	jdk	java.base
br.com.sawcunhaos.organization.domain.corporate.employee.internal.Employee	java.util.Set	jdk	java.base
br.com.sawcunhaos.organization.domain.corporate.employee.internal.Employee$EmployeeBuilder	br.com.sawcunhaos.foundation.validation.valueobjects.Cpf	externo	scos-foundation-validation-1.2.0-SNAPSHOT.jar
br.com.sawcunhaos.organization.domain.corporate.employee.internal.Employee$EmployeeBuilder	br.com.sawcunhaos.foundation.validation.valueobjects.Email	externo	scos-foundation-validation-1.2.0-SNAPSHOT.jar
br.com.sawcunhaos.organization.domain.corporate.employee.internal.Employee$EmployeeBuilder	br.com.sawcunhaos.organization.domain.access.login.internal.Login	interno	classes
br.com.sawcunhaos.organization.domain.corporate.employee.internal.Employee$EmployeeBuilder	br.com.sawcunhaos.organization.domain.corporate.company.internal.Company	interno	classes
br.com.sawcunhaos.organization.domain.corporate.employee.internal.Employee$EmployeeBuilder	br.com.sawcunhaos.organization.domain.corporate.employee.internal.Employee	interno	classes
br.com.sawcunhaos.organization.domain.corporate.employee.internal.Employee$EmployeeBuilder	br.com.sawcunhaos.organization.domain.corporate.employee.internal.EmployeeContractType	interno	classes
br.com.sawcunhaos.organization.domain.corporate.employee.internal.Employee$EmployeeBuilder	br.com.sawcunhaos.organization.domain.corporate.employee.internal.StatusEmployee	interno	classes
br.com.sawcunhaos.organization.domain.corporate.employee.internal.Employee$EmployeeBuilder	br.com.sawcunhaos.organization.domain.corporate.position.internal.Position	interno	classes
br.com.sawcunhaos.organization.domain.corporate.employee.internal.Employee$EmployeeBuilder	java.lang.Long	jdk	java.base
br.com.sawcunhaos.organization.domain.corporate.employee.internal.Employee$EmployeeBuilder	java.lang.Object	jdk	java.base
br.com.sawcunhaos.organization.domain.corporate.employee.internal.Employee$EmployeeBuilder	java.lang.String	jdk	java.base
br.com.sawcunhaos.organization.domain.corporate.employee.internal.Employee$EmployeeBuilder	java.lang.invoke.CallSite	jdk	java.base
br.com.sawcunhaos.organization.domain.corporate.employee.internal.Employee$EmployeeBuilder	java.lang.invoke.MethodHandles	jdk	java.base
br.com.sawcunhaos.organization.domain.corporate.employee.internal.Employee$EmployeeBuilder	java.lang.invoke.MethodHandles$Lookup	jdk	java.base
br.com.sawcunhaos.organization.domain.corporate.employee.internal.Employee$EmployeeBuilder	java.lang.invoke.MethodType	jdk	java.base
br.com.sawcunhaos.organization.domain.corporate.employee.internal.Employee$EmployeeBuilder	java.lang.invoke.StringConcatFactory	jdk	java.base
br.com.sawcunhaos.organization.domain.corporate.employee.internal.Employee$EmployeeBuilder	java.time.LocalDate	jdk	java.base
br.com.sawcunhaos.organization.domain.corporate.employee.internal.Employee$EmployeeBuilder	java.util.Set	jdk	java.base
br.com.sawcunhaos.organization.domain.corporate.employee.internal.EmployeeAddress	br.com.sawcunhaos.flow.audit.sdk.api.AuditableEntity	externo	not found
br.com.sawcunhaos.organization.domain.corporate.employee.internal.EmployeeAddress	br.com.sawcunhaos.foundation.jpa.entity.BaseEntity	externo	scos-foundation-jpa-1.2.0-SNAPSHOT.jar
br.com.sawcunhaos.organization.domain.corporate.employee.internal.EmployeeAddress	br.com.sawcunhaos.organization.domain.corporate.catalog.internal.AddressType	interno	classes
br.com.sawcunhaos.organization.domain.corporate.employee.internal.EmployeeAddress	br.com.sawcunhaos.organization.domain.corporate.employee.internal.Employee	interno	classes
br.com.sawcunhaos.organization.domain.corporate.employee.internal.EmployeeAddress	br.com.sawcunhaos.organization.domain.corporate.employee.internal.EmployeeAddress$EmployeeAddressBuilder	interno	classes
br.com.sawcunhaos.organization.domain.corporate.employee.internal.EmployeeAddress	br.com.sawcunhaos.organization.domain.corporate.employee.internal.EmployeeAddressPk	interno	classes
br.com.sawcunhaos.organization.domain.corporate.employee.internal.EmployeeAddress	jakarta.persistence.Column	externo	jakarta.persistence-api-3.2.0.jar
br.com.sawcunhaos.organization.domain.corporate.employee.internal.EmployeeAddress	jakarta.persistence.EmbeddedId	externo	jakarta.persistence-api-3.2.0.jar
br.com.sawcunhaos.organization.domain.corporate.employee.internal.EmployeeAddress	jakarta.persistence.Entity	externo	jakarta.persistence-api-3.2.0.jar
br.com.sawcunhaos.organization.domain.corporate.employee.internal.EmployeeAddress	jakarta.persistence.JoinColumn	externo	jakarta.persistence-api-3.2.0.jar
br.com.sawcunhaos.organization.domain.corporate.employee.internal.EmployeeAddress	jakarta.persistence.ManyToOne	externo	jakarta.persistence-api-3.2.0.jar
br.com.sawcunhaos.organization.domain.corporate.employee.internal.EmployeeAddress	jakarta.persistence.Table	externo	jakarta.persistence-api-3.2.0.jar
br.com.sawcunhaos.organization.domain.corporate.employee.internal.EmployeeAddress	java.lang.String	jdk	java.base
br.com.sawcunhaos.organization.domain.corporate.employee.internal.EmployeeAddress	org.locationtech.jts.geom.Point	externo	jts-core-1.20.0.jar
br.com.sawcunhaos.organization.domain.corporate.employee.internal.EmployeeAddress$EmployeeAddressBuilder	br.com.sawcunhaos.organization.domain.corporate.catalog.internal.AddressType	interno	classes
br.com.sawcunhaos.organization.domain.corporate.employee.internal.EmployeeAddress$EmployeeAddressBuilder	br.com.sawcunhaos.organization.domain.corporate.employee.internal.Employee	interno	classes
br.com.sawcunhaos.organization.domain.corporate.employee.internal.EmployeeAddress$EmployeeAddressBuilder	br.com.sawcunhaos.organization.domain.corporate.employee.internal.EmployeeAddress	interno	classes
br.com.sawcunhaos.organization.domain.corporate.employee.internal.EmployeeAddress$EmployeeAddressBuilder	br.com.sawcunhaos.organization.domain.corporate.employee.internal.EmployeeAddressPk	interno	classes
br.com.sawcunhaos.organization.domain.corporate.employee.internal.EmployeeAddress$EmployeeAddressBuilder	java.lang.Object	jdk	java.base
br.com.sawcunhaos.organization.domain.corporate.employee.internal.EmployeeAddress$EmployeeAddressBuilder	java.lang.String	jdk	java.base
br.com.sawcunhaos.organization.domain.corporate.employee.internal.EmployeeAddress$EmployeeAddressBuilder	java.lang.invoke.CallSite	jdk	java.base
br.com.sawcunhaos.organization.domain.corporate.employee.internal.EmployeeAddress$EmployeeAddressBuilder	java.lang.invoke.MethodHandles	jdk	java.base
br.com.sawcunhaos.organization.domain.corporate.employee.internal.EmployeeAddress$EmployeeAddressBuilder	java.lang.invoke.MethodHandles$Lookup	jdk	java.base
br.com.sawcunhaos.organization.domain.corporate.employee.internal.EmployeeAddress$EmployeeAddressBuilder	java.lang.invoke.MethodType	jdk	java.base
br.com.sawcunhaos.organization.domain.corporate.employee.internal.EmployeeAddress$EmployeeAddressBuilder	java.lang.invoke.StringConcatFactory	jdk	java.base
br.com.sawcunhaos.organization.domain.corporate.employee.internal.EmployeeAddress$EmployeeAddressBuilder	org.locationtech.jts.geom.Point	externo	jts-core-1.20.0.jar
br.com.sawcunhaos.organization.domain.corporate.employee.internal.EmployeeAddressPk	br.com.sawcunhaos.organization.domain.corporate.employee.internal.EmployeeAddressPk$EmployeeAddressPkBuilder	interno	classes
br.com.sawcunhaos.organization.domain.corporate.employee.internal.EmployeeAddressPk	jakarta.persistence.Column	externo	jakarta.persistence-api-3.2.0.jar
br.com.sawcunhaos.organization.domain.corporate.employee.internal.EmployeeAddressPk	jakarta.persistence.Embeddable	externo	jakarta.persistence-api-3.2.0.jar
br.com.sawcunhaos.organization.domain.corporate.employee.internal.EmployeeAddressPk	java.lang.Long	jdk	java.base
br.com.sawcunhaos.organization.domain.corporate.employee.internal.EmployeeAddressPk	java.lang.Object	jdk	java.base
br.com.sawcunhaos.organization.domain.corporate.employee.internal.EmployeeAddressPk$EmployeeAddressPkBuilder	br.com.sawcunhaos.organization.domain.corporate.employee.internal.EmployeeAddressPk	interno	classes
br.com.sawcunhaos.organization.domain.corporate.employee.internal.EmployeeAddressPk$EmployeeAddressPkBuilder	java.lang.Long	jdk	java.base
br.com.sawcunhaos.organization.domain.corporate.employee.internal.EmployeeAddressPk$EmployeeAddressPkBuilder	java.lang.Object	jdk	java.base
br.com.sawcunhaos.organization.domain.corporate.employee.internal.EmployeeAddressPk$EmployeeAddressPkBuilder	java.lang.String	jdk	java.base
br.com.sawcunhaos.organization.domain.corporate.employee.internal.EmployeeAddressPk$EmployeeAddressPkBuilder	java.lang.invoke.CallSite	jdk	java.base
br.com.sawcunhaos.organization.domain.corporate.employee.internal.EmployeeAddressPk$EmployeeAddressPkBuilder	java.lang.invoke.MethodHandles	jdk	java.base
br.com.sawcunhaos.organization.domain.corporate.employee.internal.EmployeeAddressPk$EmployeeAddressPkBuilder	java.lang.invoke.MethodHandles$Lookup	jdk	java.base
br.com.sawcunhaos.organization.domain.corporate.employee.internal.EmployeeAddressPk$EmployeeAddressPkBuilder	java.lang.invoke.MethodType	jdk	java.base
br.com.sawcunhaos.organization.domain.corporate.employee.internal.EmployeeAddressPk$EmployeeAddressPkBuilder	java.lang.invoke.StringConcatFactory	jdk	java.base
br.com.sawcunhaos.organization.domain.corporate.employee.internal.EmployeeAddressQueryRepository	br.com.sawcunhaos.organization.domain.corporate.employee.internal.EmployeeAddress	interno	classes
br.com.sawcunhaos.organization.domain.corporate.employee.internal.EmployeeAddressQueryRepository	br.com.sawcunhaos.organization.domain.corporate.employee.internal.EmployeeAddressPk	interno	classes
br.com.sawcunhaos.organization.domain.corporate.employee.internal.EmployeeAddressQueryRepository	io.hypersistence.utils.spring.repository.BaseJpaRepository	externo	hypersistence-utils-hibernate-71-3.15.5.jar
br.com.sawcunhaos.organization.domain.corporate.employee.internal.EmployeeAddressQueryRepository	java.lang.Object	jdk	java.base
br.com.sawcunhaos.organization.domain.corporate.employee.internal.EmployeeAddressQueryRepository	org.springframework.data.jpa.repository.JpaSpecificationExecutor	externo	spring-data-jpa-4.1.1.jar
br.com.sawcunhaos.organization.domain.corporate.employee.internal.EmployeeAddressQueryRepository	org.springframework.data.querydsl.QuerydslPredicateExecutor	externo	spring-data-commons-4.1.1.jar
br.com.sawcunhaos.organization.domain.corporate.employee.internal.EmployeeAddressQueryRepository	org.springframework.stereotype.Repository	externo	spring-context-7.0.9.jar
br.com.sawcunhaos.organization.domain.corporate.employee.internal.EmployeeContact	br.com.sawcunhaos.flow.audit.sdk.api.AuditableEntity	externo	not found
br.com.sawcunhaos.organization.domain.corporate.employee.internal.EmployeeContact	br.com.sawcunhaos.foundation.jpa.entity.BaseEntity	externo	scos-foundation-jpa-1.2.0-SNAPSHOT.jar
br.com.sawcunhaos.organization.domain.corporate.employee.internal.EmployeeContact	br.com.sawcunhaos.organization.domain.corporate.catalog.internal.ContactType	interno	classes
br.com.sawcunhaos.organization.domain.corporate.employee.internal.EmployeeContact	br.com.sawcunhaos.organization.domain.corporate.employee.internal.Employee	interno	classes
br.com.sawcunhaos.organization.domain.corporate.employee.internal.EmployeeContact	br.com.sawcunhaos.organization.domain.corporate.employee.internal.EmployeeContact$EmployeeContactBuilder	interno	classes
br.com.sawcunhaos.organization.domain.corporate.employee.internal.EmployeeContact	jakarta.persistence.Column	externo	jakarta.persistence-api-3.2.0.jar
br.com.sawcunhaos.organization.domain.corporate.employee.internal.EmployeeContact	jakarta.persistence.Entity	externo	jakarta.persistence-api-3.2.0.jar
br.com.sawcunhaos.organization.domain.corporate.employee.internal.EmployeeContact	jakarta.persistence.GeneratedValue	externo	jakarta.persistence-api-3.2.0.jar
br.com.sawcunhaos.organization.domain.corporate.employee.internal.EmployeeContact	jakarta.persistence.Id	externo	jakarta.persistence-api-3.2.0.jar
br.com.sawcunhaos.organization.domain.corporate.employee.internal.EmployeeContact	jakarta.persistence.JoinColumn	externo	jakarta.persistence-api-3.2.0.jar
br.com.sawcunhaos.organization.domain.corporate.employee.internal.EmployeeContact	jakarta.persistence.ManyToOne	externo	jakarta.persistence-api-3.2.0.jar
br.com.sawcunhaos.organization.domain.corporate.employee.internal.EmployeeContact	jakarta.persistence.Table	externo	jakarta.persistence-api-3.2.0.jar
br.com.sawcunhaos.organization.domain.corporate.employee.internal.EmployeeContact	java.lang.Long	jdk	java.base
br.com.sawcunhaos.organization.domain.corporate.employee.internal.EmployeeContact	java.lang.String	jdk	java.base
br.com.sawcunhaos.organization.domain.corporate.employee.internal.EmployeeContact$EmployeeContactBuilder	br.com.sawcunhaos.organization.domain.corporate.catalog.internal.ContactType	interno	classes
br.com.sawcunhaos.organization.domain.corporate.employee.internal.EmployeeContact$EmployeeContactBuilder	br.com.sawcunhaos.organization.domain.corporate.employee.internal.Employee	interno	classes
br.com.sawcunhaos.organization.domain.corporate.employee.internal.EmployeeContact$EmployeeContactBuilder	br.com.sawcunhaos.organization.domain.corporate.employee.internal.EmployeeContact	interno	classes
br.com.sawcunhaos.organization.domain.corporate.employee.internal.EmployeeContact$EmployeeContactBuilder	java.lang.Long	jdk	java.base
br.com.sawcunhaos.organization.domain.corporate.employee.internal.EmployeeContact$EmployeeContactBuilder	java.lang.Object	jdk	java.base
br.com.sawcunhaos.organization.domain.corporate.employee.internal.EmployeeContact$EmployeeContactBuilder	java.lang.String	jdk	java.base
br.com.sawcunhaos.organization.domain.corporate.employee.internal.EmployeeContact$EmployeeContactBuilder	java.lang.invoke.CallSite	jdk	java.base
br.com.sawcunhaos.organization.domain.corporate.employee.internal.EmployeeContact$EmployeeContactBuilder	java.lang.invoke.MethodHandles	jdk	java.base
br.com.sawcunhaos.organization.domain.corporate.employee.internal.EmployeeContact$EmployeeContactBuilder	java.lang.invoke.MethodHandles$Lookup	jdk	java.base
br.com.sawcunhaos.organization.domain.corporate.employee.internal.EmployeeContact$EmployeeContactBuilder	java.lang.invoke.MethodType	jdk	java.base
br.com.sawcunhaos.organization.domain.corporate.employee.internal.EmployeeContact$EmployeeContactBuilder	java.lang.invoke.StringConcatFactory	jdk	java.base
br.com.sawcunhaos.organization.domain.corporate.employee.internal.EmployeeContactQueryRepository	br.com.sawcunhaos.organization.domain.corporate.employee.internal.EmployeeContact	interno	classes
br.com.sawcunhaos.organization.domain.corporate.employee.internal.EmployeeContactQueryRepository	io.hypersistence.utils.spring.repository.BaseJpaRepository	externo	hypersistence-utils-hibernate-71-3.15.5.jar
br.com.sawcunhaos.organization.domain.corporate.employee.internal.EmployeeContactQueryRepository	java.lang.Long	jdk	java.base
br.com.sawcunhaos.organization.domain.corporate.employee.internal.EmployeeContactQueryRepository	java.lang.Object	jdk	java.base
br.com.sawcunhaos.organization.domain.corporate.employee.internal.EmployeeContactQueryRepository	org.springframework.data.jpa.repository.JpaSpecificationExecutor	externo	spring-data-jpa-4.1.1.jar
br.com.sawcunhaos.organization.domain.corporate.employee.internal.EmployeeContactQueryRepository	org.springframework.data.querydsl.QuerydslPredicateExecutor	externo	spring-data-commons-4.1.1.jar
br.com.sawcunhaos.organization.domain.corporate.employee.internal.EmployeeContactQueryRepository	org.springframework.stereotype.Repository	externo	spring-context-7.0.9.jar
br.com.sawcunhaos.organization.domain.corporate.employee.internal.EmployeeContractType	java.lang.Class	jdk	java.base
br.com.sawcunhaos.organization.domain.corporate.employee.internal.EmployeeContractType	java.lang.Enum	jdk	java.base
br.com.sawcunhaos.organization.domain.corporate.employee.internal.EmployeeContractType	java.lang.Object	jdk	java.base
br.com.sawcunhaos.organization.domain.corporate.employee.internal.EmployeeContractType	java.lang.String	jdk	java.base
br.com.sawcunhaos.organization.domain.corporate.employee.internal.EmployeeContractType	java.lang.System	jdk	java.base
br.com.sawcunhaos.organization.domain.corporate.employee.internal.EmployeePositionHistory	br.com.sawcunhaos.flow.audit.sdk.api.AuditableEntity	externo	not found
br.com.sawcunhaos.organization.domain.corporate.employee.internal.EmployeePositionHistory	br.com.sawcunhaos.organization.domain.corporate.employee.internal.Employee	interno	classes
br.com.sawcunhaos.organization.domain.corporate.employee.internal.EmployeePositionHistory	br.com.sawcunhaos.organization.domain.corporate.employee.internal.EmployeePositionHistory$EmployeePositionHistoryBuilder	interno	classes
br.com.sawcunhaos.organization.domain.corporate.employee.internal.EmployeePositionHistory	br.com.sawcunhaos.organization.domain.corporate.employee.internal.ReasonPositionChange	interno	classes
br.com.sawcunhaos.organization.domain.corporate.employee.internal.EmployeePositionHistory	br.com.sawcunhaos.organization.domain.corporate.position.internal.Position	interno	classes
br.com.sawcunhaos.organization.domain.corporate.employee.internal.EmployeePositionHistory	jakarta.persistence.Column	externo	jakarta.persistence-api-3.2.0.jar
br.com.sawcunhaos.organization.domain.corporate.employee.internal.EmployeePositionHistory	jakarta.persistence.Entity	externo	jakarta.persistence-api-3.2.0.jar
br.com.sawcunhaos.organization.domain.corporate.employee.internal.EmployeePositionHistory	jakarta.persistence.GeneratedValue	externo	jakarta.persistence-api-3.2.0.jar
br.com.sawcunhaos.organization.domain.corporate.employee.internal.EmployeePositionHistory	jakarta.persistence.Id	externo	jakarta.persistence-api-3.2.0.jar
br.com.sawcunhaos.organization.domain.corporate.employee.internal.EmployeePositionHistory	jakarta.persistence.JoinColumn	externo	jakarta.persistence-api-3.2.0.jar
br.com.sawcunhaos.organization.domain.corporate.employee.internal.EmployeePositionHistory	jakarta.persistence.ManyToOne	externo	jakarta.persistence-api-3.2.0.jar
br.com.sawcunhaos.organization.domain.corporate.employee.internal.EmployeePositionHistory	jakarta.persistence.Table	externo	jakarta.persistence-api-3.2.0.jar
br.com.sawcunhaos.organization.domain.corporate.employee.internal.EmployeePositionHistory	java.lang.Long	jdk	java.base
br.com.sawcunhaos.organization.domain.corporate.employee.internal.EmployeePositionHistory	java.lang.Object	jdk	java.base
br.com.sawcunhaos.organization.domain.corporate.employee.internal.EmployeePositionHistory	java.lang.String	jdk	java.base
br.com.sawcunhaos.organization.domain.corporate.employee.internal.EmployeePositionHistory	java.time.Instant	jdk	java.base
br.com.sawcunhaos.organization.domain.corporate.employee.internal.EmployeePositionHistory	java.time.LocalDate	jdk	java.base
br.com.sawcunhaos.organization.domain.corporate.employee.internal.EmployeePositionHistory	org.hibernate.annotations.CreationTimestamp	externo	hibernate-core-7.4.5.Final.jar
br.com.sawcunhaos.organization.domain.corporate.employee.internal.EmployeePositionHistory$EmployeePositionHistoryBuilder	br.com.sawcunhaos.organization.domain.corporate.employee.internal.Employee	interno	classes
br.com.sawcunhaos.organization.domain.corporate.employee.internal.EmployeePositionHistory$EmployeePositionHistoryBuilder	br.com.sawcunhaos.organization.domain.corporate.employee.internal.EmployeePositionHistory	interno	classes
br.com.sawcunhaos.organization.domain.corporate.employee.internal.EmployeePositionHistory$EmployeePositionHistoryBuilder	br.com.sawcunhaos.organization.domain.corporate.employee.internal.ReasonPositionChange	interno	classes
br.com.sawcunhaos.organization.domain.corporate.employee.internal.EmployeePositionHistory$EmployeePositionHistoryBuilder	br.com.sawcunhaos.organization.domain.corporate.position.internal.Position	interno	classes
br.com.sawcunhaos.organization.domain.corporate.employee.internal.EmployeePositionHistory$EmployeePositionHistoryBuilder	java.lang.Long	jdk	java.base
br.com.sawcunhaos.organization.domain.corporate.employee.internal.EmployeePositionHistory$EmployeePositionHistoryBuilder	java.lang.Object	jdk	java.base
br.com.sawcunhaos.organization.domain.corporate.employee.internal.EmployeePositionHistory$EmployeePositionHistoryBuilder	java.lang.String	jdk	java.base
br.com.sawcunhaos.organization.domain.corporate.employee.internal.EmployeePositionHistory$EmployeePositionHistoryBuilder	java.lang.invoke.CallSite	jdk	java.base
br.com.sawcunhaos.organization.domain.corporate.employee.internal.EmployeePositionHistory$EmployeePositionHistoryBuilder	java.lang.invoke.MethodHandles	jdk	java.base
br.com.sawcunhaos.organization.domain.corporate.employee.internal.EmployeePositionHistory$EmployeePositionHistoryBuilder	java.lang.invoke.MethodHandles$Lookup	jdk	java.base
br.com.sawcunhaos.organization.domain.corporate.employee.internal.EmployeePositionHistory$EmployeePositionHistoryBuilder	java.lang.invoke.MethodType	jdk	java.base
br.com.sawcunhaos.organization.domain.corporate.employee.internal.EmployeePositionHistory$EmployeePositionHistoryBuilder	java.lang.invoke.StringConcatFactory	jdk	java.base
br.com.sawcunhaos.organization.domain.corporate.employee.internal.EmployeePositionHistory$EmployeePositionHistoryBuilder	java.time.Instant	jdk	java.base
br.com.sawcunhaos.organization.domain.corporate.employee.internal.EmployeePositionHistory$EmployeePositionHistoryBuilder	java.time.LocalDate	jdk	java.base
br.com.sawcunhaos.organization.domain.corporate.employee.internal.EmployeePositionHistoryRepository	br.com.sawcunhaos.organization.domain.corporate.employee.internal.EmployeePositionHistory	interno	classes
br.com.sawcunhaos.organization.domain.corporate.employee.internal.EmployeePositionHistoryRepository	io.hypersistence.utils.spring.repository.BaseJpaRepository	externo	hypersistence-utils-hibernate-71-3.15.5.jar
br.com.sawcunhaos.organization.domain.corporate.employee.internal.EmployeePositionHistoryRepository	java.lang.Long	jdk	java.base
br.com.sawcunhaos.organization.domain.corporate.employee.internal.EmployeePositionHistoryRepository	java.lang.Object	jdk	java.base
br.com.sawcunhaos.organization.domain.corporate.employee.internal.EmployeePositionHistoryRepository	org.springframework.data.jpa.repository.JpaSpecificationExecutor	externo	spring-data-jpa-4.1.1.jar
br.com.sawcunhaos.organization.domain.corporate.employee.internal.EmployeePositionHistoryRepository	org.springframework.data.querydsl.QuerydslPredicateExecutor	externo	spring-data-commons-4.1.1.jar
br.com.sawcunhaos.organization.domain.corporate.employee.internal.EmployeePositionHistoryRepository	org.springframework.stereotype.Repository	externo	spring-context-7.0.9.jar
br.com.sawcunhaos.organization.domain.corporate.employee.internal.EmployeeQueryPredicates	br.com.sawcunhaos.foundation.validation.valueobjects.QCpf	externo	scos-foundation-validation-1.2.0-SNAPSHOT.jar
br.com.sawcunhaos.organization.domain.corporate.employee.internal.EmployeeQueryPredicates	br.com.sawcunhaos.foundation.validation.valueobjects.QEmail	externo	scos-foundation-validation-1.2.0-SNAPSHOT.jar
br.com.sawcunhaos.organization.domain.corporate.employee.internal.EmployeeQueryPredicates	br.com.sawcunhaos.organization.domain.corporate.company.internal.QCompany	interno	classes
br.com.sawcunhaos.organization.domain.corporate.employee.internal.EmployeeQueryPredicates	br.com.sawcunhaos.organization.domain.corporate.employee.internal.QEmployee	interno	classes
br.com.sawcunhaos.organization.domain.corporate.employee.internal.EmployeeQueryPredicates	br.com.sawcunhaos.organization.domain.corporate.employee.internal.StatusEmployee	interno	classes
br.com.sawcunhaos.organization.domain.corporate.employee.internal.EmployeeQueryPredicates	br.com.sawcunhaos.organization.domain.corporate.position.internal.QPosition	interno	classes
br.com.sawcunhaos.organization.domain.corporate.employee.internal.EmployeeQueryPredicates	com.querydsl.core.BooleanBuilder	externo	querydsl-core-7.6.jar
br.com.sawcunhaos.organization.domain.corporate.employee.internal.EmployeeQueryPredicates	com.querydsl.core.types.Predicate	externo	querydsl-core-7.6.jar
br.com.sawcunhaos.organization.domain.corporate.employee.internal.EmployeeQueryPredicates	com.querydsl.core.types.dsl.BooleanExpression	externo	querydsl-core-7.6.jar
br.com.sawcunhaos.organization.domain.corporate.employee.internal.EmployeeQueryPredicates	com.querydsl.core.types.dsl.EnumPath	externo	querydsl-core-7.6.jar
br.com.sawcunhaos.organization.domain.corporate.employee.internal.EmployeeQueryPredicates	com.querydsl.core.types.dsl.NumberPath	externo	querydsl-core-7.6.jar
br.com.sawcunhaos.organization.domain.corporate.employee.internal.EmployeeQueryPredicates	com.querydsl.core.types.dsl.StringPath	externo	querydsl-core-7.6.jar
br.com.sawcunhaos.organization.domain.corporate.employee.internal.EmployeeQueryPredicates	java.lang.Long	jdk	java.base
br.com.sawcunhaos.organization.domain.corporate.employee.internal.EmployeeQueryPredicates	java.lang.Object	jdk	java.base
br.com.sawcunhaos.organization.domain.corporate.employee.internal.EmployeeQueryPredicates	java.lang.String	jdk	java.base
br.com.sawcunhaos.organization.domain.corporate.employee.internal.EmployeeQueryPredicates	java.util.Objects	jdk	java.base
br.com.sawcunhaos.organization.domain.corporate.employee.internal.EmployeeQueryRepository	br.com.sawcunhaos.organization.domain.corporate.employee.internal.Employee	interno	classes
br.com.sawcunhaos.organization.domain.corporate.employee.internal.EmployeeQueryRepository	br.com.sawcunhaos.organization.domain.corporate.employee.internal.EmployeeQueryPredicates	interno	classes
br.com.sawcunhaos.organization.domain.corporate.employee.internal.EmployeeQueryRepository	br.com.sawcunhaos.organization.domain.corporate.employee.internal.StatusEmployee	interno	classes
br.com.sawcunhaos.organization.domain.corporate.employee.internal.EmployeeQueryRepository	com.querydsl.core.types.Predicate	externo	querydsl-core-7.6.jar
br.com.sawcunhaos.organization.domain.corporate.employee.internal.EmployeeQueryRepository	io.hypersistence.utils.spring.repository.BaseJpaRepository	externo	hypersistence-utils-hibernate-71-3.15.5.jar
br.com.sawcunhaos.organization.domain.corporate.employee.internal.EmployeeQueryRepository	java.lang.Long	jdk	java.base
br.com.sawcunhaos.organization.domain.corporate.employee.internal.EmployeeQueryRepository	java.lang.Object	jdk	java.base
br.com.sawcunhaos.organization.domain.corporate.employee.internal.EmployeeQueryRepository	java.lang.String	jdk	java.base
br.com.sawcunhaos.organization.domain.corporate.employee.internal.EmployeeQueryRepository	java.util.Objects	jdk	java.base
br.com.sawcunhaos.organization.domain.corporate.employee.internal.EmployeeQueryRepository	java.util.Optional	jdk	java.base
br.com.sawcunhaos.organization.domain.corporate.employee.internal.EmployeeQueryRepository	org.springframework.data.domain.Page	externo	spring-data-commons-4.1.1.jar
br.com.sawcunhaos.organization.domain.corporate.employee.internal.EmployeeQueryRepository	org.springframework.data.domain.Pageable	externo	spring-data-commons-4.1.1.jar
br.com.sawcunhaos.organization.domain.corporate.employee.internal.EmployeeQueryRepository	org.springframework.data.jpa.repository.JpaSpecificationExecutor	externo	spring-data-jpa-4.1.1.jar
br.com.sawcunhaos.organization.domain.corporate.employee.internal.EmployeeQueryRepository	org.springframework.data.querydsl.QuerydslPredicateExecutor	externo	spring-data-commons-4.1.1.jar
br.com.sawcunhaos.organization.domain.corporate.employee.internal.EmployeeQueryRepository	org.springframework.stereotype.Repository	externo	spring-context-7.0.9.jar
br.com.sawcunhaos.organization.domain.corporate.employee.internal.EmployeeWorkSchedule	br.com.sawcunhaos.flow.audit.sdk.api.AuditableEntity	externo	not found
br.com.sawcunhaos.organization.domain.corporate.employee.internal.EmployeeWorkSchedule	br.com.sawcunhaos.foundation.jpa.entity.BaseEntity	externo	scos-foundation-jpa-1.2.0-SNAPSHOT.jar
br.com.sawcunhaos.organization.domain.corporate.employee.internal.EmployeeWorkSchedule	br.com.sawcunhaos.organization.domain.corporate.employee.internal.Employee	interno	classes
br.com.sawcunhaos.organization.domain.corporate.employee.internal.EmployeeWorkSchedule	br.com.sawcunhaos.organization.domain.corporate.employee.internal.EmployeeWorkSchedule$EmployeeWorkScheduleBuilder	interno	classes
br.com.sawcunhaos.organization.domain.corporate.employee.internal.EmployeeWorkSchedule	br.com.sawcunhaos.organization.domain.corporate.position.internal.DayOfWeek	interno	classes
br.com.sawcunhaos.organization.domain.corporate.employee.internal.EmployeeWorkSchedule	jakarta.persistence.Column	externo	jakarta.persistence-api-3.2.0.jar
br.com.sawcunhaos.organization.domain.corporate.employee.internal.EmployeeWorkSchedule	jakarta.persistence.Entity	externo	jakarta.persistence-api-3.2.0.jar
br.com.sawcunhaos.organization.domain.corporate.employee.internal.EmployeeWorkSchedule	jakarta.persistence.Enumerated	externo	jakarta.persistence-api-3.2.0.jar
br.com.sawcunhaos.organization.domain.corporate.employee.internal.EmployeeWorkSchedule	jakarta.persistence.GeneratedValue	externo	jakarta.persistence-api-3.2.0.jar
br.com.sawcunhaos.organization.domain.corporate.employee.internal.EmployeeWorkSchedule	jakarta.persistence.Id	externo	jakarta.persistence-api-3.2.0.jar
br.com.sawcunhaos.organization.domain.corporate.employee.internal.EmployeeWorkSchedule	jakarta.persistence.JoinColumn	externo	jakarta.persistence-api-3.2.0.jar
br.com.sawcunhaos.organization.domain.corporate.employee.internal.EmployeeWorkSchedule	jakarta.persistence.ManyToOne	externo	jakarta.persistence-api-3.2.0.jar
br.com.sawcunhaos.organization.domain.corporate.employee.internal.EmployeeWorkSchedule	jakarta.persistence.Table	externo	jakarta.persistence-api-3.2.0.jar
br.com.sawcunhaos.organization.domain.corporate.employee.internal.EmployeeWorkSchedule	java.lang.Long	jdk	java.base
br.com.sawcunhaos.organization.domain.corporate.employee.internal.EmployeeWorkSchedule	java.time.LocalTime	jdk	java.base
br.com.sawcunhaos.organization.domain.corporate.employee.internal.EmployeeWorkSchedule$EmployeeWorkScheduleBuilder	br.com.sawcunhaos.organization.domain.corporate.employee.internal.Employee	interno	classes
br.com.sawcunhaos.organization.domain.corporate.employee.internal.EmployeeWorkSchedule$EmployeeWorkScheduleBuilder	br.com.sawcunhaos.organization.domain.corporate.employee.internal.EmployeeWorkSchedule	interno	classes
br.com.sawcunhaos.organization.domain.corporate.employee.internal.EmployeeWorkSchedule$EmployeeWorkScheduleBuilder	br.com.sawcunhaos.organization.domain.corporate.position.internal.DayOfWeek	interno	classes
br.com.sawcunhaos.organization.domain.corporate.employee.internal.EmployeeWorkSchedule$EmployeeWorkScheduleBuilder	java.lang.Long	jdk	java.base
br.com.sawcunhaos.organization.domain.corporate.employee.internal.EmployeeWorkSchedule$EmployeeWorkScheduleBuilder	java.lang.Object	jdk	java.base
br.com.sawcunhaos.organization.domain.corporate.employee.internal.EmployeeWorkSchedule$EmployeeWorkScheduleBuilder	java.lang.String	jdk	java.base
br.com.sawcunhaos.organization.domain.corporate.employee.internal.EmployeeWorkSchedule$EmployeeWorkScheduleBuilder	java.lang.invoke.CallSite	jdk	java.base
br.com.sawcunhaos.organization.domain.corporate.employee.internal.EmployeeWorkSchedule$EmployeeWorkScheduleBuilder	java.lang.invoke.MethodHandles	jdk	java.base
br.com.sawcunhaos.organization.domain.corporate.employee.internal.EmployeeWorkSchedule$EmployeeWorkScheduleBuilder	java.lang.invoke.MethodHandles$Lookup	jdk	java.base
br.com.sawcunhaos.organization.domain.corporate.employee.internal.EmployeeWorkSchedule$EmployeeWorkScheduleBuilder	java.lang.invoke.MethodType	jdk	java.base
br.com.sawcunhaos.organization.domain.corporate.employee.internal.EmployeeWorkSchedule$EmployeeWorkScheduleBuilder	java.lang.invoke.StringConcatFactory	jdk	java.base
br.com.sawcunhaos.organization.domain.corporate.employee.internal.EmployeeWorkSchedule$EmployeeWorkScheduleBuilder	java.time.LocalTime	jdk	java.base
br.com.sawcunhaos.organization.domain.corporate.employee.internal.EmployeeWorkScheduleRepository	br.com.sawcunhaos.organization.domain.corporate.employee.internal.EmployeeWorkSchedule	interno	classes
br.com.sawcunhaos.organization.domain.corporate.employee.internal.EmployeeWorkScheduleRepository	io.hypersistence.utils.spring.repository.BaseJpaRepository	externo	hypersistence-utils-hibernate-71-3.15.5.jar
br.com.sawcunhaos.organization.domain.corporate.employee.internal.EmployeeWorkScheduleRepository	java.lang.Long	jdk	java.base
br.com.sawcunhaos.organization.domain.corporate.employee.internal.EmployeeWorkScheduleRepository	java.lang.Object	jdk	java.base
br.com.sawcunhaos.organization.domain.corporate.employee.internal.EmployeeWorkScheduleRepository	org.springframework.data.jpa.repository.JpaSpecificationExecutor	externo	spring-data-jpa-4.1.1.jar
br.com.sawcunhaos.organization.domain.corporate.employee.internal.EmployeeWorkScheduleRepository	org.springframework.data.querydsl.QuerydslPredicateExecutor	externo	spring-data-commons-4.1.1.jar
br.com.sawcunhaos.organization.domain.corporate.employee.internal.EmployeeWorkScheduleRepository	org.springframework.stereotype.Repository	externo	spring-context-7.0.9.jar
br.com.sawcunhaos.organization.domain.corporate.employee.internal.QEmployee	br.com.sawcunhaos.foundation.jpa.entity.QBaseEntity	externo	scos-foundation-jpa-1.2.0-SNAPSHOT.jar
br.com.sawcunhaos.organization.domain.corporate.employee.internal.QEmployee	br.com.sawcunhaos.foundation.validation.valueobjects.QCpf	externo	scos-foundation-validation-1.2.0-SNAPSHOT.jar
br.com.sawcunhaos.organization.domain.corporate.employee.internal.QEmployee	br.com.sawcunhaos.foundation.validation.valueobjects.QEmail	externo	scos-foundation-validation-1.2.0-SNAPSHOT.jar
br.com.sawcunhaos.organization.domain.corporate.employee.internal.QEmployee	br.com.sawcunhaos.organization.domain.access.login.internal.Login	interno	classes
br.com.sawcunhaos.organization.domain.corporate.employee.internal.QEmployee	br.com.sawcunhaos.organization.domain.access.login.internal.QLogin	interno	classes
br.com.sawcunhaos.organization.domain.corporate.employee.internal.QEmployee	br.com.sawcunhaos.organization.domain.corporate.company.internal.QCompany	interno	classes
br.com.sawcunhaos.organization.domain.corporate.employee.internal.QEmployee	br.com.sawcunhaos.organization.domain.corporate.employee.internal.Employee	interno	classes
br.com.sawcunhaos.organization.domain.corporate.employee.internal.QEmployee	br.com.sawcunhaos.organization.domain.corporate.employee.internal.EmployeeContractType	interno	classes
br.com.sawcunhaos.organization.domain.corporate.employee.internal.QEmployee	br.com.sawcunhaos.organization.domain.corporate.employee.internal.StatusEmployee	interno	classes
br.com.sawcunhaos.organization.domain.corporate.employee.internal.QEmployee	br.com.sawcunhaos.organization.domain.corporate.position.internal.QPosition	interno	classes
br.com.sawcunhaos.organization.domain.corporate.employee.internal.QEmployee	com.querydsl.core.types.Path	externo	querydsl-core-7.6.jar
br.com.sawcunhaos.organization.domain.corporate.employee.internal.QEmployee	com.querydsl.core.types.PathMetadata	externo	querydsl-core-7.6.jar
br.com.sawcunhaos.organization.domain.corporate.employee.internal.QEmployee	com.querydsl.core.types.PathMetadataFactory	externo	querydsl-core-7.6.jar
br.com.sawcunhaos.organization.domain.corporate.employee.internal.QEmployee	com.querydsl.core.types.dsl.DatePath	externo	querydsl-core-7.6.jar
br.com.sawcunhaos.organization.domain.corporate.employee.internal.QEmployee	com.querydsl.core.types.dsl.DateTimePath	externo	querydsl-core-7.6.jar
br.com.sawcunhaos.organization.domain.corporate.employee.internal.QEmployee	com.querydsl.core.types.dsl.EntityPathBase	externo	querydsl-core-7.6.jar
br.com.sawcunhaos.organization.domain.corporate.employee.internal.QEmployee	com.querydsl.core.types.dsl.EnumPath	externo	querydsl-core-7.6.jar
br.com.sawcunhaos.organization.domain.corporate.employee.internal.QEmployee	com.querydsl.core.types.dsl.NumberPath	externo	querydsl-core-7.6.jar
br.com.sawcunhaos.organization.domain.corporate.employee.internal.QEmployee	com.querydsl.core.types.dsl.PathInits	externo	querydsl-core-7.6.jar
br.com.sawcunhaos.organization.domain.corporate.employee.internal.QEmployee	com.querydsl.core.types.dsl.SetPath	externo	querydsl-core-7.6.jar
br.com.sawcunhaos.organization.domain.corporate.employee.internal.QEmployee	com.querydsl.core.types.dsl.StringPath	externo	querydsl-core-7.6.jar
br.com.sawcunhaos.organization.domain.corporate.employee.internal.QEmployee	java.lang.Class	jdk	java.base
br.com.sawcunhaos.organization.domain.corporate.employee.internal.QEmployee	java.lang.Long	jdk	java.base
br.com.sawcunhaos.organization.domain.corporate.employee.internal.QEmployee	java.lang.String	jdk	java.base
br.com.sawcunhaos.organization.domain.corporate.employee.internal.QEmployee	java.time.Instant	jdk	java.base
br.com.sawcunhaos.organization.domain.corporate.employee.internal.QEmployee	java.time.LocalDate	jdk	java.base
br.com.sawcunhaos.organization.domain.corporate.employee.internal.QEmployeeAddress	br.com.sawcunhaos.foundation.jpa.entity.QBaseEntity	externo	scos-foundation-jpa-1.2.0-SNAPSHOT.jar
br.com.sawcunhaos.organization.domain.corporate.employee.internal.QEmployeeAddress	br.com.sawcunhaos.organization.domain.corporate.catalog.internal.QAddressType	interno	classes
br.com.sawcunhaos.organization.domain.corporate.employee.internal.QEmployeeAddress	br.com.sawcunhaos.organization.domain.corporate.employee.internal.EmployeeAddress	interno	classes
br.com.sawcunhaos.organization.domain.corporate.employee.internal.QEmployeeAddress	br.com.sawcunhaos.organization.domain.corporate.employee.internal.QEmployee	interno	classes
br.com.sawcunhaos.organization.domain.corporate.employee.internal.QEmployeeAddress	br.com.sawcunhaos.organization.domain.corporate.employee.internal.QEmployeeAddressPk	interno	classes
br.com.sawcunhaos.organization.domain.corporate.employee.internal.QEmployeeAddress	com.querydsl.core.types.Path	externo	querydsl-core-7.6.jar
br.com.sawcunhaos.organization.domain.corporate.employee.internal.QEmployeeAddress	com.querydsl.core.types.PathMetadata	externo	querydsl-core-7.6.jar
br.com.sawcunhaos.organization.domain.corporate.employee.internal.QEmployeeAddress	com.querydsl.core.types.PathMetadataFactory	externo	querydsl-core-7.6.jar
br.com.sawcunhaos.organization.domain.corporate.employee.internal.QEmployeeAddress	com.querydsl.core.types.dsl.ComparablePath	externo	querydsl-core-7.6.jar
br.com.sawcunhaos.organization.domain.corporate.employee.internal.QEmployeeAddress	com.querydsl.core.types.dsl.DateTimePath	externo	querydsl-core-7.6.jar
br.com.sawcunhaos.organization.domain.corporate.employee.internal.QEmployeeAddress	com.querydsl.core.types.dsl.EntityPathBase	externo	querydsl-core-7.6.jar
br.com.sawcunhaos.organization.domain.corporate.employee.internal.QEmployeeAddress	com.querydsl.core.types.dsl.NumberPath	externo	querydsl-core-7.6.jar
br.com.sawcunhaos.organization.domain.corporate.employee.internal.QEmployeeAddress	com.querydsl.core.types.dsl.PathInits	externo	querydsl-core-7.6.jar
br.com.sawcunhaos.organization.domain.corporate.employee.internal.QEmployeeAddress	com.querydsl.core.types.dsl.StringPath	externo	querydsl-core-7.6.jar
br.com.sawcunhaos.organization.domain.corporate.employee.internal.QEmployeeAddress	java.lang.Class	jdk	java.base
br.com.sawcunhaos.organization.domain.corporate.employee.internal.QEmployeeAddress	java.lang.Integer	jdk	java.base
br.com.sawcunhaos.organization.domain.corporate.employee.internal.QEmployeeAddress	java.lang.String	jdk	java.base
br.com.sawcunhaos.organization.domain.corporate.employee.internal.QEmployeeAddress	java.time.Instant	jdk	java.base
br.com.sawcunhaos.organization.domain.corporate.employee.internal.QEmployeeAddress	org.locationtech.jts.geom.Point	externo	jts-core-1.20.0.jar
br.com.sawcunhaos.organization.domain.corporate.employee.internal.QEmployeeAddressPk	br.com.sawcunhaos.organization.domain.corporate.employee.internal.EmployeeAddressPk	interno	classes
br.com.sawcunhaos.organization.domain.corporate.employee.internal.QEmployeeAddressPk	com.querydsl.core.types.Path	externo	querydsl-core-7.6.jar
br.com.sawcunhaos.organization.domain.corporate.employee.internal.QEmployeeAddressPk	com.querydsl.core.types.PathMetadata	externo	querydsl-core-7.6.jar
br.com.sawcunhaos.organization.domain.corporate.employee.internal.QEmployeeAddressPk	com.querydsl.core.types.PathMetadataFactory	externo	querydsl-core-7.6.jar
br.com.sawcunhaos.organization.domain.corporate.employee.internal.QEmployeeAddressPk	com.querydsl.core.types.dsl.BeanPath	externo	querydsl-core-7.6.jar
br.com.sawcunhaos.organization.domain.corporate.employee.internal.QEmployeeAddressPk	com.querydsl.core.types.dsl.NumberPath	externo	querydsl-core-7.6.jar
br.com.sawcunhaos.organization.domain.corporate.employee.internal.QEmployeeAddressPk	java.lang.Class	jdk	java.base
br.com.sawcunhaos.organization.domain.corporate.employee.internal.QEmployeeAddressPk	java.lang.Long	jdk	java.base
br.com.sawcunhaos.organization.domain.corporate.employee.internal.QEmployeeAddressPk	java.lang.String	jdk	java.base
br.com.sawcunhaos.organization.domain.corporate.employee.internal.QEmployeeContact	br.com.sawcunhaos.foundation.jpa.entity.QBaseEntity	externo	scos-foundation-jpa-1.2.0-SNAPSHOT.jar
br.com.sawcunhaos.organization.domain.corporate.employee.internal.QEmployeeContact	br.com.sawcunhaos.organization.domain.corporate.catalog.internal.QContactType	interno	classes
br.com.sawcunhaos.organization.domain.corporate.employee.internal.QEmployeeContact	br.com.sawcunhaos.organization.domain.corporate.employee.internal.EmployeeContact	interno	classes
br.com.sawcunhaos.organization.domain.corporate.employee.internal.QEmployeeContact	br.com.sawcunhaos.organization.domain.corporate.employee.internal.QEmployee	interno	classes
br.com.sawcunhaos.organization.domain.corporate.employee.internal.QEmployeeContact	com.querydsl.core.types.Path	externo	querydsl-core-7.6.jar
br.com.sawcunhaos.organization.domain.corporate.employee.internal.QEmployeeContact	com.querydsl.core.types.PathMetadata	externo	querydsl-core-7.6.jar
br.com.sawcunhaos.organization.domain.corporate.employee.internal.QEmployeeContact	com.querydsl.core.types.PathMetadataFactory	externo	querydsl-core-7.6.jar
br.com.sawcunhaos.organization.domain.corporate.employee.internal.QEmployeeContact	com.querydsl.core.types.dsl.DateTimePath	externo	querydsl-core-7.6.jar
br.com.sawcunhaos.organization.domain.corporate.employee.internal.QEmployeeContact	com.querydsl.core.types.dsl.EntityPathBase	externo	querydsl-core-7.6.jar
br.com.sawcunhaos.organization.domain.corporate.employee.internal.QEmployeeContact	com.querydsl.core.types.dsl.NumberPath	externo	querydsl-core-7.6.jar
br.com.sawcunhaos.organization.domain.corporate.employee.internal.QEmployeeContact	com.querydsl.core.types.dsl.PathInits	externo	querydsl-core-7.6.jar
br.com.sawcunhaos.organization.domain.corporate.employee.internal.QEmployeeContact	com.querydsl.core.types.dsl.StringPath	externo	querydsl-core-7.6.jar
br.com.sawcunhaos.organization.domain.corporate.employee.internal.QEmployeeContact	java.lang.Class	jdk	java.base
br.com.sawcunhaos.organization.domain.corporate.employee.internal.QEmployeeContact	java.lang.Long	jdk	java.base
br.com.sawcunhaos.organization.domain.corporate.employee.internal.QEmployeeContact	java.lang.String	jdk	java.base
br.com.sawcunhaos.organization.domain.corporate.employee.internal.QEmployeeContact	java.time.Instant	jdk	java.base
br.com.sawcunhaos.organization.domain.corporate.employee.internal.QEmployeePositionHistory	br.com.sawcunhaos.organization.domain.corporate.employee.internal.EmployeePositionHistory	interno	classes
br.com.sawcunhaos.organization.domain.corporate.employee.internal.QEmployeePositionHistory	br.com.sawcunhaos.organization.domain.corporate.employee.internal.QEmployee	interno	classes
br.com.sawcunhaos.organization.domain.corporate.employee.internal.QEmployeePositionHistory	br.com.sawcunhaos.organization.domain.corporate.employee.internal.QReasonPositionChange	interno	classes
br.com.sawcunhaos.organization.domain.corporate.employee.internal.QEmployeePositionHistory	br.com.sawcunhaos.organization.domain.corporate.position.internal.QPosition	interno	classes
br.com.sawcunhaos.organization.domain.corporate.employee.internal.QEmployeePositionHistory	com.querydsl.core.types.Path	externo	querydsl-core-7.6.jar
br.com.sawcunhaos.organization.domain.corporate.employee.internal.QEmployeePositionHistory	com.querydsl.core.types.PathMetadata	externo	querydsl-core-7.6.jar
br.com.sawcunhaos.organization.domain.corporate.employee.internal.QEmployeePositionHistory	com.querydsl.core.types.PathMetadataFactory	externo	querydsl-core-7.6.jar
br.com.sawcunhaos.organization.domain.corporate.employee.internal.QEmployeePositionHistory	com.querydsl.core.types.dsl.DatePath	externo	querydsl-core-7.6.jar
br.com.sawcunhaos.organization.domain.corporate.employee.internal.QEmployeePositionHistory	com.querydsl.core.types.dsl.DateTimePath	externo	querydsl-core-7.6.jar
br.com.sawcunhaos.organization.domain.corporate.employee.internal.QEmployeePositionHistory	com.querydsl.core.types.dsl.EntityPathBase	externo	querydsl-core-7.6.jar
br.com.sawcunhaos.organization.domain.corporate.employee.internal.QEmployeePositionHistory	com.querydsl.core.types.dsl.NumberPath	externo	querydsl-core-7.6.jar
br.com.sawcunhaos.organization.domain.corporate.employee.internal.QEmployeePositionHistory	com.querydsl.core.types.dsl.PathInits	externo	querydsl-core-7.6.jar
br.com.sawcunhaos.organization.domain.corporate.employee.internal.QEmployeePositionHistory	com.querydsl.core.types.dsl.StringPath	externo	querydsl-core-7.6.jar
br.com.sawcunhaos.organization.domain.corporate.employee.internal.QEmployeePositionHistory	java.lang.Class	jdk	java.base
br.com.sawcunhaos.organization.domain.corporate.employee.internal.QEmployeePositionHistory	java.lang.Long	jdk	java.base
br.com.sawcunhaos.organization.domain.corporate.employee.internal.QEmployeePositionHistory	java.lang.String	jdk	java.base
br.com.sawcunhaos.organization.domain.corporate.employee.internal.QEmployeePositionHistory	java.time.Instant	jdk	java.base
br.com.sawcunhaos.organization.domain.corporate.employee.internal.QEmployeePositionHistory	java.time.LocalDate	jdk	java.base
br.com.sawcunhaos.organization.domain.corporate.employee.internal.QEmployeeWorkSchedule	br.com.sawcunhaos.foundation.jpa.entity.QBaseEntity	externo	scos-foundation-jpa-1.2.0-SNAPSHOT.jar
br.com.sawcunhaos.organization.domain.corporate.employee.internal.QEmployeeWorkSchedule	br.com.sawcunhaos.organization.domain.corporate.employee.internal.EmployeeWorkSchedule	interno	classes
br.com.sawcunhaos.organization.domain.corporate.employee.internal.QEmployeeWorkSchedule	br.com.sawcunhaos.organization.domain.corporate.employee.internal.QEmployee	interno	classes
br.com.sawcunhaos.organization.domain.corporate.employee.internal.QEmployeeWorkSchedule	br.com.sawcunhaos.organization.domain.corporate.position.internal.DayOfWeek	interno	classes
br.com.sawcunhaos.organization.domain.corporate.employee.internal.QEmployeeWorkSchedule	com.querydsl.core.types.Path	externo	querydsl-core-7.6.jar
br.com.sawcunhaos.organization.domain.corporate.employee.internal.QEmployeeWorkSchedule	com.querydsl.core.types.PathMetadata	externo	querydsl-core-7.6.jar
br.com.sawcunhaos.organization.domain.corporate.employee.internal.QEmployeeWorkSchedule	com.querydsl.core.types.PathMetadataFactory	externo	querydsl-core-7.6.jar
br.com.sawcunhaos.organization.domain.corporate.employee.internal.QEmployeeWorkSchedule	com.querydsl.core.types.dsl.DateTimePath	externo	querydsl-core-7.6.jar
br.com.sawcunhaos.organization.domain.corporate.employee.internal.QEmployeeWorkSchedule	com.querydsl.core.types.dsl.EntityPathBase	externo	querydsl-core-7.6.jar
br.com.sawcunhaos.organization.domain.corporate.employee.internal.QEmployeeWorkSchedule	com.querydsl.core.types.dsl.EnumPath	externo	querydsl-core-7.6.jar
br.com.sawcunhaos.organization.domain.corporate.employee.internal.QEmployeeWorkSchedule	com.querydsl.core.types.dsl.NumberPath	externo	querydsl-core-7.6.jar
br.com.sawcunhaos.organization.domain.corporate.employee.internal.QEmployeeWorkSchedule	com.querydsl.core.types.dsl.PathInits	externo	querydsl-core-7.6.jar
br.com.sawcunhaos.organization.domain.corporate.employee.internal.QEmployeeWorkSchedule	com.querydsl.core.types.dsl.StringPath	externo	querydsl-core-7.6.jar
br.com.sawcunhaos.organization.domain.corporate.employee.internal.QEmployeeWorkSchedule	com.querydsl.core.types.dsl.TimePath	externo	querydsl-core-7.6.jar
br.com.sawcunhaos.organization.domain.corporate.employee.internal.QEmployeeWorkSchedule	java.lang.Class	jdk	java.base
br.com.sawcunhaos.organization.domain.corporate.employee.internal.QEmployeeWorkSchedule	java.lang.Long	jdk	java.base
br.com.sawcunhaos.organization.domain.corporate.employee.internal.QEmployeeWorkSchedule	java.lang.String	jdk	java.base
br.com.sawcunhaos.organization.domain.corporate.employee.internal.QEmployeeWorkSchedule	java.time.Instant	jdk	java.base
br.com.sawcunhaos.organization.domain.corporate.employee.internal.QEmployeeWorkSchedule	java.time.LocalTime	jdk	java.base
br.com.sawcunhaos.organization.domain.corporate.employee.internal.QReasonPositionChange	br.com.sawcunhaos.foundation.jpa.entity.QBaseEntity	externo	scos-foundation-jpa-1.2.0-SNAPSHOT.jar
br.com.sawcunhaos.organization.domain.corporate.employee.internal.QReasonPositionChange	br.com.sawcunhaos.organization.domain.corporate.employee.internal.ReasonPositionChange	interno	classes
br.com.sawcunhaos.organization.domain.corporate.employee.internal.QReasonPositionChange	com.querydsl.core.types.Path	externo	querydsl-core-7.6.jar
br.com.sawcunhaos.organization.domain.corporate.employee.internal.QReasonPositionChange	com.querydsl.core.types.PathMetadata	externo	querydsl-core-7.6.jar
br.com.sawcunhaos.organization.domain.corporate.employee.internal.QReasonPositionChange	com.querydsl.core.types.PathMetadataFactory	externo	querydsl-core-7.6.jar
br.com.sawcunhaos.organization.domain.corporate.employee.internal.QReasonPositionChange	com.querydsl.core.types.dsl.BooleanPath	externo	querydsl-core-7.6.jar
br.com.sawcunhaos.organization.domain.corporate.employee.internal.QReasonPositionChange	com.querydsl.core.types.dsl.DateTimePath	externo	querydsl-core-7.6.jar
br.com.sawcunhaos.organization.domain.corporate.employee.internal.QReasonPositionChange	com.querydsl.core.types.dsl.EntityPathBase	externo	querydsl-core-7.6.jar
br.com.sawcunhaos.organization.domain.corporate.employee.internal.QReasonPositionChange	com.querydsl.core.types.dsl.NumberPath	externo	querydsl-core-7.6.jar
br.com.sawcunhaos.organization.domain.corporate.employee.internal.QReasonPositionChange	com.querydsl.core.types.dsl.StringPath	externo	querydsl-core-7.6.jar
br.com.sawcunhaos.organization.domain.corporate.employee.internal.QReasonPositionChange	java.lang.Class	jdk	java.base
br.com.sawcunhaos.organization.domain.corporate.employee.internal.QReasonPositionChange	java.lang.Long	jdk	java.base
br.com.sawcunhaos.organization.domain.corporate.employee.internal.QReasonPositionChange	java.lang.String	jdk	java.base
br.com.sawcunhaos.organization.domain.corporate.employee.internal.QReasonPositionChange	java.time.Instant	jdk	java.base
br.com.sawcunhaos.organization.domain.corporate.employee.internal.ReasonPositionChange	br.com.sawcunhaos.flow.audit.sdk.api.AuditableEntity	externo	not found
br.com.sawcunhaos.organization.domain.corporate.employee.internal.ReasonPositionChange	br.com.sawcunhaos.foundation.jpa.entity.BaseEntity	externo	scos-foundation-jpa-1.2.0-SNAPSHOT.jar
br.com.sawcunhaos.organization.domain.corporate.employee.internal.ReasonPositionChange	br.com.sawcunhaos.organization.domain.corporate.employee.internal.ReasonPositionChange$ReasonPositionChangeBuilder	interno	classes
br.com.sawcunhaos.organization.domain.corporate.employee.internal.ReasonPositionChange	jakarta.persistence.Column	externo	jakarta.persistence-api-3.2.0.jar
br.com.sawcunhaos.organization.domain.corporate.employee.internal.ReasonPositionChange	jakarta.persistence.Entity	externo	jakarta.persistence-api-3.2.0.jar
br.com.sawcunhaos.organization.domain.corporate.employee.internal.ReasonPositionChange	jakarta.persistence.GeneratedValue	externo	jakarta.persistence-api-3.2.0.jar
br.com.sawcunhaos.organization.domain.corporate.employee.internal.ReasonPositionChange	jakarta.persistence.Id	externo	jakarta.persistence-api-3.2.0.jar
br.com.sawcunhaos.organization.domain.corporate.employee.internal.ReasonPositionChange	jakarta.persistence.Table	externo	jakarta.persistence-api-3.2.0.jar
br.com.sawcunhaos.organization.domain.corporate.employee.internal.ReasonPositionChange	java.lang.Long	jdk	java.base
br.com.sawcunhaos.organization.domain.corporate.employee.internal.ReasonPositionChange	java.lang.String	jdk	java.base
br.com.sawcunhaos.organization.domain.corporate.employee.internal.ReasonPositionChange$ReasonPositionChangeBuilder	br.com.sawcunhaos.organization.domain.corporate.employee.internal.ReasonPositionChange	interno	classes
br.com.sawcunhaos.organization.domain.corporate.employee.internal.ReasonPositionChange$ReasonPositionChangeBuilder	java.lang.Long	jdk	java.base
br.com.sawcunhaos.organization.domain.corporate.employee.internal.ReasonPositionChange$ReasonPositionChangeBuilder	java.lang.Object	jdk	java.base
br.com.sawcunhaos.organization.domain.corporate.employee.internal.ReasonPositionChange$ReasonPositionChangeBuilder	java.lang.String	jdk	java.base
br.com.sawcunhaos.organization.domain.corporate.employee.internal.ReasonPositionChange$ReasonPositionChangeBuilder	java.lang.invoke.CallSite	jdk	java.base
br.com.sawcunhaos.organization.domain.corporate.employee.internal.ReasonPositionChange$ReasonPositionChangeBuilder	java.lang.invoke.MethodHandles	jdk	java.base
br.com.sawcunhaos.organization.domain.corporate.employee.internal.ReasonPositionChange$ReasonPositionChangeBuilder	java.lang.invoke.MethodHandles$Lookup	jdk	java.base
br.com.sawcunhaos.organization.domain.corporate.employee.internal.ReasonPositionChange$ReasonPositionChangeBuilder	java.lang.invoke.MethodType	jdk	java.base
br.com.sawcunhaos.organization.domain.corporate.employee.internal.ReasonPositionChange$ReasonPositionChangeBuilder	java.lang.invoke.StringConcatFactory	jdk	java.base
br.com.sawcunhaos.organization.domain.corporate.employee.internal.ReasonPositionChangeRepository	br.com.sawcunhaos.organization.domain.corporate.employee.internal.ReasonPositionChange	interno	classes
br.com.sawcunhaos.organization.domain.corporate.employee.internal.ReasonPositionChangeRepository	io.hypersistence.utils.spring.repository.BaseJpaRepository	externo	hypersistence-utils-hibernate-71-3.15.5.jar
br.com.sawcunhaos.organization.domain.corporate.employee.internal.ReasonPositionChangeRepository	java.lang.Long	jdk	java.base
br.com.sawcunhaos.organization.domain.corporate.employee.internal.ReasonPositionChangeRepository	java.lang.Object	jdk	java.base
br.com.sawcunhaos.organization.domain.corporate.employee.internal.ReasonPositionChangeRepository	java.lang.String	jdk	java.base
br.com.sawcunhaos.organization.domain.corporate.employee.internal.ReasonPositionChangeRepository	java.util.Optional	jdk	java.base
br.com.sawcunhaos.organization.domain.corporate.employee.internal.ReasonPositionChangeRepository	org.springframework.data.jpa.repository.JpaSpecificationExecutor	externo	spring-data-jpa-4.1.1.jar
br.com.sawcunhaos.organization.domain.corporate.employee.internal.ReasonPositionChangeRepository	org.springframework.data.querydsl.QuerydslPredicateExecutor	externo	spring-data-commons-4.1.1.jar
br.com.sawcunhaos.organization.domain.corporate.employee.internal.ReasonPositionChangeRepository	org.springframework.stereotype.Repository	externo	spring-context-7.0.9.jar
br.com.sawcunhaos.organization.domain.corporate.employee.internal.StatusEmployee	java.lang.Class	jdk	java.base
br.com.sawcunhaos.organization.domain.corporate.employee.internal.StatusEmployee	java.lang.Enum	jdk	java.base
br.com.sawcunhaos.organization.domain.corporate.employee.internal.StatusEmployee	java.lang.Object	jdk	java.base
br.com.sawcunhaos.organization.domain.corporate.employee.internal.StatusEmployee	java.lang.String	jdk	java.base
br.com.sawcunhaos.organization.domain.corporate.employee.internal.StatusEmployee	java.lang.System	jdk	java.base
br.com.sawcunhaos.organization.domain.corporate.employee.service.EmployeePositionQueryServiceBean	br.com.sawcunhaos.organization.domain.corporate.employee.internal.EmployeeQueryRepository	interno	classes
br.com.sawcunhaos.organization.domain.corporate.employee.service.EmployeePositionQueryServiceBean	br.com.sawcunhaos.organization.domain.corporate.employee.internal.StatusEmployee	interno	classes
br.com.sawcunhaos.organization.domain.corporate.employee.service.EmployeePositionQueryServiceBean	br.com.sawcunhaos.organization.domain.corporate.employee.specification.EmployeePositionQueryService	interno	classes
br.com.sawcunhaos.organization.domain.corporate.employee.service.EmployeePositionQueryServiceBean	java.lang.Class	jdk	java.base
br.com.sawcunhaos.organization.domain.corporate.employee.service.EmployeePositionQueryServiceBean	java.lang.Long	jdk	java.base
br.com.sawcunhaos.organization.domain.corporate.employee.service.EmployeePositionQueryServiceBean	java.lang.Object	jdk	java.base
br.com.sawcunhaos.organization.domain.corporate.employee.service.EmployeePositionQueryServiceBean	java.lang.String	jdk	java.base
br.com.sawcunhaos.organization.domain.corporate.employee.service.EmployeePositionQueryServiceBean	org.slf4j.Logger	externo	slf4j-api-2.0.18.jar
br.com.sawcunhaos.organization.domain.corporate.employee.service.EmployeePositionQueryServiceBean	org.slf4j.LoggerFactory	externo	slf4j-api-2.0.18.jar
br.com.sawcunhaos.organization.domain.corporate.employee.service.EmployeePositionQueryServiceBean	org.springframework.stereotype.Service	externo	spring-context-7.0.9.jar
br.com.sawcunhaos.organization.domain.corporate.employee.service.EmployeePositionQueryServiceBean	org.springframework.transaction.annotation.Transactional	externo	spring-tx-7.0.9.jar
br.com.sawcunhaos.organization.domain.corporate.employee.service.EmployeeServiceBean	br.com.sawcunhaos.foundation.core.exception.ScosException	externo	scos-foundation-core-1.2.0-SNAPSHOT.jar
br.com.sawcunhaos.organization.domain.corporate.employee.service.EmployeeServiceBean	br.com.sawcunhaos.foundation.core.specification.ExceptionCode	externo	scos-foundation-core-1.2.0-SNAPSHOT.jar
br.com.sawcunhaos.organization.domain.corporate.employee.service.EmployeeServiceBean	br.com.sawcunhaos.foundation.core.specification.ScosUserAuthentication	externo	scos-foundation-core-1.2.0-SNAPSHOT.jar
br.com.sawcunhaos.organization.domain.corporate.employee.service.EmployeeServiceBean	br.com.sawcunhaos.foundation.validation.valueobjects.Cpf	externo	scos-foundation-validation-1.2.0-SNAPSHOT.jar
br.com.sawcunhaos.organization.domain.corporate.employee.service.EmployeeServiceBean	br.com.sawcunhaos.foundation.validation.valueobjects.Email	externo	scos-foundation-validation-1.2.0-SNAPSHOT.jar
br.com.sawcunhaos.organization.domain.corporate.employee.service.EmployeeServiceBean	br.com.sawcunhaos.organization.domain.access.status.dto.ReasonActivateOutput	interno	classes
br.com.sawcunhaos.organization.domain.corporate.employee.service.EmployeeServiceBean	br.com.sawcunhaos.organization.domain.access.status.dto.ReasonDisableOutput	interno	classes
br.com.sawcunhaos.organization.domain.corporate.employee.service.EmployeeServiceBean	br.com.sawcunhaos.organization.domain.access.status.dto.ReasonEnableOutput	interno	classes
br.com.sawcunhaos.organization.domain.corporate.employee.service.EmployeeServiceBean	br.com.sawcunhaos.organization.domain.access.status.dto.ReasonInactivateOutput	interno	classes
br.com.sawcunhaos.organization.domain.corporate.employee.service.EmployeeServiceBean	br.com.sawcunhaos.organization.domain.access.status.internal.EmployeeStatusHistory	interno	classes
br.com.sawcunhaos.organization.domain.corporate.employee.service.EmployeeServiceBean	br.com.sawcunhaos.organization.domain.access.status.internal.EmployeeStatusHistory$EmployeeStatusHistoryBuilder	interno	classes
br.com.sawcunhaos.organization.domain.corporate.employee.service.EmployeeServiceBean	br.com.sawcunhaos.organization.domain.access.status.internal.EmployeeStatusHistoryRepository	interno	classes
br.com.sawcunhaos.organization.domain.corporate.employee.service.EmployeeServiceBean	br.com.sawcunhaos.organization.domain.access.status.internal.EntityType	interno	classes
br.com.sawcunhaos.organization.domain.corporate.employee.service.EmployeeServiceBean	br.com.sawcunhaos.organization.domain.access.status.internal.ReasonActivate	interno	classes
br.com.sawcunhaos.organization.domain.corporate.employee.service.EmployeeServiceBean	br.com.sawcunhaos.organization.domain.access.status.internal.ReasonActivate$ReasonActivateBuilder	interno	classes
br.com.sawcunhaos.organization.domain.corporate.employee.service.EmployeeServiceBean	br.com.sawcunhaos.organization.domain.access.status.specification.ReasonActivateService	interno	classes
br.com.sawcunhaos.organization.domain.corporate.employee.service.EmployeeServiceBean	br.com.sawcunhaos.organization.domain.access.status.specification.ReasonDisableService	interno	classes
br.com.sawcunhaos.organization.domain.corporate.employee.service.EmployeeServiceBean	br.com.sawcunhaos.organization.domain.access.status.specification.ReasonEnableService	interno	classes
br.com.sawcunhaos.organization.domain.corporate.employee.service.EmployeeServiceBean	br.com.sawcunhaos.organization.domain.access.status.specification.ReasonInactivateService	interno	classes
br.com.sawcunhaos.organization.domain.corporate.employee.service.EmployeeServiceBean	br.com.sawcunhaos.organization.domain.configuration.internal.ConfigurationKey	interno	classes
br.com.sawcunhaos.organization.domain.corporate.employee.service.EmployeeServiceBean	br.com.sawcunhaos.organization.domain.configuration.internal.OrganizationConfiguration	interno	classes
br.com.sawcunhaos.organization.domain.corporate.employee.service.EmployeeServiceBean	br.com.sawcunhaos.organization.domain.configuration.internal.OrganizationConfigurationRepository	interno	classes
br.com.sawcunhaos.organization.domain.corporate.employee.service.EmployeeServiceBean	br.com.sawcunhaos.organization.domain.corporate.company.internal.Company	interno	classes
br.com.sawcunhaos.organization.domain.corporate.employee.service.EmployeeServiceBean	br.com.sawcunhaos.organization.domain.corporate.company.specification.CompanyService	interno	classes
br.com.sawcunhaos.organization.domain.corporate.employee.service.EmployeeServiceBean	br.com.sawcunhaos.organization.domain.corporate.employee.dto.EmployeeInput	interno	classes
br.com.sawcunhaos.organization.domain.corporate.employee.service.EmployeeServiceBean	br.com.sawcunhaos.organization.domain.corporate.employee.dto.EmployeeOutput	interno	classes
br.com.sawcunhaos.organization.domain.corporate.employee.service.EmployeeServiceBean	br.com.sawcunhaos.organization.domain.corporate.employee.dto.EmployeeOutput$EmployeeOutputBuilder	interno	classes
br.com.sawcunhaos.organization.domain.corporate.employee.service.EmployeeServiceBean	br.com.sawcunhaos.organization.domain.corporate.employee.dto.RehireEmployeeInput	interno	classes
br.com.sawcunhaos.organization.domain.corporate.employee.service.EmployeeServiceBean	br.com.sawcunhaos.organization.domain.corporate.employee.internal.Employee	interno	classes
br.com.sawcunhaos.organization.domain.corporate.employee.service.EmployeeServiceBean	br.com.sawcunhaos.organization.domain.corporate.employee.internal.Employee$EmployeeBuilder	interno	classes
br.com.sawcunhaos.organization.domain.corporate.employee.service.EmployeeServiceBean	br.com.sawcunhaos.organization.domain.corporate.employee.internal.EmployeeContractType	interno	classes
br.com.sawcunhaos.organization.domain.corporate.employee.service.EmployeeServiceBean	br.com.sawcunhaos.organization.domain.corporate.employee.internal.EmployeePositionHistory	interno	classes
br.com.sawcunhaos.organization.domain.corporate.employee.service.EmployeeServiceBean	br.com.sawcunhaos.organization.domain.corporate.employee.internal.EmployeePositionHistory$EmployeePositionHistoryBuilder	interno	classes
br.com.sawcunhaos.organization.domain.corporate.employee.service.EmployeeServiceBean	br.com.sawcunhaos.organization.domain.corporate.employee.internal.EmployeePositionHistoryRepository	interno	classes
br.com.sawcunhaos.organization.domain.corporate.employee.service.EmployeeServiceBean	br.com.sawcunhaos.organization.domain.corporate.employee.internal.EmployeeQueryRepository	interno	classes
br.com.sawcunhaos.organization.domain.corporate.employee.service.EmployeeServiceBean	br.com.sawcunhaos.organization.domain.corporate.employee.internal.EmployeeWorkSchedule	interno	classes
br.com.sawcunhaos.organization.domain.corporate.employee.service.EmployeeServiceBean	br.com.sawcunhaos.organization.domain.corporate.employee.internal.EmployeeWorkSchedule$EmployeeWorkScheduleBuilder	interno	classes
br.com.sawcunhaos.organization.domain.corporate.employee.service.EmployeeServiceBean	br.com.sawcunhaos.organization.domain.corporate.employee.internal.EmployeeWorkScheduleRepository	interno	classes
br.com.sawcunhaos.organization.domain.corporate.employee.service.EmployeeServiceBean	br.com.sawcunhaos.organization.domain.corporate.employee.internal.ReasonPositionChange	interno	classes
br.com.sawcunhaos.organization.domain.corporate.employee.service.EmployeeServiceBean	br.com.sawcunhaos.organization.domain.corporate.employee.internal.ReasonPositionChangeRepository	interno	classes
br.com.sawcunhaos.organization.domain.corporate.employee.service.EmployeeServiceBean	br.com.sawcunhaos.organization.domain.corporate.employee.internal.StatusEmployee	interno	classes
br.com.sawcunhaos.organization.domain.corporate.employee.service.EmployeeServiceBean	br.com.sawcunhaos.organization.domain.corporate.employee.specification.EmployeeService	interno	classes
br.com.sawcunhaos.organization.domain.corporate.employee.service.EmployeeServiceBean	br.com.sawcunhaos.organization.domain.corporate.position.internal.DayOfWeek	interno	classes
br.com.sawcunhaos.organization.domain.corporate.employee.service.EmployeeServiceBean	br.com.sawcunhaos.organization.domain.corporate.position.internal.Position	interno	classes
br.com.sawcunhaos.organization.domain.corporate.employee.service.EmployeeServiceBean	br.com.sawcunhaos.organization.domain.corporate.position.internal.PositionWorkSchedule	interno	classes
br.com.sawcunhaos.organization.domain.corporate.employee.service.EmployeeServiceBean	br.com.sawcunhaos.organization.domain.corporate.position.internal.PositionWorkScheduleRepository	interno	classes
br.com.sawcunhaos.organization.domain.corporate.employee.service.EmployeeServiceBean	br.com.sawcunhaos.organization.domain.corporate.position.specification.PositionService	interno	classes
br.com.sawcunhaos.organization.domain.corporate.employee.service.EmployeeServiceBean	br.com.sawcunhaos.organization.shared.exception.ExceptionCodeError	externo	flow-organization-shared-1.0.0-SNAPSHOT.jar
br.com.sawcunhaos.organization.domain.corporate.employee.service.EmployeeServiceBean	java.lang.Class	jdk	java.base
br.com.sawcunhaos.organization.domain.corporate.employee.service.EmployeeServiceBean	java.lang.Integer	jdk	java.base
br.com.sawcunhaos.organization.domain.corporate.employee.service.EmployeeServiceBean	java.lang.Long	jdk	java.base
br.com.sawcunhaos.organization.domain.corporate.employee.service.EmployeeServiceBean	java.lang.Object	jdk	java.base
br.com.sawcunhaos.organization.domain.corporate.employee.service.EmployeeServiceBean	java.lang.String	jdk	java.base
br.com.sawcunhaos.organization.domain.corporate.employee.service.EmployeeServiceBean	java.lang.invoke.CallSite	jdk	java.base
br.com.sawcunhaos.organization.domain.corporate.employee.service.EmployeeServiceBean	java.lang.invoke.LambdaMetafactory	jdk	java.base
br.com.sawcunhaos.organization.domain.corporate.employee.service.EmployeeServiceBean	java.lang.invoke.MethodHandle	jdk	java.base
br.com.sawcunhaos.organization.domain.corporate.employee.service.EmployeeServiceBean	java.lang.invoke.MethodHandles	jdk	java.base
br.com.sawcunhaos.organization.domain.corporate.employee.service.EmployeeServiceBean	java.lang.invoke.MethodHandles$Lookup	jdk	java.base
br.com.sawcunhaos.organization.domain.corporate.employee.service.EmployeeServiceBean	java.lang.invoke.MethodType	jdk	java.base
br.com.sawcunhaos.organization.domain.corporate.employee.service.EmployeeServiceBean	java.lang.invoke.StringConcatFactory	jdk	java.base
br.com.sawcunhaos.organization.domain.corporate.employee.service.EmployeeServiceBean	java.time.Clock	jdk	java.base
br.com.sawcunhaos.organization.domain.corporate.employee.service.EmployeeServiceBean	java.time.LocalDate	jdk	java.base
br.com.sawcunhaos.organization.domain.corporate.employee.service.EmployeeServiceBean	java.time.LocalTime	jdk	java.base
br.com.sawcunhaos.organization.domain.corporate.employee.service.EmployeeServiceBean	java.time.Period	jdk	java.base
br.com.sawcunhaos.organization.domain.corporate.employee.service.EmployeeServiceBean	java.time.chrono.ChronoLocalDate	jdk	java.base
br.com.sawcunhaos.organization.domain.corporate.employee.service.EmployeeServiceBean	java.util.List	jdk	java.base
br.com.sawcunhaos.organization.domain.corporate.employee.service.EmployeeServiceBean	java.util.Optional	jdk	java.base
br.com.sawcunhaos.organization.domain.corporate.employee.service.EmployeeServiceBean	java.util.function.Consumer	jdk	java.base
br.com.sawcunhaos.organization.domain.corporate.employee.service.EmployeeServiceBean	java.util.function.Function	jdk	java.base
br.com.sawcunhaos.organization.domain.corporate.employee.service.EmployeeServiceBean	java.util.function.Supplier	jdk	java.base
br.com.sawcunhaos.organization.domain.corporate.employee.service.EmployeeServiceBean	org.slf4j.Logger	externo	slf4j-api-2.0.18.jar
br.com.sawcunhaos.organization.domain.corporate.employee.service.EmployeeServiceBean	org.slf4j.LoggerFactory	externo	slf4j-api-2.0.18.jar
br.com.sawcunhaos.organization.domain.corporate.employee.service.EmployeeServiceBean	org.springframework.data.domain.Page	externo	spring-data-commons-4.1.1.jar
br.com.sawcunhaos.organization.domain.corporate.employee.service.EmployeeServiceBean	org.springframework.data.domain.Pageable	externo	spring-data-commons-4.1.1.jar
br.com.sawcunhaos.organization.domain.corporate.employee.service.EmployeeServiceBean	org.springframework.stereotype.Service	externo	spring-context-7.0.9.jar
br.com.sawcunhaos.organization.domain.corporate.employee.service.EmployeeServiceBean	org.springframework.transaction.annotation.Transactional	externo	spring-tx-7.0.9.jar
br.com.sawcunhaos.organization.domain.corporate.employee.specification.EmployeePositionQueryService	java.lang.Long	jdk	java.base
br.com.sawcunhaos.organization.domain.corporate.employee.specification.EmployeePositionQueryService	java.lang.Object	jdk	java.base
br.com.sawcunhaos.organization.domain.corporate.employee.specification.EmployeeService	br.com.sawcunhaos.organization.domain.corporate.employee.dto.EmployeeInput	interno	classes
br.com.sawcunhaos.organization.domain.corporate.employee.specification.EmployeeService	br.com.sawcunhaos.organization.domain.corporate.employee.dto.EmployeeOutput	interno	classes
br.com.sawcunhaos.organization.domain.corporate.employee.specification.EmployeeService	br.com.sawcunhaos.organization.domain.corporate.employee.dto.RehireEmployeeInput	interno	classes
br.com.sawcunhaos.organization.domain.corporate.employee.specification.EmployeeService	br.com.sawcunhaos.organization.domain.corporate.employee.internal.StatusEmployee	interno	classes
br.com.sawcunhaos.organization.domain.corporate.employee.specification.EmployeeService	java.lang.Long	jdk	java.base
br.com.sawcunhaos.organization.domain.corporate.employee.specification.EmployeeService	java.lang.Object	jdk	java.base
br.com.sawcunhaos.organization.domain.corporate.employee.specification.EmployeeService	java.lang.String	jdk	java.base
br.com.sawcunhaos.organization.domain.corporate.employee.specification.EmployeeService	java.time.LocalDate	jdk	java.base
br.com.sawcunhaos.organization.domain.corporate.employee.specification.EmployeeService	org.springframework.data.domain.Page	externo	spring-data-commons-4.1.1.jar
br.com.sawcunhaos.organization.domain.corporate.employee.specification.EmployeeService	org.springframework.data.domain.Pageable	externo	spring-data-commons-4.1.1.jar
br.com.sawcunhaos.organization.domain.corporate.position.dto.PositionInput	br.com.sawcunhaos.organization.domain.corporate.position.dto.PositionInput$PositionInputBuilder	interno	classes
br.com.sawcunhaos.organization.domain.corporate.position.dto.PositionInput	java.lang.Class	jdk	java.base
br.com.sawcunhaos.organization.domain.corporate.position.dto.PositionInput	java.lang.Long	jdk	java.base
br.com.sawcunhaos.organization.domain.corporate.position.dto.PositionInput	java.lang.Object	jdk	java.base
br.com.sawcunhaos.organization.domain.corporate.position.dto.PositionInput	java.lang.Record	jdk	java.base
br.com.sawcunhaos.organization.domain.corporate.position.dto.PositionInput	java.lang.String	jdk	java.base
br.com.sawcunhaos.organization.domain.corporate.position.dto.PositionInput	java.lang.invoke.MethodHandle	jdk	java.base
br.com.sawcunhaos.organization.domain.corporate.position.dto.PositionInput	java.lang.invoke.MethodHandles	jdk	java.base
br.com.sawcunhaos.organization.domain.corporate.position.dto.PositionInput	java.lang.invoke.MethodHandles$Lookup	jdk	java.base
br.com.sawcunhaos.organization.domain.corporate.position.dto.PositionInput	java.lang.invoke.TypeDescriptor	jdk	java.base
br.com.sawcunhaos.organization.domain.corporate.position.dto.PositionInput	java.lang.runtime.ObjectMethods	jdk	java.base
br.com.sawcunhaos.organization.domain.corporate.position.dto.PositionInput$PositionInputBuilder	br.com.sawcunhaos.organization.domain.corporate.position.dto.PositionInput	interno	classes
br.com.sawcunhaos.organization.domain.corporate.position.dto.PositionInput$PositionInputBuilder	java.lang.Long	jdk	java.base
br.com.sawcunhaos.organization.domain.corporate.position.dto.PositionInput$PositionInputBuilder	java.lang.Object	jdk	java.base
br.com.sawcunhaos.organization.domain.corporate.position.dto.PositionInput$PositionInputBuilder	java.lang.String	jdk	java.base
br.com.sawcunhaos.organization.domain.corporate.position.dto.PositionInput$PositionInputBuilder	java.lang.invoke.CallSite	jdk	java.base
br.com.sawcunhaos.organization.domain.corporate.position.dto.PositionInput$PositionInputBuilder	java.lang.invoke.MethodHandles	jdk	java.base
br.com.sawcunhaos.organization.domain.corporate.position.dto.PositionInput$PositionInputBuilder	java.lang.invoke.MethodHandles$Lookup	jdk	java.base
br.com.sawcunhaos.organization.domain.corporate.position.dto.PositionInput$PositionInputBuilder	java.lang.invoke.MethodType	jdk	java.base
br.com.sawcunhaos.organization.domain.corporate.position.dto.PositionInput$PositionInputBuilder	java.lang.invoke.StringConcatFactory	jdk	java.base
br.com.sawcunhaos.organization.domain.corporate.position.dto.PositionOutput	br.com.sawcunhaos.organization.domain.corporate.department.dto.DepartmentOutput	interno	classes
br.com.sawcunhaos.organization.domain.corporate.position.dto.PositionOutput	br.com.sawcunhaos.organization.domain.corporate.position.dto.PositionOutput$PositionOutputBuilder	interno	classes
br.com.sawcunhaos.organization.domain.corporate.position.dto.PositionOutput	java.lang.Class	jdk	java.base
br.com.sawcunhaos.organization.domain.corporate.position.dto.PositionOutput	java.lang.Long	jdk	java.base
br.com.sawcunhaos.organization.domain.corporate.position.dto.PositionOutput	java.lang.Object	jdk	java.base
br.com.sawcunhaos.organization.domain.corporate.position.dto.PositionOutput	java.lang.Record	jdk	java.base
br.com.sawcunhaos.organization.domain.corporate.position.dto.PositionOutput	java.lang.String	jdk	java.base
br.com.sawcunhaos.organization.domain.corporate.position.dto.PositionOutput	java.lang.invoke.MethodHandle	jdk	java.base
br.com.sawcunhaos.organization.domain.corporate.position.dto.PositionOutput	java.lang.invoke.MethodHandles	jdk	java.base
br.com.sawcunhaos.organization.domain.corporate.position.dto.PositionOutput	java.lang.invoke.MethodHandles$Lookup	jdk	java.base
br.com.sawcunhaos.organization.domain.corporate.position.dto.PositionOutput	java.lang.invoke.TypeDescriptor	jdk	java.base
br.com.sawcunhaos.organization.domain.corporate.position.dto.PositionOutput	java.lang.runtime.ObjectMethods	jdk	java.base
br.com.sawcunhaos.organization.domain.corporate.position.dto.PositionOutput$PositionOutputBuilder	br.com.sawcunhaos.organization.domain.corporate.department.dto.DepartmentOutput	interno	classes
br.com.sawcunhaos.organization.domain.corporate.position.dto.PositionOutput$PositionOutputBuilder	br.com.sawcunhaos.organization.domain.corporate.position.dto.PositionOutput	interno	classes
br.com.sawcunhaos.organization.domain.corporate.position.dto.PositionOutput$PositionOutputBuilder	java.lang.Long	jdk	java.base
br.com.sawcunhaos.organization.domain.corporate.position.dto.PositionOutput$PositionOutputBuilder	java.lang.Object	jdk	java.base
br.com.sawcunhaos.organization.domain.corporate.position.dto.PositionOutput$PositionOutputBuilder	java.lang.String	jdk	java.base
br.com.sawcunhaos.organization.domain.corporate.position.dto.PositionOutput$PositionOutputBuilder	java.lang.invoke.CallSite	jdk	java.base
br.com.sawcunhaos.organization.domain.corporate.position.dto.PositionOutput$PositionOutputBuilder	java.lang.invoke.MethodHandles	jdk	java.base
br.com.sawcunhaos.organization.domain.corporate.position.dto.PositionOutput$PositionOutputBuilder	java.lang.invoke.MethodHandles$Lookup	jdk	java.base
br.com.sawcunhaos.organization.domain.corporate.position.dto.PositionOutput$PositionOutputBuilder	java.lang.invoke.MethodType	jdk	java.base
br.com.sawcunhaos.organization.domain.corporate.position.dto.PositionOutput$PositionOutputBuilder	java.lang.invoke.StringConcatFactory	jdk	java.base
br.com.sawcunhaos.organization.domain.corporate.position.dto.PositionWorkScheduleInput	br.com.sawcunhaos.organization.domain.corporate.position.dto.PositionWorkScheduleInput$PositionWorkScheduleInputBuilder	interno	classes
br.com.sawcunhaos.organization.domain.corporate.position.dto.PositionWorkScheduleInput	br.com.sawcunhaos.organization.domain.corporate.position.internal.DayOfWeek	interno	classes
br.com.sawcunhaos.organization.domain.corporate.position.dto.PositionWorkScheduleInput	java.lang.Class	jdk	java.base
br.com.sawcunhaos.organization.domain.corporate.position.dto.PositionWorkScheduleInput	java.lang.Long	jdk	java.base
br.com.sawcunhaos.organization.domain.corporate.position.dto.PositionWorkScheduleInput	java.lang.Object	jdk	java.base
br.com.sawcunhaos.organization.domain.corporate.position.dto.PositionWorkScheduleInput	java.lang.Record	jdk	java.base
br.com.sawcunhaos.organization.domain.corporate.position.dto.PositionWorkScheduleInput	java.lang.String	jdk	java.base
br.com.sawcunhaos.organization.domain.corporate.position.dto.PositionWorkScheduleInput	java.lang.invoke.MethodHandle	jdk	java.base
br.com.sawcunhaos.organization.domain.corporate.position.dto.PositionWorkScheduleInput	java.lang.invoke.MethodHandles	jdk	java.base
br.com.sawcunhaos.organization.domain.corporate.position.dto.PositionWorkScheduleInput	java.lang.invoke.MethodHandles$Lookup	jdk	java.base
br.com.sawcunhaos.organization.domain.corporate.position.dto.PositionWorkScheduleInput	java.lang.invoke.TypeDescriptor	jdk	java.base
br.com.sawcunhaos.organization.domain.corporate.position.dto.PositionWorkScheduleInput	java.lang.runtime.ObjectMethods	jdk	java.base
br.com.sawcunhaos.organization.domain.corporate.position.dto.PositionWorkScheduleInput	java.time.LocalTime	jdk	java.base
br.com.sawcunhaos.organization.domain.corporate.position.dto.PositionWorkScheduleInput$PositionWorkScheduleInputBuilder	br.com.sawcunhaos.organization.domain.corporate.position.dto.PositionWorkScheduleInput	interno	classes
br.com.sawcunhaos.organization.domain.corporate.position.dto.PositionWorkScheduleInput$PositionWorkScheduleInputBuilder	br.com.sawcunhaos.organization.domain.corporate.position.internal.DayOfWeek	interno	classes
br.com.sawcunhaos.organization.domain.corporate.position.dto.PositionWorkScheduleInput$PositionWorkScheduleInputBuilder	java.lang.Long	jdk	java.base
br.com.sawcunhaos.organization.domain.corporate.position.dto.PositionWorkScheduleInput$PositionWorkScheduleInputBuilder	java.lang.Object	jdk	java.base
br.com.sawcunhaos.organization.domain.corporate.position.dto.PositionWorkScheduleInput$PositionWorkScheduleInputBuilder	java.lang.String	jdk	java.base
br.com.sawcunhaos.organization.domain.corporate.position.dto.PositionWorkScheduleInput$PositionWorkScheduleInputBuilder	java.lang.invoke.CallSite	jdk	java.base
br.com.sawcunhaos.organization.domain.corporate.position.dto.PositionWorkScheduleInput$PositionWorkScheduleInputBuilder	java.lang.invoke.MethodHandles	jdk	java.base
br.com.sawcunhaos.organization.domain.corporate.position.dto.PositionWorkScheduleInput$PositionWorkScheduleInputBuilder	java.lang.invoke.MethodHandles$Lookup	jdk	java.base
br.com.sawcunhaos.organization.domain.corporate.position.dto.PositionWorkScheduleInput$PositionWorkScheduleInputBuilder	java.lang.invoke.MethodType	jdk	java.base
br.com.sawcunhaos.organization.domain.corporate.position.dto.PositionWorkScheduleInput$PositionWorkScheduleInputBuilder	java.lang.invoke.StringConcatFactory	jdk	java.base
br.com.sawcunhaos.organization.domain.corporate.position.dto.PositionWorkScheduleInput$PositionWorkScheduleInputBuilder	java.time.LocalTime	jdk	java.base
br.com.sawcunhaos.organization.domain.corporate.position.dto.PositionWorkScheduleOutput	br.com.sawcunhaos.organization.domain.corporate.position.dto.PositionWorkScheduleOutput$PositionWorkScheduleOutputBuilder	interno	classes
br.com.sawcunhaos.organization.domain.corporate.position.dto.PositionWorkScheduleOutput	br.com.sawcunhaos.organization.domain.corporate.position.internal.DayOfWeek	interno	classes
br.com.sawcunhaos.organization.domain.corporate.position.dto.PositionWorkScheduleOutput	java.lang.Class	jdk	java.base
br.com.sawcunhaos.organization.domain.corporate.position.dto.PositionWorkScheduleOutput	java.lang.Long	jdk	java.base
br.com.sawcunhaos.organization.domain.corporate.position.dto.PositionWorkScheduleOutput	java.lang.Object	jdk	java.base
br.com.sawcunhaos.organization.domain.corporate.position.dto.PositionWorkScheduleOutput	java.lang.Record	jdk	java.base
br.com.sawcunhaos.organization.domain.corporate.position.dto.PositionWorkScheduleOutput	java.lang.String	jdk	java.base
br.com.sawcunhaos.organization.domain.corporate.position.dto.PositionWorkScheduleOutput	java.lang.invoke.MethodHandle	jdk	java.base
br.com.sawcunhaos.organization.domain.corporate.position.dto.PositionWorkScheduleOutput	java.lang.invoke.MethodHandles	jdk	java.base
br.com.sawcunhaos.organization.domain.corporate.position.dto.PositionWorkScheduleOutput	java.lang.invoke.MethodHandles$Lookup	jdk	java.base
br.com.sawcunhaos.organization.domain.corporate.position.dto.PositionWorkScheduleOutput	java.lang.invoke.TypeDescriptor	jdk	java.base
br.com.sawcunhaos.organization.domain.corporate.position.dto.PositionWorkScheduleOutput	java.lang.runtime.ObjectMethods	jdk	java.base
br.com.sawcunhaos.organization.domain.corporate.position.dto.PositionWorkScheduleOutput	java.time.LocalTime	jdk	java.base
br.com.sawcunhaos.organization.domain.corporate.position.dto.PositionWorkScheduleOutput$PositionWorkScheduleOutputBuilder	br.com.sawcunhaos.organization.domain.corporate.position.dto.PositionWorkScheduleOutput	interno	classes
br.com.sawcunhaos.organization.domain.corporate.position.dto.PositionWorkScheduleOutput$PositionWorkScheduleOutputBuilder	br.com.sawcunhaos.organization.domain.corporate.position.internal.DayOfWeek	interno	classes
br.com.sawcunhaos.organization.domain.corporate.position.dto.PositionWorkScheduleOutput$PositionWorkScheduleOutputBuilder	java.lang.Long	jdk	java.base
br.com.sawcunhaos.organization.domain.corporate.position.dto.PositionWorkScheduleOutput$PositionWorkScheduleOutputBuilder	java.lang.Object	jdk	java.base
br.com.sawcunhaos.organization.domain.corporate.position.dto.PositionWorkScheduleOutput$PositionWorkScheduleOutputBuilder	java.lang.String	jdk	java.base
br.com.sawcunhaos.organization.domain.corporate.position.dto.PositionWorkScheduleOutput$PositionWorkScheduleOutputBuilder	java.lang.invoke.CallSite	jdk	java.base
br.com.sawcunhaos.organization.domain.corporate.position.dto.PositionWorkScheduleOutput$PositionWorkScheduleOutputBuilder	java.lang.invoke.MethodHandles	jdk	java.base
br.com.sawcunhaos.organization.domain.corporate.position.dto.PositionWorkScheduleOutput$PositionWorkScheduleOutputBuilder	java.lang.invoke.MethodHandles$Lookup	jdk	java.base
br.com.sawcunhaos.organization.domain.corporate.position.dto.PositionWorkScheduleOutput$PositionWorkScheduleOutputBuilder	java.lang.invoke.MethodType	jdk	java.base
br.com.sawcunhaos.organization.domain.corporate.position.dto.PositionWorkScheduleOutput$PositionWorkScheduleOutputBuilder	java.lang.invoke.StringConcatFactory	jdk	java.base
br.com.sawcunhaos.organization.domain.corporate.position.dto.PositionWorkScheduleOutput$PositionWorkScheduleOutputBuilder	java.time.LocalTime	jdk	java.base
br.com.sawcunhaos.organization.domain.corporate.position.internal.DayOfWeek	java.lang.Class	jdk	java.base
br.com.sawcunhaos.organization.domain.corporate.position.internal.DayOfWeek	java.lang.Enum	jdk	java.base
br.com.sawcunhaos.organization.domain.corporate.position.internal.DayOfWeek	java.lang.Object	jdk	java.base
br.com.sawcunhaos.organization.domain.corporate.position.internal.DayOfWeek	java.lang.String	jdk	java.base
br.com.sawcunhaos.organization.domain.corporate.position.internal.DayOfWeek	java.lang.System	jdk	java.base
br.com.sawcunhaos.organization.domain.corporate.position.internal.Position	br.com.sawcunhaos.flow.audit.sdk.api.AuditableEntity	externo	not found
br.com.sawcunhaos.organization.domain.corporate.position.internal.Position	br.com.sawcunhaos.foundation.core.exception.ScosException	externo	scos-foundation-core-1.2.0-SNAPSHOT.jar
br.com.sawcunhaos.organization.domain.corporate.position.internal.Position	br.com.sawcunhaos.foundation.core.specification.ExceptionCode	externo	scos-foundation-core-1.2.0-SNAPSHOT.jar
br.com.sawcunhaos.organization.domain.corporate.position.internal.Position	br.com.sawcunhaos.foundation.jpa.entity.BaseEntity	externo	scos-foundation-jpa-1.2.0-SNAPSHOT.jar
br.com.sawcunhaos.organization.domain.corporate.position.internal.Position	br.com.sawcunhaos.organization.domain.corporate.department.internal.Department	interno	classes
br.com.sawcunhaos.organization.domain.corporate.position.internal.Position	br.com.sawcunhaos.organization.domain.corporate.position.internal.Position$PositionBuilder	interno	classes
br.com.sawcunhaos.organization.domain.corporate.position.internal.Position	br.com.sawcunhaos.organization.shared.exception.ExceptionCodeError	externo	flow-organization-shared-1.0.0-SNAPSHOT.jar
br.com.sawcunhaos.organization.domain.corporate.position.internal.Position	jakarta.persistence.Column	externo	jakarta.persistence-api-3.2.0.jar
br.com.sawcunhaos.organization.domain.corporate.position.internal.Position	jakarta.persistence.Entity	externo	jakarta.persistence-api-3.2.0.jar
br.com.sawcunhaos.organization.domain.corporate.position.internal.Position	jakarta.persistence.GeneratedValue	externo	jakarta.persistence-api-3.2.0.jar
br.com.sawcunhaos.organization.domain.corporate.position.internal.Position	jakarta.persistence.Id	externo	jakarta.persistence-api-3.2.0.jar
br.com.sawcunhaos.organization.domain.corporate.position.internal.Position	jakarta.persistence.JoinColumn	externo	jakarta.persistence-api-3.2.0.jar
br.com.sawcunhaos.organization.domain.corporate.position.internal.Position	jakarta.persistence.ManyToOne	externo	jakarta.persistence-api-3.2.0.jar
br.com.sawcunhaos.organization.domain.corporate.position.internal.Position	jakarta.persistence.Table	externo	jakarta.persistence-api-3.2.0.jar
br.com.sawcunhaos.organization.domain.corporate.position.internal.Position	java.lang.Long	jdk	java.base
br.com.sawcunhaos.organization.domain.corporate.position.internal.Position	java.lang.String	jdk	java.base
br.com.sawcunhaos.organization.domain.corporate.position.internal.Position$PositionBuilder	br.com.sawcunhaos.organization.domain.corporate.department.internal.Department	interno	classes
br.com.sawcunhaos.organization.domain.corporate.position.internal.Position$PositionBuilder	br.com.sawcunhaos.organization.domain.corporate.position.internal.Position	interno	classes
br.com.sawcunhaos.organization.domain.corporate.position.internal.Position$PositionBuilder	java.lang.Long	jdk	java.base
br.com.sawcunhaos.organization.domain.corporate.position.internal.Position$PositionBuilder	java.lang.Object	jdk	java.base
br.com.sawcunhaos.organization.domain.corporate.position.internal.Position$PositionBuilder	java.lang.String	jdk	java.base
br.com.sawcunhaos.organization.domain.corporate.position.internal.Position$PositionBuilder	java.lang.invoke.CallSite	jdk	java.base
br.com.sawcunhaos.organization.domain.corporate.position.internal.Position$PositionBuilder	java.lang.invoke.MethodHandles	jdk	java.base
br.com.sawcunhaos.organization.domain.corporate.position.internal.Position$PositionBuilder	java.lang.invoke.MethodHandles$Lookup	jdk	java.base
br.com.sawcunhaos.organization.domain.corporate.position.internal.Position$PositionBuilder	java.lang.invoke.MethodType	jdk	java.base
br.com.sawcunhaos.organization.domain.corporate.position.internal.Position$PositionBuilder	java.lang.invoke.StringConcatFactory	jdk	java.base
br.com.sawcunhaos.organization.domain.corporate.position.internal.PositionPredicates	br.com.sawcunhaos.organization.domain.corporate.department.internal.QDepartment	interno	classes
br.com.sawcunhaos.organization.domain.corporate.position.internal.PositionPredicates	br.com.sawcunhaos.organization.domain.corporate.position.internal.QPosition	interno	classes
br.com.sawcunhaos.organization.domain.corporate.position.internal.PositionPredicates	com.querydsl.core.BooleanBuilder	externo	querydsl-core-7.6.jar
br.com.sawcunhaos.organization.domain.corporate.position.internal.PositionPredicates	com.querydsl.core.types.Predicate	externo	querydsl-core-7.6.jar
br.com.sawcunhaos.organization.domain.corporate.position.internal.PositionPredicates	com.querydsl.core.types.dsl.BooleanExpression	externo	querydsl-core-7.6.jar
br.com.sawcunhaos.organization.domain.corporate.position.internal.PositionPredicates	com.querydsl.core.types.dsl.BooleanPath	externo	querydsl-core-7.6.jar
br.com.sawcunhaos.organization.domain.corporate.position.internal.PositionPredicates	com.querydsl.core.types.dsl.NumberPath	externo	querydsl-core-7.6.jar
br.com.sawcunhaos.organization.domain.corporate.position.internal.PositionPredicates	com.querydsl.core.types.dsl.StringPath	externo	querydsl-core-7.6.jar
br.com.sawcunhaos.organization.domain.corporate.position.internal.PositionPredicates	java.lang.Boolean	jdk	java.base
br.com.sawcunhaos.organization.domain.corporate.position.internal.PositionPredicates	java.lang.Long	jdk	java.base
br.com.sawcunhaos.organization.domain.corporate.position.internal.PositionPredicates	java.lang.Object	jdk	java.base
br.com.sawcunhaos.organization.domain.corporate.position.internal.PositionPredicates	java.lang.String	jdk	java.base
br.com.sawcunhaos.organization.domain.corporate.position.internal.PositionRepository	br.com.sawcunhaos.organization.domain.corporate.position.internal.Position	interno	classes
br.com.sawcunhaos.organization.domain.corporate.position.internal.PositionRepository	br.com.sawcunhaos.organization.domain.corporate.position.internal.PositionPredicates	interno	classes
br.com.sawcunhaos.organization.domain.corporate.position.internal.PositionRepository	com.querydsl.core.types.Predicate	externo	querydsl-core-7.6.jar
br.com.sawcunhaos.organization.domain.corporate.position.internal.PositionRepository	io.hypersistence.utils.spring.repository.BaseJpaRepository	externo	hypersistence-utils-hibernate-71-3.15.5.jar
br.com.sawcunhaos.organization.domain.corporate.position.internal.PositionRepository	java.lang.Boolean	jdk	java.base
br.com.sawcunhaos.organization.domain.corporate.position.internal.PositionRepository	java.lang.Long	jdk	java.base
br.com.sawcunhaos.organization.domain.corporate.position.internal.PositionRepository	java.lang.Object	jdk	java.base
br.com.sawcunhaos.organization.domain.corporate.position.internal.PositionRepository	java.lang.String	jdk	java.base
br.com.sawcunhaos.organization.domain.corporate.position.internal.PositionRepository	java.util.Optional	jdk	java.base
br.com.sawcunhaos.organization.domain.corporate.position.internal.PositionRepository	org.springframework.data.domain.Page	externo	spring-data-commons-4.1.1.jar
br.com.sawcunhaos.organization.domain.corporate.position.internal.PositionRepository	org.springframework.data.domain.Pageable	externo	spring-data-commons-4.1.1.jar
br.com.sawcunhaos.organization.domain.corporate.position.internal.PositionRepository	org.springframework.data.jpa.repository.JpaSpecificationExecutor	externo	spring-data-jpa-4.1.1.jar
br.com.sawcunhaos.organization.domain.corporate.position.internal.PositionRepository	org.springframework.data.querydsl.QuerydslPredicateExecutor	externo	spring-data-commons-4.1.1.jar
br.com.sawcunhaos.organization.domain.corporate.position.internal.PositionRepository	org.springframework.stereotype.Repository	externo	spring-context-7.0.9.jar
br.com.sawcunhaos.organization.domain.corporate.position.internal.PositionWorkSchedule	br.com.sawcunhaos.flow.audit.sdk.api.AuditableEntity	externo	not found
br.com.sawcunhaos.organization.domain.corporate.position.internal.PositionWorkSchedule	br.com.sawcunhaos.foundation.jpa.entity.BaseEntity	externo	scos-foundation-jpa-1.2.0-SNAPSHOT.jar
br.com.sawcunhaos.organization.domain.corporate.position.internal.PositionWorkSchedule	br.com.sawcunhaos.organization.domain.corporate.position.internal.DayOfWeek	interno	classes
br.com.sawcunhaos.organization.domain.corporate.position.internal.PositionWorkSchedule	br.com.sawcunhaos.organization.domain.corporate.position.internal.Position	interno	classes
br.com.sawcunhaos.organization.domain.corporate.position.internal.PositionWorkSchedule	br.com.sawcunhaos.organization.domain.corporate.position.internal.PositionWorkSchedule$PositionWorkScheduleBuilder	interno	classes
br.com.sawcunhaos.organization.domain.corporate.position.internal.PositionWorkSchedule	jakarta.persistence.Column	externo	jakarta.persistence-api-3.2.0.jar
br.com.sawcunhaos.organization.domain.corporate.position.internal.PositionWorkSchedule	jakarta.persistence.Entity	externo	jakarta.persistence-api-3.2.0.jar
br.com.sawcunhaos.organization.domain.corporate.position.internal.PositionWorkSchedule	jakarta.persistence.Enumerated	externo	jakarta.persistence-api-3.2.0.jar
br.com.sawcunhaos.organization.domain.corporate.position.internal.PositionWorkSchedule	jakarta.persistence.GeneratedValue	externo	jakarta.persistence-api-3.2.0.jar
br.com.sawcunhaos.organization.domain.corporate.position.internal.PositionWorkSchedule	jakarta.persistence.Id	externo	jakarta.persistence-api-3.2.0.jar
br.com.sawcunhaos.organization.domain.corporate.position.internal.PositionWorkSchedule	jakarta.persistence.JoinColumn	externo	jakarta.persistence-api-3.2.0.jar
br.com.sawcunhaos.organization.domain.corporate.position.internal.PositionWorkSchedule	jakarta.persistence.ManyToOne	externo	jakarta.persistence-api-3.2.0.jar
br.com.sawcunhaos.organization.domain.corporate.position.internal.PositionWorkSchedule	jakarta.persistence.Table	externo	jakarta.persistence-api-3.2.0.jar
br.com.sawcunhaos.organization.domain.corporate.position.internal.PositionWorkSchedule	java.lang.Long	jdk	java.base
br.com.sawcunhaos.organization.domain.corporate.position.internal.PositionWorkSchedule	java.time.LocalTime	jdk	java.base
br.com.sawcunhaos.organization.domain.corporate.position.internal.PositionWorkSchedule$PositionWorkScheduleBuilder	br.com.sawcunhaos.organization.domain.corporate.position.internal.DayOfWeek	interno	classes
br.com.sawcunhaos.organization.domain.corporate.position.internal.PositionWorkSchedule$PositionWorkScheduleBuilder	br.com.sawcunhaos.organization.domain.corporate.position.internal.Position	interno	classes
br.com.sawcunhaos.organization.domain.corporate.position.internal.PositionWorkSchedule$PositionWorkScheduleBuilder	br.com.sawcunhaos.organization.domain.corporate.position.internal.PositionWorkSchedule	interno	classes
br.com.sawcunhaos.organization.domain.corporate.position.internal.PositionWorkSchedule$PositionWorkScheduleBuilder	java.lang.Long	jdk	java.base
br.com.sawcunhaos.organization.domain.corporate.position.internal.PositionWorkSchedule$PositionWorkScheduleBuilder	java.lang.Object	jdk	java.base
br.com.sawcunhaos.organization.domain.corporate.position.internal.PositionWorkSchedule$PositionWorkScheduleBuilder	java.lang.String	jdk	java.base
br.com.sawcunhaos.organization.domain.corporate.position.internal.PositionWorkSchedule$PositionWorkScheduleBuilder	java.lang.invoke.CallSite	jdk	java.base
br.com.sawcunhaos.organization.domain.corporate.position.internal.PositionWorkSchedule$PositionWorkScheduleBuilder	java.lang.invoke.MethodHandles	jdk	java.base
br.com.sawcunhaos.organization.domain.corporate.position.internal.PositionWorkSchedule$PositionWorkScheduleBuilder	java.lang.invoke.MethodHandles$Lookup	jdk	java.base
br.com.sawcunhaos.organization.domain.corporate.position.internal.PositionWorkSchedule$PositionWorkScheduleBuilder	java.lang.invoke.MethodType	jdk	java.base
br.com.sawcunhaos.organization.domain.corporate.position.internal.PositionWorkSchedule$PositionWorkScheduleBuilder	java.lang.invoke.StringConcatFactory	jdk	java.base
br.com.sawcunhaos.organization.domain.corporate.position.internal.PositionWorkSchedule$PositionWorkScheduleBuilder	java.time.LocalTime	jdk	java.base
br.com.sawcunhaos.organization.domain.corporate.position.internal.PositionWorkScheduleRepository	br.com.sawcunhaos.organization.domain.corporate.position.internal.DayOfWeek	interno	classes
br.com.sawcunhaos.organization.domain.corporate.position.internal.PositionWorkScheduleRepository	br.com.sawcunhaos.organization.domain.corporate.position.internal.PositionWorkSchedule	interno	classes
br.com.sawcunhaos.organization.domain.corporate.position.internal.PositionWorkScheduleRepository	br.com.sawcunhaos.organization.domain.corporate.position.internal.QPosition	interno	classes
br.com.sawcunhaos.organization.domain.corporate.position.internal.PositionWorkScheduleRepository	br.com.sawcunhaos.organization.domain.corporate.position.internal.QPositionWorkSchedule	interno	classes
br.com.sawcunhaos.organization.domain.corporate.position.internal.PositionWorkScheduleRepository	com.querydsl.core.types.OrderSpecifier	externo	querydsl-core-7.6.jar
br.com.sawcunhaos.organization.domain.corporate.position.internal.PositionWorkScheduleRepository	com.querydsl.core.types.Predicate	externo	querydsl-core-7.6.jar
br.com.sawcunhaos.organization.domain.corporate.position.internal.PositionWorkScheduleRepository	com.querydsl.core.types.dsl.BooleanExpression	externo	querydsl-core-7.6.jar
br.com.sawcunhaos.organization.domain.corporate.position.internal.PositionWorkScheduleRepository	com.querydsl.core.types.dsl.EnumPath	externo	querydsl-core-7.6.jar
br.com.sawcunhaos.organization.domain.corporate.position.internal.PositionWorkScheduleRepository	com.querydsl.core.types.dsl.NumberPath	externo	querydsl-core-7.6.jar
br.com.sawcunhaos.organization.domain.corporate.position.internal.PositionWorkScheduleRepository	io.hypersistence.utils.spring.repository.BaseJpaRepository	externo	hypersistence-utils-hibernate-71-3.15.5.jar
br.com.sawcunhaos.organization.domain.corporate.position.internal.PositionWorkScheduleRepository	java.lang.Iterable	jdk	java.base
br.com.sawcunhaos.organization.domain.corporate.position.internal.PositionWorkScheduleRepository	java.lang.Long	jdk	java.base
br.com.sawcunhaos.organization.domain.corporate.position.internal.PositionWorkScheduleRepository	java.lang.Object	jdk	java.base
br.com.sawcunhaos.organization.domain.corporate.position.internal.PositionWorkScheduleRepository	java.util.List	jdk	java.base
br.com.sawcunhaos.organization.domain.corporate.position.internal.PositionWorkScheduleRepository	java.util.Optional	jdk	java.base
br.com.sawcunhaos.organization.domain.corporate.position.internal.PositionWorkScheduleRepository	java.util.Spliterator	jdk	java.base
br.com.sawcunhaos.organization.domain.corporate.position.internal.PositionWorkScheduleRepository	java.util.stream.Stream	jdk	java.base
br.com.sawcunhaos.organization.domain.corporate.position.internal.PositionWorkScheduleRepository	java.util.stream.StreamSupport	jdk	java.base
br.com.sawcunhaos.organization.domain.corporate.position.internal.PositionWorkScheduleRepository	org.springframework.data.jpa.repository.JpaSpecificationExecutor	externo	spring-data-jpa-4.1.1.jar
br.com.sawcunhaos.organization.domain.corporate.position.internal.PositionWorkScheduleRepository	org.springframework.data.querydsl.QuerydslPredicateExecutor	externo	spring-data-commons-4.1.1.jar
br.com.sawcunhaos.organization.domain.corporate.position.internal.PositionWorkScheduleRepository	org.springframework.stereotype.Repository	externo	spring-context-7.0.9.jar
br.com.sawcunhaos.organization.domain.corporate.position.internal.QPosition	br.com.sawcunhaos.foundation.jpa.entity.QBaseEntity	externo	scos-foundation-jpa-1.2.0-SNAPSHOT.jar
br.com.sawcunhaos.organization.domain.corporate.position.internal.QPosition	br.com.sawcunhaos.organization.domain.corporate.department.internal.QDepartment	interno	classes
br.com.sawcunhaos.organization.domain.corporate.position.internal.QPosition	br.com.sawcunhaos.organization.domain.corporate.position.internal.Position	interno	classes
br.com.sawcunhaos.organization.domain.corporate.position.internal.QPosition	com.querydsl.core.types.Path	externo	querydsl-core-7.6.jar
br.com.sawcunhaos.organization.domain.corporate.position.internal.QPosition	com.querydsl.core.types.PathMetadata	externo	querydsl-core-7.6.jar
br.com.sawcunhaos.organization.domain.corporate.position.internal.QPosition	com.querydsl.core.types.PathMetadataFactory	externo	querydsl-core-7.6.jar
br.com.sawcunhaos.organization.domain.corporate.position.internal.QPosition	com.querydsl.core.types.dsl.BooleanPath	externo	querydsl-core-7.6.jar
br.com.sawcunhaos.organization.domain.corporate.position.internal.QPosition	com.querydsl.core.types.dsl.DateTimePath	externo	querydsl-core-7.6.jar
br.com.sawcunhaos.organization.domain.corporate.position.internal.QPosition	com.querydsl.core.types.dsl.EntityPathBase	externo	querydsl-core-7.6.jar
br.com.sawcunhaos.organization.domain.corporate.position.internal.QPosition	com.querydsl.core.types.dsl.NumberPath	externo	querydsl-core-7.6.jar
br.com.sawcunhaos.organization.domain.corporate.position.internal.QPosition	com.querydsl.core.types.dsl.PathInits	externo	querydsl-core-7.6.jar
br.com.sawcunhaos.organization.domain.corporate.position.internal.QPosition	com.querydsl.core.types.dsl.StringPath	externo	querydsl-core-7.6.jar
br.com.sawcunhaos.organization.domain.corporate.position.internal.QPosition	java.lang.Class	jdk	java.base
br.com.sawcunhaos.organization.domain.corporate.position.internal.QPosition	java.lang.Long	jdk	java.base
br.com.sawcunhaos.organization.domain.corporate.position.internal.QPosition	java.lang.String	jdk	java.base
br.com.sawcunhaos.organization.domain.corporate.position.internal.QPosition	java.time.Instant	jdk	java.base
br.com.sawcunhaos.organization.domain.corporate.position.internal.QPositionWorkSchedule	br.com.sawcunhaos.foundation.jpa.entity.QBaseEntity	externo	scos-foundation-jpa-1.2.0-SNAPSHOT.jar
br.com.sawcunhaos.organization.domain.corporate.position.internal.QPositionWorkSchedule	br.com.sawcunhaos.organization.domain.corporate.position.internal.DayOfWeek	interno	classes
br.com.sawcunhaos.organization.domain.corporate.position.internal.QPositionWorkSchedule	br.com.sawcunhaos.organization.domain.corporate.position.internal.PositionWorkSchedule	interno	classes
br.com.sawcunhaos.organization.domain.corporate.position.internal.QPositionWorkSchedule	br.com.sawcunhaos.organization.domain.corporate.position.internal.QPosition	interno	classes
br.com.sawcunhaos.organization.domain.corporate.position.internal.QPositionWorkSchedule	com.querydsl.core.types.Path	externo	querydsl-core-7.6.jar
br.com.sawcunhaos.organization.domain.corporate.position.internal.QPositionWorkSchedule	com.querydsl.core.types.PathMetadata	externo	querydsl-core-7.6.jar
br.com.sawcunhaos.organization.domain.corporate.position.internal.QPositionWorkSchedule	com.querydsl.core.types.PathMetadataFactory	externo	querydsl-core-7.6.jar
br.com.sawcunhaos.organization.domain.corporate.position.internal.QPositionWorkSchedule	com.querydsl.core.types.dsl.DateTimePath	externo	querydsl-core-7.6.jar
br.com.sawcunhaos.organization.domain.corporate.position.internal.QPositionWorkSchedule	com.querydsl.core.types.dsl.EntityPathBase	externo	querydsl-core-7.6.jar
br.com.sawcunhaos.organization.domain.corporate.position.internal.QPositionWorkSchedule	com.querydsl.core.types.dsl.EnumPath	externo	querydsl-core-7.6.jar
br.com.sawcunhaos.organization.domain.corporate.position.internal.QPositionWorkSchedule	com.querydsl.core.types.dsl.NumberPath	externo	querydsl-core-7.6.jar
br.com.sawcunhaos.organization.domain.corporate.position.internal.QPositionWorkSchedule	com.querydsl.core.types.dsl.PathInits	externo	querydsl-core-7.6.jar
br.com.sawcunhaos.organization.domain.corporate.position.internal.QPositionWorkSchedule	com.querydsl.core.types.dsl.StringPath	externo	querydsl-core-7.6.jar
br.com.sawcunhaos.organization.domain.corporate.position.internal.QPositionWorkSchedule	com.querydsl.core.types.dsl.TimePath	externo	querydsl-core-7.6.jar
br.com.sawcunhaos.organization.domain.corporate.position.internal.QPositionWorkSchedule	java.lang.Class	jdk	java.base
br.com.sawcunhaos.organization.domain.corporate.position.internal.QPositionWorkSchedule	java.lang.Long	jdk	java.base
br.com.sawcunhaos.organization.domain.corporate.position.internal.QPositionWorkSchedule	java.lang.String	jdk	java.base
br.com.sawcunhaos.organization.domain.corporate.position.internal.QPositionWorkSchedule	java.time.Instant	jdk	java.base
br.com.sawcunhaos.organization.domain.corporate.position.internal.QPositionWorkSchedule	java.time.LocalTime	jdk	java.base
br.com.sawcunhaos.organization.domain.corporate.position.service.PositionMapper	br.com.sawcunhaos.organization.domain.corporate.position.dto.PositionOutput	interno	classes
br.com.sawcunhaos.organization.domain.corporate.position.service.PositionMapper	br.com.sawcunhaos.organization.domain.corporate.position.internal.Position	interno	classes
br.com.sawcunhaos.organization.domain.corporate.position.service.PositionMapper	java.lang.Object	jdk	java.base
br.com.sawcunhaos.organization.domain.corporate.position.service.PositionMapperImpl	br.com.sawcunhaos.organization.domain.corporate.position.dto.PositionOutput	interno	classes
br.com.sawcunhaos.organization.domain.corporate.position.service.PositionMapperImpl	br.com.sawcunhaos.organization.domain.corporate.position.dto.PositionOutput$PositionOutputBuilder	interno	classes
br.com.sawcunhaos.organization.domain.corporate.position.service.PositionMapperImpl	br.com.sawcunhaos.organization.domain.corporate.position.internal.Position	interno	classes
br.com.sawcunhaos.organization.domain.corporate.position.service.PositionMapperImpl	br.com.sawcunhaos.organization.domain.corporate.position.service.PositionMapper	interno	classes
br.com.sawcunhaos.organization.domain.corporate.position.service.PositionMapperImpl	java.lang.Long	jdk	java.base
br.com.sawcunhaos.organization.domain.corporate.position.service.PositionMapperImpl	java.lang.Object	jdk	java.base
br.com.sawcunhaos.organization.domain.corporate.position.service.PositionMapperImpl	java.lang.String	jdk	java.base
br.com.sawcunhaos.organization.domain.corporate.position.service.PositionMapperImpl	org.springframework.stereotype.Component	externo	spring-context-7.0.9.jar
br.com.sawcunhaos.organization.domain.corporate.position.service.PositionServiceBean	br.com.sawcunhaos.foundation.core.exception.ScosException	externo	scos-foundation-core-1.2.0-SNAPSHOT.jar
br.com.sawcunhaos.organization.domain.corporate.position.service.PositionServiceBean	br.com.sawcunhaos.foundation.core.specification.ExceptionCode	externo	scos-foundation-core-1.2.0-SNAPSHOT.jar
br.com.sawcunhaos.organization.domain.corporate.position.service.PositionServiceBean	br.com.sawcunhaos.foundation.core.specification.ScosUserAuthentication	externo	scos-foundation-core-1.2.0-SNAPSHOT.jar
br.com.sawcunhaos.organization.domain.corporate.position.service.PositionServiceBean	br.com.sawcunhaos.organization.domain.corporate.department.dto.DepartmentOutput	interno	classes
br.com.sawcunhaos.organization.domain.corporate.position.service.PositionServiceBean	br.com.sawcunhaos.organization.domain.corporate.department.internal.Department	interno	classes
br.com.sawcunhaos.organization.domain.corporate.position.service.PositionServiceBean	br.com.sawcunhaos.organization.domain.corporate.department.service.DepartmentMapper	interno	classes
br.com.sawcunhaos.organization.domain.corporate.position.service.PositionServiceBean	br.com.sawcunhaos.organization.domain.corporate.department.specification.DepartmentService	interno	classes
br.com.sawcunhaos.organization.domain.corporate.position.service.PositionServiceBean	br.com.sawcunhaos.organization.domain.corporate.employee.specification.EmployeePositionQueryService	interno	classes
br.com.sawcunhaos.organization.domain.corporate.position.service.PositionServiceBean	br.com.sawcunhaos.organization.domain.corporate.position.dto.PositionInput	interno	classes
br.com.sawcunhaos.organization.domain.corporate.position.service.PositionServiceBean	br.com.sawcunhaos.organization.domain.corporate.position.dto.PositionOutput	interno	classes
br.com.sawcunhaos.organization.domain.corporate.position.service.PositionServiceBean	br.com.sawcunhaos.organization.domain.corporate.position.dto.PositionOutput$PositionOutputBuilder	interno	classes
br.com.sawcunhaos.organization.domain.corporate.position.service.PositionServiceBean	br.com.sawcunhaos.organization.domain.corporate.position.internal.Position	interno	classes
br.com.sawcunhaos.organization.domain.corporate.position.service.PositionServiceBean	br.com.sawcunhaos.organization.domain.corporate.position.internal.Position$PositionBuilder	interno	classes
br.com.sawcunhaos.organization.domain.corporate.position.service.PositionServiceBean	br.com.sawcunhaos.organization.domain.corporate.position.internal.PositionRepository	interno	classes
br.com.sawcunhaos.organization.domain.corporate.position.service.PositionServiceBean	br.com.sawcunhaos.organization.domain.corporate.position.service.PositionMapper	interno	classes
br.com.sawcunhaos.organization.domain.corporate.position.service.PositionServiceBean	br.com.sawcunhaos.organization.domain.corporate.position.specification.PositionService	interno	classes
br.com.sawcunhaos.organization.domain.corporate.position.service.PositionServiceBean	br.com.sawcunhaos.organization.shared.exception.ExceptionCodeError	externo	flow-organization-shared-1.0.0-SNAPSHOT.jar
br.com.sawcunhaos.organization.domain.corporate.position.service.PositionServiceBean	java.lang.Boolean	jdk	java.base
br.com.sawcunhaos.organization.domain.corporate.position.service.PositionServiceBean	java.lang.Class	jdk	java.base
br.com.sawcunhaos.organization.domain.corporate.position.service.PositionServiceBean	java.lang.Long	jdk	java.base
br.com.sawcunhaos.organization.domain.corporate.position.service.PositionServiceBean	java.lang.Object	jdk	java.base
br.com.sawcunhaos.organization.domain.corporate.position.service.PositionServiceBean	java.lang.String	jdk	java.base
br.com.sawcunhaos.organization.domain.corporate.position.service.PositionServiceBean	java.lang.invoke.CallSite	jdk	java.base
br.com.sawcunhaos.organization.domain.corporate.position.service.PositionServiceBean	java.lang.invoke.LambdaMetafactory	jdk	java.base
br.com.sawcunhaos.organization.domain.corporate.position.service.PositionServiceBean	java.lang.invoke.MethodHandle	jdk	java.base
br.com.sawcunhaos.organization.domain.corporate.position.service.PositionServiceBean	java.lang.invoke.MethodHandles	jdk	java.base
br.com.sawcunhaos.organization.domain.corporate.position.service.PositionServiceBean	java.lang.invoke.MethodHandles$Lookup	jdk	java.base
br.com.sawcunhaos.organization.domain.corporate.position.service.PositionServiceBean	java.lang.invoke.MethodType	jdk	java.base
br.com.sawcunhaos.organization.domain.corporate.position.service.PositionServiceBean	java.util.Optional	jdk	java.base
br.com.sawcunhaos.organization.domain.corporate.position.service.PositionServiceBean	java.util.function.Function	jdk	java.base
br.com.sawcunhaos.organization.domain.corporate.position.service.PositionServiceBean	java.util.function.Supplier	jdk	java.base
br.com.sawcunhaos.organization.domain.corporate.position.service.PositionServiceBean	org.slf4j.Logger	externo	slf4j-api-2.0.18.jar
br.com.sawcunhaos.organization.domain.corporate.position.service.PositionServiceBean	org.slf4j.LoggerFactory	externo	slf4j-api-2.0.18.jar
br.com.sawcunhaos.organization.domain.corporate.position.service.PositionServiceBean	org.springframework.data.domain.Page	externo	spring-data-commons-4.1.1.jar
br.com.sawcunhaos.organization.domain.corporate.position.service.PositionServiceBean	org.springframework.data.domain.Pageable	externo	spring-data-commons-4.1.1.jar
br.com.sawcunhaos.organization.domain.corporate.position.service.PositionServiceBean	org.springframework.stereotype.Service	externo	spring-context-7.0.9.jar
br.com.sawcunhaos.organization.domain.corporate.position.service.PositionServiceBean	org.springframework.transaction.annotation.Transactional	externo	spring-tx-7.0.9.jar
br.com.sawcunhaos.organization.domain.corporate.position.service.PositionWorkScheduleMapper	br.com.sawcunhaos.organization.domain.corporate.position.dto.PositionWorkScheduleOutput	interno	classes
br.com.sawcunhaos.organization.domain.corporate.position.service.PositionWorkScheduleMapper	br.com.sawcunhaos.organization.domain.corporate.position.internal.PositionWorkSchedule	interno	classes
br.com.sawcunhaos.organization.domain.corporate.position.service.PositionWorkScheduleMapper	java.lang.Object	jdk	java.base
br.com.sawcunhaos.organization.domain.corporate.position.service.PositionWorkScheduleMapperImpl	br.com.sawcunhaos.organization.domain.corporate.position.dto.PositionWorkScheduleOutput	interno	classes
br.com.sawcunhaos.organization.domain.corporate.position.service.PositionWorkScheduleMapperImpl	br.com.sawcunhaos.organization.domain.corporate.position.dto.PositionWorkScheduleOutput$PositionWorkScheduleOutputBuilder	interno	classes
br.com.sawcunhaos.organization.domain.corporate.position.service.PositionWorkScheduleMapperImpl	br.com.sawcunhaos.organization.domain.corporate.position.internal.DayOfWeek	interno	classes
br.com.sawcunhaos.organization.domain.corporate.position.service.PositionWorkScheduleMapperImpl	br.com.sawcunhaos.organization.domain.corporate.position.internal.PositionWorkSchedule	interno	classes
br.com.sawcunhaos.organization.domain.corporate.position.service.PositionWorkScheduleMapperImpl	br.com.sawcunhaos.organization.domain.corporate.position.service.PositionWorkScheduleMapper	interno	classes
br.com.sawcunhaos.organization.domain.corporate.position.service.PositionWorkScheduleMapperImpl	java.lang.Long	jdk	java.base
br.com.sawcunhaos.organization.domain.corporate.position.service.PositionWorkScheduleMapperImpl	java.lang.Object	jdk	java.base
br.com.sawcunhaos.organization.domain.corporate.position.service.PositionWorkScheduleMapperImpl	java.time.LocalTime	jdk	java.base
br.com.sawcunhaos.organization.domain.corporate.position.service.PositionWorkScheduleMapperImpl	org.springframework.stereotype.Component	externo	spring-context-7.0.9.jar
br.com.sawcunhaos.organization.domain.corporate.position.service.PositionWorkScheduleServiceBean	br.com.sawcunhaos.foundation.core.exception.ScosException	externo	scos-foundation-core-1.2.0-SNAPSHOT.jar
br.com.sawcunhaos.organization.domain.corporate.position.service.PositionWorkScheduleServiceBean	br.com.sawcunhaos.foundation.core.specification.ExceptionCode	externo	scos-foundation-core-1.2.0-SNAPSHOT.jar
br.com.sawcunhaos.organization.domain.corporate.position.service.PositionWorkScheduleServiceBean	br.com.sawcunhaos.foundation.core.specification.ScosUserAuthentication	externo	scos-foundation-core-1.2.0-SNAPSHOT.jar
br.com.sawcunhaos.organization.domain.corporate.position.service.PositionWorkScheduleServiceBean	br.com.sawcunhaos.organization.domain.corporate.position.dto.PositionWorkScheduleInput	interno	classes
br.com.sawcunhaos.organization.domain.corporate.position.service.PositionWorkScheduleServiceBean	br.com.sawcunhaos.organization.domain.corporate.position.dto.PositionWorkScheduleOutput	interno	classes
br.com.sawcunhaos.organization.domain.corporate.position.service.PositionWorkScheduleServiceBean	br.com.sawcunhaos.organization.domain.corporate.position.internal.DayOfWeek	interno	classes
br.com.sawcunhaos.organization.domain.corporate.position.service.PositionWorkScheduleServiceBean	br.com.sawcunhaos.organization.domain.corporate.position.internal.Position	interno	classes
br.com.sawcunhaos.organization.domain.corporate.position.service.PositionWorkScheduleServiceBean	br.com.sawcunhaos.organization.domain.corporate.position.internal.PositionWorkSchedule	interno	classes
br.com.sawcunhaos.organization.domain.corporate.position.service.PositionWorkScheduleServiceBean	br.com.sawcunhaos.organization.domain.corporate.position.internal.PositionWorkSchedule$PositionWorkScheduleBuilder	interno	classes
br.com.sawcunhaos.organization.domain.corporate.position.service.PositionWorkScheduleServiceBean	br.com.sawcunhaos.organization.domain.corporate.position.internal.PositionWorkScheduleRepository	interno	classes
br.com.sawcunhaos.organization.domain.corporate.position.service.PositionWorkScheduleServiceBean	br.com.sawcunhaos.organization.domain.corporate.position.service.PositionWorkScheduleMapper	interno	classes
br.com.sawcunhaos.organization.domain.corporate.position.service.PositionWorkScheduleServiceBean	br.com.sawcunhaos.organization.domain.corporate.position.specification.PositionService	interno	classes
br.com.sawcunhaos.organization.domain.corporate.position.service.PositionWorkScheduleServiceBean	br.com.sawcunhaos.organization.domain.corporate.position.specification.PositionWorkScheduleService	interno	classes
br.com.sawcunhaos.organization.domain.corporate.position.service.PositionWorkScheduleServiceBean	br.com.sawcunhaos.organization.shared.exception.ExceptionCodeError	externo	flow-organization-shared-1.0.0-SNAPSHOT.jar
br.com.sawcunhaos.organization.domain.corporate.position.service.PositionWorkScheduleServiceBean	java.lang.Class	jdk	java.base
br.com.sawcunhaos.organization.domain.corporate.position.service.PositionWorkScheduleServiceBean	java.lang.Long	jdk	java.base
br.com.sawcunhaos.organization.domain.corporate.position.service.PositionWorkScheduleServiceBean	java.lang.Object	jdk	java.base
br.com.sawcunhaos.organization.domain.corporate.position.service.PositionWorkScheduleServiceBean	java.lang.String	jdk	java.base
br.com.sawcunhaos.organization.domain.corporate.position.service.PositionWorkScheduleServiceBean	java.lang.invoke.CallSite	jdk	java.base
br.com.sawcunhaos.organization.domain.corporate.position.service.PositionWorkScheduleServiceBean	java.lang.invoke.LambdaMetafactory	jdk	java.base
br.com.sawcunhaos.organization.domain.corporate.position.service.PositionWorkScheduleServiceBean	java.lang.invoke.MethodHandle	jdk	java.base
br.com.sawcunhaos.organization.domain.corporate.position.service.PositionWorkScheduleServiceBean	java.lang.invoke.MethodHandles	jdk	java.base
br.com.sawcunhaos.organization.domain.corporate.position.service.PositionWorkScheduleServiceBean	java.lang.invoke.MethodHandles$Lookup	jdk	java.base
br.com.sawcunhaos.organization.domain.corporate.position.service.PositionWorkScheduleServiceBean	java.lang.invoke.MethodType	jdk	java.base
br.com.sawcunhaos.organization.domain.corporate.position.service.PositionWorkScheduleServiceBean	java.time.LocalTime	jdk	java.base
br.com.sawcunhaos.organization.domain.corporate.position.service.PositionWorkScheduleServiceBean	java.util.List	jdk	java.base
br.com.sawcunhaos.organization.domain.corporate.position.service.PositionWorkScheduleServiceBean	java.util.Optional	jdk	java.base
br.com.sawcunhaos.organization.domain.corporate.position.service.PositionWorkScheduleServiceBean	java.util.function.Function	jdk	java.base
br.com.sawcunhaos.organization.domain.corporate.position.service.PositionWorkScheduleServiceBean	java.util.function.Supplier	jdk	java.base
br.com.sawcunhaos.organization.domain.corporate.position.service.PositionWorkScheduleServiceBean	java.util.stream.Stream	jdk	java.base
br.com.sawcunhaos.organization.domain.corporate.position.service.PositionWorkScheduleServiceBean	org.slf4j.Logger	externo	slf4j-api-2.0.18.jar
br.com.sawcunhaos.organization.domain.corporate.position.service.PositionWorkScheduleServiceBean	org.slf4j.LoggerFactory	externo	slf4j-api-2.0.18.jar
br.com.sawcunhaos.organization.domain.corporate.position.service.PositionWorkScheduleServiceBean	org.springframework.stereotype.Service	externo	spring-context-7.0.9.jar
br.com.sawcunhaos.organization.domain.corporate.position.service.PositionWorkScheduleServiceBean	org.springframework.transaction.annotation.Transactional	externo	spring-tx-7.0.9.jar
br.com.sawcunhaos.organization.domain.corporate.position.specification.PositionService	br.com.sawcunhaos.organization.domain.corporate.position.dto.PositionInput	interno	classes
br.com.sawcunhaos.organization.domain.corporate.position.specification.PositionService	br.com.sawcunhaos.organization.domain.corporate.position.dto.PositionOutput	interno	classes
br.com.sawcunhaos.organization.domain.corporate.position.specification.PositionService	br.com.sawcunhaos.organization.domain.corporate.position.internal.Position	interno	classes
br.com.sawcunhaos.organization.domain.corporate.position.specification.PositionService	java.lang.Boolean	jdk	java.base
br.com.sawcunhaos.organization.domain.corporate.position.specification.PositionService	java.lang.Long	jdk	java.base
br.com.sawcunhaos.organization.domain.corporate.position.specification.PositionService	java.lang.Object	jdk	java.base
br.com.sawcunhaos.organization.domain.corporate.position.specification.PositionService	org.springframework.data.domain.Page	externo	spring-data-commons-4.1.1.jar
br.com.sawcunhaos.organization.domain.corporate.position.specification.PositionService	org.springframework.data.domain.Pageable	externo	spring-data-commons-4.1.1.jar
br.com.sawcunhaos.organization.domain.corporate.position.specification.PositionWorkScheduleService	br.com.sawcunhaos.organization.domain.corporate.position.dto.PositionWorkScheduleInput	interno	classes
br.com.sawcunhaos.organization.domain.corporate.position.specification.PositionWorkScheduleService	br.com.sawcunhaos.organization.domain.corporate.position.dto.PositionWorkScheduleOutput	interno	classes
br.com.sawcunhaos.organization.domain.corporate.position.specification.PositionWorkScheduleService	br.com.sawcunhaos.organization.domain.corporate.position.internal.DayOfWeek	interno	classes
br.com.sawcunhaos.organization.domain.corporate.position.specification.PositionWorkScheduleService	java.lang.Long	jdk	java.base
br.com.sawcunhaos.organization.domain.corporate.position.specification.PositionWorkScheduleService	java.lang.Object	jdk	java.base
br.com.sawcunhaos.organization.domain.corporate.position.specification.PositionWorkScheduleService	java.util.List	jdk	java.base
br.com.sawcunhaos.organization.domain.outbox.internal.OutboxBackend	java.lang.Class	jdk	java.base
br.com.sawcunhaos.organization.domain.outbox.internal.OutboxBackend	java.lang.Enum	jdk	java.base
br.com.sawcunhaos.organization.domain.outbox.internal.OutboxBackend	java.lang.Object	jdk	java.base
br.com.sawcunhaos.organization.domain.outbox.internal.OutboxBackend	java.lang.String	jdk	java.base
br.com.sawcunhaos.organization.domain.outbox.internal.OutboxBackend	java.lang.System	jdk	java.base
br.com.sawcunhaos.organization.domain.outbox.internal.OutboxEvent	br.com.sawcunhaos.flow.audit.sdk.api.AuditableEntity	externo	not found
br.com.sawcunhaos.organization.domain.outbox.internal.OutboxEvent	br.com.sawcunhaos.organization.domain.outbox.internal.OutboxEvent$OutboxEventBuilder	interno	classes
br.com.sawcunhaos.organization.domain.outbox.internal.OutboxEvent	br.com.sawcunhaos.organization.domain.outbox.internal.OutboxEventStatus	interno	classes
br.com.sawcunhaos.organization.domain.outbox.internal.OutboxEvent	br.com.sawcunhaos.organization.domain.outbox.internal.OutboxTopic	interno	classes
br.com.sawcunhaos.organization.domain.outbox.internal.OutboxEvent	jakarta.persistence.Column	externo	jakarta.persistence-api-3.2.0.jar
br.com.sawcunhaos.organization.domain.outbox.internal.OutboxEvent	jakarta.persistence.Entity	externo	jakarta.persistence-api-3.2.0.jar
br.com.sawcunhaos.organization.domain.outbox.internal.OutboxEvent	jakarta.persistence.Enumerated	externo	jakarta.persistence-api-3.2.0.jar
br.com.sawcunhaos.organization.domain.outbox.internal.OutboxEvent	jakarta.persistence.GeneratedValue	externo	jakarta.persistence-api-3.2.0.jar
br.com.sawcunhaos.organization.domain.outbox.internal.OutboxEvent	jakarta.persistence.Id	externo	jakarta.persistence-api-3.2.0.jar
br.com.sawcunhaos.organization.domain.outbox.internal.OutboxEvent	jakarta.persistence.JoinColumn	externo	jakarta.persistence-api-3.2.0.jar
br.com.sawcunhaos.organization.domain.outbox.internal.OutboxEvent	jakarta.persistence.ManyToOne	externo	jakarta.persistence-api-3.2.0.jar
br.com.sawcunhaos.organization.domain.outbox.internal.OutboxEvent	jakarta.persistence.Table	externo	jakarta.persistence-api-3.2.0.jar
br.com.sawcunhaos.organization.domain.outbox.internal.OutboxEvent	java.lang.Long	jdk	java.base
br.com.sawcunhaos.organization.domain.outbox.internal.OutboxEvent	java.lang.Object	jdk	java.base
br.com.sawcunhaos.organization.domain.outbox.internal.OutboxEvent	java.lang.String	jdk	java.base
br.com.sawcunhaos.organization.domain.outbox.internal.OutboxEvent	java.time.Instant	jdk	java.base
br.com.sawcunhaos.organization.domain.outbox.internal.OutboxEvent	org.hibernate.annotations.CreationTimestamp	externo	hibernate-core-7.4.5.Final.jar
br.com.sawcunhaos.organization.domain.outbox.internal.OutboxEvent	org.hibernate.annotations.Type	externo	hibernate-core-7.4.5.Final.jar
br.com.sawcunhaos.organization.domain.outbox.internal.OutboxEvent$OutboxEventBuilder	br.com.sawcunhaos.organization.domain.outbox.internal.OutboxEvent	interno	classes
br.com.sawcunhaos.organization.domain.outbox.internal.OutboxEvent$OutboxEventBuilder	br.com.sawcunhaos.organization.domain.outbox.internal.OutboxEventStatus	interno	classes
br.com.sawcunhaos.organization.domain.outbox.internal.OutboxEvent$OutboxEventBuilder	br.com.sawcunhaos.organization.domain.outbox.internal.OutboxTopic	interno	classes
br.com.sawcunhaos.organization.domain.outbox.internal.OutboxEvent$OutboxEventBuilder	java.lang.Long	jdk	java.base
br.com.sawcunhaos.organization.domain.outbox.internal.OutboxEvent$OutboxEventBuilder	java.lang.Object	jdk	java.base
br.com.sawcunhaos.organization.domain.outbox.internal.OutboxEvent$OutboxEventBuilder	java.lang.String	jdk	java.base
br.com.sawcunhaos.organization.domain.outbox.internal.OutboxEvent$OutboxEventBuilder	java.lang.invoke.CallSite	jdk	java.base
br.com.sawcunhaos.organization.domain.outbox.internal.OutboxEvent$OutboxEventBuilder	java.lang.invoke.MethodHandles	jdk	java.base
br.com.sawcunhaos.organization.domain.outbox.internal.OutboxEvent$OutboxEventBuilder	java.lang.invoke.MethodHandles$Lookup	jdk	java.base
br.com.sawcunhaos.organization.domain.outbox.internal.OutboxEvent$OutboxEventBuilder	java.lang.invoke.MethodType	jdk	java.base
br.com.sawcunhaos.organization.domain.outbox.internal.OutboxEvent$OutboxEventBuilder	java.lang.invoke.StringConcatFactory	jdk	java.base
br.com.sawcunhaos.organization.domain.outbox.internal.OutboxEvent$OutboxEventBuilder	java.time.Instant	jdk	java.base
br.com.sawcunhaos.organization.domain.outbox.internal.OutboxEventDeadLetter	br.com.sawcunhaos.flow.audit.sdk.api.AuditableEntity	externo	not found
br.com.sawcunhaos.organization.domain.outbox.internal.OutboxEventDeadLetter	br.com.sawcunhaos.organization.domain.outbox.internal.OutboxEvent	interno	classes
br.com.sawcunhaos.organization.domain.outbox.internal.OutboxEventDeadLetter	br.com.sawcunhaos.organization.domain.outbox.internal.OutboxEventDeadLetter$OutboxEventDeadLetterBuilder	interno	classes
br.com.sawcunhaos.organization.domain.outbox.internal.OutboxEventDeadLetter	jakarta.persistence.Column	externo	jakarta.persistence-api-3.2.0.jar
br.com.sawcunhaos.organization.domain.outbox.internal.OutboxEventDeadLetter	jakarta.persistence.Entity	externo	jakarta.persistence-api-3.2.0.jar
br.com.sawcunhaos.organization.domain.outbox.internal.OutboxEventDeadLetter	jakarta.persistence.GeneratedValue	externo	jakarta.persistence-api-3.2.0.jar
br.com.sawcunhaos.organization.domain.outbox.internal.OutboxEventDeadLetter	jakarta.persistence.Id	externo	jakarta.persistence-api-3.2.0.jar
br.com.sawcunhaos.organization.domain.outbox.internal.OutboxEventDeadLetter	jakarta.persistence.JoinColumn	externo	jakarta.persistence-api-3.2.0.jar
br.com.sawcunhaos.organization.domain.outbox.internal.OutboxEventDeadLetter	jakarta.persistence.ManyToOne	externo	jakarta.persistence-api-3.2.0.jar
br.com.sawcunhaos.organization.domain.outbox.internal.OutboxEventDeadLetter	jakarta.persistence.Table	externo	jakarta.persistence-api-3.2.0.jar
br.com.sawcunhaos.organization.domain.outbox.internal.OutboxEventDeadLetter	java.lang.Long	jdk	java.base
br.com.sawcunhaos.organization.domain.outbox.internal.OutboxEventDeadLetter	java.lang.Object	jdk	java.base
br.com.sawcunhaos.organization.domain.outbox.internal.OutboxEventDeadLetter	java.lang.String	jdk	java.base
br.com.sawcunhaos.organization.domain.outbox.internal.OutboxEventDeadLetter	java.time.Instant	jdk	java.base
br.com.sawcunhaos.organization.domain.outbox.internal.OutboxEventDeadLetter	org.hibernate.annotations.CreationTimestamp	externo	hibernate-core-7.4.5.Final.jar
br.com.sawcunhaos.organization.domain.outbox.internal.OutboxEventDeadLetter$OutboxEventDeadLetterBuilder	br.com.sawcunhaos.organization.domain.outbox.internal.OutboxEvent	interno	classes
br.com.sawcunhaos.organization.domain.outbox.internal.OutboxEventDeadLetter$OutboxEventDeadLetterBuilder	br.com.sawcunhaos.organization.domain.outbox.internal.OutboxEventDeadLetter	interno	classes
br.com.sawcunhaos.organization.domain.outbox.internal.OutboxEventDeadLetter$OutboxEventDeadLetterBuilder	java.lang.Long	jdk	java.base
br.com.sawcunhaos.organization.domain.outbox.internal.OutboxEventDeadLetter$OutboxEventDeadLetterBuilder	java.lang.Object	jdk	java.base
br.com.sawcunhaos.organization.domain.outbox.internal.OutboxEventDeadLetter$OutboxEventDeadLetterBuilder	java.lang.String	jdk	java.base
br.com.sawcunhaos.organization.domain.outbox.internal.OutboxEventDeadLetter$OutboxEventDeadLetterBuilder	java.lang.invoke.CallSite	jdk	java.base
br.com.sawcunhaos.organization.domain.outbox.internal.OutboxEventDeadLetter$OutboxEventDeadLetterBuilder	java.lang.invoke.MethodHandles	jdk	java.base
br.com.sawcunhaos.organization.domain.outbox.internal.OutboxEventDeadLetter$OutboxEventDeadLetterBuilder	java.lang.invoke.MethodHandles$Lookup	jdk	java.base
br.com.sawcunhaos.organization.domain.outbox.internal.OutboxEventDeadLetter$OutboxEventDeadLetterBuilder	java.lang.invoke.MethodType	jdk	java.base
br.com.sawcunhaos.organization.domain.outbox.internal.OutboxEventDeadLetter$OutboxEventDeadLetterBuilder	java.lang.invoke.StringConcatFactory	jdk	java.base
br.com.sawcunhaos.organization.domain.outbox.internal.OutboxEventDeadLetter$OutboxEventDeadLetterBuilder	java.time.Instant	jdk	java.base
br.com.sawcunhaos.organization.domain.outbox.internal.OutboxEventDeadLetterRepository	br.com.sawcunhaos.organization.domain.outbox.internal.OutboxEventDeadLetter	interno	classes
br.com.sawcunhaos.organization.domain.outbox.internal.OutboxEventDeadLetterRepository	io.hypersistence.utils.spring.repository.BaseJpaRepository	externo	hypersistence-utils-hibernate-71-3.15.5.jar
br.com.sawcunhaos.organization.domain.outbox.internal.OutboxEventDeadLetterRepository	java.lang.Long	jdk	java.base
br.com.sawcunhaos.organization.domain.outbox.internal.OutboxEventDeadLetterRepository	java.lang.Object	jdk	java.base
br.com.sawcunhaos.organization.domain.outbox.internal.OutboxEventDeadLetterRepository	org.springframework.data.jpa.repository.JpaSpecificationExecutor	externo	spring-data-jpa-4.1.1.jar
br.com.sawcunhaos.organization.domain.outbox.internal.OutboxEventDeadLetterRepository	org.springframework.data.querydsl.QuerydslPredicateExecutor	externo	spring-data-commons-4.1.1.jar
br.com.sawcunhaos.organization.domain.outbox.internal.OutboxEventDeadLetterRepository	org.springframework.stereotype.Repository	externo	spring-context-7.0.9.jar
br.com.sawcunhaos.organization.domain.outbox.internal.OutboxEventLog	br.com.sawcunhaos.flow.audit.sdk.api.AuditableEntity	externo	not found
br.com.sawcunhaos.organization.domain.outbox.internal.OutboxEventLog	br.com.sawcunhaos.organization.domain.outbox.internal.OutboxEvent	interno	classes
br.com.sawcunhaos.organization.domain.outbox.internal.OutboxEventLog	br.com.sawcunhaos.organization.domain.outbox.internal.OutboxEventLog$OutboxEventLogBuilder	interno	classes
br.com.sawcunhaos.organization.domain.outbox.internal.OutboxEventLog	jakarta.persistence.Column	externo	jakarta.persistence-api-3.2.0.jar
br.com.sawcunhaos.organization.domain.outbox.internal.OutboxEventLog	jakarta.persistence.Entity	externo	jakarta.persistence-api-3.2.0.jar
br.com.sawcunhaos.organization.domain.outbox.internal.OutboxEventLog	jakarta.persistence.GeneratedValue	externo	jakarta.persistence-api-3.2.0.jar
br.com.sawcunhaos.organization.domain.outbox.internal.OutboxEventLog	jakarta.persistence.Id	externo	jakarta.persistence-api-3.2.0.jar
br.com.sawcunhaos.organization.domain.outbox.internal.OutboxEventLog	jakarta.persistence.JoinColumn	externo	jakarta.persistence-api-3.2.0.jar
br.com.sawcunhaos.organization.domain.outbox.internal.OutboxEventLog	jakarta.persistence.ManyToOne	externo	jakarta.persistence-api-3.2.0.jar
br.com.sawcunhaos.organization.domain.outbox.internal.OutboxEventLog	jakarta.persistence.Table	externo	jakarta.persistence-api-3.2.0.jar
br.com.sawcunhaos.organization.domain.outbox.internal.OutboxEventLog	java.lang.Long	jdk	java.base
br.com.sawcunhaos.organization.domain.outbox.internal.OutboxEventLog	java.lang.Object	jdk	java.base
br.com.sawcunhaos.organization.domain.outbox.internal.OutboxEventLog	java.lang.String	jdk	java.base
br.com.sawcunhaos.organization.domain.outbox.internal.OutboxEventLog	java.time.Instant	jdk	java.base
br.com.sawcunhaos.organization.domain.outbox.internal.OutboxEventLog	org.hibernate.annotations.CreationTimestamp	externo	hibernate-core-7.4.5.Final.jar
br.com.sawcunhaos.organization.domain.outbox.internal.OutboxEventLog$OutboxEventLogBuilder	br.com.sawcunhaos.organization.domain.outbox.internal.OutboxEvent	interno	classes
br.com.sawcunhaos.organization.domain.outbox.internal.OutboxEventLog$OutboxEventLogBuilder	br.com.sawcunhaos.organization.domain.outbox.internal.OutboxEventLog	interno	classes
br.com.sawcunhaos.organization.domain.outbox.internal.OutboxEventLog$OutboxEventLogBuilder	java.lang.Long	jdk	java.base
br.com.sawcunhaos.organization.domain.outbox.internal.OutboxEventLog$OutboxEventLogBuilder	java.lang.Object	jdk	java.base
br.com.sawcunhaos.organization.domain.outbox.internal.OutboxEventLog$OutboxEventLogBuilder	java.lang.String	jdk	java.base
br.com.sawcunhaos.organization.domain.outbox.internal.OutboxEventLog$OutboxEventLogBuilder	java.lang.invoke.CallSite	jdk	java.base
br.com.sawcunhaos.organization.domain.outbox.internal.OutboxEventLog$OutboxEventLogBuilder	java.lang.invoke.MethodHandles	jdk	java.base
br.com.sawcunhaos.organization.domain.outbox.internal.OutboxEventLog$OutboxEventLogBuilder	java.lang.invoke.MethodHandles$Lookup	jdk	java.base
br.com.sawcunhaos.organization.domain.outbox.internal.OutboxEventLog$OutboxEventLogBuilder	java.lang.invoke.MethodType	jdk	java.base
br.com.sawcunhaos.organization.domain.outbox.internal.OutboxEventLog$OutboxEventLogBuilder	java.lang.invoke.StringConcatFactory	jdk	java.base
br.com.sawcunhaos.organization.domain.outbox.internal.OutboxEventLog$OutboxEventLogBuilder	java.time.Instant	jdk	java.base
br.com.sawcunhaos.organization.domain.outbox.internal.OutboxEventLogRepository	br.com.sawcunhaos.organization.domain.outbox.internal.OutboxEventLog	interno	classes
br.com.sawcunhaos.organization.domain.outbox.internal.OutboxEventLogRepository	io.hypersistence.utils.spring.repository.BaseJpaRepository	externo	hypersistence-utils-hibernate-71-3.15.5.jar
br.com.sawcunhaos.organization.domain.outbox.internal.OutboxEventLogRepository	java.lang.Long	jdk	java.base
br.com.sawcunhaos.organization.domain.outbox.internal.OutboxEventLogRepository	java.lang.Object	jdk	java.base
br.com.sawcunhaos.organization.domain.outbox.internal.OutboxEventLogRepository	org.springframework.data.jpa.repository.JpaSpecificationExecutor	externo	spring-data-jpa-4.1.1.jar
br.com.sawcunhaos.organization.domain.outbox.internal.OutboxEventLogRepository	org.springframework.data.querydsl.QuerydslPredicateExecutor	externo	spring-data-commons-4.1.1.jar
br.com.sawcunhaos.organization.domain.outbox.internal.OutboxEventLogRepository	org.springframework.stereotype.Repository	externo	spring-context-7.0.9.jar
br.com.sawcunhaos.organization.domain.outbox.internal.OutboxEventRepository	br.com.sawcunhaos.organization.domain.outbox.internal.OutboxEvent	interno	classes
br.com.sawcunhaos.organization.domain.outbox.internal.OutboxEventRepository	io.hypersistence.utils.spring.repository.BaseJpaRepository	externo	hypersistence-utils-hibernate-71-3.15.5.jar
br.com.sawcunhaos.organization.domain.outbox.internal.OutboxEventRepository	java.lang.Long	jdk	java.base
br.com.sawcunhaos.organization.domain.outbox.internal.OutboxEventRepository	java.lang.Object	jdk	java.base
br.com.sawcunhaos.organization.domain.outbox.internal.OutboxEventRepository	org.springframework.data.jpa.repository.JpaSpecificationExecutor	externo	spring-data-jpa-4.1.1.jar
br.com.sawcunhaos.organization.domain.outbox.internal.OutboxEventRepository	org.springframework.data.querydsl.QuerydslPredicateExecutor	externo	spring-data-commons-4.1.1.jar
br.com.sawcunhaos.organization.domain.outbox.internal.OutboxEventRepository	org.springframework.stereotype.Repository	externo	spring-context-7.0.9.jar
br.com.sawcunhaos.organization.domain.outbox.internal.OutboxEventStatus	java.lang.Class	jdk	java.base
br.com.sawcunhaos.organization.domain.outbox.internal.OutboxEventStatus	java.lang.Enum	jdk	java.base
br.com.sawcunhaos.organization.domain.outbox.internal.OutboxEventStatus	java.lang.Object	jdk	java.base
br.com.sawcunhaos.organization.domain.outbox.internal.OutboxEventStatus	java.lang.String	jdk	java.base
br.com.sawcunhaos.organization.domain.outbox.internal.OutboxEventStatus	java.lang.System	jdk	java.base
br.com.sawcunhaos.organization.domain.outbox.internal.OutboxTopic	br.com.sawcunhaos.flow.audit.sdk.api.AuditableEntity	externo	not found
br.com.sawcunhaos.organization.domain.outbox.internal.OutboxTopic	br.com.sawcunhaos.foundation.jpa.entity.BaseEntity	externo	scos-foundation-jpa-1.2.0-SNAPSHOT.jar
br.com.sawcunhaos.organization.domain.outbox.internal.OutboxTopic	br.com.sawcunhaos.organization.domain.outbox.internal.OutboxBackend	interno	classes
br.com.sawcunhaos.organization.domain.outbox.internal.OutboxTopic	br.com.sawcunhaos.organization.domain.outbox.internal.OutboxTopic$OutboxTopicBuilder	interno	classes
br.com.sawcunhaos.organization.domain.outbox.internal.OutboxTopic	jakarta.persistence.Column	externo	jakarta.persistence-api-3.2.0.jar
br.com.sawcunhaos.organization.domain.outbox.internal.OutboxTopic	jakarta.persistence.Entity	externo	jakarta.persistence-api-3.2.0.jar
br.com.sawcunhaos.organization.domain.outbox.internal.OutboxTopic	jakarta.persistence.Enumerated	externo	jakarta.persistence-api-3.2.0.jar
br.com.sawcunhaos.organization.domain.outbox.internal.OutboxTopic	jakarta.persistence.Id	externo	jakarta.persistence-api-3.2.0.jar
br.com.sawcunhaos.organization.domain.outbox.internal.OutboxTopic	jakarta.persistence.Table	externo	jakarta.persistence-api-3.2.0.jar
br.com.sawcunhaos.organization.domain.outbox.internal.OutboxTopic	java.lang.String	jdk	java.base
br.com.sawcunhaos.organization.domain.outbox.internal.OutboxTopic$OutboxTopicBuilder	br.com.sawcunhaos.organization.domain.outbox.internal.OutboxBackend	interno	classes
br.com.sawcunhaos.organization.domain.outbox.internal.OutboxTopic$OutboxTopicBuilder	br.com.sawcunhaos.organization.domain.outbox.internal.OutboxTopic	interno	classes
br.com.sawcunhaos.organization.domain.outbox.internal.OutboxTopic$OutboxTopicBuilder	java.lang.Object	jdk	java.base
br.com.sawcunhaos.organization.domain.outbox.internal.OutboxTopic$OutboxTopicBuilder	java.lang.String	jdk	java.base
br.com.sawcunhaos.organization.domain.outbox.internal.OutboxTopic$OutboxTopicBuilder	java.lang.invoke.CallSite	jdk	java.base
br.com.sawcunhaos.organization.domain.outbox.internal.OutboxTopic$OutboxTopicBuilder	java.lang.invoke.MethodHandles	jdk	java.base
br.com.sawcunhaos.organization.domain.outbox.internal.OutboxTopic$OutboxTopicBuilder	java.lang.invoke.MethodHandles$Lookup	jdk	java.base
br.com.sawcunhaos.organization.domain.outbox.internal.OutboxTopic$OutboxTopicBuilder	java.lang.invoke.MethodType	jdk	java.base
br.com.sawcunhaos.organization.domain.outbox.internal.OutboxTopic$OutboxTopicBuilder	java.lang.invoke.StringConcatFactory	jdk	java.base
br.com.sawcunhaos.organization.domain.outbox.internal.OutboxTopicRepository	br.com.sawcunhaos.organization.domain.outbox.internal.OutboxTopic	interno	classes
br.com.sawcunhaos.organization.domain.outbox.internal.OutboxTopicRepository	io.hypersistence.utils.spring.repository.BaseJpaRepository	externo	hypersistence-utils-hibernate-71-3.15.5.jar
br.com.sawcunhaos.organization.domain.outbox.internal.OutboxTopicRepository	java.lang.Object	jdk	java.base
br.com.sawcunhaos.organization.domain.outbox.internal.OutboxTopicRepository	java.lang.String	jdk	java.base
br.com.sawcunhaos.organization.domain.outbox.internal.OutboxTopicRepository	org.springframework.data.jpa.repository.JpaSpecificationExecutor	externo	spring-data-jpa-4.1.1.jar
br.com.sawcunhaos.organization.domain.outbox.internal.OutboxTopicRepository	org.springframework.data.querydsl.QuerydslPredicateExecutor	externo	spring-data-commons-4.1.1.jar
br.com.sawcunhaos.organization.domain.outbox.internal.OutboxTopicRepository	org.springframework.stereotype.Repository	externo	spring-context-7.0.9.jar
br.com.sawcunhaos.organization.domain.outbox.internal.QOutboxEvent	br.com.sawcunhaos.organization.domain.outbox.internal.OutboxEvent	interno	classes
br.com.sawcunhaos.organization.domain.outbox.internal.QOutboxEvent	br.com.sawcunhaos.organization.domain.outbox.internal.OutboxEventStatus	interno	classes
br.com.sawcunhaos.organization.domain.outbox.internal.QOutboxEvent	br.com.sawcunhaos.organization.domain.outbox.internal.QOutboxTopic	interno	classes
br.com.sawcunhaos.organization.domain.outbox.internal.QOutboxEvent	com.querydsl.core.types.Path	externo	querydsl-core-7.6.jar
br.com.sawcunhaos.organization.domain.outbox.internal.QOutboxEvent	com.querydsl.core.types.PathMetadata	externo	querydsl-core-7.6.jar
br.com.sawcunhaos.organization.domain.outbox.internal.QOutboxEvent	com.querydsl.core.types.PathMetadataFactory	externo	querydsl-core-7.6.jar
br.com.sawcunhaos.organization.domain.outbox.internal.QOutboxEvent	com.querydsl.core.types.dsl.DateTimePath	externo	querydsl-core-7.6.jar
br.com.sawcunhaos.organization.domain.outbox.internal.QOutboxEvent	com.querydsl.core.types.dsl.EntityPathBase	externo	querydsl-core-7.6.jar
br.com.sawcunhaos.organization.domain.outbox.internal.QOutboxEvent	com.querydsl.core.types.dsl.EnumPath	externo	querydsl-core-7.6.jar
br.com.sawcunhaos.organization.domain.outbox.internal.QOutboxEvent	com.querydsl.core.types.dsl.NumberPath	externo	querydsl-core-7.6.jar
br.com.sawcunhaos.organization.domain.outbox.internal.QOutboxEvent	com.querydsl.core.types.dsl.PathInits	externo	querydsl-core-7.6.jar
br.com.sawcunhaos.organization.domain.outbox.internal.QOutboxEvent	com.querydsl.core.types.dsl.StringPath	externo	querydsl-core-7.6.jar
br.com.sawcunhaos.organization.domain.outbox.internal.QOutboxEvent	java.lang.Class	jdk	java.base
br.com.sawcunhaos.organization.domain.outbox.internal.QOutboxEvent	java.lang.Integer	jdk	java.base
br.com.sawcunhaos.organization.domain.outbox.internal.QOutboxEvent	java.lang.Long	jdk	java.base
br.com.sawcunhaos.organization.domain.outbox.internal.QOutboxEvent	java.lang.String	jdk	java.base
br.com.sawcunhaos.organization.domain.outbox.internal.QOutboxEvent	java.time.Instant	jdk	java.base
br.com.sawcunhaos.organization.domain.outbox.internal.QOutboxEventDeadLetter	br.com.sawcunhaos.organization.domain.outbox.internal.OutboxEventDeadLetter	interno	classes
br.com.sawcunhaos.organization.domain.outbox.internal.QOutboxEventDeadLetter	br.com.sawcunhaos.organization.domain.outbox.internal.QOutboxEvent	interno	classes
br.com.sawcunhaos.organization.domain.outbox.internal.QOutboxEventDeadLetter	com.querydsl.core.types.Path	externo	querydsl-core-7.6.jar
br.com.sawcunhaos.organization.domain.outbox.internal.QOutboxEventDeadLetter	com.querydsl.core.types.PathMetadata	externo	querydsl-core-7.6.jar
br.com.sawcunhaos.organization.domain.outbox.internal.QOutboxEventDeadLetter	com.querydsl.core.types.PathMetadataFactory	externo	querydsl-core-7.6.jar
br.com.sawcunhaos.organization.domain.outbox.internal.QOutboxEventDeadLetter	com.querydsl.core.types.dsl.DateTimePath	externo	querydsl-core-7.6.jar
br.com.sawcunhaos.organization.domain.outbox.internal.QOutboxEventDeadLetter	com.querydsl.core.types.dsl.EntityPathBase	externo	querydsl-core-7.6.jar
br.com.sawcunhaos.organization.domain.outbox.internal.QOutboxEventDeadLetter	com.querydsl.core.types.dsl.NumberPath	externo	querydsl-core-7.6.jar
br.com.sawcunhaos.organization.domain.outbox.internal.QOutboxEventDeadLetter	com.querydsl.core.types.dsl.PathInits	externo	querydsl-core-7.6.jar
br.com.sawcunhaos.organization.domain.outbox.internal.QOutboxEventDeadLetter	com.querydsl.core.types.dsl.StringPath	externo	querydsl-core-7.6.jar
br.com.sawcunhaos.organization.domain.outbox.internal.QOutboxEventDeadLetter	java.lang.Class	jdk	java.base
br.com.sawcunhaos.organization.domain.outbox.internal.QOutboxEventDeadLetter	java.lang.Integer	jdk	java.base
br.com.sawcunhaos.organization.domain.outbox.internal.QOutboxEventDeadLetter	java.lang.Long	jdk	java.base
br.com.sawcunhaos.organization.domain.outbox.internal.QOutboxEventDeadLetter	java.lang.String	jdk	java.base
br.com.sawcunhaos.organization.domain.outbox.internal.QOutboxEventDeadLetter	java.time.Instant	jdk	java.base
br.com.sawcunhaos.organization.domain.outbox.internal.QOutboxEventLog	br.com.sawcunhaos.organization.domain.outbox.internal.OutboxEventLog	interno	classes
br.com.sawcunhaos.organization.domain.outbox.internal.QOutboxEventLog	br.com.sawcunhaos.organization.domain.outbox.internal.QOutboxEvent	interno	classes
br.com.sawcunhaos.organization.domain.outbox.internal.QOutboxEventLog	com.querydsl.core.types.Path	externo	querydsl-core-7.6.jar
br.com.sawcunhaos.organization.domain.outbox.internal.QOutboxEventLog	com.querydsl.core.types.PathMetadata	externo	querydsl-core-7.6.jar
br.com.sawcunhaos.organization.domain.outbox.internal.QOutboxEventLog	com.querydsl.core.types.PathMetadataFactory	externo	querydsl-core-7.6.jar
br.com.sawcunhaos.organization.domain.outbox.internal.QOutboxEventLog	com.querydsl.core.types.dsl.BooleanPath	externo	querydsl-core-7.6.jar
br.com.sawcunhaos.organization.domain.outbox.internal.QOutboxEventLog	com.querydsl.core.types.dsl.DateTimePath	externo	querydsl-core-7.6.jar
br.com.sawcunhaos.organization.domain.outbox.internal.QOutboxEventLog	com.querydsl.core.types.dsl.EntityPathBase	externo	querydsl-core-7.6.jar
br.com.sawcunhaos.organization.domain.outbox.internal.QOutboxEventLog	com.querydsl.core.types.dsl.NumberPath	externo	querydsl-core-7.6.jar
br.com.sawcunhaos.organization.domain.outbox.internal.QOutboxEventLog	com.querydsl.core.types.dsl.PathInits	externo	querydsl-core-7.6.jar
br.com.sawcunhaos.organization.domain.outbox.internal.QOutboxEventLog	com.querydsl.core.types.dsl.StringPath	externo	querydsl-core-7.6.jar
br.com.sawcunhaos.organization.domain.outbox.internal.QOutboxEventLog	java.lang.Class	jdk	java.base
br.com.sawcunhaos.organization.domain.outbox.internal.QOutboxEventLog	java.lang.Long	jdk	java.base
br.com.sawcunhaos.organization.domain.outbox.internal.QOutboxEventLog	java.lang.String	jdk	java.base
br.com.sawcunhaos.organization.domain.outbox.internal.QOutboxEventLog	java.time.Instant	jdk	java.base
br.com.sawcunhaos.organization.domain.outbox.internal.QOutboxTopic	br.com.sawcunhaos.foundation.jpa.entity.QBaseEntity	externo	scos-foundation-jpa-1.2.0-SNAPSHOT.jar
br.com.sawcunhaos.organization.domain.outbox.internal.QOutboxTopic	br.com.sawcunhaos.organization.domain.outbox.internal.OutboxBackend	interno	classes
br.com.sawcunhaos.organization.domain.outbox.internal.QOutboxTopic	br.com.sawcunhaos.organization.domain.outbox.internal.OutboxTopic	interno	classes
br.com.sawcunhaos.organization.domain.outbox.internal.QOutboxTopic	com.querydsl.core.types.Path	externo	querydsl-core-7.6.jar
br.com.sawcunhaos.organization.domain.outbox.internal.QOutboxTopic	com.querydsl.core.types.PathMetadata	externo	querydsl-core-7.6.jar
br.com.sawcunhaos.organization.domain.outbox.internal.QOutboxTopic	com.querydsl.core.types.PathMetadataFactory	externo	querydsl-core-7.6.jar
br.com.sawcunhaos.organization.domain.outbox.internal.QOutboxTopic	com.querydsl.core.types.dsl.BooleanPath	externo	querydsl-core-7.6.jar
br.com.sawcunhaos.organization.domain.outbox.internal.QOutboxTopic	com.querydsl.core.types.dsl.DateTimePath	externo	querydsl-core-7.6.jar
br.com.sawcunhaos.organization.domain.outbox.internal.QOutboxTopic	com.querydsl.core.types.dsl.EntityPathBase	externo	querydsl-core-7.6.jar
br.com.sawcunhaos.organization.domain.outbox.internal.QOutboxTopic	com.querydsl.core.types.dsl.EnumPath	externo	querydsl-core-7.6.jar
br.com.sawcunhaos.organization.domain.outbox.internal.QOutboxTopic	com.querydsl.core.types.dsl.NumberPath	externo	querydsl-core-7.6.jar
br.com.sawcunhaos.organization.domain.outbox.internal.QOutboxTopic	com.querydsl.core.types.dsl.StringPath	externo	querydsl-core-7.6.jar
br.com.sawcunhaos.organization.domain.outbox.internal.QOutboxTopic	java.lang.Class	jdk	java.base
br.com.sawcunhaos.organization.domain.outbox.internal.QOutboxTopic	java.lang.Integer	jdk	java.base
br.com.sawcunhaos.organization.domain.outbox.internal.QOutboxTopic	java.lang.String	jdk	java.base
br.com.sawcunhaos.organization.domain.outbox.internal.QOutboxTopic	java.time.Instant	jdk	java.base
br.com.sawcunhaos.organization.domain.shift.service.ShiftWindowEvaluatorBean	br.com.sawcunhaos.organization.domain.shift.specification.ShiftWindowEvaluator	interno	classes
br.com.sawcunhaos.organization.domain.shift.service.ShiftWindowEvaluatorBean	java.lang.Object	jdk	java.base
br.com.sawcunhaos.organization.domain.shift.service.ShiftWindowEvaluatorBean	java.time.Instant	jdk	java.base
br.com.sawcunhaos.organization.domain.shift.service.ShiftWindowEvaluatorBean	java.time.LocalTime	jdk	java.base
br.com.sawcunhaos.organization.domain.shift.service.ShiftWindowEvaluatorBean	java.time.ZoneId	jdk	java.base
br.com.sawcunhaos.organization.domain.shift.service.ShiftWindowEvaluatorBean	java.time.ZonedDateTime	jdk	java.base
br.com.sawcunhaos.organization.domain.shift.service.ShiftWindowEvaluatorBean	org.springframework.stereotype.Service	externo	spring-context-7.0.9.jar
br.com.sawcunhaos.organization.domain.shift.specification.ShiftWindowEvaluator	java.lang.Object	jdk	java.base
br.com.sawcunhaos.organization.domain.shift.specification.ShiftWindowEvaluator	java.time.Instant	jdk	java.base
br.com.sawcunhaos.organization.domain.shift.specification.ShiftWindowEvaluator	java.time.LocalTime	jdk	java.base
br.com.sawcunhaos.organization.domain.shift.specification.ShiftWindowEvaluator	java.time.ZoneId	jdk	java.base
