path	blob	bytes	lines	module	kind	last_commit	last_modified	author	commits_90d	tracked
.editorconfig	c483ff0	331	23	_raiz	config	3fd0fe0	2026-02-15	Samuel Cunha	0	1
.env.example	5be8ce9	6447	113	_raiz	config	42068fb	2026-07-07	Samuel Cunha	1	1
.gitignore	c7e6bed	2501	153	_raiz	config	cb56142	2026-06-28	Samuel Cunha	1	1
LICENSE	261eeb9	11357	202	_raiz	nao_classificado	db6e7c1	2026-02-15	Samuel Gonçalves Cunha	0	1
README.md	1ec8262	17075	318	_raiz	doc	ab13021	2026-08-16	Samuel Cunha	3	1
pom.xml	e76265f	9197	236	_raiz	build	effba66	2026-09-09	Samuel Cunha	12	1
audit/pom.xml	29140fe	2176	63	audit	build	effba66	2026-09-09	Samuel Cunha	1	1
audit/flow-audit-infrastructure/pom.xml	e63f1ae	2348	75	audit/flow-audit-infrastructure	build	effba66	2026-09-09	Samuel Cunha	1	1
audit/flow-audit-infrastructure/src/main/java/br/com/sawcunhaos/flow/audit/infrastructure/enumaration/ScosAuditPermission.java	65d7a52	1645	55	audit/flow-audit-infrastructure	codigo	effba66	2026-09-09	Samuel Cunha	1	1
audit/flow-audit-infrastructure/src/main/java/br/com/sawcunhaos/flow/audit/infrastructure/enumaration/ScosAuditSystem.java	3df5a4e	1529	61	audit/flow-audit-infrastructure	codigo	effba66	2026-09-09	Samuel Cunha	1	1
audit/flow-audit-infrastructure/src/main/java/br/com/sawcunhaos/flow/audit/infrastructure/liquibase/ScosFlowAuditLiquibaseConfiguration.java	1f8acd0	2350	55	audit/flow-audit-infrastructure	codigo	effba66	2026-09-09	Samuel Cunha	1	1
audit/flow-audit-infrastructure/src/main/java/br/com/sawcunhaos/flow/audit/infrastructure/liquibase/ScosFlowAuditLiquibaseProperties.java	74dd9d9	933	29	audit/flow-audit-infrastructure	codigo	effba66	2026-09-09	Samuel Cunha	1	1
audit/flow-audit-resources/pom.xml	10c708a	1566	48	audit/flow-audit-resources	build	effba66	2026-09-09	Samuel Cunha	1	1
audit/flow-audit-resources/src/main/resources/liquibase.properties	603005d	176	7	audit/flow-audit-resources	config	effba66	2026-09-09	Samuel Cunha	1	1
audit/flow-audit-resources/src/main/resources/db/changelog/audit/db.changelog-master.yml	f464536	496	20	audit/flow-audit-resources	config	effba66	2026-09-09	Samuel Cunha	1	1
audit/flow-audit-resources/src/main/resources/db/changelog/audit/property.yml	7b9b4c8	438	21	audit/flow-audit-resources	config	effba66	2026-09-09	Samuel Cunha	1	1
audit/flow-audit-resources/src/main/resources/db/changelog/audit/checks/checks.yml	f84a8a2	651	14	audit/flow-audit-resources	config	effba66	2026-09-09	Samuel Cunha	1	1
audit/flow-audit-resources/src/main/resources/db/changelog/audit/function/function.yml	7b08d2b	617	17	audit/flow-audit-resources	config	effba66	2026-09-09	Samuel Cunha	1	1
audit/flow-audit-resources/src/main/resources/db/changelog/audit/triggers/triggers.yml	cfb18f0	651	17	audit/flow-audit-resources	config	effba66	2026-09-09	Samuel Cunha	1	1
audit/flow-audit-resources/src/main/resources/db/changelog/audit/versions/versions.yml	c070006	97	4	audit/flow-audit-resources	config	effba66	2026-09-09	Samuel Cunha	1	1
audit/flow-audit-resources/src/main/resources/db/changelog/audit/versions/v1/0/0/v1.0.0.yml	213f85f	390	17	audit/flow-audit-resources	config	effba66	2026-09-09	Samuel Cunha	1	1
audit/flow-audit-resources/src/main/resources/db/changelog/audit/versions/v1/0/0/indexes/indexes.yml	adff648	18	1	audit/flow-audit-resources	config	effba66	2026-09-09	Samuel Cunha	1	1
audit/flow-audit-resources/src/main/resources/db/changelog/audit/versions/v1/0/0/tables/tables.yml	adff648	18	1	audit/flow-audit-resources	config	effba66	2026-09-09	Samuel Cunha	1	1
audit/flow-audit-resources/src/main/resources/db/changelog/audit/view/view.yml	e3a71c6	21	2	audit/flow-audit-resources	config	effba66	2026-09-09	Samuel Cunha	1	1
audit/flow-audit-sdk/pom.xml	8417889	1985	62	audit/flow-audit-sdk	build	effba66	2026-09-09	Samuel Cunha	1	1
audit/flow-audit-sdk-api/pom.xml	787211e	1150	35	audit/flow-audit-sdk-api	build	effba66	2026-09-09	Samuel Cunha	1	1
audit/flow-audit-sdk-api/src/main/java/br/com/sawcunhaos/flow/audit/sdk/api/AuditAction.java	1e760e8	452	21	audit/flow-audit-sdk-api	codigo	effba66	2026-09-09	Samuel Cunha	1	1
audit/flow-audit-sdk-api/src/main/java/br/com/sawcunhaos/flow/audit/sdk/api/AuditableAPI.java	db0f73c	664	26	audit/flow-audit-sdk-api	codigo	effba66	2026-09-09	Samuel Cunha	1	1
audit/flow-audit-sdk-api/src/main/java/br/com/sawcunhaos/flow/audit/sdk/api/AuditableEntity.java	6f9dd89	1507	51	audit/flow-audit-sdk-api	codigo	effba66	2026-09-09	Samuel Cunha	1	1
etc/api/ScosComponents.yml	1874e29	7016	313	_raiz	config	1ad7b1d	2026-08-23	Samuel Cunha	1	1
etc/api/geotemporal/ScosGeotemporal_Address.yml	c3c6516	60045	1715	_raiz	config	2db520e	2026-09-06	Samuel Cunha	1	1
etc/api/geotemporal/ScosGeotemporal_Configuration.yml	abf959c	6567	201	_raiz	config	2db520e	2026-09-06	Samuel Cunha	1	1
etc/api/geotemporal/ScosGeotemporal_Day.yml	564404e	42527	1223	_raiz	config	2db520e	2026-09-06	Samuel Cunha	1	1
etc/api/organization/ScosOrganization_Catalog.yml	ab6136c	15962	453	_raiz	config	1ad7b1d	2026-08-23	Samuel Cunha	6	1
etc/api/organization/ScosOrganization_Company.yml	ac5e032	53920	1523	_raiz	config	1ad7b1d	2026-08-23	Samuel Cunha	10	1
etc/api/organization/ScosOrganization_Configuration.yml	d7eee6f	6298	192	_raiz	config	1ad7b1d	2026-08-23	Samuel Cunha	6	1
etc/api/organization/ScosOrganization_Department-Position.yml	189698a	29994	826	_raiz	config	1ad7b1d	2026-08-23	Samuel Cunha	9	1
etc/api/organization/ScosOrganization_Employee.yml	94eae47	51694	1399	_raiz	config	1ad7b1d	2026-08-23	Samuel Cunha	10	1
etc/api/organization/ScosOrganization_Login.yml	3a3f43c	44227	1240	_raiz	config	1ad7b1d	2026-08-23	Samuel Cunha	12	1
etc/api/organization/ScosOrganization_LoginApprovalRequest.yml	ae7a88e	10593	293	_raiz	config	1ad7b1d	2026-08-23	Samuel Cunha	2	1
etc/api/organization/ScosOrganization_Outbox.yml	d1c7a6a	12809	390	_raiz	config	1ad7b1d	2026-08-23	Samuel Cunha	5	1
etc/api/organization/ScosOrganization_Reason.yml	fc0feae	31608	862	_raiz	config	1ad7b1d	2026-08-23	Samuel Cunha	6	1
etc/architecture/PADROES-CODIGO-SawCunhaOS-Flow.md	c560ec9	36609	857	_raiz	doc	1ad7b1d	2026-08-23	Samuel Cunha	2	1
etc/architecture/PADROES-NOMENCLATURA-SawCunhaOS-Flow.md	2b37337	25461	558	_raiz	doc	b72b2dc	2026-08-16	Samuel Cunha	2	1
etc/architecture/api-development-guidelines.md	960cc44	22034	384	_raiz	doc	cac94dc	2026-07-18	Samuel Cunha	3	1
etc/architecture/etapa-1-diagramas.md	1891d8a	10515	247	_raiz	doc	b842220	2026-07-18	Samuel Cunha	1	1
etc/database/geotemporal/database_address.puml	733d19a	5652	247	_raiz	nao_classificado	2db520e	2026-09-06	Samuel Cunha	1	1
etc/database/geotemporal/domain_model.md	a8b5d15	99177	1598	_raiz	doc	2db520e	2026-09-06	Samuel Cunha	1	1
etc/database/organization/domain_model.md	a8b5d15	99177	1598	_raiz	doc	ab13021	2026-08-16	Samuel Cunha	1	1
etc/database/organization/seed_data.sql	ded7e60	18070	369	_raiz	codigo	effba66	2026-09-09	Samuel Cunha	3	1
etc/doc/Briefing.md	34a5f39	10040	94	_raiz	doc	36df5f4	2026-07-18	Samuel Cunha	1	1
etc/doc/config-env-vars.md	023c181	4404	48	_raiz	doc	36df5f4	2026-07-18	Samuel Cunha	2	1
etc/doc/api/ScosOrganization.postman_collection.json	3fd0006	153096	6143	_raiz	nao_classificado	428513a	2026-08-16	Samuel Cunha	3	1
etc/doc/ideia/20260606_adequacao-liquibase-domain-model.md	1b6b23d	19121	381	_raiz	doc	cac94dc	2026-07-18	Samuel Cunha	1	1
etc/doc/ideia/20260608_adequacao-rest-nivel2-organization.md	bad406e	13867	249	_raiz	doc	1949ac2	2026-06-08	Samuel Cunha	0	1
etc/doc/ideia/20260608_atualizacao-models-dominio-conforme-banco.md	c4536bc	19580	329	_raiz	doc	cac94dc	2026-07-18	Samuel Cunha	2	1
etc/doc/ideia/20260608_correcao-erros-specs-openapi-organization.md	c2c0b30	8420	132	_raiz	doc	6b271f7	2026-06-08	Samuel Cunha	0	1
etc/doc/ideia/20260701_adequacao-liquibase-domain-model.md	5fe9b78	10086	150	_raiz	doc	cac94dc	2026-07-18	Samuel Cunha	2	1
etc/doc/ideia/20260701_atualizacao-entidades-jpa-liquibase-v2.md	a7d2c7f	16494	160	_raiz	doc	cac94dc	2026-07-18	Samuel Cunha	3	1
etc/doc/ideia/20260701_catalogo-tipo-endereco-contato.md	f3f28fd	10203	120	_raiz	doc	cac94dc	2026-07-18	Samuel Cunha	2	1
etc/doc/ideia/20260701_dados-fiscais-company.md	cb53b27	8512	113	_raiz	doc	ccd65eb	2026-07-02	Samuel Cunha	1	1
etc/doc/ideia/20260701_historico-cargo-contrato-employee.md	5af175e	9838	124	_raiz	doc	ccd65eb	2026-07-02	Samuel Cunha	1	1
etc/doc/ideia/20260701_historico-status-motivos-organization.md	cdd1273	19516	179	_raiz	doc	cac94dc	2026-07-18	Samuel Cunha	2	1
etc/doc/ideia/20260701_jornada-trabalho-position-employee.md	428eaa6	7504	112	_raiz	doc	ccd65eb	2026-07-02	Samuel Cunha	1	1
etc/doc/ideia/20260701_outbox-monitoria-eventos.md	fcf70c3	8662	116	_raiz	doc	ccd65eb	2026-07-02	Samuel Cunha	1	1
etc/doc/ideia/20260701_perfil-adicional-login.md	8cb7a8b	5344	103	_raiz	doc	ccd65eb	2026-07-02	Samuel Cunha	1	1
etc/doc/ideia/20260705_config-build-imagem-e-properties-docker.md	7b3aeac	39296	358	_raiz	doc	cac94dc	2026-07-18	Samuel Cunha	3	1
etc/doc/ideia/20260705_config-jasypt-segredos-organization.md	b73e1ec	12385	149	_raiz	doc	cac94dc	2026-07-18	Samuel Cunha	3	1
etc/doc/ideia/20260705_correcao-catalogo-mensagens-erro.md	c313184	14628	187	_raiz	doc	cac94dc	2026-07-18	Samuel Cunha	2	1
etc/doc/ideia/20260705_crud-cargo-position.md	d408cec	9811	140	_raiz	doc	cac94dc	2026-07-18	Samuel Cunha	3	1
etc/doc/ideia/20260705_crud-catalogo-motivos-transicao-status.md	e0ef811	15152	194	_raiz	doc	cac94dc	2026-07-18	Samuel Cunha	2	1
etc/doc/ideia/20260705_crud-catalogo-tipo-endereco-contato.md	e98cb60	13171	176	_raiz	doc	cac94dc	2026-07-18	Samuel Cunha	2	1
etc/doc/ideia/20260705_padronizacao-http-status-exception-code.md	f14a215	18768	212	_raiz	doc	cac94dc	2026-07-18	Samuel Cunha	3	1
etc/doc/ideia/20260705_suite-testes-k6-ambiente-integracao.md	a9024ff	11216	157	_raiz	doc	cac94dc	2026-07-18	Samuel Cunha	3	1
etc/doc/ideia/20260707_cadastro-atualizacao-empresa-company-core.md	2cb3ab8	23940	444	_raiz	doc	cac94dc	2026-07-18	Samuel Cunha	3	1
etc/doc/ideia/20260707_crud-cnae.md	e187be8	7261	148	_raiz	doc	cac94dc	2026-07-18	Samuel Cunha	2	1
etc/doc/ideia/20260707_crud-natureza-juridica.md	c83598e	6834	143	_raiz	doc	cac94dc	2026-07-18	Samuel Cunha	2	1
etc/doc/ideia/20260709_isolamento-permissoes-por-sistema-multi-tenant.md	ef330af	10136	153	_raiz	doc	cac94dc	2026-07-18	Samuel Cunha	2	1
etc/doc/ideia/20260709_metadados-permissao-registro-descricao-i18n.md	c92f69a	19262	228	_raiz	doc	b72b2dc	2026-08-16	Samuel Cunha	3	1
etc/doc/ideia/20260709_padronizacao-transactional-camadas.md	5cd6087	9574	150	_raiz	doc	cac94dc	2026-07-18	Samuel Cunha	2	1
etc/doc/ideia/20260709_registrysystem-validacao-tratamento-erro-parity.md	3d44a48	8376	136	_raiz	doc	cac94dc	2026-07-18	Samuel Cunha	2	1
etc/doc/ideia/20260709_suite-testes-integracao-apis-rest-organization.md	e23c297	8305	128	_raiz	doc	cac94dc	2026-07-18	Samuel Cunha	2	1
etc/doc/usecase/00-indice-central.md	43280eb	18505	166	_raiz	doc	28590e1	2026-08-17	Samuel Cunha	2	1
etc/doc/usecase/01-empresa.md	56a2040	16616	434	_raiz	doc	d72c4cc	2026-07-14	Samuel Cunha	2	1
etc/doc/usecase/02-departamento-cargo.md	3f53037	7202	164	_raiz	doc	0029684	2026-07-05	Samuel Cunha	2	1
etc/doc/usecase/03-funcionario.md	c8cdd1b	16762	348	_raiz	doc	20338f9	2026-07-05	Samuel Cunha	1	1
etc/doc/usecase/04-login-perfil-recurso-sistema.md	ea8b674	14194	331	_raiz	doc	20338f9	2026-07-05	Samuel Cunha	1	1
etc/doc/usecase/05-catalogo-motivos.md	861a1b1	5474	133	_raiz	doc	20338f9	2026-07-05	Samuel Cunha	1	1
etc/doc/usecase/06-configuracao-outbox.md	7785fc8	3911	77	_raiz	doc	20338f9	2026-07-05	Samuel Cunha	1	1
etc/doc/usecase/07-mensagens-erro-pt-en.md	5132b3f	11302	105	_raiz	doc	0029684	2026-07-05	Samuel Cunha	2	1
etc/doc/usecase/08-fluxo-cadeia-aprovacao-login.md	d6c7ab4	20719	368	_raiz	doc	28590e1	2026-08-17	Samuel Cunha	1	1
etc/infra/.env.example	5cf92c2	1317	40	_raiz	config	cb56142	2026-06-28	Samuel Cunha	1	1
etc/infra/README.md	e295539	9006	292	_raiz	doc	cb56142	2026-06-28	Samuel Cunha	1	1
etc/infra/docker-compose-database.yml	35ea2ca	1088	40	_raiz	config	cb56142	2026-06-28	Samuel Cunha	1	1
etc/infra/docker-compose-grafana.yml	52c981a	1964	83	_raiz	config	cb56142	2026-06-28	Samuel Cunha	1	1
etc/infra/docker-compose-keycloak.yml	3f2329c	1099	43	_raiz	config	effba66	2026-09-09	Samuel Cunha	2	1
etc/infra/docker-compose-redis.yml	3edb709	842	37	_raiz	config	2db520e	2026-09-06	Samuel Cunha	2	1
etc/infra/database/20_install_database.sh	fba9a07	3182	81	_raiz	codigo	7102488	2026-08-23	Samuel Cunha	3	1
etc/infra/database/Dockerfile	b7bea5f	209	11	_raiz	config	effba66	2026-09-09	Samuel Cunha	3	1
etc/infra/database/postgresql.conf	db6c94d	30486	846	_raiz	config	7102488	2026-08-23	Samuel Cunha	3	1
etc/infra/grafana/dashboard-APM.yaml	06d138c	96420	3034	_raiz	config	49cea52	2026-02-17	Samuel Cunha	0	1
etc/infra/grafana/grafana_jvm_dashboard.json	0885cba	15117	524	_raiz	nao_classificado	49cea52	2026-02-17	Samuel Cunha	0	1
etc/infra/grafana/provisioning/datasources/prometheus.yml	26ef442	198	12	_raiz	config	cb56142	2026-06-28	Samuel Cunha	1	1
etc/infra/keycloak/Scos_Realm.json	92a013f	70652	2301	_raiz	nao_classificado	3f61fac	2026-07-20	Samuel Cunha	3	1
etc/infra/prometheus/prometheus.yml	78ccea1	204	10	_raiz	config	cb56142	2026-06-28	Samuel Cunha	1	1
geotemporal/pom.xml	418d877	1572	43	geotemporal	build	effba66	2026-09-09	Samuel Cunha	4	1
geotemporal/flow-geotemporal-infrastructure/pom.xml	713bf10	2049	63	geotemporal/flow-geotemporal-infrastructure	build	ab13021	2026-08-16	Samuel Cunha	1	1
geotemporal/flow-geotemporal-infrastructure/src/main/java/br/com/sawcunhaos/flow/geotemporal/infrastructure/enumaration/ScosGeotemporalPermission.java	ac4c448	1657	55	geotemporal/flow-geotemporal-infrastructure	codigo	effba66	2026-09-09	Samuel Cunha	1	1
geotemporal/flow-geotemporal-infrastructure/src/main/java/br/com/sawcunhaos/flow/geotemporal/infrastructure/enumaration/ScosGeotemporalSystem.java	68f9c2e	1528	63	geotemporal/flow-geotemporal-infrastructure	codigo	effba66	2026-09-09	Samuel Cunha	1	1
geotemporal/flow-geotemporal-infrastructure/src/main/java/br/com/sawcunhaos/flow/geotemporal/infrastructure/liquibase/ScosFlowGeotemporalLiquibaseConfiguration.java	5c75c69	2371	55	geotemporal/flow-geotemporal-infrastructure	codigo	effba66	2026-09-09	Samuel Cunha	1	1
geotemporal/flow-geotemporal-infrastructure/src/main/java/br/com/sawcunhaos/flow/geotemporal/infrastructure/liquibase/ScosFlowGeotemporalLiquibaseProperties.java	fe25e64	957	29	geotemporal/flow-geotemporal-infrastructure	codigo	effba66	2026-09-09	Samuel Cunha	1	1
geotemporal/flow-geotemporal-infrastructure/src/main/resources/scos_message/messages_geotemporal_permission.properties	8406590	107	2	geotemporal/flow-geotemporal-infrastructure	config	2db520e	2026-09-06	Samuel Cunha	1	1
geotemporal/flow-geotemporal-infrastructure/src/main/resources/scos_message/messages_geotemporal_permission_en.properties	0a5caea	5778	186	geotemporal/flow-geotemporal-infrastructure	config	2db520e	2026-09-06	Samuel Cunha	1	1
geotemporal/flow-geotemporal-resources/pom.xml	9ec397c	1233	35	geotemporal/flow-geotemporal-resources	build	ab13021	2026-08-16	Samuel Cunha	1	1
geotemporal/flow-geotemporal-resources/src/main/resources/liquibase.properties	f628f0c	182	7	geotemporal/flow-geotemporal-resources	config	ab13021	2026-08-16	Samuel Cunha	1	1
geotemporal/flow-geotemporal-resources/src/main/resources/db/changelog/geotemporal/db.changelog-master.yml	f464536	496	20	geotemporal/flow-geotemporal-resources	config	ab13021	2026-08-16	Samuel Cunha	1	1
geotemporal/flow-geotemporal-resources/src/main/resources/db/changelog/geotemporal/property.yml	7b9b4c8	438	21	geotemporal/flow-geotemporal-resources	config	ab13021	2026-08-16	Samuel Cunha	1	1
geotemporal/flow-geotemporal-resources/src/main/resources/db/changelog/geotemporal/checks/checks.yml	8f3a88f	7785	88	geotemporal/flow-geotemporal-resources	config	ab13021	2026-08-16	Samuel Cunha	1	1
geotemporal/flow-geotemporal-resources/src/main/resources/db/changelog/geotemporal/function/function.yml	e2e7d76	9891	286	geotemporal/flow-geotemporal-resources	config	ab13021	2026-08-16	Samuel Cunha	1	1
geotemporal/flow-geotemporal-resources/src/main/resources/db/changelog/geotemporal/triggers/triggers.yml	b54cf78	15679	432	geotemporal/flow-geotemporal-resources	config	ab13021	2026-08-16	Samuel Cunha	1	1
geotemporal/flow-geotemporal-resources/src/main/resources/db/changelog/geotemporal/versions/versions.yml	c070006	97	4	geotemporal/flow-geotemporal-resources	config	ab13021	2026-08-16	Samuel Cunha	1	1
geotemporal/flow-geotemporal-resources/src/main/resources/db/changelog/geotemporal/versions/v1/0/0/v1.0.0.yml	6915ff9	472	20	geotemporal/flow-geotemporal-resources	config	ab13021	2026-08-16	Samuel Cunha	1	1
geotemporal/flow-geotemporal-resources/src/main/resources/db/changelog/geotemporal/versions/v1/0/0/indexes/indexes.yml	6a67819	93	4	geotemporal/flow-geotemporal-resources	config	ab13021	2026-08-16	Samuel Cunha	1	1
geotemporal/flow-geotemporal-resources/src/main/resources/db/changelog/geotemporal/versions/v1/0/0/insert/insert.yml	fbf0555	354	14	geotemporal/flow-geotemporal-resources	config	ab13021	2026-08-16	Samuel Cunha	1	1
geotemporal/flow-geotemporal-resources/src/main/resources/db/changelog/geotemporal/versions/v1/0/0/insert/insert_configuration.yml	58d9a62	1875	59	geotemporal/flow-geotemporal-resources	config	ab13021	2026-08-16	Samuel Cunha	1	1
geotemporal/flow-geotemporal-resources/src/main/resources/db/changelog/geotemporal/versions/v1/0/0/insert/insert_country.yml	61e4fa7	649	26	geotemporal/flow-geotemporal-resources	config	ab13021	2026-08-16	Samuel Cunha	1	1
geotemporal/flow-geotemporal-resources/src/main/resources/db/changelog/geotemporal/versions/v1/0/0/insert/insert_holidays_br.json	b8aad64	12387	465	geotemporal/flow-geotemporal-resources	nao_classificado	ab13021	2026-08-16	Samuel Cunha	1	1
geotemporal/flow-geotemporal-resources/src/main/resources/db/changelog/geotemporal/versions/v1/0/0/insert/insert_street_type.yml	0073c37	58020	2095	geotemporal/flow-geotemporal-resources	config	ab13021	2026-08-16	Samuel Cunha	1	1
geotemporal/flow-geotemporal-resources/src/main/resources/db/changelog/geotemporal/versions/v1/0/0/tables/create_batch.yml	8154b5c	9837	301	geotemporal/flow-geotemporal-resources	config	ab13021	2026-08-16	Samuel Cunha	1	1
geotemporal/flow-geotemporal-resources/src/main/resources/db/changelog/geotemporal/versions/v1/0/0/tables/create_table_address.yml	3ddeece	4795	134	geotemporal/flow-geotemporal-resources	config	ab13021	2026-08-16	Samuel Cunha	1	1
geotemporal/flow-geotemporal-resources/src/main/resources/db/changelog/geotemporal/versions/v1/0/0/tables/create_table_city.yml	d3336fc	2822	82	geotemporal/flow-geotemporal-resources	config	ab13021	2026-08-16	Samuel Cunha	1	1
geotemporal/flow-geotemporal-resources/src/main/resources/db/changelog/geotemporal/versions/v1/0/0/tables/create_table_city_holiday.yml	28f01d6	1643	48	geotemporal/flow-geotemporal-resources	config	ab13021	2026-08-16	Samuel Cunha	1	1
geotemporal/flow-geotemporal-resources/src/main/resources/db/changelog/geotemporal/versions/v1/0/0/tables/create_table_configuration.yml	da0a4f3	1855	56	geotemporal/flow-geotemporal-resources	config	ab13021	2026-08-16	Samuel Cunha	1	1
geotemporal/flow-geotemporal-resources/src/main/resources/db/changelog/geotemporal/versions/v1/0/0/tables/create_table_country.yml	35e06c3	2793	82	geotemporal/flow-geotemporal-resources	config	ab13021	2026-08-16	Samuel Cunha	1	1
geotemporal/flow-geotemporal-resources/src/main/resources/db/changelog/geotemporal/versions/v1/0/0/tables/create_table_day.yml	b27a8c1	3208	108	geotemporal/flow-geotemporal-resources	config	ab13021	2026-08-16	Samuel Cunha	1	1
geotemporal/flow-geotemporal-resources/src/main/resources/db/changelog/geotemporal/versions/v1/0/0/tables/create_table_day_tag.yml	8d6988d	1323	41	geotemporal/flow-geotemporal-resources	config	ab13021	2026-08-16	Samuel Cunha	1	1
geotemporal/flow-geotemporal-resources/src/main/resources/db/changelog/geotemporal/versions/v1/0/0/tables/create_table_district.yml	19c3e8c	2701	77	geotemporal/flow-geotemporal-resources	config	ab13021	2026-08-16	Samuel Cunha	1	1
geotemporal/flow-geotemporal-resources/src/main/resources/db/changelog/geotemporal/versions/v1/0/0/tables/create_table_fixed_holiday.yml	5fd1a64	2455	74	geotemporal/flow-geotemporal-resources	config	ab13021	2026-08-16	Samuel Cunha	1	1
geotemporal/flow-geotemporal-resources/src/main/resources/db/changelog/geotemporal/versions/v1/0/0/tables/create_table_holiday.yml	f58edf1	2982	89	geotemporal/flow-geotemporal-resources	config	ab13021	2026-08-16	Samuel Cunha	1	1
geotemporal/flow-geotemporal-resources/src/main/resources/db/changelog/geotemporal/versions/v1/0/0/tables/create_table_request.yml	2228610	2294	73	geotemporal/flow-geotemporal-resources	config	ab13021	2026-08-16	Samuel Cunha	1	1
geotemporal/flow-geotemporal-resources/src/main/resources/db/changelog/geotemporal/versions/v1/0/0/tables/create_table_request_parameter.yml	63876a1	1898	55	geotemporal/flow-geotemporal-resources	config	ab13021	2026-08-16	Samuel Cunha	1	1
geotemporal/flow-geotemporal-resources/src/main/resources/db/changelog/geotemporal/versions/v1/0/0/tables/create_table_state.yml	185aea5	3007	87	geotemporal/flow-geotemporal-resources	config	ab13021	2026-08-16	Samuel Cunha	1	1
geotemporal/flow-geotemporal-resources/src/main/resources/db/changelog/geotemporal/versions/v1/0/0/tables/create_table_state_holiday.yml	bb59f4d	1655	48	geotemporal/flow-geotemporal-resources	config	ab13021	2026-08-16	Samuel Cunha	1	1
geotemporal/flow-geotemporal-resources/src/main/resources/db/changelog/geotemporal/versions/v1/0/0/tables/create_table_street_type.yml	1f610ad	1350	41	geotemporal/flow-geotemporal-resources	config	ab13021	2026-08-16	Samuel Cunha	1	1
geotemporal/flow-geotemporal-resources/src/main/resources/db/changelog/geotemporal/versions/v1/0/0/tables/create_table_tag.yml	5bed08a	1533	52	geotemporal/flow-geotemporal-resources	config	ab13021	2026-08-16	Samuel Cunha	1	1
geotemporal/flow-geotemporal-resources/src/main/resources/db/changelog/geotemporal/versions/v1/0/0/tables/tables.yml	054762a	1499	53	geotemporal/flow-geotemporal-resources	config	ab13021	2026-08-16	Samuel Cunha	1	1
geotemporal/flow-geotemporal-resources/src/main/resources/db/changelog/geotemporal/view/address_view.sql	bd2e063	1781	32	geotemporal/flow-geotemporal-resources	codigo	ab13021	2026-08-16	Samuel Cunha	1	1
geotemporal/flow-geotemporal-resources/src/main/resources/db/changelog/geotemporal/view/view.yml	9c03a66	330	12	geotemporal/flow-geotemporal-resources	config	ab13021	2026-08-16	Samuel Cunha	1	1
geotemporal/flow-geotemporal-resources/src/main/resources/scos_message/scos_flow_message_geotemporal.properties	b5a88fa	3845	63	geotemporal/flow-geotemporal-resources	config	2db520e	2026-09-06	Samuel Cunha	1	1
geotemporal/flow-geotemporal-resources/src/main/resources/scos_message/scos_flow_message_geotemporal_en.properties	e4ca0ef	3944	63	geotemporal/flow-geotemporal-resources	config	2db520e	2026-09-06	Samuel Cunha	1	1
infrastructure/pom.xml	e0755e9	3444	99	infrastructure	build	effba66	2026-09-09	Samuel Cunha	4	1
infrastructure/src/main/java/br/com/sawcunhaos/flow/infrastructure/async/AsyncConfiguration.java	3c51b86	590	22	infrastructure	codigo	36df5f4	2026-07-18	Samuel Cunha	1	1
infrastructure/src/main/java/br/com/sawcunhaos/flow/infrastructure/async/ThreadsScosConfiguration.java	9d9e6db	1760	50	infrastructure	codigo	36df5f4	2026-07-18	Samuel Cunha	1	1
infrastructure/src/main/java/br/com/sawcunhaos/flow/infrastructure/database/ScosDataSourceConfiguration.java	7d57ee2	5782	127	infrastructure	codigo	36df5f4	2026-07-18	Samuel Cunha	1	1
infrastructure/src/main/java/br/com/sawcunhaos/flow/infrastructure/database/ScosDatabaseApplicationName.java	03a591c	1347	41	infrastructure	codigo	7102488	2026-08-23	Samuel Cunha	2	1
infrastructure/src/main/java/br/com/sawcunhaos/flow/infrastructure/database/ScosHikariConfigProperties.java	9112551	1133	38	infrastructure	codigo	36df5f4	2026-07-18	Samuel Cunha	1	1
infrastructure/src/main/java/br/com/sawcunhaos/flow/infrastructure/message/LocaleUtilsBean.java	9236454	1522	52	infrastructure	codigo	1ad7b1d	2026-08-23	Samuel Cunha	3	1
infrastructure/src/main/java/br/com/sawcunhaos/flow/infrastructure/observation/ObservationConfiguration.java	9c4794d	1000	35	infrastructure	codigo	36df5f4	2026-07-18	Samuel Cunha	1	1
infrastructure/src/main/resources/scos_message/scos_message_validation.properties	5d8a6d9	812	13	infrastructure	config	2db520e	2026-09-06	Samuel Cunha	1	1
infrastructure/src/main/resources/scos_message/scos_message_validation_en.properties	92ec5ad	859	13	infrastructure	config	2db520e	2026-09-06	Samuel Cunha	1	1
notification/pom.xml	bbce1d0	860	24	notification	build	effba66	2026-09-09	Samuel Cunha	2	1
organization/pom.xml	5b54e2c	3209	80	organization	build	effba66	2026-09-09	Samuel Cunha	4	1
organization/flow-organization-api/pom.xml	d2bd74c	28594	509	organization/flow-organization-api	build	3b38b06	2026-08-23	Samuel Cunha	6	1
organization/flow-organization-api/src/main/java/br/com/sawcunhaos/organization/api/delegate/catalog/AddressTypeDelegate.java	6a103df	4358	95	organization/flow-organization-api	codigo	36df5f4	2026-07-18	Samuel Cunha	1	1
organization/flow-organization-api/src/main/java/br/com/sawcunhaos/organization/api/delegate/catalog/ContactTypeDelegate.java	8656eaa	4358	95	organization/flow-organization-api	codigo	36df5f4	2026-07-18	Samuel Cunha	1	1
organization/flow-organization-api/src/main/java/br/com/sawcunhaos/organization/api/delegate/company/CnaeDelegate.java	7a3c321	3493	86	organization/flow-organization-api	codigo	36df5f4	2026-07-18	Samuel Cunha	1	1
organization/flow-organization-api/src/main/java/br/com/sawcunhaos/organization/api/delegate/company/CompanyDelegate.java	b6dd643	5390	114	organization/flow-organization-api	codigo	abaef10	2026-07-22	Samuel Cunha	2	1
organization/flow-organization-api/src/main/java/br/com/sawcunhaos/organization/api/delegate/company/LegalNatureDelegate.java	08a0b89	3830	86	organization/flow-organization-api	codigo	36df5f4	2026-07-18	Samuel Cunha	1	1
organization/flow-organization-api/src/main/java/br/com/sawcunhaos/organization/api/delegate/configuration/ConfigurationDelegate.java	552b992	2966	71	organization/flow-organization-api	codigo	36df5f4	2026-07-18	Samuel Cunha	1	1
organization/flow-organization-api/src/main/java/br/com/sawcunhaos/organization/api/delegate/department/DepartmentDelegate.java	517629f	3930	90	organization/flow-organization-api	codigo	36df5f4	2026-07-18	Samuel Cunha	1	1
organization/flow-organization-api/src/main/java/br/com/sawcunhaos/organization/api/delegate/employee/EmployeeDelegate.java	091616c	5139	105	organization/flow-organization-api	codigo	ce439e7	2026-08-16	Samuel Cunha	4	1
organization/flow-organization-api/src/main/java/br/com/sawcunhaos/organization/api/delegate/login/LoginApprovalRequestDelegate.java	fe93b54	3752	73	organization/flow-organization-api	codigo	28590e1	2026-08-17	Samuel Cunha	1	1
organization/flow-organization-api/src/main/java/br/com/sawcunhaos/organization/api/delegate/login/LoginDelegate.java	77d64ed	4991	107	organization/flow-organization-api	codigo	8aa2129	2026-08-17	Samuel Cunha	3	1
organization/flow-organization-api/src/main/java/br/com/sawcunhaos/organization/api/delegate/position/PositionDelegate.java	392a745	6322	129	organization/flow-organization-api	codigo	8bafe2c	2026-07-22	Samuel Cunha	2	1
organization/flow-organization-api/src/main/java/br/com/sawcunhaos/organization/api/delegate/reason/ReasonActivateDelegate.java	ca92a85	4489	95	organization/flow-organization-api	codigo	36df5f4	2026-07-18	Samuel Cunha	1	1
organization/flow-organization-api/src/main/java/br/com/sawcunhaos/organization/api/delegate/reason/ReasonDisableDelegate.java	630aa3d	4435	95	organization/flow-organization-api	codigo	36df5f4	2026-07-18	Samuel Cunha	1	1
organization/flow-organization-api/src/main/java/br/com/sawcunhaos/organization/api/delegate/reason/ReasonEnableDelegate.java	954af2f	4381	95	organization/flow-organization-api	codigo	36df5f4	2026-07-18	Samuel Cunha	1	1
organization/flow-organization-api/src/main/java/br/com/sawcunhaos/organization/api/delegate/reason/ReasonInactivateDelegate.java	4a8300a	4597	95	organization/flow-organization-api	codigo	36df5f4	2026-07-18	Samuel Cunha	1	1
organization/flow-organization-boot/pom.xml	6b5fb32	8668	208	organization/flow-organization-boot	build	7102488	2026-08-23	Samuel Cunha	4	1
organization/flow-organization-boot/src/main/java/br/com/sawcunhaos/organization/boot/ScosOrganizationApplication.java	bf8c066	1918	53	organization/flow-organization-boot	codigo	28590e1	2026-08-17	Samuel Cunha	2	1
organization/flow-organization-boot/src/main/resources/application-dev.yml	42647e4	1666	74	organization/flow-organization-boot	config	effba66	2026-09-09	Samuel Cunha	2	1
organization/flow-organization-boot/src/main/resources/application.yml	713759a	2945	74	organization/flow-organization-boot	config	effba66	2026-09-09	Samuel Cunha	3	1
organization/flow-organization-boot/src/main/resources/bootstrap.yml	90c4fd3	7267	226	organization/flow-organization-boot	config	effba66	2026-09-09	Samuel Cunha	4	1
organization/flow-organization-boot/src/main/resources/logback-spring.xml	390d698	4070	86	organization/flow-organization-boot	config	36df5f4	2026-07-18	Samuel Cunha	1	1
organization/flow-organization-boot/src/test/java/br/com/sawcunhaos/organization/boot/api/catalog/AddressTypeControllerTest.java	40cc5c7	29825	579	organization/flow-organization-boot	codigo	36df5f4	2026-07-18	Samuel Cunha	1	1
organization/flow-organization-boot/src/test/java/br/com/sawcunhaos/organization/boot/api/catalog/ContactTypeControllerTest.java	2a8f2e2	29298	569	organization/flow-organization-boot	codigo	36df5f4	2026-07-18	Samuel Cunha	1	1
organization/flow-organization-boot/src/test/java/br/com/sawcunhaos/organization/boot/api/company/CnaeControllerTest.java	0108a25	22849	467	organization/flow-organization-boot	codigo	36df5f4	2026-07-18	Samuel Cunha	1	1
organization/flow-organization-boot/src/test/java/br/com/sawcunhaos/organization/boot/api/company/CompanyActiveDescendantGuardControllerTest.java	f328036	3684	79	organization/flow-organization-boot	codigo	7102488	2026-08-23	Samuel Cunha	2	1
organization/flow-organization-boot/src/test/java/br/com/sawcunhaos/organization/boot/api/company/CompanyControllerTest.java	3444dc6	22198	419	organization/flow-organization-boot	codigo	4fe2d37	2026-07-22	Samuel Cunha	3	1
organization/flow-organization-boot/src/test/java/br/com/sawcunhaos/organization/boot/api/company/CompanyCycleGuardControllerTest.java	4cb060a	3465	77	organization/flow-organization-boot	codigo	7102488	2026-08-23	Samuel Cunha	2	1
organization/flow-organization-boot/src/test/java/br/com/sawcunhaos/organization/boot/api/company/LegalNatureControllerTest.java	e3dbe45	23491	467	organization/flow-organization-boot	codigo	36df5f4	2026-07-18	Samuel Cunha	1	1
organization/flow-organization-boot/src/test/java/br/com/sawcunhaos/organization/boot/api/configuration/ConfigurationControllerTest.java	9cd7479	13608	276	organization/flow-organization-boot	codigo	36df5f4	2026-07-18	Samuel Cunha	1	1
organization/flow-organization-boot/src/test/java/br/com/sawcunhaos/organization/boot/api/department/DepartmentControllerTest.java	6d2e7ca	39088	742	organization/flow-organization-boot	codigo	28590e1	2026-08-17	Samuel Cunha	2	1
organization/flow-organization-boot/src/test/java/br/com/sawcunhaos/organization/boot/api/employee/EmployeeControllerTest.java	9d14672	81046	1333	organization/flow-organization-boot	codigo	ce439e7	2026-08-16	Samuel Cunha	4	1
organization/flow-organization-boot/src/test/java/br/com/sawcunhaos/organization/boot/api/login/LoginApprovalRequestControllerTest.java	095b17a	17391	317	organization/flow-organization-boot	codigo	28590e1	2026-08-17	Samuel Cunha	1	1
organization/flow-organization-boot/src/test/java/br/com/sawcunhaos/organization/boot/api/login/LoginControllerTest.java	2126ed7	47640	828	organization/flow-organization-boot	codigo	8aa2129	2026-08-17	Samuel Cunha	3	1
organization/flow-organization-boot/src/test/java/br/com/sawcunhaos/organization/boot/api/position/PositionControllerTest.java	fa124b4	47157	877	organization/flow-organization-boot	codigo	8bafe2c	2026-07-22	Samuel Cunha	3	1
organization/flow-organization-boot/src/test/java/br/com/sawcunhaos/organization/boot/api/reason/ReasonActivateControllerTest.java	4de9545	26824	531	organization/flow-organization-boot	codigo	36df5f4	2026-07-18	Samuel Cunha	1	1
organization/flow-organization-boot/src/test/java/br/com/sawcunhaos/organization/boot/api/reason/ReasonDisableControllerTest.java	f7607b8	26735	531	organization/flow-organization-boot	codigo	36df5f4	2026-07-18	Samuel Cunha	1	1
organization/flow-organization-boot/src/test/java/br/com/sawcunhaos/organization/boot/api/reason/ReasonEnableControllerTest.java	3a988aa	26710	531	organization/flow-organization-boot	codigo	36df5f4	2026-07-18	Samuel Cunha	1	1
organization/flow-organization-boot/src/test/java/br/com/sawcunhaos/organization/boot/api/reason/ReasonInactivateControllerTest.java	dc09ad3	26900	531	organization/flow-organization-boot	codigo	ce439e7	2026-08-16	Samuel Cunha	2	1
organization/flow-organization-boot/src/test/java/br/com/sawcunhaos/organization/boot/infrastructure/ScosJwtTestSupport.java	395c854	4632	117	organization/flow-organization-boot	codigo	36df5f4	2026-07-18	Samuel Cunha	1	1
organization/flow-organization-boot/src/test/java/br/com/sawcunhaos/organization/boot/infrastructure/ScosOrganizationTestUtil.java	ae3abd0	5516	121	organization/flow-organization-boot	codigo	36df5f4	2026-07-18	Samuel Cunha	1	1
organization/flow-organization-boot/src/test/java/br/com/sawcunhaos/organization/boot/infrastructure/ScosOrganizationWiremockUtil.java	2e51938	8770	195	organization/flow-organization-boot	codigo	ad37021	2026-08-15	Samuel Cunha	2	1
organization/flow-organization-boot/src/test/resources/application-test.yml	089523f	1963	85	organization/flow-organization-boot	config	36df5f4	2026-07-18	Samuel Cunha	1	1
organization/flow-organization-boot/src/test/resources/testcontainer.properties 	f771b45	25	2	organization/flow-organization-boot	nao_classificado				0	1
organization/flow-organization-boot/src/test/resources/mappings/keycloack.json	4a72981	14350	369	organization/flow-organization-boot	nao_classificado	36df5f4	2026-07-18	Samuel Cunha	1	1
organization/flow-organization-boot/src/test/resources/postgresql/setsup_database.sql	0e0ef30	48371	673	organization/flow-organization-boot	codigo	8aa2129	2026-08-17	Samuel Cunha	7	1
organization/flow-organization-domain/pom.xml	1c9aeae	6556	186	organization/flow-organization-domain	build	effba66	2026-09-09	Samuel Cunha	5	1
organization/flow-organization-domain/src/main/java/br/com/sawcunhaos/organization/domain/access/login/dto/AuthorityResponseOutput.java	9b48602	891	39	organization/flow-organization-domain	codigo	36df5f4	2026-07-18	Samuel Cunha	1	1
organization/flow-organization-domain/src/main/java/br/com/sawcunhaos/organization/domain/access/login/dto/LoginApprovalRequestOutput.java	3fc3f40	1725	47	organization/flow-organization-domain	codigo	28590e1	2026-08-17	Samuel Cunha	1	1
organization/flow-organization-domain/src/main/java/br/com/sawcunhaos/organization/domain/access/login/dto/LoginInput.java	c8e9c8b	799	31	organization/flow-organization-domain	codigo	ab13021	2026-08-16	Samuel Cunha	1	1
organization/flow-organization-domain/src/main/java/br/com/sawcunhaos/organization/domain/access/login/dto/LoginOutput.java	3b92232	1494	44	organization/flow-organization-domain	codigo	ab13021	2026-08-16	Samuel Cunha	1	1
organization/flow-organization-domain/src/main/java/br/com/sawcunhaos/organization/domain/access/login/internal/Login.java	0b3a75d	6414	174	organization/flow-organization-domain	codigo	effba66	2026-09-09	Samuel Cunha	5	1
organization/flow-organization-domain/src/main/java/br/com/sawcunhaos/organization/domain/access/login/internal/LoginApprovalRequest.java	b6e8ef1	6008	165	organization/flow-organization-domain	codigo	effba66	2026-09-09	Samuel Cunha	5	1
organization/flow-organization-domain/src/main/java/br/com/sawcunhaos/organization/domain/access/login/internal/LoginApprovalRequestEscalationPolicy.java	01ece1e	491	20	organization/flow-organization-domain	codigo	28590e1	2026-08-17	Samuel Cunha	1	1
organization/flow-organization-domain/src/main/java/br/com/sawcunhaos/organization/domain/access/login/internal/LoginApprovalRequestLevel.java	07adc64	501	21	organization/flow-organization-domain	codigo	28590e1	2026-08-17	Samuel Cunha	1	1
organization/flow-organization-domain/src/main/java/br/com/sawcunhaos/organization/domain/access/login/internal/LoginApprovalRequestPredicates.java	35e888d	1137	37	organization/flow-organization-domain	codigo	28590e1	2026-08-17	Samuel Cunha	1	1
organization/flow-organization-domain/src/main/java/br/com/sawcunhaos/organization/domain/access/login/internal/LoginApprovalRequestProfileChangeKind.java	051e9e7	496	20	organization/flow-organization-domain	codigo	8aa2129	2026-08-17	Samuel Cunha	1	1
organization/flow-organization-domain/src/main/java/br/com/sawcunhaos/organization/domain/access/login/internal/LoginApprovalRequestRepository.java	19b1f06	2582	60	organization/flow-organization-domain	codigo	effba66	2026-09-09	Samuel Cunha	3	1
organization/flow-organization-domain/src/main/java/br/com/sawcunhaos/organization/domain/access/login/internal/LoginApprovalRequestStatus.java	1db9e31	504	22	organization/flow-organization-domain	codigo	28590e1	2026-08-17	Samuel Cunha	1	1
organization/flow-organization-domain/src/main/java/br/com/sawcunhaos/organization/domain/access/login/internal/LoginApprovalRequestType.java	0cc50d9	506	21	organization/flow-organization-domain	codigo	28590e1	2026-08-17	Samuel Cunha	1	1
organization/flow-organization-domain/src/main/java/br/com/sawcunhaos/organization/domain/access/login/internal/LoginPredicates.java	1cd16b6	1157	40	organization/flow-organization-domain	codigo	ab13021	2026-08-16	Samuel Cunha	1	1
organization/flow-organization-domain/src/main/java/br/com/sawcunhaos/organization/domain/access/login/internal/LoginRepository.java	8c0f042	1655	47	organization/flow-organization-domain	codigo	ab13021	2026-08-16	Samuel Cunha	2	1
organization/flow-organization-domain/src/main/java/br/com/sawcunhaos/organization/domain/access/login/internal/LoginStatus.java	6fd2eb4	508	23	organization/flow-organization-domain	codigo	ab13021	2026-08-16	Samuel Cunha	2	1
organization/flow-organization-domain/src/main/java/br/com/sawcunhaos/organization/domain/access/login/internal/LoginType.java	ab1c9a4	664	30	organization/flow-organization-domain	codigo	36df5f4	2026-07-18	Samuel Cunha	1	1
organization/flow-organization-domain/src/main/java/br/com/sawcunhaos/organization/domain/access/login/internal/VwAuthorityResponse.java	b626dcd	1996	87	organization/flow-organization-domain	codigo	36df5f4	2026-07-18	Samuel Cunha	1	1
organization/flow-organization-domain/src/main/java/br/com/sawcunhaos/organization/domain/access/login/internal/VwAuthorityResponseRepository.java	0b53481	1400	35	organization/flow-organization-domain	codigo	28590e1	2026-08-17	Samuel Cunha	2	1
organization/flow-organization-domain/src/main/java/br/com/sawcunhaos/organization/domain/access/login/internal/rules/LoginBlockedRule.java	9fe3a45	1161	38	organization/flow-organization-domain	codigo	7102488	2026-08-23	Samuel Cunha	2	1
organization/flow-organization-domain/src/main/java/br/com/sawcunhaos/organization/domain/access/login/internal/rules/LoginInactiveRule.java	8ea312f	1163	38	organization/flow-organization-domain	codigo	7102488	2026-08-23	Samuel Cunha	2	1
organization/flow-organization-domain/src/main/java/br/com/sawcunhaos/organization/domain/access/login/internal/rules/LoginPendingApprovalRule.java	b7d8416	1178	38	organization/flow-organization-domain	codigo	7102488	2026-08-23	Samuel Cunha	2	1
organization/flow-organization-domain/src/main/java/br/com/sawcunhaos/organization/domain/access/login/service/AuthorityResponseMapper.java	58f1241	768	24	organization/flow-organization-domain	codigo	36df5f4	2026-07-18	Samuel Cunha	1	1
organization/flow-organization-domain/src/main/java/br/com/sawcunhaos/organization/domain/access/login/service/AuthorityResponseServiceBean.java	c11ab96	2417	62	organization/flow-organization-domain	codigo	7102488	2026-08-23	Samuel Cunha	3	1
organization/flow-organization-domain/src/main/java/br/com/sawcunhaos/organization/domain/access/login/service/BusinessDayCalculator.java	a6113e6	1330	43	organization/flow-organization-domain	codigo	28590e1	2026-08-17	Samuel Cunha	1	1
organization/flow-organization-domain/src/main/java/br/com/sawcunhaos/organization/domain/access/login/service/LoginApprovalChainResolver.java	7a255d4	4244	90	organization/flow-organization-domain	codigo	28590e1	2026-08-17	Samuel Cunha	1	1
organization/flow-organization-domain/src/main/java/br/com/sawcunhaos/organization/domain/access/login/service/LoginApprovalEscalationJob.java	8825f98	3907	89	organization/flow-organization-domain	codigo	effba66	2026-09-09	Samuel Cunha	4	1
organization/flow-organization-domain/src/main/java/br/com/sawcunhaos/organization/domain/access/login/service/LoginApprovalRequestServiceBean.java	1456842	13405	267	organization/flow-organization-domain	codigo	effba66	2026-09-09	Samuel Cunha	5	1
organization/flow-organization-domain/src/main/java/br/com/sawcunhaos/organization/domain/access/login/service/LoginRolesService.java	5620929	1067	37	organization/flow-organization-domain	codigo	7102488	2026-08-23	Samuel Cunha	2	1
organization/flow-organization-domain/src/main/java/br/com/sawcunhaos/organization/domain/access/login/service/LoginServiceBean.java	f0890d3	11083	226	organization/flow-organization-domain	codigo	7102488	2026-08-23	Samuel Cunha	5	1
organization/flow-organization-domain/src/main/java/br/com/sawcunhaos/organization/domain/access/login/specification/AuthorityResponseService.java	238fee4	902	29	organization/flow-organization-domain	codigo	28590e1	2026-08-17	Samuel Cunha	2	1
organization/flow-organization-domain/src/main/java/br/com/sawcunhaos/organization/domain/access/login/specification/LoginApprovalRequestService.java	daa9386	2400	46	organization/flow-organization-domain	codigo	28590e1	2026-08-17	Samuel Cunha	1	1
organization/flow-organization-domain/src/main/java/br/com/sawcunhaos/organization/domain/access/login/specification/LoginService.java	21d3697	2962	60	organization/flow-organization-domain	codigo	8aa2129	2026-08-17	Samuel Cunha	3	1
organization/flow-organization-domain/src/main/java/br/com/sawcunhaos/organization/domain/access/profile/internal/LoginProfile.java	c3fcbfb	1174	50	organization/flow-organization-domain	codigo	effba66	2026-09-09	Samuel Cunha	4	1
organization/flow-organization-domain/src/main/java/br/com/sawcunhaos/organization/domain/access/profile/internal/LoginProfilePk.java	eb590c0	842	36	organization/flow-organization-domain	codigo	36df5f4	2026-07-18	Samuel Cunha	1	1
organization/flow-organization-domain/src/main/java/br/com/sawcunhaos/organization/domain/access/profile/internal/LoginProfileRepository.java	0900ff4	859	24	organization/flow-organization-domain	codigo	36df5f4	2026-07-18	Samuel Cunha	1	1
organization/flow-organization-domain/src/main/java/br/com/sawcunhaos/organization/domain/access/profile/internal/Profile.java	d8a23ca	1342	53	organization/flow-organization-domain	codigo	effba66	2026-09-09	Samuel Cunha	3	1
organization/flow-organization-domain/src/main/java/br/com/sawcunhaos/organization/domain/access/profile/internal/ProfileRepository.java	747e0b7	1033	31	organization/flow-organization-domain	codigo	36df5f4	2026-07-18	Samuel Cunha	1	1
organization/flow-organization-domain/src/main/java/br/com/sawcunhaos/organization/domain/access/resource/dto/RegisterResourceInput.java	ae18473	857	34	organization/flow-organization-domain	codigo	5f84579	2026-07-20	Samuel Cunha	2	1
organization/flow-organization-domain/src/main/java/br/com/sawcunhaos/organization/domain/access/resource/internal/ProfileResource.java	31d7d46	1184	50	organization/flow-organization-domain	codigo	effba66	2026-09-09	Samuel Cunha	4	1
organization/flow-organization-domain/src/main/java/br/com/sawcunhaos/organization/domain/access/resource/internal/ProfileResourcePk.java	56f84d1	876	38	organization/flow-organization-domain	codigo	36df5f4	2026-07-18	Samuel Cunha	1	1
organization/flow-organization-domain/src/main/java/br/com/sawcunhaos/organization/domain/access/resource/internal/ProfileResourceRepository.java	041d5c8	875	24	organization/flow-organization-domain	codigo	36df5f4	2026-07-18	Samuel Cunha	1	1
organization/flow-organization-domain/src/main/java/br/com/sawcunhaos/organization/domain/access/resource/internal/Resource.java	6b970c7	2044	73	organization/flow-organization-domain	codigo	effba66	2026-09-09	Samuel Cunha	4	1
organization/flow-organization-domain/src/main/java/br/com/sawcunhaos/organization/domain/access/resource/internal/ResourceRepository.java	f564019	3389	74	organization/flow-organization-domain	codigo	5f84579	2026-07-20	Samuel Cunha	2	1
organization/flow-organization-domain/src/main/java/br/com/sawcunhaos/organization/domain/access/resource/service/ResourceServiceBean.java	612ef12	2606	61	organization/flow-organization-domain	codigo	7102488	2026-08-23	Samuel Cunha	2	1
organization/flow-organization-domain/src/main/java/br/com/sawcunhaos/organization/domain/access/resource/specification/ResourceService.java	4a611de	655	24	organization/flow-organization-domain	codigo	36df5f4	2026-07-18	Samuel Cunha	1	1
organization/flow-organization-domain/src/main/java/br/com/sawcunhaos/organization/domain/access/status/dto/ReasonActivateInput.java	d690295	760	30	organization/flow-organization-domain	codigo	36df5f4	2026-07-18	Samuel Cunha	1	1
organization/flow-organization-domain/src/main/java/br/com/sawcunhaos/organization/domain/access/status/dto/ReasonActivateOutput.java	8d8bf2c	777	31	organization/flow-organization-domain	codigo	36df5f4	2026-07-18	Samuel Cunha	1	1
organization/flow-organization-domain/src/main/java/br/com/sawcunhaos/organization/domain/access/status/dto/ReasonDisableInput.java	659c23f	758	30	organization/flow-organization-domain	codigo	36df5f4	2026-07-18	Samuel Cunha	1	1
organization/flow-organization-domain/src/main/java/br/com/sawcunhaos/organization/domain/access/status/dto/ReasonDisableOutput.java	f30920d	775	31	organization/flow-organization-domain	codigo	36df5f4	2026-07-18	Samuel Cunha	1	1
organization/flow-organization-domain/src/main/java/br/com/sawcunhaos/organization/domain/access/status/dto/ReasonEnableInput.java	1ab2f54	756	30	organization/flow-organization-domain	codigo	36df5f4	2026-07-18	Samuel Cunha	1	1
organization/flow-organization-domain/src/main/java/br/com/sawcunhaos/organization/domain/access/status/dto/ReasonEnableOutput.java	86edee4	773	31	organization/flow-organization-domain	codigo	36df5f4	2026-07-18	Samuel Cunha	1	1
organization/flow-organization-domain/src/main/java/br/com/sawcunhaos/organization/domain/access/status/dto/ReasonInactivateInput.java	ba4484a	764	30	organization/flow-organization-domain	codigo	36df5f4	2026-07-18	Samuel Cunha	1	1
organization/flow-organization-domain/src/main/java/br/com/sawcunhaos/organization/domain/access/status/dto/ReasonInactivateOutput.java	72a69ad	781	31	organization/flow-organization-domain	codigo	36df5f4	2026-07-18	Samuel Cunha	1	1
organization/flow-organization-domain/src/main/java/br/com/sawcunhaos/organization/domain/access/status/internal/CompanyStatusHistory.java	553e958	2601	87	organization/flow-organization-domain	codigo	effba66	2026-09-09	Samuel Cunha	4	1
organization/flow-organization-domain/src/main/java/br/com/sawcunhaos/organization/domain/access/status/internal/CompanyStatusHistoryRepository.java	764b09d	880	24	organization/flow-organization-domain	codigo	36df5f4	2026-07-18	Samuel Cunha	1	1
organization/flow-organization-domain/src/main/java/br/com/sawcunhaos/organization/domain/access/status/internal/EmployeeStatusHistory.java	ecce8fa	2727	91	organization/flow-organization-domain	codigo	effba66	2026-09-09	Samuel Cunha	5	1
organization/flow-organization-domain/src/main/java/br/com/sawcunhaos/organization/domain/access/status/internal/EmployeeStatusHistoryRepository.java	770d5c4	1409	36	organization/flow-organization-domain	codigo	1cf7fa5	2026-08-18	Samuel Cunha	2	1
organization/flow-organization-domain/src/main/java/br/com/sawcunhaos/organization/domain/access/status/internal/EntityType.java	4d21243	471	21	organization/flow-organization-domain	codigo	36df5f4	2026-07-18	Samuel Cunha	1	1
organization/flow-organization-domain/src/main/java/br/com/sawcunhaos/organization/domain/access/status/internal/LoginStatusHistory.java	2dbdaad	2571	87	organization/flow-organization-domain	codigo	effba66	2026-09-09	Samuel Cunha	4	1
organization/flow-organization-domain/src/main/java/br/com/sawcunhaos/organization/domain/access/status/internal/LoginStatusHistoryRepository.java	6c19178	872	24	organization/flow-organization-domain	codigo	36df5f4	2026-07-18	Samuel Cunha	1	1
organization/flow-organization-domain/src/main/java/br/com/sawcunhaos/organization/domain/access/status/internal/ReasonActivate.java	9f680a7	2443	83	organization/flow-organization-domain	codigo	effba66	2026-09-09	Samuel Cunha	3	1
organization/flow-organization-domain/src/main/java/br/com/sawcunhaos/organization/domain/access/status/internal/ReasonActivatePredicates.java	3bb49b2	1828	50	organization/flow-organization-domain	codigo	b72b2dc	2026-08-16	Samuel Cunha	1	1
organization/flow-organization-domain/src/main/java/br/com/sawcunhaos/organization/domain/access/status/internal/ReasonActivateRepository.java	17a1009	2580	62	organization/flow-organization-domain	codigo	b72b2dc	2026-08-16	Samuel Cunha	2	1
organization/flow-organization-domain/src/main/java/br/com/sawcunhaos/organization/domain/access/status/internal/ReasonDisable.java	46c5c43	2430	83	organization/flow-organization-domain	codigo	effba66	2026-09-09	Samuel Cunha	3	1
organization/flow-organization-domain/src/main/java/br/com/sawcunhaos/organization/domain/access/status/internal/ReasonDisablePredicates.java	ef358b8	1814	50	organization/flow-organization-domain	codigo	b72b2dc	2026-08-16	Samuel Cunha	1	1
organization/flow-organization-domain/src/main/java/br/com/sawcunhaos/organization/domain/access/status/internal/ReasonDisableRepository.java	8bc2a99	2566	62	organization/flow-organization-domain	codigo	b72b2dc	2026-08-16	Samuel Cunha	2	1
organization/flow-organization-domain/src/main/java/br/com/sawcunhaos/organization/domain/access/status/internal/ReasonEnable.java	fbc79ee	2427	83	organization/flow-organization-domain	codigo	effba66	2026-09-09	Samuel Cunha	3	1
organization/flow-organization-domain/src/main/java/br/com/sawcunhaos/organization/domain/access/status/internal/ReasonEnablePredicates.java	3cd035a	1800	50	organization/flow-organization-domain	codigo	b72b2dc	2026-08-16	Samuel Cunha	1	1
organization/flow-organization-domain/src/main/java/br/com/sawcunhaos/organization/domain/access/status/internal/ReasonEnableRepository.java	f9620d0	2552	62	organization/flow-organization-domain	codigo	b72b2dc	2026-08-16	Samuel Cunha	2	1
organization/flow-organization-domain/src/main/java/br/com/sawcunhaos/organization/domain/access/status/internal/ReasonInactivate.java	18a55d4	2465	83	organization/flow-organization-domain	codigo	effba66	2026-09-09	Samuel Cunha	3	1
organization/flow-organization-domain/src/main/java/br/com/sawcunhaos/organization/domain/access/status/internal/ReasonInactivatePredicates.java	c961743	1856	50	organization/flow-organization-domain	codigo	b72b2dc	2026-08-16	Samuel Cunha	1	1
organization/flow-organization-domain/src/main/java/br/com/sawcunhaos/organization/domain/access/status/internal/ReasonInactivateRepository.java	fff437f	2608	62	organization/flow-organization-domain	codigo	b72b2dc	2026-08-16	Samuel Cunha	2	1
organization/flow-organization-domain/src/main/java/br/com/sawcunhaos/organization/domain/access/status/service/EmployeeReturnFromLeaveJob.java	42ad394	5730	116	organization/flow-organization-domain	codigo	7102488	2026-08-23	Samuel Cunha	2	1
organization/flow-organization-domain/src/main/java/br/com/sawcunhaos/organization/domain/access/status/service/ReasonActivateMapper.java	57aeb26	875	29	organization/flow-organization-domain	codigo	36df5f4	2026-07-18	Samuel Cunha	1	1
organization/flow-organization-domain/src/main/java/br/com/sawcunhaos/organization/domain/access/status/service/ReasonActivateServiceBean.java	4aa5568	7201	162	organization/flow-organization-domain	codigo	7102488	2026-08-23	Samuel Cunha	2	1
organization/flow-organization-domain/src/main/java/br/com/sawcunhaos/organization/domain/access/status/service/ReasonDisableMapper.java	6398d95	866	29	organization/flow-organization-domain	codigo	36df5f4	2026-07-18	Samuel Cunha	1	1
organization/flow-organization-domain/src/main/java/br/com/sawcunhaos/organization/domain/access/status/service/ReasonDisableServiceBean.java	903cc04	7082	162	organization/flow-organization-domain	codigo	7102488	2026-08-23	Samuel Cunha	2	1
organization/flow-organization-domain/src/main/java/br/com/sawcunhaos/organization/domain/access/status/service/ReasonEnableMapper.java	49a6546	857	29	organization/flow-organization-domain	codigo	36df5f4	2026-07-18	Samuel Cunha	1	1
organization/flow-organization-domain/src/main/java/br/com/sawcunhaos/organization/domain/access/status/service/ReasonEnableServiceBean.java	6299591	6963	162	organization/flow-organization-domain	codigo	7102488	2026-08-23	Samuel Cunha	2	1
organization/flow-organization-domain/src/main/java/br/com/sawcunhaos/organization/domain/access/status/service/ReasonInactivateMapper.java	570e2d2	893	29	organization/flow-organization-domain	codigo	36df5f4	2026-07-18	Samuel Cunha	1	1
organization/flow-organization-domain/src/main/java/br/com/sawcunhaos/organization/domain/access/status/service/ReasonInactivateServiceBean.java	4d34732	7439	162	organization/flow-organization-domain	codigo	7102488	2026-08-23	Samuel Cunha	2	1
organization/flow-organization-domain/src/main/java/br/com/sawcunhaos/organization/domain/access/status/specification/ReasonActivateService.java	e55c937	1867	47	organization/flow-organization-domain	codigo	36df5f4	2026-07-18	Samuel Cunha	1	1
organization/flow-organization-domain/src/main/java/br/com/sawcunhaos/organization/domain/access/status/specification/ReasonDisableService.java	c7da0fd	1843	47	organization/flow-organization-domain	codigo	36df5f4	2026-07-18	Samuel Cunha	1	1
organization/flow-organization-domain/src/main/java/br/com/sawcunhaos/organization/domain/access/status/specification/ReasonEnableService.java	bc5fbf3	1844	47	organization/flow-organization-domain	codigo	36df5f4	2026-07-18	Samuel Cunha	1	1
organization/flow-organization-domain/src/main/java/br/com/sawcunhaos/organization/domain/access/status/specification/ReasonInactivateService.java	c103710	1905	47	organization/flow-organization-domain	codigo	36df5f4	2026-07-18	Samuel Cunha	1	1
organization/flow-organization-domain/src/main/java/br/com/sawcunhaos/organization/domain/access/system/dto/RegisterScosSystemInput.java	b9f240c	649	27	organization/flow-organization-domain	codigo	36df5f4	2026-07-18	Samuel Cunha	1	1
organization/flow-organization-domain/src/main/java/br/com/sawcunhaos/organization/domain/access/system/dto/ScosSystemOutput.java	25044d8	691	32	organization/flow-organization-domain	codigo	36df5f4	2026-07-18	Samuel Cunha	1	1
organization/flow-organization-domain/src/main/java/br/com/sawcunhaos/organization/domain/access/system/internal/ScosSystem.java	49a509b	3073	95	organization/flow-organization-domain	codigo	effba66	2026-09-09	Samuel Cunha	6	1
organization/flow-organization-domain/src/main/java/br/com/sawcunhaos/organization/domain/access/system/internal/ScosSystemRepository.java	3a1c96a	942	29	organization/flow-organization-domain	codigo	36df5f4	2026-07-18	Samuel Cunha	1	1
organization/flow-organization-domain/src/main/java/br/com/sawcunhaos/organization/domain/access/system/service/ScosSystemServiceBean.java	5b14cd5	6292	162	organization/flow-organization-domain	codigo	7102488	2026-08-23	Samuel Cunha	4	1
organization/flow-organization-domain/src/main/java/br/com/sawcunhaos/organization/domain/access/system/specification/ScosSystemService.java	86d3eef	884	27	organization/flow-organization-domain	codigo	36df5f4	2026-07-18	Samuel Cunha	1	1
organization/flow-organization-domain/src/main/java/br/com/sawcunhaos/organization/domain/config/ClockConfig.java	57a78b9	651	29	organization/flow-organization-domain	codigo	5f84579	2026-07-20	Samuel Cunha	1	1
organization/flow-organization-domain/src/main/java/br/com/sawcunhaos/organization/domain/configuration/dto/ConfigurationOutput.java	df27fc8	565	26	organization/flow-organization-domain	codigo	36df5f4	2026-07-18	Samuel Cunha	1	1
organization/flow-organization-domain/src/main/java/br/com/sawcunhaos/organization/domain/configuration/dto/KeyConfigurationOutput.java	4e42fa8	546	25	organization/flow-organization-domain	codigo	36df5f4	2026-07-18	Samuel Cunha	1	1
organization/flow-organization-domain/src/main/java/br/com/sawcunhaos/organization/domain/configuration/internal/ConfigurationKey.java	9b5fa1f	1388	49	organization/flow-organization-domain	codigo	7102488	2026-08-23	Samuel Cunha	2	1
organization/flow-organization-domain/src/main/java/br/com/sawcunhaos/organization/domain/configuration/internal/ConfigurationType.java	5e648ae	524	25	organization/flow-organization-domain	codigo	36df5f4	2026-07-18	Samuel Cunha	1	1
organization/flow-organization-domain/src/main/java/br/com/sawcunhaos/organization/domain/configuration/internal/OrganizationConfiguration.java	7246f71	1343	52	organization/flow-organization-domain	codigo	effba66	2026-09-09	Samuel Cunha	3	1
organization/flow-organization-domain/src/main/java/br/com/sawcunhaos/organization/domain/configuration/internal/OrganizationConfigurationRepository.java	2533fa0	825	29	organization/flow-organization-domain	codigo	36df5f4	2026-07-18	Samuel Cunha	1	1
organization/flow-organization-domain/src/main/java/br/com/sawcunhaos/organization/domain/configuration/service/ConfigurationServiceBean.java	a533ce2	4410	105	organization/flow-organization-domain	codigo	7102488	2026-08-23	Samuel Cunha	2	1
organization/flow-organization-domain/src/main/java/br/com/sawcunhaos/organization/domain/configuration/specification/ConfigurationService.java	58328c5	862	29	organization/flow-organization-domain	codigo	36df5f4	2026-07-18	Samuel Cunha	1	1
organization/flow-organization-domain/src/main/java/br/com/sawcunhaos/organization/domain/corporate/catalog/dto/AddressTypeInput.java	7755707	758	30	organization/flow-organization-domain	codigo	36df5f4	2026-07-18	Samuel Cunha	1	1
organization/flow-organization-domain/src/main/java/br/com/sawcunhaos/organization/domain/corporate/catalog/dto/AddressTypeOutput.java	9a784e6	775	31	organization/flow-organization-domain	codigo	36df5f4	2026-07-18	Samuel Cunha	1	1
organization/flow-organization-domain/src/main/java/br/com/sawcunhaos/organization/domain/corporate/catalog/dto/ContactTypeInput.java	181a950	758	30	organization/flow-organization-domain	codigo	36df5f4	2026-07-18	Samuel Cunha	1	1
organization/flow-organization-domain/src/main/java/br/com/sawcunhaos/organization/domain/corporate/catalog/dto/ContactTypeOutput.java	f070343	775	31	organization/flow-organization-domain	codigo	36df5f4	2026-07-18	Samuel Cunha	1	1
organization/flow-organization-domain/src/main/java/br/com/sawcunhaos/organization/domain/corporate/catalog/internal/AddressType.java	9d2e5a6	2717	88	organization/flow-organization-domain	codigo	effba66	2026-09-09	Samuel Cunha	3	1
organization/flow-organization-domain/src/main/java/br/com/sawcunhaos/organization/domain/corporate/catalog/internal/AddressTypePredicates.java	8543171	1872	57	organization/flow-organization-domain	codigo	b72b2dc	2026-08-16	Samuel Cunha	1	1
organization/flow-organization-domain/src/main/java/br/com/sawcunhaos/organization/domain/corporate/catalog/internal/AddressTypeRepository.java	0fc6a48	2641	62	organization/flow-organization-domain	codigo	b72b2dc	2026-08-16	Samuel Cunha	2	1
organization/flow-organization-domain/src/main/java/br/com/sawcunhaos/organization/domain/corporate/catalog/internal/ContactType.java	481624e	2711	88	organization/flow-organization-domain	codigo	effba66	2026-09-09	Samuel Cunha	3	1
organization/flow-organization-domain/src/main/java/br/com/sawcunhaos/organization/domain/corporate/catalog/internal/ContactTypePredicates.java	ed3f2ca	1891	57	organization/flow-organization-domain	codigo	b72b2dc	2026-08-16	Samuel Cunha	1	1
organization/flow-organization-domain/src/main/java/br/com/sawcunhaos/organization/domain/corporate/catalog/internal/ContactTypeRepository.java	9c16553	2678	65	organization/flow-organization-domain	codigo	b72b2dc	2026-08-16	Samuel Cunha	2	1
organization/flow-organization-domain/src/main/java/br/com/sawcunhaos/organization/domain/corporate/catalog/service/AddressTypeMapper.java	436fe7b	860	29	organization/flow-organization-domain	codigo	36df5f4	2026-07-18	Samuel Cunha	1	1
organization/flow-organization-domain/src/main/java/br/com/sawcunhaos/organization/domain/corporate/catalog/service/AddressTypeServiceBean.java	0da1acb	6927	164	organization/flow-organization-domain	codigo	7102488	2026-08-23	Samuel Cunha	2	1
organization/flow-organization-domain/src/main/java/br/com/sawcunhaos/organization/domain/corporate/catalog/service/ContactTypeMapper.java	fe3f103	860	29	organization/flow-organization-domain	codigo	36df5f4	2026-07-18	Samuel Cunha	1	1
organization/flow-organization-domain/src/main/java/br/com/sawcunhaos/organization/domain/corporate/catalog/service/ContactTypeServiceBean.java	db0f830	6916	164	organization/flow-organization-domain	codigo	7102488	2026-08-23	Samuel Cunha	2	1
organization/flow-organization-domain/src/main/java/br/com/sawcunhaos/organization/domain/corporate/catalog/specification/AddressTypeService.java	1d8fdd0	1947	50	organization/flow-organization-domain	codigo	36df5f4	2026-07-18	Samuel Cunha	1	1
organization/flow-organization-domain/src/main/java/br/com/sawcunhaos/organization/domain/corporate/catalog/specification/ContactTypeService.java	7cb8fab	1937	50	organization/flow-organization-domain	codigo	36df5f4	2026-07-18	Samuel Cunha	1	1
organization/flow-organization-domain/src/main/java/br/com/sawcunhaos/organization/domain/corporate/company/dto/CnaeInput.java	32e0161	633	28	organization/flow-organization-domain	codigo	36df5f4	2026-07-18	Samuel Cunha	1	1
organization/flow-organization-domain/src/main/java/br/com/sawcunhaos/organization/domain/corporate/company/dto/CnaeOutput.java	132f1be	626	28	organization/flow-organization-domain	codigo	36df5f4	2026-07-18	Samuel Cunha	1	1
organization/flow-organization-domain/src/main/java/br/com/sawcunhaos/organization/domain/corporate/company/dto/CompanyInput.java	3e7e12b	1165	42	organization/flow-organization-domain	codigo	36df5f4	2026-07-18	Samuel Cunha	1	1
organization/flow-organization-domain/src/main/java/br/com/sawcunhaos/organization/domain/corporate/company/dto/CompanyOutput.java	10d4171	1079	41	organization/flow-organization-domain	codigo	36df5f4	2026-07-18	Samuel Cunha	1	1
organization/flow-organization-domain/src/main/java/br/com/sawcunhaos/organization/domain/corporate/company/dto/LegalNatureInput.java	6f8b7e5	648	28	organization/flow-organization-domain	codigo	36df5f4	2026-07-18	Samuel Cunha	1	1
organization/flow-organization-domain/src/main/java/br/com/sawcunhaos/organization/domain/corporate/company/dto/LegalNatureOutput.java	99d6a5c	641	28	organization/flow-organization-domain	codigo	36df5f4	2026-07-18	Samuel Cunha	1	1
organization/flow-organization-domain/src/main/java/br/com/sawcunhaos/organization/domain/corporate/company/dto/ParentCompanyOutput.java	6079ce4	659	29	organization/flow-organization-domain	codigo	36df5f4	2026-07-18	Samuel Cunha	1	1
organization/flow-organization-domain/src/main/java/br/com/sawcunhaos/organization/domain/corporate/company/internal/Cnae.java	d44b958	1366	55	organization/flow-organization-domain	codigo	effba66	2026-09-09	Samuel Cunha	4	1
organization/flow-organization-domain/src/main/java/br/com/sawcunhaos/organization/domain/corporate/company/internal/CnaeRepository.java	4b2f02d	1625	47	organization/flow-organization-domain	codigo	36df5f4	2026-07-18	Samuel Cunha	1	1
organization/flow-organization-domain/src/main/java/br/com/sawcunhaos/organization/domain/corporate/company/internal/Company.java	c5cb689	6892	191	organization/flow-organization-domain	codigo	effba66	2026-09-09	Samuel Cunha	4	1
organization/flow-organization-domain/src/main/java/br/com/sawcunhaos/organization/domain/corporate/company/internal/CompanyAddress.java	146acd4	1723	61	organization/flow-organization-domain	codigo	effba66	2026-09-09	Samuel Cunha	3	1
organization/flow-organization-domain/src/main/java/br/com/sawcunhaos/organization/domain/corporate/company/internal/CompanyAddressPk.java	2e142e9	866	36	organization/flow-organization-domain	codigo	36df5f4	2026-07-18	Samuel Cunha	1	1
organization/flow-organization-domain/src/main/java/br/com/sawcunhaos/organization/domain/corporate/company/internal/CompanyAddressRepository.java	3f84444	1938	50	organization/flow-organization-domain	codigo	36df5f4	2026-07-18	Samuel Cunha	1	1
organization/flow-organization-domain/src/main/java/br/com/sawcunhaos/organization/domain/corporate/company/internal/CompanyCnaeSecondary.java	2ec2422	1202	50	organization/flow-organization-domain	codigo	effba66	2026-09-09	Samuel Cunha	4	1
organization/flow-organization-domain/src/main/java/br/com/sawcunhaos/organization/domain/corporate/company/internal/CompanyCnaeSecondaryPk.java	0b439b7	851	36	organization/flow-organization-domain	codigo	36df5f4	2026-07-18	Samuel Cunha	1	1
organization/flow-organization-domain/src/main/java/br/com/sawcunhaos/organization/domain/corporate/company/internal/CompanyCnaeSecondaryRepository.java	49c9972	1334	35	organization/flow-organization-domain	codigo	36df5f4	2026-07-18	Samuel Cunha	1	1
organization/flow-organization-domain/src/main/java/br/com/sawcunhaos/organization/domain/corporate/company/internal/CompanyContact.java	32e3eca	2010	66	organization/flow-organization-domain	codigo	effba66	2026-09-09	Samuel Cunha	3	1
organization/flow-organization-domain/src/main/java/br/com/sawcunhaos/organization/domain/corporate/company/internal/CompanyContactRepository.java	94db928	1846	50	organization/flow-organization-domain	codigo	36df5f4	2026-07-18	Samuel Cunha	1	1
organization/flow-organization-domain/src/main/java/br/com/sawcunhaos/organization/domain/corporate/company/internal/CompanyPredicates.java	1cb543f	1121	36	organization/flow-organization-domain	codigo	b72b2dc	2026-08-16	Samuel Cunha	1	1
organization/flow-organization-domain/src/main/java/br/com/sawcunhaos/organization/domain/corporate/company/internal/CompanyRepository.java	327bf08	7657	193	organization/flow-organization-domain	codigo	b72b2dc	2026-08-16	Samuel Cunha	4	1
organization/flow-organization-domain/src/main/java/br/com/sawcunhaos/organization/domain/corporate/company/internal/LegalNature.java	b74f01d	1389	55	organization/flow-organization-domain	codigo	effba66	2026-09-09	Samuel Cunha	4	1
organization/flow-organization-domain/src/main/java/br/com/sawcunhaos/organization/domain/corporate/company/internal/LegalNatureRepository.java	c83d57e	1761	47	organization/flow-organization-domain	codigo	36df5f4	2026-07-18	Samuel Cunha	1	1
organization/flow-organization-domain/src/main/java/br/com/sawcunhaos/organization/domain/corporate/company/internal/StatusCompany.java	03ddae7	673	30	organization/flow-organization-domain	codigo	36df5f4	2026-07-18	Samuel Cunha	1	1
organization/flow-organization-domain/src/main/java/br/com/sawcunhaos/organization/domain/corporate/company/service/CnaeMapper.java	78f331a	797	29	organization/flow-organization-domain	codigo	36df5f4	2026-07-18	Samuel Cunha	1	1
organization/flow-organization-domain/src/main/java/br/com/sawcunhaos/organization/domain/corporate/company/service/CnaeServiceBean.java	070c549	5056	135	organization/flow-organization-domain	codigo	7102488	2026-08-23	Samuel Cunha	2	1
organization/flow-organization-domain/src/main/java/br/com/sawcunhaos/organization/domain/corporate/company/service/CompanyMapper.java	592c64f	1445	39	organization/flow-organization-domain	codigo	36df5f4	2026-07-18	Samuel Cunha	1	1
organization/flow-organization-domain/src/main/java/br/com/sawcunhaos/organization/domain/corporate/company/service/CompanyServiceBean.java	ef0b7e4	20735	424	organization/flow-organization-domain	codigo	7102488	2026-08-23	Samuel Cunha	8	1
organization/flow-organization-domain/src/main/java/br/com/sawcunhaos/organization/domain/corporate/company/service/LegalNatureMapper.java	43935b6	860	29	organization/flow-organization-domain	codigo	36df5f4	2026-07-18	Samuel Cunha	1	1
organization/flow-organization-domain/src/main/java/br/com/sawcunhaos/organization/domain/corporate/company/service/LegalNatureServiceBean.java	c23d773	5437	132	organization/flow-organization-domain	codigo	7102488	2026-08-23	Samuel Cunha	2	1
organization/flow-organization-domain/src/main/java/br/com/sawcunhaos/organization/domain/corporate/company/specification/CnaeService.java	304b3bf	1511	46	organization/flow-organization-domain	codigo	36df5f4	2026-07-18	Samuel Cunha	1	1
organization/flow-organization-domain/src/main/java/br/com/sawcunhaos/organization/domain/corporate/company/specification/CompanyService.java	a6e05ca	3661	75	organization/flow-organization-domain	codigo	7102488	2026-08-23	Samuel Cunha	6	1
organization/flow-organization-domain/src/main/java/br/com/sawcunhaos/organization/domain/corporate/company/specification/LegalNatureService.java	b2bc2f7	1678	46	organization/flow-organization-domain	codigo	36df5f4	2026-07-18	Samuel Cunha	1	1
organization/flow-organization-domain/src/main/java/br/com/sawcunhaos/organization/domain/corporate/department/dto/DepartmentInput.java	1adc06c	591	27	organization/flow-organization-domain	codigo	28590e1	2026-08-17	Samuel Cunha	2	1
organization/flow-organization-domain/src/main/java/br/com/sawcunhaos/organization/domain/corporate/department/dto/DepartmentOutput.java	b06ac86	592	27	organization/flow-organization-domain	codigo	28590e1	2026-08-17	Samuel Cunha	2	1
organization/flow-organization-domain/src/main/java/br/com/sawcunhaos/organization/domain/corporate/department/internal/Department.java	6cf4a30	2907	94	organization/flow-organization-domain	codigo	effba66	2026-09-09	Samuel Cunha	4	1
organization/flow-organization-domain/src/main/java/br/com/sawcunhaos/organization/domain/corporate/department/internal/DepartmentPredicates.java	4d8ce51	1347	41	organization/flow-organization-domain	codigo	b72b2dc	2026-08-16	Samuel Cunha	1	1
organization/flow-organization-domain/src/main/java/br/com/sawcunhaos/organization/domain/corporate/department/internal/DepartmentRepository.java	40d0392	2271	63	organization/flow-organization-domain	codigo	b72b2dc	2026-08-16	Samuel Cunha	2	1
organization/flow-organization-domain/src/main/java/br/com/sawcunhaos/organization/domain/corporate/department/service/DepartmentMapper.java	b6ee50d	844	28	organization/flow-organization-domain	codigo	28590e1	2026-08-17	Samuel Cunha	2	1
organization/flow-organization-domain/src/main/java/br/com/sawcunhaos/organization/domain/corporate/department/service/DepartmentServiceBean.java	f376fa0	6182	151	organization/flow-organization-domain	codigo	7102488	2026-08-23	Samuel Cunha	3	1
organization/flow-organization-domain/src/main/java/br/com/sawcunhaos/organization/domain/corporate/department/specification/DepartmentService.java	33d95a7	1290	35	organization/flow-organization-domain	codigo	36df5f4	2026-07-18	Samuel Cunha	1	1
organization/flow-organization-domain/src/main/java/br/com/sawcunhaos/organization/domain/corporate/employee/dto/EmployeeInput.java	219179d	1037	41	organization/flow-organization-domain	codigo	38f943a	2026-08-05	Samuel Cunha	1	1
organization/flow-organization-domain/src/main/java/br/com/sawcunhaos/organization/domain/corporate/employee/dto/EmployeeOutput.java	f3ef8d6	1185	43	organization/flow-organization-domain	codigo	38f943a	2026-08-05	Samuel Cunha	1	1
organization/flow-organization-domain/src/main/java/br/com/sawcunhaos/organization/domain/corporate/employee/dto/RehireEmployeeInput.java	22eed2a	1039	38	organization/flow-organization-domain	codigo	a9637d5	2026-08-05	Samuel Cunha	1	1
organization/flow-organization-domain/src/main/java/br/com/sawcunhaos/organization/domain/corporate/employee/internal/Employee.java	baa73a2	6341	169	organization/flow-organization-domain	codigo	effba66	2026-09-09	Samuel Cunha	3	1
organization/flow-organization-domain/src/main/java/br/com/sawcunhaos/organization/domain/corporate/employee/internal/EmployeeAddress.java	8891478	1808	61	organization/flow-organization-domain	codigo	effba66	2026-09-09	Samuel Cunha	3	1
organization/flow-organization-domain/src/main/java/br/com/sawcunhaos/organization/domain/corporate/employee/internal/EmployeeAddressPk.java	b4ee097	907	36	organization/flow-organization-domain	codigo	36df5f4	2026-07-18	Samuel Cunha	1	1
organization/flow-organization-domain/src/main/java/br/com/sawcunhaos/organization/domain/corporate/employee/internal/EmployeeAddressQueryRepository.java	4b5826a	910	26	organization/flow-organization-domain	codigo	36df5f4	2026-07-18	Samuel Cunha	1	1
organization/flow-organization-domain/src/main/java/br/com/sawcunhaos/organization/domain/corporate/employee/internal/EmployeeContact.java	cbecc1d	1753	59	organization/flow-organization-domain	codigo	effba66	2026-09-09	Samuel Cunha	3	1
organization/flow-organization-domain/src/main/java/br/com/sawcunhaos/organization/domain/corporate/employee/internal/EmployeeContactQueryRepository.java	4dff0a3	897	26	organization/flow-organization-domain	codigo	36df5f4	2026-07-18	Samuel Cunha	1	1
organization/flow-organization-domain/src/main/java/br/com/sawcunhaos/organization/domain/corporate/employee/internal/EmployeeContractType.java	c19cdd9	494	22	organization/flow-organization-domain	codigo	36df5f4	2026-07-18	Samuel Cunha	1	1
organization/flow-organization-domain/src/main/java/br/com/sawcunhaos/organization/domain/corporate/employee/internal/EmployeePositionHistory.java	2356fd5	2087	75	organization/flow-organization-domain	codigo	effba66	2026-09-09	Samuel Cunha	4	1
organization/flow-organization-domain/src/main/java/br/com/sawcunhaos/organization/domain/corporate/employee/internal/EmployeePositionHistoryRepository.java	6e80f93	897	24	organization/flow-organization-domain	codigo	36df5f4	2026-07-18	Samuel Cunha	1	1
organization/flow-organization-domain/src/main/java/br/com/sawcunhaos/organization/domain/corporate/employee/internal/EmployeeQueryPredicates.java	1918364	2585	72	organization/flow-organization-domain	codigo	b72b2dc	2026-08-16	Samuel Cunha	1	1
organization/flow-organization-domain/src/main/java/br/com/sawcunhaos/organization/domain/corporate/employee/internal/EmployeeQueryRepository.java	ef1ace6	3046	70	organization/flow-organization-domain	codigo	b72b2dc	2026-08-16	Samuel Cunha	5	1
organization/flow-organization-domain/src/main/java/br/com/sawcunhaos/organization/domain/corporate/employee/internal/EmployeeWorkSchedule.java	775c786	1987	70	organization/flow-organization-domain	codigo	effba66	2026-09-09	Samuel Cunha	3	1
organization/flow-organization-domain/src/main/java/br/com/sawcunhaos/organization/domain/corporate/employee/internal/EmployeeWorkScheduleRepository.java	e9f3db7	885	24	organization/flow-organization-domain	codigo	36df5f4	2026-07-18	Samuel Cunha	1	1
organization/flow-organization-domain/src/main/java/br/com/sawcunhaos/organization/domain/corporate/employee/internal/ReasonPositionChange.java	c5252f6	1415	52	organization/flow-organization-domain	codigo	effba66	2026-09-09	Samuel Cunha	3	1
organization/flow-organization-domain/src/main/java/br/com/sawcunhaos/organization/domain/corporate/employee/internal/ReasonPositionChangeRepository.java	8beb962	974	28	organization/flow-organization-domain	codigo	38f943a	2026-08-05	Samuel Cunha	2	1
organization/flow-organization-domain/src/main/java/br/com/sawcunhaos/organization/domain/corporate/employee/internal/StatusEmployee.java	559d967	676	30	organization/flow-organization-domain	codigo	36df5f4	2026-07-18	Samuel Cunha	1	1
organization/flow-organization-domain/src/main/java/br/com/sawcunhaos/organization/domain/corporate/employee/service/EmployeePositionQueryServiceBean.java	f4d2004	1441	40	organization/flow-organization-domain	codigo	36df5f4	2026-07-18	Samuel Cunha	1	1
organization/flow-organization-domain/src/main/java/br/com/sawcunhaos/organization/domain/corporate/employee/service/EmployeeServiceBean.java	fed280f	26275	510	organization/flow-organization-domain	codigo	7102488	2026-08-23	Samuel Cunha	5	1
organization/flow-organization-domain/src/main/java/br/com/sawcunhaos/organization/domain/corporate/employee/specification/EmployeePositionQueryService.java	ed2c2a7	580	23	organization/flow-organization-domain	codigo	36df5f4	2026-07-18	Samuel Cunha	1	1
organization/flow-organization-domain/src/main/java/br/com/sawcunhaos/organization/domain/corporate/employee/specification/EmployeeService.java	5a12646	2809	56	organization/flow-organization-domain	codigo	ce439e7	2026-08-16	Samuel Cunha	4	1
organization/flow-organization-domain/src/main/java/br/com/sawcunhaos/organization/domain/corporate/position/dto/PositionInput.java	c964cc0	599	27	organization/flow-organization-domain	codigo	36df5f4	2026-07-18	Samuel Cunha	1	1
organization/flow-organization-domain/src/main/java/br/com/sawcunhaos/organization/domain/corporate/position/dto/PositionOutput.java	50fcb0b	722	29	organization/flow-organization-domain	codigo	36df5f4	2026-07-18	Samuel Cunha	1	1
organization/flow-organization-domain/src/main/java/br/com/sawcunhaos/organization/domain/corporate/position/dto/PositionWorkScheduleInput.java	dd3e668	766	31	organization/flow-organization-domain	codigo	8bafe2c	2026-07-22	Samuel Cunha	1	1
organization/flow-organization-domain/src/main/java/br/com/sawcunhaos/organization/domain/corporate/position/dto/PositionWorkScheduleOutput.java	2f8dac0	759	31	organization/flow-organization-domain	codigo	8bafe2c	2026-07-22	Samuel Cunha	1	1
organization/flow-organization-domain/src/main/java/br/com/sawcunhaos/organization/domain/corporate/position/internal/DayOfWeek.java	42779de	529	25	organization/flow-organization-domain	codigo	36df5f4	2026-07-18	Samuel Cunha	1	1
organization/flow-organization-domain/src/main/java/br/com/sawcunhaos/organization/domain/corporate/position/internal/Position.java	95ae125	2771	91	organization/flow-organization-domain	codigo	effba66	2026-09-09	Samuel Cunha	3	1
organization/flow-organization-domain/src/main/java/br/com/sawcunhaos/organization/domain/corporate/position/internal/PositionPredicates.java	0ff1d8e	1766	52	organization/flow-organization-domain	codigo	b72b2dc	2026-08-16	Samuel Cunha	1	1
organization/flow-organization-domain/src/main/java/br/com/sawcunhaos/organization/domain/corporate/position/internal/PositionRepository.java	cf5d0f1	2267	58	organization/flow-organization-domain	codigo	b72b2dc	2026-08-16	Samuel Cunha	2	1
organization/flow-organization-domain/src/main/java/br/com/sawcunhaos/organization/domain/corporate/position/internal/PositionWorkSchedule.java	d96cc31	1903	69	organization/flow-organization-domain	codigo	effba66	2026-09-09	Samuel Cunha	3	1
organization/flow-organization-domain/src/main/java/br/com/sawcunhaos/organization/domain/corporate/position/internal/PositionWorkScheduleRepository.java	313aa9b	1600	42	organization/flow-organization-domain	codigo	8bafe2c	2026-07-22	Samuel Cunha	2	1
organization/flow-organization-domain/src/main/java/br/com/sawcunhaos/organization/domain/corporate/position/service/PositionMapper.java	b7218ff	1007	30	organization/flow-organization-domain	codigo	36df5f4	2026-07-18	Samuel Cunha	1	1
organization/flow-organization-domain/src/main/java/br/com/sawcunhaos/organization/domain/corporate/position/service/PositionServiceBean.java	34094d9	7059	171	organization/flow-organization-domain	codigo	7102488	2026-08-23	Samuel Cunha	2	1
organization/flow-organization-domain/src/main/java/br/com/sawcunhaos/organization/domain/corporate/position/service/PositionWorkScheduleMapper.java	45f2257	786	26	organization/flow-organization-domain	codigo	8bafe2c	2026-07-22	Samuel Cunha	1	1
organization/flow-organization-domain/src/main/java/br/com/sawcunhaos/organization/domain/corporate/position/service/PositionWorkScheduleServiceBean.java	d413f02	6589	136	organization/flow-organization-domain	codigo	7102488	2026-08-23	Samuel Cunha	2	1
organization/flow-organization-domain/src/main/java/br/com/sawcunhaos/organization/domain/corporate/position/specification/PositionService.java	8f568e7	1276	35	organization/flow-organization-domain	codigo	36df5f4	2026-07-18	Samuel Cunha	1	1
organization/flow-organization-domain/src/main/java/br/com/sawcunhaos/organization/domain/corporate/position/specification/PositionWorkScheduleService.java	469da2d	1627	41	organization/flow-organization-domain	codigo	8bafe2c	2026-07-22	Samuel Cunha	1	1
organization/flow-organization-domain/src/main/java/br/com/sawcunhaos/organization/domain/outbox/internal/OutboxBackend.java	051e76b	466	21	organization/flow-organization-domain	codigo	36df5f4	2026-07-18	Samuel Cunha	1	1
organization/flow-organization-domain/src/main/java/br/com/sawcunhaos/organization/domain/outbox/internal/OutboxEvent.java	e71b39a	2584	96	organization/flow-organization-domain	codigo	effba66	2026-09-09	Samuel Cunha	4	1
organization/flow-organization-domain/src/main/java/br/com/sawcunhaos/organization/domain/outbox/internal/OutboxEventDeadLetter.java	2f0ca50	1879	71	organization/flow-organization-domain	codigo	effba66	2026-09-09	Samuel Cunha	4	1
organization/flow-organization-domain/src/main/java/br/com/sawcunhaos/organization/domain/outbox/internal/OutboxEventDeadLetterRepository.java	04ff784	877	24	organization/flow-organization-domain	codigo	36df5f4	2026-07-18	Samuel Cunha	1	1
organization/flow-organization-domain/src/main/java/br/com/sawcunhaos/organization/domain/outbox/internal/OutboxEventLog.java	477f551	1742	67	organization/flow-organization-domain	codigo	effba66	2026-09-09	Samuel Cunha	4	1
organization/flow-organization-domain/src/main/java/br/com/sawcunhaos/organization/domain/outbox/internal/OutboxEventLogRepository.java	0781e37	849	24	organization/flow-organization-domain	codigo	36df5f4	2026-07-18	Samuel Cunha	1	1
organization/flow-organization-domain/src/main/java/br/com/sawcunhaos/organization/domain/outbox/internal/OutboxEventRepository.java	50fadca	837	24	organization/flow-organization-domain	codigo	36df5f4	2026-07-18	Samuel Cunha	1	1
organization/flow-organization-domain/src/main/java/br/com/sawcunhaos/organization/domain/outbox/internal/OutboxEventStatus.java	06d9c6e	489	22	organization/flow-organization-domain	codigo	36df5f4	2026-07-18	Samuel Cunha	1	1
organization/flow-organization-domain/src/main/java/br/com/sawcunhaos/organization/domain/outbox/internal/OutboxTopic.java	7afc8b4	1454	55	organization/flow-organization-domain	codigo	effba66	2026-09-09	Samuel Cunha	3	1
organization/flow-organization-domain/src/main/java/br/com/sawcunhaos/organization/domain/outbox/internal/OutboxTopicRepository.java	370fefd	839	24	organization/flow-organization-domain	codigo	36df5f4	2026-07-18	Samuel Cunha	1	1
organization/flow-organization-domain/src/main/java/br/com/sawcunhaos/organization/domain/shift/service/ShiftWindowEvaluatorBean.java	ed9d9b2	1397	44	organization/flow-organization-domain	codigo	aded2d9	2026-07-20	Samuel Cunha	1	1
organization/flow-organization-domain/src/main/java/br/com/sawcunhaos/organization/domain/shift/specification/ShiftWindowEvaluator.java	03b7f2e	1647	47	organization/flow-organization-domain	codigo	aded2d9	2026-07-20	Samuel Cunha	1	1
organization/flow-organization-domain/src/main/resources/scos_message/key_configuration_description.properties	b1fefb5	663	19	organization/flow-organization-domain	config	2db520e	2026-09-06	Samuel Cunha	1	1
organization/flow-organization-domain/src/main/resources/scos_message/key_configuration_description_en.properties	b1fefb5	663	19	organization/flow-organization-domain	config	2db520e	2026-09-06	Samuel Cunha	1	1
organization/flow-organization-domain/src/test/java/br/com/sawcunhaos/organization/domain/DomainTestApplication.java	d2c1b5b	1299	32	organization/flow-organization-domain	codigo	86b0d42	2026-07-20	Samuel Cunha	1	1
organization/flow-organization-domain/src/test/java/br/com/sawcunhaos/organization/domain/access/login/internal/LoginPredicatesTest.java	d7ca175	2288	66	organization/flow-organization-domain	codigo	ab13021	2026-08-16	Samuel Cunha	1	1
organization/flow-organization-domain/src/test/java/br/com/sawcunhaos/organization/domain/access/login/internal/rules/LoginPendingApprovalRuleTest.java	4a0015b	1470	45	organization/flow-organization-domain	codigo	ab13021	2026-08-16	Samuel Cunha	1	1
organization/flow-organization-domain/src/test/java/br/com/sawcunhaos/organization/domain/access/login/service/AuthorityResponseServiceBeanTest.java	d3bd057	2577	68	organization/flow-organization-domain	codigo	28590e1	2026-08-17	Samuel Cunha	1	1
organization/flow-organization-domain/src/test/java/br/com/sawcunhaos/organization/domain/access/login/service/BusinessDayCalculatorTest.java	00abb8b	1834	57	organization/flow-organization-domain	codigo	28590e1	2026-08-17	Samuel Cunha	1	1
organization/flow-organization-domain/src/test/java/br/com/sawcunhaos/organization/domain/access/login/service/LoginApprovalChainResolverTest.java	635c240	6979	177	organization/flow-organization-domain	codigo	28590e1	2026-08-17	Samuel Cunha	1	1
organization/flow-organization-domain/src/test/java/br/com/sawcunhaos/organization/domain/access/login/service/LoginApprovalEscalationJobTest.java	2842b1c	10422	220	organization/flow-organization-domain	codigo	effba66	2026-09-09	Samuel Cunha	3	1
organization/flow-organization-domain/src/test/java/br/com/sawcunhaos/organization/domain/access/login/service/LoginApprovalRequestServiceBeanTest.java	6813ea1	26482	524	organization/flow-organization-domain	codigo	7102488	2026-08-23	Samuel Cunha	4	1
organization/flow-organization-domain/src/test/java/br/com/sawcunhaos/organization/domain/access/login/service/LoginServiceBeanTest.java	e916897	25129	476	organization/flow-organization-domain	codigo	7102488	2026-08-23	Samuel Cunha	5	1
organization/flow-organization-domain/src/test/java/br/com/sawcunhaos/organization/domain/access/resource/service/ResourceServiceBeanTest.java	4569bae	5387	138	organization/flow-organization-domain	codigo	7102488	2026-08-23	Samuel Cunha	3	1
organization/flow-organization-domain/src/test/java/br/com/sawcunhaos/organization/domain/access/status/internal/ReasonActivatePredicatesTest.java	0cd2cef	2619	76	organization/flow-organization-domain	codigo	b72b2dc	2026-08-16	Samuel Cunha	1	1
organization/flow-organization-domain/src/test/java/br/com/sawcunhaos/organization/domain/access/status/internal/ReasonDisablePredicatesTest.java	a48fac3	2610	76	organization/flow-organization-domain	codigo	b72b2dc	2026-08-16	Samuel Cunha	1	1
organization/flow-organization-domain/src/test/java/br/com/sawcunhaos/organization/domain/access/status/internal/ReasonEnablePredicatesTest.java	bcd24d4	2601	76	organization/flow-organization-domain	codigo	b72b2dc	2026-08-16	Samuel Cunha	1	1
organization/flow-organization-domain/src/test/java/br/com/sawcunhaos/organization/domain/access/status/internal/ReasonInactivatePredicatesTest.java	b3f6a92	2637	76	organization/flow-organization-domain	codigo	b72b2dc	2026-08-16	Samuel Cunha	1	1
organization/flow-organization-domain/src/test/java/br/com/sawcunhaos/organization/domain/access/status/service/EmployeeReturnFromLeaveJobTest.java	8bc4b54	8074	156	organization/flow-organization-domain	codigo	1cf7fa5	2026-08-18	Samuel Cunha	1	1
organization/flow-organization-domain/src/test/java/br/com/sawcunhaos/organization/domain/access/status/service/ReasonActivateServiceBeanTest.java	38b77fc	11857	271	organization/flow-organization-domain	codigo	7102488	2026-08-23	Samuel Cunha	2	1
organization/flow-organization-domain/src/test/java/br/com/sawcunhaos/organization/domain/access/status/service/ReasonDisableServiceBeanTest.java	ce4c1d6	11670	271	organization/flow-organization-domain	codigo	7102488	2026-08-23	Samuel Cunha	2	1
organization/flow-organization-domain/src/test/java/br/com/sawcunhaos/organization/domain/access/status/service/ReasonEnableServiceBeanTest.java	9916bc1	11665	271	organization/flow-organization-domain	codigo	7102488	2026-08-23	Samuel Cunha	2	1
organization/flow-organization-domain/src/test/java/br/com/sawcunhaos/organization/domain/access/status/service/ReasonInactivateServiceBeanTest.java	fb54d6d	12074	271	organization/flow-organization-domain	codigo	7102488	2026-08-23	Samuel Cunha	2	1
organization/flow-organization-domain/src/test/java/br/com/sawcunhaos/organization/domain/access/system/internal/ScosSystemRepositoryPersistenceTest.java	7566b16	4118	81	organization/flow-organization-domain	codigo	86b0d42	2026-07-20	Samuel Cunha	1	1
organization/flow-organization-domain/src/test/java/br/com/sawcunhaos/organization/domain/access/system/service/ScosSystemServiceBeanTest.java	d0a9fa3	4913	120	organization/flow-organization-domain	codigo	5f84579	2026-07-20	Samuel Cunha	2	1
organization/flow-organization-domain/src/test/java/br/com/sawcunhaos/organization/domain/corporate/catalog/internal/AddressTypePredicatesTest.java	4a61b84	2692	79	organization/flow-organization-domain	codigo	b72b2dc	2026-08-16	Samuel Cunha	1	1
organization/flow-organization-domain/src/test/java/br/com/sawcunhaos/organization/domain/corporate/catalog/internal/ContactTypePredicatesTest.java	7714beb	2708	79	organization/flow-organization-domain	codigo	b72b2dc	2026-08-16	Samuel Cunha	1	1
organization/flow-organization-domain/src/test/java/br/com/sawcunhaos/organization/domain/corporate/catalog/service/AddressTypeServiceBeanTest.java	b8a3cff	11420	271	organization/flow-organization-domain	codigo	7102488	2026-08-23	Samuel Cunha	2	1
organization/flow-organization-domain/src/test/java/br/com/sawcunhaos/organization/domain/corporate/catalog/service/ContactTypeServiceBeanTest.java	5a7a0c7	11469	272	organization/flow-organization-domain	codigo	7102488	2026-08-23	Samuel Cunha	2	1
organization/flow-organization-domain/src/test/java/br/com/sawcunhaos/organization/domain/corporate/company/internal/CompanyPredicatesTest.java	2c75ee5	2488	74	organization/flow-organization-domain	codigo	b72b2dc	2026-08-16	Samuel Cunha	1	1
organization/flow-organization-domain/src/test/java/br/com/sawcunhaos/organization/domain/corporate/company/service/CnaeServiceBeanTest.java	17ebad5	8980	233	organization/flow-organization-domain	codigo	7102488	2026-08-23	Samuel Cunha	2	1
organization/flow-organization-domain/src/test/java/br/com/sawcunhaos/organization/domain/corporate/company/service/CompanyServiceBeanTest.java	4e35fe6	36134	720	organization/flow-organization-domain	codigo	7102488	2026-08-23	Samuel Cunha	7	1
organization/flow-organization-domain/src/test/java/br/com/sawcunhaos/organization/domain/corporate/company/service/LegalNatureServiceBeanTest.java	0536af5	8819	215	organization/flow-organization-domain	codigo	7102488	2026-08-23	Samuel Cunha	2	1
organization/flow-organization-domain/src/test/java/br/com/sawcunhaos/organization/domain/corporate/department/internal/DepartmentPredicatesTest.java	0b50870	1656	56	organization/flow-organization-domain	codigo	b72b2dc	2026-08-16	Samuel Cunha	1	1
organization/flow-organization-domain/src/test/java/br/com/sawcunhaos/organization/domain/corporate/department/service/DepartmentServiceBeanTest.java	2aa9426	15141	362	organization/flow-organization-domain	codigo	7102488	2026-08-23	Samuel Cunha	3	1
organization/flow-organization-domain/src/test/java/br/com/sawcunhaos/organization/domain/corporate/employee/internal/EmployeeQueryPredicatesTest.java	eaa52f0	4227	117	organization/flow-organization-domain	codigo	b72b2dc	2026-08-16	Samuel Cunha	1	1
organization/flow-organization-domain/src/test/java/br/com/sawcunhaos/organization/domain/corporate/employee/service/EmployeePositionQueryServiceBeanTest.java	c6773d1	1806	54	organization/flow-organization-domain	codigo	36df5f4	2026-07-18	Samuel Cunha	1	1
organization/flow-organization-domain/src/test/java/br/com/sawcunhaos/organization/domain/corporate/employee/service/EmployeeServiceBeanTest.java	c3dee18	58852	1057	organization/flow-organization-domain	codigo	7102488	2026-08-23	Samuel Cunha	5	1
organization/flow-organization-domain/src/test/java/br/com/sawcunhaos/organization/domain/corporate/position/internal/PositionPredicatesTest.java	28f3df8	2778	86	organization/flow-organization-domain	codigo	b72b2dc	2026-08-16	Samuel Cunha	1	1
organization/flow-organization-domain/src/test/java/br/com/sawcunhaos/organization/domain/corporate/position/service/PositionServiceBeanTest.java	2fe1dea	15949	351	organization/flow-organization-domain	codigo	7102488	2026-08-23	Samuel Cunha	2	1
organization/flow-organization-domain/src/test/java/br/com/sawcunhaos/organization/domain/corporate/position/service/PositionWorkScheduleServiceBeanTest.java	0ebd360	10463	220	organization/flow-organization-domain	codigo	7102488	2026-08-23	Samuel Cunha	2	1
organization/flow-organization-domain/src/test/java/br/com/sawcunhaos/organization/domain/shift/service/ShiftWindowEvaluatorBeanTest.java	b30c6df	4743	131	organization/flow-organization-domain	codigo	aded2d9	2026-07-20	Samuel Cunha	1	1
organization/flow-organization-grpc-boot/pom.xml	8da6f66	7828	196	organization/flow-organization-grpc-boot	build	7102488	2026-08-23	Samuel Cunha	6	1
organization/flow-organization-grpc-boot/src/main/java/br/com/sawcunhaos/organization/grpc/boot/ScosOrganizationGrpcApplication.java	f3a215d	1721	51	organization/flow-organization-grpc-boot	codigo	4961ccd	2026-08-23	Samuel Cunha	2	1
organization/flow-organization-grpc-boot/src/main/java/br/com/sawcunhaos/organization/grpc/boot/configuration/ScosGrpcSecurityConfig.java	b9731f7	1981	49	organization/flow-organization-grpc-boot	codigo	36df5f4	2026-07-18	Samuel Cunha	1	1
organization/flow-organization-grpc-boot/src/main/java/br/com/sawcunhaos/organization/grpc/boot/configuration/ScosUserAuthenticationBean.java	bb42e82	1162	40	organization/flow-organization-grpc-boot	codigo	7102488	2026-08-23	Samuel Cunha	2	1
organization/flow-organization-grpc-boot/src/main/java/br/com/sawcunhaos/organization/grpc/boot/configuration/handler/GrpcGlobalExceptionHandler.java	064404d	5418	136	organization/flow-organization-grpc-boot	codigo	7102488	2026-08-23	Samuel Cunha	2	1
organization/flow-organization-grpc-boot/src/main/java/br/com/sawcunhaos/organization/grpc/boot/configuration/interceptor/GrpcLoggingInterceptor.java	9d96962	13749	321	organization/flow-organization-grpc-boot	codigo	7102488	2026-08-23	Samuel Cunha	2	1
organization/flow-organization-grpc-boot/src/main/java/br/com/sawcunhaos/organization/grpc/boot/configuration/interceptor/TokenAuthorizationInterceptor.java	8c00e6d	6181	146	organization/flow-organization-grpc-boot	codigo	7102488	2026-08-23	Samuel Cunha	4	1
organization/flow-organization-grpc-boot/src/main/java/br/com/sawcunhaos/organization/grpc/boot/configuration/properties/ScosGRPCProperties.java	af9d1f3	632	25	organization/flow-organization-grpc-boot	codigo	36df5f4	2026-07-18	Samuel Cunha	1	1
organization/flow-organization-grpc-boot/src/main/java/br/com/sawcunhaos/organization/grpc/boot/delegate/RegistreServiceImpl.java	0494319	3825	90	organization/flow-organization-grpc-boot	codigo	ad37021	2026-08-15	Samuel Cunha	3	1
organization/flow-organization-grpc-boot/src/main/java/br/com/sawcunhaos/organization/grpc/boot/delegate/ValidateAuthorityServiceImpl.java	ae6fd80	2852	67	organization/flow-organization-grpc-boot	codigo	7102488	2026-08-23	Samuel Cunha	3	1
organization/flow-organization-grpc-boot/src/main/resources/application-dev.yml	c1af3ce	1377	58	organization/flow-organization-grpc-boot	config	36df5f4	2026-07-18	Samuel Cunha	1	1
organization/flow-organization-grpc-boot/src/main/resources/application.yml	97d8016	2245	57	organization/flow-organization-grpc-boot	config	89fb523	2026-07-19	Samuel Cunha	3	1
organization/flow-organization-grpc-boot/src/main/resources/bootstrap.yml	61b4ed1	4912	164	organization/flow-organization-grpc-boot	config	7102488	2026-08-23	Samuel Cunha	4	1
organization/flow-organization-grpc-boot/src/main/resources/logback-spring.xml	390d698	4070	86	organization/flow-organization-grpc-boot	config	36df5f4	2026-07-18	Samuel Cunha	1	1
organization/flow-organization-grpc-boot/src/test/java/br/com/sawcunhaos/organization/grpc/boot/configuration/interceptor/TokenAuthorizationInterceptorTest.java	ecfb304	8594	209	organization/flow-organization-grpc-boot	codigo	7102488	2026-08-23	Samuel Cunha	3	1
organization/flow-organization-infrastructure/pom.xml	f168b03	2008	63	organization/flow-organization-infrastructure	build	36df5f4	2026-07-18	Samuel Cunha	1	1
organization/flow-organization-infrastructure/src/main/java/br/com/sawcunhaos/organization/infrastructure/enumaration/ScosOrganizationPermission.java	903c1d3	15922	231	organization/flow-organization-infrastructure	codigo	28590e1	2026-08-17	Samuel Cunha	3	1
organization/flow-organization-infrastructure/src/main/java/br/com/sawcunhaos/organization/infrastructure/enumaration/ScosOrganizationSystem.java	d2249ee	1198	50	organization/flow-organization-infrastructure	codigo	7102488	2026-08-23	Samuel Cunha	1	1
organization/flow-organization-infrastructure/src/main/java/br/com/sawcunhaos/organization/infrastructure/liquibase/ScosFlowOrganizationLiquibaseConfiguration.java	3ad24e1	2023	42	organization/flow-organization-infrastructure	codigo	effba66	2026-09-09	Samuel Cunha	3	1
organization/flow-organization-infrastructure/src/main/java/br/com/sawcunhaos/organization/infrastructure/liquibase/ScosFlowOrganizationLiquibaseProperties.java	8be22a3	608	16	organization/flow-organization-infrastructure	codigo	7102488	2026-08-23	Samuel Cunha	4	1
organization/flow-organization-infrastructure/src/main/resources/scos_message/messages_organization_permission.properties	caf4f12	6931	191	organization/flow-organization-infrastructure	config	2db520e	2026-09-06	Samuel Cunha	1	1
organization/flow-organization-infrastructure/src/main/resources/scos_message/messages_organization_permission_en.properties	14dbba8	6020	191	organization/flow-organization-infrastructure	config	2db520e	2026-09-06	Samuel Cunha	1	1
organization/flow-organization-infrastructure/src/test/java/br/com/sawcunhaos/organization/infrastructure/enumaration/PermissionsConsistencyTest.java	3e70ec2	10139	240	organization/flow-organization-infrastructure	codigo	36df5f4	2026-07-18	Samuel Cunha	1	1
organization/flow-organization-resources/pom.xml	76c96b5	1225	35	organization/flow-organization-resources	build	b72b2dc	2026-08-16	Samuel Cunha	2	1
organization/flow-organization-resources/src/main/resources/liquibase.properties	e778b25	189	7	organization/flow-organization-resources	config	ab13021	2026-08-16	Samuel Cunha	3	1
organization/flow-organization-resources/src/main/resources/db/changelog/organization/db.changelog-master.yml	f464536	496	20	organization/flow-organization-resources	config	ab13021	2026-08-16	Samuel Cunha	2	1
organization/flow-organization-resources/src/main/resources/db/changelog/organization/property.yml	7b9b4c8	438	21	organization/flow-organization-resources	config	36df5f4	2026-07-18	Samuel Cunha	1	1
organization/flow-organization-resources/src/main/resources/db/changelog/organization/checks/checks.yml	956ce79	8721	114	organization/flow-organization-resources	config	1ad7b1d	2026-08-23	Samuel Cunha	5	1
organization/flow-organization-resources/src/main/resources/db/changelog/organization/function/check_company_parent_company.sql	8ed8981	330	12	organization/flow-organization-resources	codigo	1ad7b1d	2026-08-23	Samuel Cunha	2	1
organization/flow-organization-resources/src/main/resources/db/changelog/organization/function/check_employee_supervisor.sql	9cfb157	318	12	organization/flow-organization-resources	codigo	1ad7b1d	2026-08-23	Samuel Cunha	2	1
organization/flow-organization-resources/src/main/resources/db/changelog/organization/function/fn_before_insert_company_status_history.sql	b64d159	1848	46	organization/flow-organization-resources	codigo	1ad7b1d	2026-08-23	Samuel Cunha	2	1
organization/flow-organization-resources/src/main/resources/db/changelog/organization/function/fn_before_insert_employee_status_history.sql	bb28f3e	1861	46	organization/flow-organization-resources	codigo	1ad7b1d	2026-08-23	Samuel Cunha	2	1
organization/flow-organization-resources/src/main/resources/db/changelog/organization/function/fn_before_insert_login_status_history.sql	bfd75a7	1822	46	organization/flow-organization-resources	codigo	1ad7b1d	2026-08-23	Samuel Cunha	2	1
organization/flow-organization-resources/src/main/resources/db/changelog/organization/function/fn_block_delete.sql	abd813a	201	8	organization/flow-organization-resources	codigo	1ad7b1d	2026-08-23	Samuel Cunha	2	1
organization/flow-organization-resources/src/main/resources/db/changelog/organization/function/fn_close_previous_position.sql	ff28c34	261	13	organization/flow-organization-resources	codigo	1ad7b1d	2026-08-23	Samuel Cunha	2	1
organization/flow-organization-resources/src/main/resources/db/changelog/organization/function/fn_sync_company_status.sql	753a6ae	241	13	organization/flow-organization-resources	codigo	1ad7b1d	2026-08-23	Samuel Cunha	2	1
organization/flow-organization-resources/src/main/resources/db/changelog/organization/function/fn_sync_employee_position.sql	1f79769	257	13	organization/flow-organization-resources	codigo	1ad7b1d	2026-08-23	Samuel Cunha	2	1
organization/flow-organization-resources/src/main/resources/db/changelog/organization/function/fn_sync_employee_status.sql	f11be56	245	13	organization/flow-organization-resources	codigo	1ad7b1d	2026-08-23	Samuel Cunha	2	1
organization/flow-organization-resources/src/main/resources/db/changelog/organization/function/fn_sync_login_status.sql	60d732d	233	13	organization/flow-organization-resources	codigo	1ad7b1d	2026-08-23	Samuel Cunha	2	1
organization/flow-organization-resources/src/main/resources/db/changelog/organization/function/fn_validate_company_address_type.sql	c3355c5	440	18	organization/flow-organization-resources	codigo	1ad7b1d	2026-08-23	Samuel Cunha	2	1
organization/flow-organization-resources/src/main/resources/db/changelog/organization/function/fn_validate_company_contact_type.sql	f212788	440	18	organization/flow-organization-resources	codigo	1ad7b1d	2026-08-23	Samuel Cunha	2	1
organization/flow-organization-resources/src/main/resources/db/changelog/organization/function/fn_validate_employee_address_type.sql	66c045b	443	18	organization/flow-organization-resources	codigo	1ad7b1d	2026-08-23	Samuel Cunha	2	1
organization/flow-organization-resources/src/main/resources/db/changelog/organization/function/fn_validate_employee_contact_type.sql	4851acc	443	18	organization/flow-organization-resources	codigo	1ad7b1d	2026-08-23	Samuel Cunha	2	1
organization/flow-organization-resources/src/main/resources/db/changelog/organization/function/fn_validate_login_profile_not_primary.sql	c20f265	505	18	organization/flow-organization-resources	codigo	1ad7b1d	2026-08-23	Samuel Cunha	2	1
organization/flow-organization-resources/src/main/resources/db/changelog/organization/function/function.yml	dbb79f3	9721	286	organization/flow-organization-resources	config	1ad7b1d	2026-08-23	Samuel Cunha	2	1
organization/flow-organization-resources/src/main/resources/db/changelog/organization/function/remove_formatting_tax_identifier.sql	e0b0d50	278	11	organization/flow-organization-resources	codigo	1ad7b1d	2026-08-23	Samuel Cunha	2	1
organization/flow-organization-resources/src/main/resources/db/changelog/organization/triggers/trg_before_insert_company_status_history.sql	4eb3d6e	185	6	organization/flow-organization-resources	codigo	1ad7b1d	2026-08-23	Samuel Cunha	2	1
organization/flow-organization-resources/src/main/resources/db/changelog/organization/triggers/trg_before_insert_employee_status_history.sql	549eb8d	188	6	organization/flow-organization-resources	codigo	1ad7b1d	2026-08-23	Samuel Cunha	2	1
organization/flow-organization-resources/src/main/resources/db/changelog/organization/triggers/trg_before_insert_login_status_history.sql	832d769	179	6	organization/flow-organization-resources	codigo	1ad7b1d	2026-08-23	Samuel Cunha	2	1
organization/flow-organization-resources/src/main/resources/db/changelog/organization/triggers/trg_block_delete_address_type.sql	e2d8d9a	140	6	organization/flow-organization-resources	codigo	1ad7b1d	2026-08-23	Samuel Cunha	2	1
organization/flow-organization-resources/src/main/resources/db/changelog/organization/triggers/trg_block_delete_contact_type.sql	305c787	140	6	organization/flow-organization-resources	codigo	1ad7b1d	2026-08-23	Samuel Cunha	2	1
organization/flow-organization-resources/src/main/resources/db/changelog/organization/triggers/trg_block_delete_login_approval_request.sql	d0ca174	160	6	organization/flow-organization-resources	codigo	1ad7b1d	2026-08-23	Samuel Cunha	2	1
organization/flow-organization-resources/src/main/resources/db/changelog/organization/triggers/trg_block_delete_outbox_topic.sql	bdd6fd5	140	6	organization/flow-organization-resources	codigo	1ad7b1d	2026-08-23	Samuel Cunha	2	1
organization/flow-organization-resources/src/main/resources/db/changelog/organization/triggers/trg_block_delete_reason_activate.sql	edfb58e	146	6	organization/flow-organization-resources	codigo	1ad7b1d	2026-08-23	Samuel Cunha	2	1
organization/flow-organization-resources/src/main/resources/db/changelog/organization/triggers/trg_block_delete_reason_disable.sql	2dccbba	144	6	organization/flow-organization-resources	codigo	1ad7b1d	2026-08-23	Samuel Cunha	2	1
organization/flow-organization-resources/src/main/resources/db/changelog/organization/triggers/trg_block_delete_reason_enable.sql	dd1720d	142	6	organization/flow-organization-resources	codigo	1ad7b1d	2026-08-23	Samuel Cunha	2	1
organization/flow-organization-resources/src/main/resources/db/changelog/organization/triggers/trg_block_delete_reason_inactivate.sql	1544d5a	150	6	organization/flow-organization-resources	codigo	1ad7b1d	2026-08-23	Samuel Cunha	2	1
organization/flow-organization-resources/src/main/resources/db/changelog/organization/triggers/trg_block_delete_reason_position_change.sql	2661864	160	6	organization/flow-organization-resources	codigo	1ad7b1d	2026-08-23	Samuel Cunha	2	1
organization/flow-organization-resources/src/main/resources/db/changelog/organization/triggers/trg_block_delete_shift_enforcement_log.sql	d722d36	158	6	organization/flow-organization-resources	codigo	1ad7b1d	2026-08-23	Samuel Cunha	2	1
organization/flow-organization-resources/src/main/resources/db/changelog/organization/triggers/trg_check_company_parent_company.sql	f02bded	161	6	organization/flow-organization-resources	codigo	1ad7b1d	2026-08-23	Samuel Cunha	2	1
organization/flow-organization-resources/src/main/resources/db/changelog/organization/triggers/trg_check_employee_supervisor.sql	e9a4e4c	156	6	organization/flow-organization-resources	codigo	1ad7b1d	2026-08-23	Samuel Cunha	2	1
organization/flow-organization-resources/src/main/resources/db/changelog/organization/triggers/trg_close_previous_position.sql	e579f37	162	6	organization/flow-organization-resources	codigo	1ad7b1d	2026-08-23	Samuel Cunha	2	1
organization/flow-organization-resources/src/main/resources/db/changelog/organization/triggers/trg_remove_formatting_tax_identifier_company.sql	7112112	177	6	organization/flow-organization-resources	codigo	1ad7b1d	2026-08-23	Samuel Cunha	2	1
organization/flow-organization-resources/src/main/resources/db/changelog/organization/triggers/trg_remove_formatting_tax_identifier_employee.sql	80c09dd	179	6	organization/flow-organization-resources	codigo	1ad7b1d	2026-08-23	Samuel Cunha	2	1
organization/flow-organization-resources/src/main/resources/db/changelog/organization/triggers/trg_sync_company_status.sql	0457c0d	150	6	organization/flow-organization-resources	codigo	1ad7b1d	2026-08-23	Samuel Cunha	2	1
organization/flow-organization-resources/src/main/resources/db/changelog/organization/triggers/trg_sync_employee_position.sql	a75ffe9	159	6	organization/flow-organization-resources	codigo	1ad7b1d	2026-08-23	Samuel Cunha	2	1
organization/flow-organization-resources/src/main/resources/db/changelog/organization/triggers/trg_sync_employee_status.sql	3433956	153	6	organization/flow-organization-resources	codigo	1ad7b1d	2026-08-23	Samuel Cunha	2	1
organization/flow-organization-resources/src/main/resources/db/changelog/organization/triggers/trg_sync_login_status.sql	2467723	144	6	organization/flow-organization-resources	codigo	1ad7b1d	2026-08-23	Samuel Cunha	2	1
organization/flow-organization-resources/src/main/resources/db/changelog/organization/triggers/trg_validate_company_address_type.sql	9aa339d	193	6	organization/flow-organization-resources	codigo	1ad7b1d	2026-08-23	Samuel Cunha	2	1
organization/flow-organization-resources/src/main/resources/db/changelog/organization/triggers/trg_validate_company_contact_type.sql	9a0695a	193	6	organization/flow-organization-resources	codigo	1ad7b1d	2026-08-23	Samuel Cunha	2	1
organization/flow-organization-resources/src/main/resources/db/changelog/organization/triggers/trg_validate_employee_address_type.sql	f377a80	196	6	organization/flow-organization-resources	codigo	1ad7b1d	2026-08-23	Samuel Cunha	2	1
organization/flow-organization-resources/src/main/resources/db/changelog/organization/triggers/trg_validate_employee_contact_type.sql	8ecadea	196	6	organization/flow-organization-resources	codigo	1ad7b1d	2026-08-23	Samuel Cunha	2	1
organization/flow-organization-resources/src/main/resources/db/changelog/organization/triggers/trg_validate_login_profile_not_primary.sql	e767e6b	182	6	organization/flow-organization-resources	codigo	1ad7b1d	2026-08-23	Samuel Cunha	2	1
organization/flow-organization-resources/src/main/resources/db/changelog/organization/triggers/triggers.yml	c922cdc	15544	432	organization/flow-organization-resources	config	1ad7b1d	2026-08-23	Samuel Cunha	4	1
organization/flow-organization-resources/src/main/resources/db/changelog/organization/versions/versions.yml	c070006	97	4	organization/flow-organization-resources	config	ab13021	2026-08-16	Samuel Cunha	1	1
organization/flow-organization-resources/src/main/resources/db/changelog/organization/versions/v1/0/0/v1.0.0.yml	213f85f	390	17	organization/flow-organization-resources	config	ab13021	2026-08-16	Samuel Cunha	1	1
organization/flow-organization-resources/src/main/resources/db/changelog/organization/versions/v1/0/0/indexes/fiscal.yml	612d4aa	722	21	organization/flow-organization-resources	config	1ad7b1d	2026-08-23	Samuel Cunha	2	1
organization/flow-organization-resources/src/main/resources/db/changelog/organization/versions/v1/0/0/indexes/indexes.yml	1a38636	561	22	organization/flow-organization-resources	config	ab13021	2026-08-16	Samuel Cunha	1	1
organization/flow-organization-resources/src/main/resources/db/changelog/organization/versions/v1/0/0/indexes/login.yml	3267c0d	3522	96	organization/flow-organization-resources	config	1ad7b1d	2026-08-23	Samuel Cunha	2	1
organization/flow-organization-resources/src/main/resources/db/changelog/organization/versions/v1/0/0/indexes/login_approval_request.yml	d118f15	1258	33	organization/flow-organization-resources	config	1ad7b1d	2026-08-23	Samuel Cunha	2	1
organization/flow-organization-resources/src/main/resources/db/changelog/organization/versions/v1/0/0/indexes/outbox.yml	fee645d	1315	34	organization/flow-organization-resources	config	1ad7b1d	2026-08-23	Samuel Cunha	2	1
organization/flow-organization-resources/src/main/resources/db/changelog/organization/versions/v1/0/0/indexes/position_history.yml	34daf34	815	20	organization/flow-organization-resources	config	1ad7b1d	2026-08-23	Samuel Cunha	2	1
organization/flow-organization-resources/src/main/resources/db/changelog/organization/versions/v1/0/0/indexes/status_history.yml	01bfddc	4131	112	organization/flow-organization-resources	config	1ad7b1d	2026-08-23	Samuel Cunha	2	1
organization/flow-organization-resources/src/main/resources/db/changelog/organization/versions/v1/0/0/indexes/type_catalog.yml	b9ad133	1229	34	organization/flow-organization-resources	config	1ad7b1d	2026-08-23	Samuel Cunha	2	1
organization/flow-organization-resources/src/main/resources/db/changelog/organization/versions/v1/0/0/tables/scos_address_type.yml	a76be7d	2080	64	organization/flow-organization-resources	config	1ad7b1d	2026-08-23	Samuel Cunha	2	1
organization/flow-organization-resources/src/main/resources/db/changelog/organization/versions/v1/0/0/tables/scos_cnae.yml	af3e6aa	1828	57	organization/flow-organization-resources	config	1ad7b1d	2026-08-23	Samuel Cunha	2	1
organization/flow-organization-resources/src/main/resources/db/changelog/organization/versions/v1/0/0/tables/scos_company.yml	0da5a35	4706	139	organization/flow-organization-resources	config	1ad7b1d	2026-08-23	Samuel Cunha	2	1
organization/flow-organization-resources/src/main/resources/db/changelog/organization/versions/v1/0/0/tables/scos_company_address.yml	06a5488	2970	85	organization/flow-organization-resources	config	1ad7b1d	2026-08-23	Samuel Cunha	2	1
organization/flow-organization-resources/src/main/resources/db/changelog/organization/versions/v1/0/0/tables/scos_company_cnae_secondary.yml	6988f9b	1517	43	organization/flow-organization-resources	config	1ad7b1d	2026-08-23	Samuel Cunha	2	1
organization/flow-organization-resources/src/main/resources/db/changelog/organization/versions/v1/0/0/tables/scos_company_contact.yml	d2d6c37	3366	94	organization/flow-organization-resources	config	1ad7b1d	2026-08-23	Samuel Cunha	2	1
organization/flow-organization-resources/src/main/resources/db/changelog/organization/versions/v1/0/0/tables/scos_company_status_history.yml	db95042	3138	83	organization/flow-organization-resources	config	1ad7b1d	2026-08-23	Samuel Cunha	2	1
organization/flow-organization-resources/src/main/resources/db/changelog/organization/versions/v1/0/0/tables/scos_configuration.yml	84e6051	1469	47	organization/flow-organization-resources	config	1ad7b1d	2026-08-23	Samuel Cunha	2	1
organization/flow-organization-resources/src/main/resources/db/changelog/organization/versions/v1/0/0/tables/scos_contact_type.yml	23f3109	2080	64	organization/flow-organization-resources	config	1ad7b1d	2026-08-23	Samuel Cunha	2	1
organization/flow-organization-resources/src/main/resources/db/changelog/organization/versions/v1/0/0/tables/scos_department.yml	df0c96b	1878	59	organization/flow-organization-resources	config	1ad7b1d	2026-08-23	Samuel Cunha	2	1
organization/flow-organization-resources/src/main/resources/db/changelog/organization/versions/v1/0/0/tables/scos_department_manager.yml	b9e0d1f	1041	27	organization/flow-organization-resources	config	1ad7b1d	2026-08-23	Samuel Cunha	2	1
organization/flow-organization-resources/src/main/resources/db/changelog/organization/versions/v1/0/0/tables/scos_employee.yml	ddd4de8	4758	143	organization/flow-organization-resources	config	1ad7b1d	2026-08-23	Samuel Cunha	2	1
organization/flow-organization-resources/src/main/resources/db/changelog/organization/versions/v1/0/0/tables/scos_employee_address.yml	715ebba	2994	85	organization/flow-organization-resources	config	1ad7b1d	2026-08-23	Samuel Cunha	2	1
organization/flow-organization-resources/src/main/resources/db/changelog/organization/versions/v1/0/0/tables/scos_employee_contact.yml	9b088de	2848	79	organization/flow-organization-resources	config	1ad7b1d	2026-08-23	Samuel Cunha	2	1
organization/flow-organization-resources/src/main/resources/db/changelog/organization/versions/v1/0/0/tables/scos_employee_position_history.yml	57dbf4a	2582	70	organization/flow-organization-resources	config	1ad7b1d	2026-08-23	Samuel Cunha	2	1
organization/flow-organization-resources/src/main/resources/db/changelog/organization/versions/v1/0/0/tables/scos_employee_status_history.yml	6090bdf	3758	101	organization/flow-organization-resources	config	1ad7b1d	2026-08-23	Samuel Cunha	2	1
organization/flow-organization-resources/src/main/resources/db/changelog/organization/versions/v1/0/0/tables/scos_employee_work_schedule.yml	ba0b913	2560	75	organization/flow-organization-resources	config	1ad7b1d	2026-08-23	Samuel Cunha	2	1
organization/flow-organization-resources/src/main/resources/db/changelog/organization/versions/v1/0/0/tables/scos_legal_nature.yml	a27e4e9	1916	57	organization/flow-organization-resources	config	1ad7b1d	2026-08-23	Samuel Cunha	2	1
organization/flow-organization-resources/src/main/resources/db/changelog/organization/versions/v1/0/0/tables/scos_login.yml	200b204	3232	100	organization/flow-organization-resources	config	1ad7b1d	2026-08-23	Samuel Cunha	2	1
organization/flow-organization-resources/src/main/resources/db/changelog/organization/versions/v1/0/0/tables/scos_login_approval_request.yml	77e6e54	5508	152	organization/flow-organization-resources	config	1ad7b1d	2026-08-23	Samuel Cunha	4	1
organization/flow-organization-resources/src/main/resources/db/changelog/organization/versions/v1/0/0/tables/scos_login_profile.yml	4800c7d	1656	49	organization/flow-organization-resources	config	1ad7b1d	2026-08-23	Samuel Cunha	2	1
organization/flow-organization-resources/src/main/resources/db/changelog/organization/versions/v1/0/0/tables/scos_login_status_history.yml	f4eed4e	3110	83	organization/flow-organization-resources	config	1ad7b1d	2026-08-23	Samuel Cunha	2	1
organization/flow-organization-resources/src/main/resources/db/changelog/organization/versions/v1/0/0/tables/scos_outbox_event.yml	9c40ede	3716	114	organization/flow-organization-resources	config	1ad7b1d	2026-08-23	Samuel Cunha	2	1
organization/flow-organization-resources/src/main/resources/db/changelog/organization/versions/v1/0/0/tables/scos_outbox_event_dead_letter.yml	56192c3	2229	66	organization/flow-organization-resources	config	1ad7b1d	2026-08-23	Samuel Cunha	2	1
organization/flow-organization-resources/src/main/resources/db/changelog/organization/versions/v1/0/0/tables/scos_outbox_event_log.yml	777b356	2037	61	organization/flow-organization-resources	config	1ad7b1d	2026-08-23	Samuel Cunha	2	1
organization/flow-organization-resources/src/main/resources/db/changelog/organization/versions/v1/0/0/tables/scos_outbox_topic.yml	33ed87b	1874	59	organization/flow-organization-resources	config	1ad7b1d	2026-08-23	Samuel Cunha	2	1
organization/flow-organization-resources/src/main/resources/db/changelog/organization/versions/v1/0/0/tables/scos_position.yml	8e26788	2591	78	organization/flow-organization-resources	config	1ad7b1d	2026-08-23	Samuel Cunha	2	1
organization/flow-organization-resources/src/main/resources/db/changelog/organization/versions/v1/0/0/tables/scos_position_work_schedule.yml	80e5196	2560	75	organization/flow-organization-resources	config	1ad7b1d	2026-08-23	Samuel Cunha	2	1
organization/flow-organization-resources/src/main/resources/db/changelog/organization/versions/v1/0/0/tables/scos_profile.yml	874fdb5	1857	59	organization/flow-organization-resources	config	1ad7b1d	2026-08-23	Samuel Cunha	2	1
organization/flow-organization-resources/src/main/resources/db/changelog/organization/versions/v1/0/0/tables/scos_profile_resource.yml	538a8c7	1911	55	organization/flow-organization-resources	config	1ad7b1d	2026-08-23	Samuel Cunha	2	1
organization/flow-organization-resources/src/main/resources/db/changelog/organization/versions/v1/0/0/tables/scos_reason_activate.yml	f3a1dcf	2101	64	organization/flow-organization-resources	config	1ad7b1d	2026-08-23	Samuel Cunha	2	1
organization/flow-organization-resources/src/main/resources/db/changelog/organization/versions/v1/0/0/tables/scos_reason_disable.yml	1d1ef82	2094	64	organization/flow-organization-resources	config	1ad7b1d	2026-08-23	Samuel Cunha	2	1
organization/flow-organization-resources/src/main/resources/db/changelog/organization/versions/v1/0/0/tables/scos_reason_enable.yml	45409ef	2087	64	organization/flow-organization-resources	config	1ad7b1d	2026-08-23	Samuel Cunha	2	1
organization/flow-organization-resources/src/main/resources/db/changelog/organization/versions/v1/0/0/tables/scos_reason_inactivate.yml	3fd2ccc	2115	64	organization/flow-organization-resources	config	1ad7b1d	2026-08-23	Samuel Cunha	2	1
organization/flow-organization-resources/src/main/resources/db/changelog/organization/versions/v1/0/0/tables/scos_reason_position_change.yml	f44d520	1962	59	organization/flow-organization-resources	config	1ad7b1d	2026-08-23	Samuel Cunha	2	1
organization/flow-organization-resources/src/main/resources/db/changelog/organization/versions/v1/0/0/tables/scos_resource.yml	59a801c	3738	109	organization/flow-organization-resources	config	1ad7b1d	2026-08-23	Samuel Cunha	2	1
organization/flow-organization-resources/src/main/resources/db/changelog/organization/versions/v1/0/0/tables/scos_shift_enforcement_log.yml	a943cb6	2951	84	organization/flow-organization-resources	config	1ad7b1d	2026-08-23	Samuel Cunha	2	1
organization/flow-organization-resources/src/main/resources/db/changelog/organization/versions/v1/0/0/tables/scos_system.yml	fe25c5c	2654	83	organization/flow-organization-resources	config	1ad7b1d	2026-08-23	Samuel Cunha	2	1
organization/flow-organization-resources/src/main/resources/db/changelog/organization/versions/v1/0/0/tables/tables.yml	dfe1761	3413	131	organization/flow-organization-resources	config	ab13021	2026-08-16	Samuel Cunha	1	1
organization/flow-organization-resources/src/main/resources/db/changelog/organization/view/view.yml	6be6c7e	1174	40	organization/flow-organization-resources	config	1ad7b1d	2026-08-23	Samuel Cunha	3	1
organization/flow-organization-resources/src/main/resources/db/changelog/organization/view/vw_authority_response.sql	f837c27	2056	73	organization/flow-organization-resources	codigo	1ad7b1d	2026-08-23	Samuel Cunha	2	1
organization/flow-organization-resources/src/main/resources/db/changelog/organization/view/vw_cront_job_configure.sql	4164a1f	531	21	organization/flow-organization-resources	codigo	7102488	2026-08-23	Samuel Cunha	1	1
organization/flow-organization-resources/src/main/resources/db/changelog/organization/view/vw_login_context.sql	1495fcf	3191	76	organization/flow-organization-resources	codigo	1ad7b1d	2026-08-23	Samuel Cunha	4	1
organization/flow-organization-shared/pom.xml	32138f6	1974	59	organization/flow-organization-shared	build	7102488	2026-08-23	Samuel Cunha	2	1
organization/flow-organization-shared/src/main/java/br/com/sawcunhaos/organization/shared/converter/SecretKeyConverter.java	4a66aa9	1085	34	organization/flow-organization-shared	codigo	86b0d42	2026-07-20	Samuel Cunha	2	1
organization/flow-organization-shared/src/main/java/br/com/sawcunhaos/organization/shared/converter/ZoneIdConverter.java	1ccc3d7	929	36	organization/flow-organization-shared	codigo	aded2d9	2026-07-20	Samuel Cunha	1	1
organization/flow-organization-shared/src/main/java/br/com/sawcunhaos/organization/shared/exception/ExceptionCodeError.java	1f43a6f	19502	285	organization/flow-organization-shared	codigo	7102488	2026-08-23	Samuel Cunha	13	1
organization/flow-organization-shared/src/main/java/br/com/sawcunhaos/organization/shared/utils/PasswordGenerateUtil.java	bba002e	2199	72	organization/flow-organization-shared	codigo	36df5f4	2026-07-18	Samuel Cunha	1	1
organization/flow-organization-shared/src/main/java/br/com/sawcunhaos/organization/shared/utils/SystemSecretCryptoService.java	35ac695	4148	137	organization/flow-organization-shared	codigo	7102488	2026-08-23	Samuel Cunha	3	1
organization/flow-organization-shared/src/main/java/br/com/sawcunhaos/organization/shared/validation/BusinessRule.java	917010d	501	21	organization/flow-organization-shared	codigo	36df5f4	2026-07-18	Samuel Cunha	1	1
organization/flow-organization-shared/src/main/java/br/com/sawcunhaos/organization/shared/validation/RuleChain.java	965262d	1246	40	organization/flow-organization-shared	codigo	7102488	2026-08-23	Samuel Cunha	2	1
organization/flow-organization-shared/src/main/resources/privacy-masking.yml	939728f	932	27	organization/flow-organization-shared	config	36df5f4	2026-07-18	Samuel Cunha	1	1
organization/flow-organization-shared/src/main/resources/scos_message/scos_message_organization.properties	55e1c6a	9360	154	organization/flow-organization-shared	config	2db520e	2026-09-06	Samuel Cunha	1	1
organization/flow-organization-shared/src/main/resources/scos_message/scos_message_organization_en.properties	72043b6	9119	153	organization/flow-organization-shared	config	2db520e	2026-09-06	Samuel Cunha	1	1
organization/flow-organization-shared/src/test/java/br/com/sawcunhaos/organization/shared/exception/ExceptionCodeErrorTest.java	6fd5f96	3096	79	organization/flow-organization-shared	codigo	36df5f4	2026-07-18	Samuel Cunha	1	1
organization/flow-organization-shared/src/test/java/br/com/sawcunhaos/organization/shared/utils/SystemSecretCryptoServiceTest.java	785e231	3738	103	organization/flow-organization-shared	codigo	7102488	2026-08-23	Samuel Cunha	2	1
organization/flow-organization-usecase/pom.xml	23de6f3	27862	483	organization/flow-organization-usecase	build	3b38b06	2026-08-23	Samuel Cunha	6	1
organization/flow-organization-usecase/src/main/java/br/com/sawcunhaos/organization/application/usecase/access/authority/validate/ValidateAuthorityOutput.java	9164e82	747	32	organization/flow-organization-usecase	codigo	36df5f4	2026-07-18	Samuel Cunha	1	1
organization/flow-organization-usecase/src/main/java/br/com/sawcunhaos/organization/application/usecase/access/authority/validate/ValidateAuthorityUseCase.java	4708f63	570	21	organization/flow-organization-usecase	codigo	36df5f4	2026-07-18	Samuel Cunha	1	1
organization/flow-organization-usecase/src/main/java/br/com/sawcunhaos/organization/application/usecase/access/authority/validate/ValidateAuthorityUseCaseBean.java	669f06d	1931	51	organization/flow-organization-usecase	codigo	36df5f4	2026-07-18	Samuel Cunha	1	1
organization/flow-organization-usecase/src/main/java/br/com/sawcunhaos/organization/application/usecase/access/login/CreateEmployeeLoginUseCase.java	3521efb	831	24	organization/flow-organization-usecase	codigo	ab13021	2026-08-16	Samuel Cunha	1	1
organization/flow-organization-usecase/src/main/java/br/com/sawcunhaos/organization/application/usecase/access/login/CreateEmployeeLoginUseCaseBean.java	1696ff9	2513	61	organization/flow-organization-usecase	codigo	7102488	2026-08-23	Samuel Cunha	2	1
organization/flow-organization-usecase/src/main/java/br/com/sawcunhaos/organization/application/usecase/access/login/DecideLoginApprovalRequestUseCase.java	66f7e9a	627	23	organization/flow-organization-usecase	codigo	28590e1	2026-08-17	Samuel Cunha	1	1
organization/flow-organization-usecase/src/main/java/br/com/sawcunhaos/organization/application/usecase/access/login/DecideLoginApprovalRequestUseCaseBean.java	b5c008c	2778	62	organization/flow-organization-usecase	codigo	7102488	2026-08-23	Samuel Cunha	2	1
organization/flow-organization-usecase/src/main/java/br/com/sawcunhaos/organization/application/usecase/access/login/DecisionType.java	d085b20	463	20	organization/flow-organization-usecase	codigo	28590e1	2026-08-17	Samuel Cunha	1	1
organization/flow-organization-usecase/src/main/java/br/com/sawcunhaos/organization/application/usecase/access/login/FindAllEmployeeLoginUseCase.java	8b58ddd	831	24	organization/flow-organization-usecase	codigo	ab13021	2026-08-16	Samuel Cunha	1	1
organization/flow-organization-usecase/src/main/java/br/com/sawcunhaos/organization/application/usecase/access/login/FindAllEmployeeLoginUseCaseBean.java	e7a83e3	1398	39	organization/flow-organization-usecase	codigo	ab13021	2026-08-16	Samuel Cunha	1	1
organization/flow-organization-usecase/src/main/java/br/com/sawcunhaos/organization/application/usecase/access/login/FindAllLoginApprovalRequestUseCase.java	4d7a79e	872	26	organization/flow-organization-usecase	codigo	28590e1	2026-08-17	Samuel Cunha	1	1
organization/flow-organization-usecase/src/main/java/br/com/sawcunhaos/organization/application/usecase/access/login/FindAllLoginApprovalRequestUseCaseBean.java	ebcf971	2268	53	organization/flow-organization-usecase	codigo	28590e1	2026-08-17	Samuel Cunha	1	1
organization/flow-organization-usecase/src/main/java/br/com/sawcunhaos/organization/application/usecase/access/login/FindAllLoginUseCase.java	510b4ba	962	26	organization/flow-organization-usecase	codigo	ab13021	2026-08-16	Samuel Cunha	1	1
organization/flow-organization-usecase/src/main/java/br/com/sawcunhaos/organization/application/usecase/access/login/FindAllLoginUseCaseBean.java	ef05030	2196	55	organization/flow-organization-usecase	codigo	ab13021	2026-08-16	Samuel Cunha	1	1
organization/flow-organization-usecase/src/main/java/br/com/sawcunhaos/organization/application/usecase/access/login/FindLoginApprovalRequestUseCase.java	cf2d786	648	24	organization/flow-organization-usecase	codigo	28590e1	2026-08-17	Samuel Cunha	1	1
organization/flow-organization-usecase/src/main/java/br/com/sawcunhaos/organization/application/usecase/access/login/FindLoginApprovalRequestUseCaseBean.java	fd46cef	1414	41	organization/flow-organization-usecase	codigo	28590e1	2026-08-17	Samuel Cunha	1	1
organization/flow-organization-usecase/src/main/java/br/com/sawcunhaos/organization/application/usecase/access/login/FindLoginUseCase.java	416ba4e	656	23	organization/flow-organization-usecase	codigo	ab13021	2026-08-16	Samuel Cunha	1	1
organization/flow-organization-usecase/src/main/java/br/com/sawcunhaos/organization/application/usecase/access/login/FindLoginUseCaseBean.java	0b856cb	1128	38	organization/flow-organization-usecase	codigo	ab13021	2026-08-16	Samuel Cunha	1	1
organization/flow-organization-usecase/src/main/java/br/com/sawcunhaos/organization/application/usecase/access/login/FindSystemAccessApproversUseCase.java	31ac509	594	23	organization/flow-organization-usecase	codigo	28590e1	2026-08-17	Samuel Cunha	1	1
organization/flow-organization-usecase/src/main/java/br/com/sawcunhaos/organization/application/usecase/access/login/FindSystemAccessApproversUseCaseBean.java	d9dc154	2401	61	organization/flow-organization-usecase	codigo	28590e1	2026-08-17	Samuel Cunha	1	1
organization/flow-organization-usecase/src/main/java/br/com/sawcunhaos/organization/application/usecase/access/login/LoginApiMapper.java	d8d7e18	2875	72	organization/flow-organization-usecase	codigo	ab13021	2026-08-16	Samuel Cunha	1	1
organization/flow-organization-usecase/src/main/java/br/com/sawcunhaos/organization/application/usecase/access/login/LoginApprovalRequestApiMapper.java	6cb34b1	3569	69	organization/flow-organization-usecase	codigo	7102488	2026-08-23	Samuel Cunha	2	1
organization/flow-organization-usecase/src/main/java/br/com/sawcunhaos/organization/application/usecase/access/login/ProfileChangeKind.java	d6586dc	480	20	organization/flow-organization-usecase	codigo	8aa2129	2026-08-17	Samuel Cunha	1	1
organization/flow-organization-usecase/src/main/java/br/com/sawcunhaos/organization/application/usecase/access/login/RequestLoginProfileChangeUseCase.java	d7c6ffb	867	28	organization/flow-organization-usecase	codigo	8aa2129	2026-08-17	Samuel Cunha	1	1
organization/flow-organization-usecase/src/main/java/br/com/sawcunhaos/organization/application/usecase/access/login/RequestLoginProfileChangeUseCaseBean.java	06d8a81	1676	44	organization/flow-organization-usecase	codigo	7102488	2026-08-23	Samuel Cunha	2	1
organization/flow-organization-usecase/src/main/java/br/com/sawcunhaos/organization/application/usecase/access/login/RequestLoginReactivationUseCase.java	2d671d8	734	27	organization/flow-organization-usecase	codigo	cdd3ad2	2026-08-17	Samuel Cunha	1	1
organization/flow-organization-usecase/src/main/java/br/com/sawcunhaos/organization/application/usecase/access/login/RequestLoginReactivationUseCaseBean.java	ad148e9	1196	38	organization/flow-organization-usecase	codigo	7102488	2026-08-23	Samuel Cunha	2	1
organization/flow-organization-usecase/src/main/java/br/com/sawcunhaos/organization/application/usecase/access/resource/registry/RegistryResourceInput.java	e136c8a	726	32	organization/flow-organization-usecase	codigo	5f84579	2026-07-20	Samuel Cunha	2	1
organization/flow-organization-usecase/src/main/java/br/com/sawcunhaos/organization/application/usecase/access/resource/registry/RegistryResourcesUseCase.java	95cb61c	749	25	organization/flow-organization-usecase	codigo	36df5f4	2026-07-18	Samuel Cunha	1	1
organization/flow-organization-usecase/src/main/java/br/com/sawcunhaos/organization/application/usecase/access/resource/registry/RegistryResourcesUseCaseBean.java	8dabc81	2262	60	organization/flow-organization-usecase	codigo	7102488	2026-08-23	Samuel Cunha	2	1
organization/flow-organization-usecase/src/main/java/br/com/sawcunhaos/organization/application/usecase/access/status/reasonactivate/CreateReasonActivateUseCase.java	3d5ee54	798	24	organization/flow-organization-usecase	codigo	36df5f4	2026-07-18	Samuel Cunha	1	1
organization/flow-organization-usecase/src/main/java/br/com/sawcunhaos/organization/application/usecase/access/status/reasonactivate/CreateReasonActivateUseCaseBean.java	23c8982	2163	51	organization/flow-organization-usecase	codigo	7102488	2026-08-23	Samuel Cunha	2	1
organization/flow-organization-usecase/src/main/java/br/com/sawcunhaos/organization/application/usecase/access/status/reasonactivate/DisableReasonActivateUseCase.java	1427fce	659	22	organization/flow-organization-usecase	codigo	36df5f4	2026-07-18	Samuel Cunha	1	1
organization/flow-organization-usecase/src/main/java/br/com/sawcunhaos/organization/application/usecase/access/status/reasonactivate/DisableReasonActivateUseCaseBean.java	3063e9a	1277	39	organization/flow-organization-usecase	codigo	7102488	2026-08-23	Samuel Cunha	2	1
organization/flow-organization-usecase/src/main/java/br/com/sawcunhaos/organization/application/usecase/access/status/reasonactivate/EnableReasonActivateUseCase.java	0a4b2c7	609	22	organization/flow-organization-usecase	codigo	36df5f4	2026-07-18	Samuel Cunha	1	1
organization/flow-organization-usecase/src/main/java/br/com/sawcunhaos/organization/application/usecase/access/status/reasonactivate/EnableReasonActivateUseCaseBean.java	3315173	1272	39	organization/flow-organization-usecase	codigo	7102488	2026-08-23	Samuel Cunha	2	1
organization/flow-organization-usecase/src/main/java/br/com/sawcunhaos/organization/application/usecase/access/status/reasonactivate/FindAllReasonActivateUseCase.java	612056a	1040	28	organization/flow-organization-usecase	codigo	36df5f4	2026-07-18	Samuel Cunha	1	1
organization/flow-organization-usecase/src/main/java/br/com/sawcunhaos/organization/application/usecase/access/status/reasonactivate/FindAllReasonActivateUseCaseBean.java	cc961ed	2804	72	organization/flow-organization-usecase	codigo	36df5f4	2026-07-18	Samuel Cunha	1	1
organization/flow-organization-usecase/src/main/java/br/com/sawcunhaos/organization/application/usecase/access/status/reasonactivate/FindReasonActivateUseCase.java	b50b3b0	677	23	organization/flow-organization-usecase	codigo	36df5f4	2026-07-18	Samuel Cunha	1	1
organization/flow-organization-usecase/src/main/java/br/com/sawcunhaos/organization/application/usecase/access/status/reasonactivate/FindReasonActivateUseCaseBean.java	7281cc3	1465	41	organization/flow-organization-usecase	codigo	36df5f4	2026-07-18	Samuel Cunha	1	1
organization/flow-organization-usecase/src/main/java/br/com/sawcunhaos/organization/application/usecase/access/status/reasonactivate/ReasonActivateApiMapper.java	8ac803d	2158	57	organization/flow-organization-usecase	codigo	36df5f4	2026-07-18	Samuel Cunha	1	1
organization/flow-organization-usecase/src/main/java/br/com/sawcunhaos/organization/application/usecase/access/status/reasonactivate/UpdateReasonActivateUseCase.java	777cfac	753	23	organization/flow-organization-usecase	codigo	36df5f4	2026-07-18	Samuel Cunha	1	1
organization/flow-organization-usecase/src/main/java/br/com/sawcunhaos/organization/application/usecase/access/status/reasonactivate/UpdateReasonActivateUseCaseBean.java	e442a3a	1830	46	organization/flow-organization-usecase	codigo	7102488	2026-08-23	Samuel Cunha	2	1
organization/flow-organization-usecase/src/main/java/br/com/sawcunhaos/organization/application/usecase/access/status/reasondisable/CreateReasonDisableUseCase.java	24e0da2	789	24	organization/flow-organization-usecase	codigo	36df5f4	2026-07-18	Samuel Cunha	1	1
organization/flow-organization-usecase/src/main/java/br/com/sawcunhaos/organization/application/usecase/access/status/reasondisable/CreateReasonDisableUseCaseBean.java	f1721ff	2133	51	organization/flow-organization-usecase	codigo	7102488	2026-08-23	Samuel Cunha	2	1
organization/flow-organization-usecase/src/main/java/br/com/sawcunhaos/organization/application/usecase/access/status/reasondisable/DisableReasonDisableUseCase.java	021bb05	655	22	organization/flow-organization-usecase	codigo	36df5f4	2026-07-18	Samuel Cunha	1	1
organization/flow-organization-usecase/src/main/java/br/com/sawcunhaos/organization/application/usecase/access/status/reasondisable/DisableReasonDisableUseCaseBean.java	364b8c6	1268	39	organization/flow-organization-usecase	codigo	7102488	2026-08-23	Samuel Cunha	2	1
organization/flow-organization-usecase/src/main/java/br/com/sawcunhaos/organization/application/usecase/access/status/reasondisable/EnableReasonDisableUseCase.java	08103c1	605	22	organization/flow-organization-usecase	codigo	36df5f4	2026-07-18	Samuel Cunha	1	1
organization/flow-organization-usecase/src/main/java/br/com/sawcunhaos/organization/application/usecase/access/status/reasondisable/EnableReasonDisableUseCaseBean.java	9e7546d	1263	39	organization/flow-organization-usecase	codigo	7102488	2026-08-23	Samuel Cunha	2	1
organization/flow-organization-usecase/src/main/java/br/com/sawcunhaos/organization/application/usecase/access/status/reasondisable/FindAllReasonDisableUseCase.java	04c4a06	1032	28	organization/flow-organization-usecase	codigo	36df5f4	2026-07-18	Samuel Cunha	1	1
organization/flow-organization-usecase/src/main/java/br/com/sawcunhaos/organization/application/usecase/access/status/reasondisable/FindAllReasonDisableUseCaseBean.java	fb4df13	2782	72	organization/flow-organization-usecase	codigo	36df5f4	2026-07-18	Samuel Cunha	1	1
organization/flow-organization-usecase/src/main/java/br/com/sawcunhaos/organization/application/usecase/access/status/reasondisable/FindReasonDisableUseCase.java	c6b1fba	671	23	organization/flow-organization-usecase	codigo	36df5f4	2026-07-18	Samuel Cunha	1	1
organization/flow-organization-usecase/src/main/java/br/com/sawcunhaos/organization/application/usecase/access/status/reasondisable/FindReasonDisableUseCaseBean.java	26e0333	1448	41	organization/flow-organization-usecase	codigo	36df5f4	2026-07-18	Samuel Cunha	1	1
organization/flow-organization-usecase/src/main/java/br/com/sawcunhaos/organization/application/usecase/access/status/reasondisable/ReasonDisableApiMapper.java	57167f5	2140	57	organization/flow-organization-usecase	codigo	36df5f4	2026-07-18	Samuel Cunha	1	1
organization/flow-organization-usecase/src/main/java/br/com/sawcunhaos/organization/application/usecase/access/status/reasondisable/UpdateReasonDisableUseCase.java	8bce269	746	23	organization/flow-organization-usecase	codigo	36df5f4	2026-07-18	Samuel Cunha	1	1
organization/flow-organization-usecase/src/main/java/br/com/sawcunhaos/organization/application/usecase/access/status/reasondisable/UpdateReasonDisableUseCaseBean.java	52c84d1	1813	46	organization/flow-organization-usecase	codigo	7102488	2026-08-23	Samuel Cunha	2	1
organization/flow-organization-usecase/src/main/java/br/com/sawcunhaos/organization/application/usecase/access/status/reasonenable/CreateReasonEnableUseCase.java	fa7e2d9	785	24	organization/flow-organization-usecase	codigo	36df5f4	2026-07-18	Samuel Cunha	1	1
organization/flow-organization-usecase/src/main/java/br/com/sawcunhaos/organization/application/usecase/access/status/reasonenable/CreateReasonEnableUseCaseBean.java	9ad758b	2103	51	organization/flow-organization-usecase	codigo	7102488	2026-08-23	Samuel Cunha	2	1
organization/flow-organization-usecase/src/main/java/br/com/sawcunhaos/organization/application/usecase/access/status/reasonenable/DisableReasonEnableUseCase.java	deff9fb	656	22	organization/flow-organization-usecase	codigo	36df5f4	2026-07-18	Samuel Cunha	1	1
organization/flow-organization-usecase/src/main/java/br/com/sawcunhaos/organization/application/usecase/access/status/reasonenable/DisableReasonEnableUseCaseBean.java	dba86b8	1259	39	organization/flow-organization-usecase	codigo	7102488	2026-08-23	Samuel Cunha	2	1
organization/flow-organization-usecase/src/main/java/br/com/sawcunhaos/organization/application/usecase/access/status/reasonenable/EnableReasonEnableUseCase.java	6dfe21c	606	22	organization/flow-organization-usecase	codigo	36df5f4	2026-07-18	Samuel Cunha	1	1
organization/flow-organization-usecase/src/main/java/br/com/sawcunhaos/organization/application/usecase/access/status/reasonenable/EnableReasonEnableUseCaseBean.java	5fcc720	1254	39	organization/flow-organization-usecase	codigo	7102488	2026-08-23	Samuel Cunha	2	1
organization/flow-organization-usecase/src/main/java/br/com/sawcunhaos/organization/application/usecase/access/status/reasonenable/FindAllReasonEnableUseCase.java	aaf6c18	1029	28	organization/flow-organization-usecase	codigo	36df5f4	2026-07-18	Samuel Cunha	1	1
organization/flow-organization-usecase/src/main/java/br/com/sawcunhaos/organization/application/usecase/access/status/reasonenable/FindAllReasonEnableUseCaseBean.java	51124c7	2760	72	organization/flow-organization-usecase	codigo	36df5f4	2026-07-18	Samuel Cunha	1	1
organization/flow-organization-usecase/src/main/java/br/com/sawcunhaos/organization/application/usecase/access/status/reasonenable/FindReasonEnableUseCase.java	77cae5a	670	23	organization/flow-organization-usecase	codigo	36df5f4	2026-07-18	Samuel Cunha	1	1
organization/flow-organization-usecase/src/main/java/br/com/sawcunhaos/organization/application/usecase/access/status/reasonenable/FindReasonEnableUseCaseBean.java	e82c554	1431	41	organization/flow-organization-usecase	codigo	36df5f4	2026-07-18	Samuel Cunha	1	1
organization/flow-organization-usecase/src/main/java/br/com/sawcunhaos/organization/application/usecase/access/status/reasonenable/ReasonEnableApiMapper.java	3f50517	2122	57	organization/flow-organization-usecase	codigo	36df5f4	2026-07-18	Samuel Cunha	1	1
organization/flow-organization-usecase/src/main/java/br/com/sawcunhaos/organization/application/usecase/access/status/reasonenable/UpdateReasonEnableUseCase.java	3210a4b	744	23	organization/flow-organization-usecase	codigo	36df5f4	2026-07-18	Samuel Cunha	1	1
organization/flow-organization-usecase/src/main/java/br/com/sawcunhaos/organization/application/usecase/access/status/reasonenable/UpdateReasonEnableUseCaseBean.java	1dfa007	1796	46	organization/flow-organization-usecase	codigo	7102488	2026-08-23	Samuel Cunha	2	1
organization/flow-organization-usecase/src/main/java/br/com/sawcunhaos/organization/application/usecase/access/status/reasoninactivate/CreateReasonInactivateUseCase.java	a960d7a	814	24	organization/flow-organization-usecase	codigo	36df5f4	2026-07-18	Samuel Cunha	1	1
organization/flow-organization-usecase/src/main/java/br/com/sawcunhaos/organization/application/usecase/access/status/reasoninactivate/CreateReasonInactivateUseCaseBean.java	2cf18db	2223	51	organization/flow-organization-usecase	codigo	7102488	2026-08-23	Samuel Cunha	2	1
organization/flow-organization-usecase/src/main/java/br/com/sawcunhaos/organization/application/usecase/access/status/reasoninactivate/DisableReasonInactivateUseCase.java	7567f7c	665	22	organization/flow-organization-usecase	codigo	36df5f4	2026-07-18	Samuel Cunha	1	1
organization/flow-organization-usecase/src/main/java/br/com/sawcunhaos/organization/application/usecase/access/status/reasoninactivate/DisableReasonInactivateUseCaseBean.java	5f6e916	1295	39	organization/flow-organization-usecase	codigo	7102488	2026-08-23	Samuel Cunha	2	1
organization/flow-organization-usecase/src/main/java/br/com/sawcunhaos/organization/application/usecase/access/status/reasoninactivate/EnableReasonInactivateUseCase.java	6fc4dfc	615	22	organization/flow-organization-usecase	codigo	36df5f4	2026-07-18	Samuel Cunha	1	1
organization/flow-organization-usecase/src/main/java/br/com/sawcunhaos/organization/application/usecase/access/status/reasoninactivate/EnableReasonInactivateUseCaseBean.java	f373731	1290	39	organization/flow-organization-usecase	codigo	7102488	2026-08-23	Samuel Cunha	2	1
organization/flow-organization-usecase/src/main/java/br/com/sawcunhaos/organization/application/usecase/access/status/reasoninactivate/FindAllReasonInactivateUseCase.java	db0c3af	1054	28	organization/flow-organization-usecase	codigo	36df5f4	2026-07-18	Samuel Cunha	1	1
organization/flow-organization-usecase/src/main/java/br/com/sawcunhaos/organization/application/usecase/access/status/reasoninactivate/FindAllReasonInactivateUseCaseBean.java	7be05d4	2848	72	organization/flow-organization-usecase	codigo	36df5f4	2026-07-18	Samuel Cunha	1	1
organization/flow-organization-usecase/src/main/java/br/com/sawcunhaos/organization/application/usecase/access/status/reasoninactivate/FindReasonInactivateUseCase.java	33cc8a3	687	23	organization/flow-organization-usecase	codigo	36df5f4	2026-07-18	Samuel Cunha	1	1
organization/flow-organization-usecase/src/main/java/br/com/sawcunhaos/organization/application/usecase/access/status/reasoninactivate/FindReasonInactivateUseCaseBean.java	11090f8	1499	41	organization/flow-organization-usecase	codigo	36df5f4	2026-07-18	Samuel Cunha	1	1
organization/flow-organization-usecase/src/main/java/br/com/sawcunhaos/organization/application/usecase/access/status/reasoninactivate/ReasonInactivateApiMapper.java	975ca02	2194	57	organization/flow-organization-usecase	codigo	36df5f4	2026-07-18	Samuel Cunha	1	1
organization/flow-organization-usecase/src/main/java/br/com/sawcunhaos/organization/application/usecase/access/status/reasoninactivate/UpdateReasonInactivateUseCase.java	cc348f4	765	23	organization/flow-organization-usecase	codigo	36df5f4	2026-07-18	Samuel Cunha	1	1
organization/flow-organization-usecase/src/main/java/br/com/sawcunhaos/organization/application/usecase/access/status/reasoninactivate/UpdateReasonInactivateUseCaseBean.java	c07dc08	1864	46	organization/flow-organization-usecase	codigo	7102488	2026-08-23	Samuel Cunha	2	1
organization/flow-organization-usecase/src/main/java/br/com/sawcunhaos/organization/application/usecase/access/system/registry/RegistrySystemInput.java	9258cc8	552	21	organization/flow-organization-usecase	codigo	36df5f4	2026-07-18	Samuel Cunha	1	1
organization/flow-organization-usecase/src/main/java/br/com/sawcunhaos/organization/application/usecase/access/system/registry/RegistrySystemOutput.java	b04f1e8	542	21	organization/flow-organization-usecase	codigo	36df5f4	2026-07-18	Samuel Cunha	1	1
organization/flow-organization-usecase/src/main/java/br/com/sawcunhaos/organization/application/usecase/access/system/registry/RegistrySystemUseCase.java	0e895df	525	19	organization/flow-organization-usecase	codigo	36df5f4	2026-07-18	Samuel Cunha	1	1
organization/flow-organization-usecase/src/main/java/br/com/sawcunhaos/organization/application/usecase/access/system/registry/RegistrySystemUseCaseBean.java	8885995	1965	54	organization/flow-organization-usecase	codigo	7102488	2026-08-23	Samuel Cunha	2	1
organization/flow-organization-usecase/src/main/java/br/com/sawcunhaos/organization/application/usecase/configuration/FindAllConfigurationUseCase.java	2e4065c	590	23	organization/flow-organization-usecase	codigo	36df5f4	2026-07-18	Samuel Cunha	1	1
organization/flow-organization-usecase/src/main/java/br/com/sawcunhaos/organization/application/usecase/configuration/FindAllConfigurationUseCaseBean.java	545fa0e	1699	47	organization/flow-organization-usecase	codigo	36df5f4	2026-07-18	Samuel Cunha	1	1
organization/flow-organization-usecase/src/main/java/br/com/sawcunhaos/organization/application/usecase/configuration/FindAllKeysConfigurationUseCase.java	f7d6c84	592	25	organization/flow-organization-usecase	codigo	36df5f4	2026-07-18	Samuel Cunha	1	1
organization/flow-organization-usecase/src/main/java/br/com/sawcunhaos/organization/application/usecase/configuration/FindAllKeysConfigurationUseCaseBean.java	5a84731	1731	50	organization/flow-organization-usecase	codigo	36df5f4	2026-07-18	Samuel Cunha	1	1
organization/flow-organization-usecase/src/main/java/br/com/sawcunhaos/organization/application/usecase/configuration/FindConfigurationByKeyUseCase.java	8d97ee6	622	22	organization/flow-organization-usecase	codigo	36df5f4	2026-07-18	Samuel Cunha	1	1
organization/flow-organization-usecase/src/main/java/br/com/sawcunhaos/organization/application/usecase/configuration/FindConfigurationByKeyUseCaseBean.java	1906663	1743	48	organization/flow-organization-usecase	codigo	36df5f4	2026-07-18	Samuel Cunha	1	1
organization/flow-organization-usecase/src/main/java/br/com/sawcunhaos/organization/application/usecase/configuration/UpdateConfigurationUseCase.java	8627fa1	562	21	organization/flow-organization-usecase	codigo	36df5f4	2026-07-18	Samuel Cunha	1	1
organization/flow-organization-usecase/src/main/java/br/com/sawcunhaos/organization/application/usecase/configuration/UpdateConfigurationUseCaseBean.java	75ba2d6	1243	39	organization/flow-organization-usecase	codigo	7102488	2026-08-23	Samuel Cunha	2	1
organization/flow-organization-usecase/src/main/java/br/com/sawcunhaos/organization/application/usecase/corporate/catalog/addresstype/AddressTypeApiMapper.java	e63c48e	2129	57	organization/flow-organization-usecase	codigo	36df5f4	2026-07-18	Samuel Cunha	1	1
organization/flow-organization-usecase/src/main/java/br/com/sawcunhaos/organization/application/usecase/corporate/catalog/addresstype/CreateAddressTypeUseCase.java	01ab498	778	24	organization/flow-organization-usecase	codigo	36df5f4	2026-07-18	Samuel Cunha	1	1
organization/flow-organization-usecase/src/main/java/br/com/sawcunhaos/organization/application/usecase/corporate/catalog/addresstype/CreateAddressTypeUseCaseBean.java	b3570de	2089	51	organization/flow-organization-usecase	codigo	7102488	2026-08-23	Samuel Cunha	2	1
organization/flow-organization-usecase/src/main/java/br/com/sawcunhaos/organization/application/usecase/corporate/catalog/addresstype/DisableAddressTypeUseCase.java	348570a	640	22	organization/flow-organization-usecase	codigo	36df5f4	2026-07-18	Samuel Cunha	1	1
organization/flow-organization-usecase/src/main/java/br/com/sawcunhaos/organization/application/usecase/corporate/catalog/addresstype/DisableAddressTypeUseCaseBean.java	7f2236d	1258	39	organization/flow-organization-usecase	codigo	7102488	2026-08-23	Samuel Cunha	2	1
organization/flow-organization-usecase/src/main/java/br/com/sawcunhaos/organization/application/usecase/corporate/catalog/addresstype/EnableAddressTypeUseCase.java	f3d5622	604	22	organization/flow-organization-usecase	codigo	36df5f4	2026-07-18	Samuel Cunha	1	1
organization/flow-organization-usecase/src/main/java/br/com/sawcunhaos/organization/application/usecase/corporate/catalog/addresstype/EnableAddressTypeUseCaseBean.java	a694f76	1253	39	organization/flow-organization-usecase	codigo	7102488	2026-08-23	Samuel Cunha	2	1
organization/flow-organization-usecase/src/main/java/br/com/sawcunhaos/organization/application/usecase/corporate/catalog/addresstype/FindAddressTypeUseCase.java	219ec69	666	23	organization/flow-organization-usecase	codigo	36df5f4	2026-07-18	Samuel Cunha	1	1
organization/flow-organization-usecase/src/main/java/br/com/sawcunhaos/organization/application/usecase/corporate/catalog/addresstype/FindAddressTypeUseCaseBean.java	fcf1d10	1426	41	organization/flow-organization-usecase	codigo	36df5f4	2026-07-18	Samuel Cunha	1	1
organization/flow-organization-usecase/src/main/java/br/com/sawcunhaos/organization/application/usecase/corporate/catalog/addresstype/FindAllAddressTypeUseCase.java	d1984ac	1029	28	organization/flow-organization-usecase	codigo	36df5f4	2026-07-18	Samuel Cunha	1	1
organization/flow-organization-usecase/src/main/java/br/com/sawcunhaos/organization/application/usecase/corporate/catalog/addresstype/FindAllAddressTypeUseCaseBean.java	5fe0f79	2757	72	organization/flow-organization-usecase	codigo	36df5f4	2026-07-18	Samuel Cunha	1	1
organization/flow-organization-usecase/src/main/java/br/com/sawcunhaos/organization/application/usecase/corporate/catalog/addresstype/UpdateAddressTypeUseCase.java	f02bd54	739	23	organization/flow-organization-usecase	codigo	36df5f4	2026-07-18	Samuel Cunha	1	1
organization/flow-organization-usecase/src/main/java/br/com/sawcunhaos/organization/application/usecase/corporate/catalog/addresstype/UpdateAddressTypeUseCaseBean.java	fe74fdf	1791	46	organization/flow-organization-usecase	codigo	7102488	2026-08-23	Samuel Cunha	2	1
organization/flow-organization-usecase/src/main/java/br/com/sawcunhaos/organization/application/usecase/corporate/catalog/contacttype/ContactTypeApiMapper.java	3f83aa3	2129	57	organization/flow-organization-usecase	codigo	36df5f4	2026-07-18	Samuel Cunha	1	1
organization/flow-organization-usecase/src/main/java/br/com/sawcunhaos/organization/application/usecase/corporate/catalog/contacttype/CreateContactTypeUseCase.java	17e64c2	776	24	organization/flow-organization-usecase	codigo	36df5f4	2026-07-18	Samuel Cunha	1	1
organization/flow-organization-usecase/src/main/java/br/com/sawcunhaos/organization/application/usecase/corporate/catalog/contacttype/CreateContactTypeUseCaseBean.java	c759b93	2089	51	organization/flow-organization-usecase	codigo	7102488	2026-08-23	Samuel Cunha	2	1
organization/flow-organization-usecase/src/main/java/br/com/sawcunhaos/organization/application/usecase/corporate/catalog/contacttype/DisableContactTypeUseCase.java	468dbb1	638	22	organization/flow-organization-usecase	codigo	36df5f4	2026-07-18	Samuel Cunha	1	1
organization/flow-organization-usecase/src/main/java/br/com/sawcunhaos/organization/application/usecase/corporate/catalog/contacttype/DisableContactTypeUseCaseBean.java	74b8954	1258	39	organization/flow-organization-usecase	codigo	7102488	2026-08-23	Samuel Cunha	2	1
organization/flow-organization-usecase/src/main/java/br/com/sawcunhaos/organization/application/usecase/corporate/catalog/contacttype/EnableContactTypeUseCase.java	6580ebb	602	22	organization/flow-organization-usecase	codigo	36df5f4	2026-07-18	Samuel Cunha	1	1
organization/flow-organization-usecase/src/main/java/br/com/sawcunhaos/organization/application/usecase/corporate/catalog/contacttype/EnableContactTypeUseCaseBean.java	7e7f503	1253	39	organization/flow-organization-usecase	codigo	7102488	2026-08-23	Samuel Cunha	2	1
organization/flow-organization-usecase/src/main/java/br/com/sawcunhaos/organization/application/usecase/corporate/catalog/contacttype/FindAllContactTypeUseCase.java	e6f4811	1027	28	organization/flow-organization-usecase	codigo	36df5f4	2026-07-18	Samuel Cunha	1	1
organization/flow-organization-usecase/src/main/java/br/com/sawcunhaos/organization/application/usecase/corporate/catalog/contacttype/FindAllContactTypeUseCaseBean.java	643a553	2757	72	organization/flow-organization-usecase	codigo	36df5f4	2026-07-18	Samuel Cunha	1	1
organization/flow-organization-usecase/src/main/java/br/com/sawcunhaos/organization/application/usecase/corporate/catalog/contacttype/FindContactTypeUseCase.java	f5c1b31	664	23	organization/flow-organization-usecase	codigo	36df5f4	2026-07-18	Samuel Cunha	1	1
organization/flow-organization-usecase/src/main/java/br/com/sawcunhaos/organization/application/usecase/corporate/catalog/contacttype/FindContactTypeUseCaseBean.java	bfd085d	1426	41	organization/flow-organization-usecase	codigo	36df5f4	2026-07-18	Samuel Cunha	1	1
organization/flow-organization-usecase/src/main/java/br/com/sawcunhaos/organization/application/usecase/corporate/catalog/contacttype/UpdateContactTypeUseCase.java	c8b1499	737	23	organization/flow-organization-usecase	codigo	36df5f4	2026-07-18	Samuel Cunha	1	1
organization/flow-organization-usecase/src/main/java/br/com/sawcunhaos/organization/application/usecase/corporate/catalog/contacttype/UpdateContactTypeUseCaseBean.java	8c02878	1791	46	organization/flow-organization-usecase	codigo	7102488	2026-08-23	Samuel Cunha	2	1
organization/flow-organization-usecase/src/main/java/br/com/sawcunhaos/organization/application/usecase/corporate/company/ActivateCompanyUseCase.java	e45321a	751	23	organization/flow-organization-usecase	codigo	abaef10	2026-07-22	Samuel Cunha	1	1
organization/flow-organization-usecase/src/main/java/br/com/sawcunhaos/organization/application/usecase/corporate/company/ActivateCompanyUseCaseBean.java	e67fe1b	1433	40	organization/flow-organization-usecase	codigo	7102488	2026-08-23	Samuel Cunha	2	1
organization/flow-organization-usecase/src/main/java/br/com/sawcunhaos/organization/application/usecase/corporate/company/BlockCompanyUseCase.java	380cf97	748	23	organization/flow-organization-usecase	codigo	abaef10	2026-07-22	Samuel Cunha	1	1
organization/flow-organization-usecase/src/main/java/br/com/sawcunhaos/organization/application/usecase/corporate/company/BlockCompanyUseCaseBean.java	2effd03	1419	40	organization/flow-organization-usecase	codigo	7102488	2026-08-23	Samuel Cunha	2	1
organization/flow-organization-usecase/src/main/java/br/com/sawcunhaos/organization/application/usecase/corporate/company/CompanyApiMapper.java	9b4d939	3629	84	organization/flow-organization-usecase	codigo	36df5f4	2026-07-18	Samuel Cunha	1	1
organization/flow-organization-usecase/src/main/java/br/com/sawcunhaos/organization/application/usecase/corporate/company/CreateCompanyUseCase.java	b435ee8	752	24	organization/flow-organization-usecase	codigo	36df5f4	2026-07-18	Samuel Cunha	1	1
organization/flow-organization-usecase/src/main/java/br/com/sawcunhaos/organization/application/usecase/corporate/company/CreateCompanyUseCaseBean.java	a2c1063	2497	58	organization/flow-organization-usecase	codigo	7102488	2026-08-23	Samuel Cunha	2	1
organization/flow-organization-usecase/src/main/java/br/com/sawcunhaos/organization/application/usecase/corporate/company/FindAllCompanyUseCase.java	639a3da	889	25	organization/flow-organization-usecase	codigo	36df5f4	2026-07-18	Samuel Cunha	1	1
organization/flow-organization-usecase/src/main/java/br/com/sawcunhaos/organization/application/usecase/corporate/company/FindAllCompanyUseCaseBean.java	ad6d1bb	2481	68	organization/flow-organization-usecase	codigo	36df5f4	2026-07-18	Samuel Cunha	1	1
organization/flow-organization-usecase/src/main/java/br/com/sawcunhaos/organization/application/usecase/corporate/company/FindCompanyUseCase.java	3098314	633	23	organization/flow-organization-usecase	codigo	36df5f4	2026-07-18	Samuel Cunha	1	1
organization/flow-organization-usecase/src/main/java/br/com/sawcunhaos/organization/application/usecase/corporate/company/FindCompanyUseCaseBean.java	6d157bd	1220	39	organization/flow-organization-usecase	codigo	36df5f4	2026-07-18	Samuel Cunha	1	1
organization/flow-organization-usecase/src/main/java/br/com/sawcunhaos/organization/application/usecase/corporate/company/InactivateCompanyUseCase.java	52f4b49	763	23	organization/flow-organization-usecase	codigo	abaef10	2026-07-22	Samuel Cunha	1	1
organization/flow-organization-usecase/src/main/java/br/com/sawcunhaos/organization/application/usecase/corporate/company/InactivateCompanyUseCaseBean.java	b3dfa64	1445	40	organization/flow-organization-usecase	codigo	7102488	2026-08-23	Samuel Cunha	2	1
organization/flow-organization-usecase/src/main/java/br/com/sawcunhaos/organization/application/usecase/corporate/company/UnblockCompanyUseCase.java	61c9219	757	23	organization/flow-organization-usecase	codigo	abaef10	2026-07-22	Samuel Cunha	1	1
organization/flow-organization-usecase/src/main/java/br/com/sawcunhaos/organization/application/usecase/corporate/company/UnblockCompanyUseCaseBean.java	4ae6dbe	1425	40	organization/flow-organization-usecase	codigo	7102488	2026-08-23	Samuel Cunha	2	1
organization/flow-organization-usecase/src/main/java/br/com/sawcunhaos/organization/application/usecase/corporate/company/UpdateCompanyUseCase.java	3461004	715	23	organization/flow-organization-usecase	codigo	36df5f4	2026-07-18	Samuel Cunha	1	1
organization/flow-organization-usecase/src/main/java/br/com/sawcunhaos/organization/application/usecase/corporate/company/UpdateCompanyUseCaseBean.java	9795503	2211	55	organization/flow-organization-usecase	codigo	7102488	2026-08-23	Samuel Cunha	2	1
organization/flow-organization-usecase/src/main/java/br/com/sawcunhaos/organization/application/usecase/corporate/company/fiscal/cnae/CnaeApiMapper.java	d8c9a71	1062	36	organization/flow-organization-usecase	codigo	36df5f4	2026-07-18	Samuel Cunha	1	1
organization/flow-organization-usecase/src/main/java/br/com/sawcunhaos/organization/application/usecase/corporate/company/fiscal/cnae/CreateCnaeUseCase.java	3ec1050	723	24	organization/flow-organization-usecase	codigo	36df5f4	2026-07-18	Samuel Cunha	1	1
organization/flow-organization-usecase/src/main/java/br/com/sawcunhaos/organization/application/usecase/corporate/company/fiscal/cnae/CreateCnaeUseCaseBean.java	616e570	1791	50	organization/flow-organization-usecase	codigo	7102488	2026-08-23	Samuel Cunha	2	1
organization/flow-organization-usecase/src/main/java/br/com/sawcunhaos/organization/application/usecase/corporate/company/fiscal/cnae/DeleteCnaeUseCase.java	3e4529a	622	22	organization/flow-organization-usecase	codigo	36df5f4	2026-07-18	Samuel Cunha	1	1
organization/flow-organization-usecase/src/main/java/br/com/sawcunhaos/organization/application/usecase/corporate/company/fiscal/cnae/DeleteCnaeUseCaseBean.java	b6b95fd	1196	39	organization/flow-organization-usecase	codigo	7102488	2026-08-23	Samuel Cunha	2	1
organization/flow-organization-usecase/src/main/java/br/com/sawcunhaos/organization/application/usecase/corporate/company/fiscal/cnae/FindAllCnaeUseCase.java	5a1de9f	757	24	organization/flow-organization-usecase	codigo	36df5f4	2026-07-18	Samuel Cunha	1	1
organization/flow-organization-usecase/src/main/java/br/com/sawcunhaos/organization/application/usecase/corporate/company/fiscal/cnae/FindAllCnaeUseCaseBean.java	00dc59c	2225	62	organization/flow-organization-usecase	codigo	36df5f4	2026-07-18	Samuel Cunha	1	1
organization/flow-organization-usecase/src/main/java/br/com/sawcunhaos/organization/application/usecase/corporate/company/fiscal/cnae/FindCnaeUseCase.java	72509b4	632	23	organization/flow-organization-usecase	codigo	36df5f4	2026-07-18	Samuel Cunha	1	1
organization/flow-organization-usecase/src/main/java/br/com/sawcunhaos/organization/application/usecase/corporate/company/fiscal/cnae/FindCnaeUseCaseBean.java	cb04587	1196	39	organization/flow-organization-usecase	codigo	36df5f4	2026-07-18	Samuel Cunha	1	1
organization/flow-organization-usecase/src/main/java/br/com/sawcunhaos/organization/application/usecase/corporate/company/fiscal/cnae/UpdateCnaeUseCase.java	9485e33	698	23	organization/flow-organization-usecase	codigo	36df5f4	2026-07-18	Samuel Cunha	1	1
organization/flow-organization-usecase/src/main/java/br/com/sawcunhaos/organization/application/usecase/corporate/company/fiscal/cnae/UpdateCnaeUseCaseBean.java	059a8a3	1604	48	organization/flow-organization-usecase	codigo	7102488	2026-08-23	Samuel Cunha	2	1
organization/flow-organization-usecase/src/main/java/br/com/sawcunhaos/organization/application/usecase/corporate/company/fiscal/legalnature/CreateLegalNatureUseCase.java	95aee59	787	24	organization/flow-organization-usecase	codigo	36df5f4	2026-07-18	Samuel Cunha	1	1
organization/flow-organization-usecase/src/main/java/br/com/sawcunhaos/organization/application/usecase/corporate/company/fiscal/legalnature/CreateLegalNatureUseCaseBean.java	d007c50	1988	50	organization/flow-organization-usecase	codigo	7102488	2026-08-23	Samuel Cunha	2	1
organization/flow-organization-usecase/src/main/java/br/com/sawcunhaos/organization/application/usecase/corporate/company/fiscal/legalnature/DeleteLegalNatureUseCase.java	6b66465	651	22	organization/flow-organization-usecase	codigo	36df5f4	2026-07-18	Samuel Cunha	1	1
organization/flow-organization-usecase/src/main/java/br/com/sawcunhaos/organization/application/usecase/corporate/company/fiscal/legalnature/DeleteLegalNatureUseCaseBean.java	6ee30ae	1260	39	organization/flow-organization-usecase	codigo	7102488	2026-08-23	Samuel Cunha	2	1
organization/flow-organization-usecase/src/main/java/br/com/sawcunhaos/organization/application/usecase/corporate/company/fiscal/legalnature/FindAllLegalNatureUseCase.java	c31512f	800	24	organization/flow-organization-usecase	codigo	36df5f4	2026-07-18	Samuel Cunha	1	1
organization/flow-organization-usecase/src/main/java/br/com/sawcunhaos/organization/application/usecase/corporate/company/fiscal/legalnature/FindAllLegalNatureUseCaseBean.java	85ffdde	2358	62	organization/flow-organization-usecase	codigo	36df5f4	2026-07-18	Samuel Cunha	1	1
organization/flow-organization-usecase/src/main/java/br/com/sawcunhaos/organization/application/usecase/corporate/company/fiscal/legalnature/FindLegalNatureUseCase.java	a65f6bf	675	23	organization/flow-organization-usecase	codigo	36df5f4	2026-07-18	Samuel Cunha	1	1
organization/flow-organization-usecase/src/main/java/br/com/sawcunhaos/organization/application/usecase/corporate/company/fiscal/legalnature/FindLegalNatureUseCaseBean.java	f67ca9a	1288	39	organization/flow-organization-usecase	codigo	36df5f4	2026-07-18	Samuel Cunha	1	1
organization/flow-organization-usecase/src/main/java/br/com/sawcunhaos/organization/application/usecase/corporate/company/fiscal/legalnature/LegalNatureApiMapper.java	96fb695	1174	36	organization/flow-organization-usecase	codigo	36df5f4	2026-07-18	Samuel Cunha	1	1
organization/flow-organization-usecase/src/main/java/br/com/sawcunhaos/organization/application/usecase/corporate/company/fiscal/legalnature/UpdateLegalNatureUseCase.java	35eee6b	748	23	organization/flow-organization-usecase	codigo	36df5f4	2026-07-18	Samuel Cunha	1	1
organization/flow-organization-usecase/src/main/java/br/com/sawcunhaos/organization/application/usecase/corporate/company/fiscal/legalnature/UpdateLegalNatureUseCaseBean.java	6465cd5	1738	48	organization/flow-organization-usecase	codigo	7102488	2026-08-23	Samuel Cunha	2	1
organization/flow-organization-usecase/src/main/java/br/com/sawcunhaos/organization/application/usecase/corporate/department/CreateDepartmentUseCase.java	47a284b	715	23	organization/flow-organization-usecase	codigo	36df5f4	2026-07-18	Samuel Cunha	1	1
organization/flow-organization-usecase/src/main/java/br/com/sawcunhaos/organization/application/usecase/corporate/department/CreateDepartmentUseCaseBean.java	c33cfa9	2086	54	organization/flow-organization-usecase	codigo	7102488	2026-08-23	Samuel Cunha	2	1
organization/flow-organization-usecase/src/main/java/br/com/sawcunhaos/organization/application/usecase/corporate/department/DisableDepartmentUseCase.java	cc5f77f	541	21	organization/flow-organization-usecase	codigo	36df5f4	2026-07-18	Samuel Cunha	1	1
organization/flow-organization-usecase/src/main/java/br/com/sawcunhaos/organization/application/usecase/corporate/department/DisableDepartmentUseCaseBean.java	2eba71f	1188	38	organization/flow-organization-usecase	codigo	7102488	2026-08-23	Samuel Cunha	2	1
organization/flow-organization-usecase/src/main/java/br/com/sawcunhaos/organization/application/usecase/corporate/department/EnableDepartmentUseCase.java	b930060	540	21	organization/flow-organization-usecase	codigo	36df5f4	2026-07-18	Samuel Cunha	1	1
organization/flow-organization-usecase/src/main/java/br/com/sawcunhaos/organization/application/usecase/corporate/department/EnableDepartmentUseCaseBean.java	5ef415d	1184	38	organization/flow-organization-usecase	codigo	7102488	2026-08-23	Samuel Cunha	2	1
organization/flow-organization-usecase/src/main/java/br/com/sawcunhaos/organization/application/usecase/corporate/department/FindAllDepartmentUseCase.java	ea3a278	750	23	organization/flow-organization-usecase	codigo	36df5f4	2026-07-18	Samuel Cunha	1	1
organization/flow-organization-usecase/src/main/java/br/com/sawcunhaos/organization/application/usecase/corporate/department/FindAllDepartmentUseCaseBean.java	6010851	2842	67	organization/flow-organization-usecase	codigo	28590e1	2026-08-17	Samuel Cunha	2	1
organization/flow-organization-usecase/src/main/java/br/com/sawcunhaos/organization/application/usecase/corporate/department/FindDepartmentUseCase.java	f5616c6	602	22	organization/flow-organization-usecase	codigo	36df5f4	2026-07-18	Samuel Cunha	1	1
organization/flow-organization-usecase/src/main/java/br/com/sawcunhaos/organization/application/usecase/corporate/department/FindDepartmentUseCaseBean.java	556a1ec	1605	46	organization/flow-organization-usecase	codigo	28590e1	2026-08-17	Samuel Cunha	2	1
organization/flow-organization-usecase/src/main/java/br/com/sawcunhaos/organization/application/usecase/corporate/department/UpdateDepartmentUseCase.java	e1f02f6	669	22	organization/flow-organization-usecase	codigo	36df5f4	2026-07-18	Samuel Cunha	1	1
organization/flow-organization-usecase/src/main/java/br/com/sawcunhaos/organization/application/usecase/corporate/department/UpdateDepartmentUseCaseBean.java	bc18e29	1672	46	organization/flow-organization-usecase	codigo	7102488	2026-08-23	Samuel Cunha	3	1
organization/flow-organization-usecase/src/main/java/br/com/sawcunhaos/organization/application/usecase/corporate/employee/ActivateEmployeeUseCase.java	eb863f6	759	23	organization/flow-organization-usecase	codigo	65c6282	2026-08-05	Samuel Cunha	1	1
organization/flow-organization-usecase/src/main/java/br/com/sawcunhaos/organization/application/usecase/corporate/employee/ActivateEmployeeUseCaseBean.java	8073820	1446	40	organization/flow-organization-usecase	codigo	7102488	2026-08-23	Samuel Cunha	2	1
organization/flow-organization-usecase/src/main/java/br/com/sawcunhaos/organization/application/usecase/corporate/employee/BlockEmployeeUseCase.java	f206745	756	23	organization/flow-organization-usecase	codigo	65c6282	2026-08-05	Samuel Cunha	1	1
organization/flow-organization-usecase/src/main/java/br/com/sawcunhaos/organization/application/usecase/corporate/employee/BlockEmployeeUseCaseBean.java	e2785ff	1432	40	organization/flow-organization-usecase	codigo	7102488	2026-08-23	Samuel Cunha	2	1
organization/flow-organization-usecase/src/main/java/br/com/sawcunhaos/organization/application/usecase/corporate/employee/CreateEmployeeUseCase.java	830e812	643	24	organization/flow-organization-usecase	codigo	38f943a	2026-08-05	Samuel Cunha	1	1
organization/flow-organization-usecase/src/main/java/br/com/sawcunhaos/organization/application/usecase/corporate/employee/CreateEmployeeUseCaseBean.java	a675131	2230	57	organization/flow-organization-usecase	codigo	7102488	2026-08-23	Samuel Cunha	2	1
organization/flow-organization-usecase/src/main/java/br/com/sawcunhaos/organization/application/usecase/corporate/employee/EmployeeApiMapper.java	a724751	4423	107	organization/flow-organization-usecase	codigo	ce439e7	2026-08-16	Samuel Cunha	2	1
organization/flow-organization-usecase/src/main/java/br/com/sawcunhaos/organization/application/usecase/corporate/employee/FindAllEmployeeUseCase.java	81d95d4	938	25	organization/flow-organization-usecase	codigo	ce439e7	2026-08-16	Samuel Cunha	1	1
organization/flow-organization-usecase/src/main/java/br/com/sawcunhaos/organization/application/usecase/corporate/employee/FindAllEmployeeUseCaseBean.java	2001eeb	2336	56	organization/flow-organization-usecase	codigo	ce439e7	2026-08-16	Samuel Cunha	1	1
organization/flow-organization-usecase/src/main/java/br/com/sawcunhaos/organization/application/usecase/corporate/employee/FindEmployeeUseCase.java	913dd63	662	23	organization/flow-organization-usecase	codigo	ce439e7	2026-08-16	Samuel Cunha	1	1
organization/flow-organization-usecase/src/main/java/br/com/sawcunhaos/organization/application/usecase/corporate/employee/FindEmployeeUseCaseBean.java	c3ada56	2119	50	organization/flow-organization-usecase	codigo	ce439e7	2026-08-16	Samuel Cunha	1	1
organization/flow-organization-usecase/src/main/java/br/com/sawcunhaos/organization/application/usecase/corporate/employee/InactivateEmployeeUseCase.java	b27e897	771	23	organization/flow-organization-usecase	codigo	65c6282	2026-08-05	Samuel Cunha	1	1
organization/flow-organization-usecase/src/main/java/br/com/sawcunhaos/organization/application/usecase/corporate/employee/InactivateEmployeeUseCaseBean.java	da96bbf	1488	40	organization/flow-organization-usecase	codigo	7102488	2026-08-23	Samuel Cunha	3	1
organization/flow-organization-usecase/src/main/java/br/com/sawcunhaos/organization/application/usecase/corporate/employee/RehireEmployeeUseCase.java	32c3d62	820	24	organization/flow-organization-usecase	codigo	a9637d5	2026-08-05	Samuel Cunha	1	1
organization/flow-organization-usecase/src/main/java/br/com/sawcunhaos/organization/application/usecase/corporate/employee/RehireEmployeeUseCaseBean.java	0720971	3249	68	organization/flow-organization-usecase	codigo	7102488	2026-08-23	Samuel Cunha	2	1
organization/flow-organization-usecase/src/main/java/br/com/sawcunhaos/organization/application/usecase/corporate/employee/UnblockEmployeeUseCase.java	3d4cfb1	765	23	organization/flow-organization-usecase	codigo	65c6282	2026-08-05	Samuel Cunha	1	1
organization/flow-organization-usecase/src/main/java/br/com/sawcunhaos/organization/application/usecase/corporate/employee/UnblockEmployeeUseCaseBean.java	b20dd03	1438	40	organization/flow-organization-usecase	codigo	7102488	2026-08-23	Samuel Cunha	2	1
organization/flow-organization-usecase/src/main/java/br/com/sawcunhaos/organization/application/usecase/corporate/position/CreatePositionUseCase.java	5c87d6a	701	23	organization/flow-organization-usecase	codigo	36df5f4	2026-07-18	Samuel Cunha	1	1
organization/flow-organization-usecase/src/main/java/br/com/sawcunhaos/organization/application/usecase/corporate/position/CreatePositionUseCaseBean.java	3e045cf	1998	52	organization/flow-organization-usecase	codigo	7102488	2026-08-23	Samuel Cunha	2	1
organization/flow-organization-usecase/src/main/java/br/com/sawcunhaos/organization/application/usecase/corporate/position/CreatePositionWorkScheduleUseCase.java	24a0d75	767	23	organization/flow-organization-usecase	codigo	8bafe2c	2026-07-22	Samuel Cunha	1	1
organization/flow-organization-usecase/src/main/java/br/com/sawcunhaos/organization/application/usecase/corporate/position/CreatePositionWorkScheduleUseCaseBean.java	bac85ec	2119	51	organization/flow-organization-usecase	codigo	7102488	2026-08-23	Samuel Cunha	2	1
organization/flow-organization-usecase/src/main/java/br/com/sawcunhaos/organization/application/usecase/corporate/position/DeletePositionWorkScheduleUseCase.java	b780886	722	23	organization/flow-organization-usecase	codigo	8bafe2c	2026-07-22	Samuel Cunha	1	1
organization/flow-organization-usecase/src/main/java/br/com/sawcunhaos/organization/application/usecase/corporate/position/DeletePositionWorkScheduleUseCaseBean.java	2340fdd	1642	43	organization/flow-organization-usecase	codigo	7102488	2026-08-23	Samuel Cunha	2	1
organization/flow-organization-usecase/src/main/java/br/com/sawcunhaos/organization/application/usecase/corporate/position/DisablePositionUseCase.java	f454bf5	537	21	organization/flow-organization-usecase	codigo	36df5f4	2026-07-18	Samuel Cunha	1	1
organization/flow-organization-usecase/src/main/java/br/com/sawcunhaos/organization/application/usecase/corporate/position/DisablePositionUseCaseBean.java	257b169	1166	38	organization/flow-organization-usecase	codigo	7102488	2026-08-23	Samuel Cunha	2	1
organization/flow-organization-usecase/src/main/java/br/com/sawcunhaos/organization/application/usecase/corporate/position/EnablePositionUseCase.java	c893d02	536	21	organization/flow-organization-usecase	codigo	36df5f4	2026-07-18	Samuel Cunha	1	1
organization/flow-organization-usecase/src/main/java/br/com/sawcunhaos/organization/application/usecase/corporate/position/EnablePositionUseCaseBean.java	0e512db	1162	38	organization/flow-organization-usecase	codigo	7102488	2026-08-23	Samuel Cunha	2	1
organization/flow-organization-usecase/src/main/java/br/com/sawcunhaos/organization/application/usecase/corporate/position/FindAllPositionUseCase.java	088c4d1	770	23	organization/flow-organization-usecase	codigo	36df5f4	2026-07-18	Samuel Cunha	1	1
organization/flow-organization-usecase/src/main/java/br/com/sawcunhaos/organization/application/usecase/corporate/position/FindAllPositionUseCaseBean.java	d147799	2312	58	organization/flow-organization-usecase	codigo	36df5f4	2026-07-18	Samuel Cunha	1	1
organization/flow-organization-usecase/src/main/java/br/com/sawcunhaos/organization/application/usecase/corporate/position/FindPositionUseCase.java	0d87f1f	594	22	organization/flow-organization-usecase	codigo	36df5f4	2026-07-18	Samuel Cunha	1	1
organization/flow-organization-usecase/src/main/java/br/com/sawcunhaos/organization/application/usecase/corporate/position/FindPositionUseCaseBean.java	923e1ea	1314	40	organization/flow-organization-usecase	codigo	36df5f4	2026-07-18	Samuel Cunha	1	1
organization/flow-organization-usecase/src/main/java/br/com/sawcunhaos/organization/application/usecase/corporate/position/GetAllPositionWorkScheduleUseCase.java	108addc	736	25	organization/flow-organization-usecase	codigo	8bafe2c	2026-07-22	Samuel Cunha	1	1
organization/flow-organization-usecase/src/main/java/br/com/sawcunhaos/organization/application/usecase/corporate/position/GetAllPositionWorkScheduleUseCaseBean.java	cd86143	1560	43	organization/flow-organization-usecase	codigo	8bafe2c	2026-07-22	Samuel Cunha	1	1
organization/flow-organization-usecase/src/main/java/br/com/sawcunhaos/organization/application/usecase/corporate/position/PositionApiMapper.java	0eb032a	2319	62	organization/flow-organization-usecase	codigo	8bafe2c	2026-07-22	Samuel Cunha	2	1
organization/flow-organization-usecase/src/main/java/br/com/sawcunhaos/organization/application/usecase/corporate/position/UpdatePositionUseCase.java	530854b	659	22	organization/flow-organization-usecase	codigo	36df5f4	2026-07-18	Samuel Cunha	1	1
organization/flow-organization-usecase/src/main/java/br/com/sawcunhaos/organization/application/usecase/corporate/position/UpdatePositionUseCaseBean.java	b333308	1746	46	organization/flow-organization-usecase	codigo	7102488	2026-08-23	Samuel Cunha	2	1
organization/flow-organization-usecase/src/main/java/br/com/sawcunhaos/organization/application/usecase/corporate/position/UpdatePositionWorkScheduleUseCase.java	fea9911	857	24	organization/flow-organization-usecase	codigo	8bafe2c	2026-07-22	Samuel Cunha	1	1
organization/flow-organization-usecase/src/main/java/br/com/sawcunhaos/organization/application/usecase/corporate/position/UpdatePositionWorkScheduleUseCaseBean.java	4d379bc	2187	54	organization/flow-organization-usecase	codigo	7102488	2026-08-23	Samuel Cunha	2	1
organization/flow-organization-usecase/src/main/java/br/com/sawcunhaos/organization/application/usecase/utils/PaginatioUtils.java	f4e7fb9	2536	66	organization/flow-organization-usecase	codigo	7102488	2026-08-23	Samuel Cunha	2	1
organization/flow-organization-usecase/src/test/java/br/com/sawcunhaos/organization/application/usecase/access/authority/validate/ValidateAuthorityUseCaseBeanTest.java	b133e03	3077	75	organization/flow-organization-usecase	codigo	7102488	2026-08-23	Samuel Cunha	2	1
organization/flow-organization-usecase/src/test/java/br/com/sawcunhaos/organization/application/usecase/access/login/CreateEmployeeLoginUseCaseBeanTest.java	cc6101c	4901	107	organization/flow-organization-usecase	codigo	7102488	2026-08-23	Samuel Cunha	2	1
organization/flow-organization-usecase/src/test/java/br/com/sawcunhaos/organization/application/usecase/access/login/DecideLoginApprovalRequestUseCaseBeanTest.java	98d3bb6	3570	87	organization/flow-organization-usecase	codigo	7102488	2026-08-23	Samuel Cunha	2	1
organization/flow-organization-usecase/src/test/java/br/com/sawcunhaos/organization/application/usecase/access/login/FindAllEmployeeLoginUseCaseBeanTest.java	684ac5e	2560	66	organization/flow-organization-usecase	codigo	7102488	2026-08-23	Samuel Cunha	2	1
organization/flow-organization-usecase/src/test/java/br/com/sawcunhaos/organization/application/usecase/access/login/FindAllLoginApprovalRequestUseCaseBeanTest.java	100a625	3524	86	organization/flow-organization-usecase	codigo	28590e1	2026-08-17	Samuel Cunha	1	1
organization/flow-organization-usecase/src/test/java/br/com/sawcunhaos/organization/application/usecase/access/login/FindAllLoginUseCaseBeanTest.java	3d7848d	4268	100	organization/flow-organization-usecase	codigo	7102488	2026-08-23	Samuel Cunha	2	1
organization/flow-organization-usecase/src/test/java/br/com/sawcunhaos/organization/application/usecase/access/login/FindLoginApprovalRequestUseCaseBeanTest.java	8722b4e	3308	81	organization/flow-organization-usecase	codigo	7102488	2026-08-23	Samuel Cunha	2	1
organization/flow-organization-usecase/src/test/java/br/com/sawcunhaos/organization/application/usecase/access/login/FindLoginUseCaseBeanTest.java	a7fc791	2702	69	organization/flow-organization-usecase	codigo	7102488	2026-08-23	Samuel Cunha	2	1
organization/flow-organization-usecase/src/test/java/br/com/sawcunhaos/organization/application/usecase/access/login/FindSystemAccessApproversUseCaseBeanTest.java	6025843	2577	70	organization/flow-organization-usecase	codigo	28590e1	2026-08-17	Samuel Cunha	1	1
organization/flow-organization-usecase/src/test/java/br/com/sawcunhaos/organization/application/usecase/access/login/RequestLoginProfileChangeUseCaseBeanTest.java	bb06981	1876	54	organization/flow-organization-usecase	codigo	8aa2129	2026-08-17	Samuel Cunha	1	1
organization/flow-organization-usecase/src/test/java/br/com/sawcunhaos/organization/application/usecase/access/login/RequestLoginReactivationUseCaseBeanTest.java	ffb51a6	1096	41	organization/flow-organization-usecase	codigo	cdd3ad2	2026-08-17	Samuel Cunha	1	1
organization/flow-organization-usecase/src/test/java/br/com/sawcunhaos/organization/application/usecase/access/resource/registry/RegistryResourcesUseCaseBeanTest.java	87765f8	4362	113	organization/flow-organization-usecase	codigo	7102488	2026-08-23	Samuel Cunha	3	1
organization/flow-organization-usecase/src/test/java/br/com/sawcunhaos/organization/application/usecase/access/status/reasonactivate/CreateReasonActivateUseCaseBeanTest.java	5d8f8e7	4146	91	organization/flow-organization-usecase	codigo	7102488	2026-08-23	Samuel Cunha	2	1
organization/flow-organization-usecase/src/test/java/br/com/sawcunhaos/organization/application/usecase/access/status/reasonactivate/DisableReasonActivateUseCaseBeanTest.java	8176845	1865	55	organization/flow-organization-usecase	codigo	7102488	2026-08-23	Samuel Cunha	2	1
organization/flow-organization-usecase/src/test/java/br/com/sawcunhaos/organization/application/usecase/access/status/reasonactivate/EnableReasonActivateUseCaseBeanTest.java	e1ddb15	1857	55	organization/flow-organization-usecase	codigo	7102488	2026-08-23	Samuel Cunha	2	1
organization/flow-organization-usecase/src/test/java/br/com/sawcunhaos/organization/application/usecase/access/status/reasonactivate/FindAllReasonActivateUseCaseBeanTest.java	a2313b4	4588	106	organization/flow-organization-usecase	codigo	7102488	2026-08-23	Samuel Cunha	2	1
organization/flow-organization-usecase/src/test/java/br/com/sawcunhaos/organization/application/usecase/access/status/reasonactivate/FindReasonActivateUseCaseBeanTest.java	df9cfb8	2827	70	organization/flow-organization-usecase	codigo	7102488	2026-08-23	Samuel Cunha	2	1
organization/flow-organization-usecase/src/test/java/br/com/sawcunhaos/organization/application/usecase/access/status/reasonactivate/UpdateReasonActivateUseCaseBeanTest.java	b64275d	3380	79	organization/flow-organization-usecase	codigo	7102488	2026-08-23	Samuel Cunha	2	1
organization/flow-organization-usecase/src/test/java/br/com/sawcunhaos/organization/application/usecase/access/status/reasondisable/CreateReasonDisableUseCaseBeanTest.java	31bc004	4119	91	organization/flow-organization-usecase	codigo	7102488	2026-08-23	Samuel Cunha	2	1
organization/flow-organization-usecase/src/test/java/br/com/sawcunhaos/organization/application/usecase/access/status/reasondisable/DisableReasonDisableUseCaseBeanTest.java	fa401f4	1856	55	organization/flow-organization-usecase	codigo	7102488	2026-08-23	Samuel Cunha	2	1
organization/flow-organization-usecase/src/test/java/br/com/sawcunhaos/organization/application/usecase/access/status/reasondisable/EnableReasonDisableUseCaseBeanTest.java	0c62a7f	1848	55	organization/flow-organization-usecase	codigo	7102488	2026-08-23	Samuel Cunha	2	1
organization/flow-organization-usecase/src/test/java/br/com/sawcunhaos/organization/application/usecase/access/status/reasondisable/FindAllReasonDisableUseCaseBeanTest.java	68036bc	4570	106	organization/flow-organization-usecase	codigo	7102488	2026-08-23	Samuel Cunha	2	1
organization/flow-organization-usecase/src/test/java/br/com/sawcunhaos/organization/application/usecase/access/status/reasondisable/FindReasonDisableUseCaseBeanTest.java	c8ad9ef	2812	70	organization/flow-organization-usecase	codigo	7102488	2026-08-23	Samuel Cunha	2	1
organization/flow-organization-usecase/src/test/java/br/com/sawcunhaos/organization/application/usecase/access/status/reasondisable/UpdateReasonDisableUseCaseBeanTest.java	2e6fc14	3360	79	organization/flow-organization-usecase	codigo	7102488	2026-08-23	Samuel Cunha	2	1
organization/flow-organization-usecase/src/test/java/br/com/sawcunhaos/organization/application/usecase/access/status/reasonenable/CreateReasonEnableUseCaseBeanTest.java	14529c1	4092	91	organization/flow-organization-usecase	codigo	7102488	2026-08-23	Samuel Cunha	2	1
organization/flow-organization-usecase/src/test/java/br/com/sawcunhaos/organization/application/usecase/access/status/reasonenable/DisableReasonEnableUseCaseBeanTest.java	2993bb8	1847	55	organization/flow-organization-usecase	codigo	7102488	2026-08-23	Samuel Cunha	2	1
organization/flow-organization-usecase/src/test/java/br/com/sawcunhaos/organization/application/usecase/access/status/reasonenable/EnableReasonEnableUseCaseBeanTest.java	b6ab65b	1839	55	organization/flow-organization-usecase	codigo	7102488	2026-08-23	Samuel Cunha	2	1
organization/flow-organization-usecase/src/test/java/br/com/sawcunhaos/organization/application/usecase/access/status/reasonenable/FindAllReasonEnableUseCaseBeanTest.java	969c73f	4552	106	organization/flow-organization-usecase	codigo	7102488	2026-08-23	Samuel Cunha	2	1
organization/flow-organization-usecase/src/test/java/br/com/sawcunhaos/organization/application/usecase/access/status/reasonenable/FindReasonEnableUseCaseBeanTest.java	f724871	2797	70	organization/flow-organization-usecase	codigo	7102488	2026-08-23	Samuel Cunha	2	1
organization/flow-organization-usecase/src/test/java/br/com/sawcunhaos/organization/application/usecase/access/status/reasonenable/UpdateReasonEnableUseCaseBeanTest.java	2f2c4bd	3340	79	organization/flow-organization-usecase	codigo	7102488	2026-08-23	Samuel Cunha	2	1
organization/flow-organization-usecase/src/test/java/br/com/sawcunhaos/organization/application/usecase/access/status/reasoninactivate/CreateReasonInactivateUseCaseBeanTest.java	94eb790	4200	91	organization/flow-organization-usecase	codigo	7102488	2026-08-23	Samuel Cunha	2	1
organization/flow-organization-usecase/src/test/java/br/com/sawcunhaos/organization/application/usecase/access/status/reasoninactivate/DisableReasonInactivateUseCaseBeanTest.java	ec59862	1883	55	organization/flow-organization-usecase	codigo	7102488	2026-08-23	Samuel Cunha	2	1
organization/flow-organization-usecase/src/test/java/br/com/sawcunhaos/organization/application/usecase/access/status/reasoninactivate/EnableReasonInactivateUseCaseBeanTest.java	32dcf2b	1875	55	organization/flow-organization-usecase	codigo	7102488	2026-08-23	Samuel Cunha	2	1
organization/flow-organization-usecase/src/test/java/br/com/sawcunhaos/organization/application/usecase/access/status/reasoninactivate/FindAllReasonInactivateUseCaseBeanTest.java	0cfc905	4624	106	organization/flow-organization-usecase	codigo	7102488	2026-08-23	Samuel Cunha	2	1
organization/flow-organization-usecase/src/test/java/br/com/sawcunhaos/organization/application/usecase/access/status/reasoninactivate/FindReasonInactivateUseCaseBeanTest.java	00f455e	2857	70	organization/flow-organization-usecase	codigo	7102488	2026-08-23	Samuel Cunha	2	1
organization/flow-organization-usecase/src/test/java/br/com/sawcunhaos/organization/application/usecase/access/status/reasoninactivate/UpdateReasonInactivateUseCaseBeanTest.java	29358ee	3420	79	organization/flow-organization-usecase	codigo	7102488	2026-08-23	Samuel Cunha	2	1
organization/flow-organization-usecase/src/test/java/br/com/sawcunhaos/organization/application/usecase/access/system/registry/RegistrySystemUseCaseBeanTest.java	ab7f9bd	3802	88	organization/flow-organization-usecase	codigo	7102488	2026-08-23	Samuel Cunha	2	1
organization/flow-organization-usecase/src/test/java/br/com/sawcunhaos/organization/application/usecase/configuration/FindAllConfigurationUseCaseBeanTest.java	b6bed1d	2821	75	organization/flow-organization-usecase	codigo	7102488	2026-08-23	Samuel Cunha	2	1
organization/flow-organization-usecase/src/test/java/br/com/sawcunhaos/organization/application/usecase/configuration/FindAllKeysConfigurationUseCaseBeanTest.java	2b55a68	2675	74	organization/flow-organization-usecase	codigo	7102488	2026-08-23	Samuel Cunha	2	1
organization/flow-organization-usecase/src/test/java/br/com/sawcunhaos/organization/application/usecase/configuration/FindConfigurationByKeyUseCaseBeanTest.java	4014343	2651	66	organization/flow-organization-usecase	codigo	7102488	2026-08-23	Samuel Cunha	2	1
organization/flow-organization-usecase/src/test/java/br/com/sawcunhaos/organization/application/usecase/configuration/UpdateConfigurationUseCaseBeanTest.java	9cec57f	1953	55	organization/flow-organization-usecase	codigo	7102488	2026-08-23	Samuel Cunha	2	1
organization/flow-organization-usecase/src/test/java/br/com/sawcunhaos/organization/application/usecase/corporate/catalog/addresstype/CreateAddressTypeUseCaseBeanTest.java	d427c6e	4085	91	organization/flow-organization-usecase	codigo	7102488	2026-08-23	Samuel Cunha	2	1
organization/flow-organization-usecase/src/test/java/br/com/sawcunhaos/organization/application/usecase/corporate/catalog/addresstype/DisableAddressTypeUseCaseBeanTest.java	b5b57b1	1846	55	organization/flow-organization-usecase	codigo	7102488	2026-08-23	Samuel Cunha	2	1
organization/flow-organization-usecase/src/test/java/br/com/sawcunhaos/organization/application/usecase/corporate/catalog/addresstype/EnableAddressTypeUseCaseBeanTest.java	6810fdd	1838	55	organization/flow-organization-usecase	codigo	7102488	2026-08-23	Samuel Cunha	2	1
organization/flow-organization-usecase/src/test/java/br/com/sawcunhaos/organization/application/usecase/corporate/catalog/addresstype/FindAddressTypeUseCaseBeanTest.java	3c3d9d8	2796	70	organization/flow-organization-usecase	codigo	7102488	2026-08-23	Samuel Cunha	2	1
organization/flow-organization-usecase/src/test/java/br/com/sawcunhaos/organization/application/usecase/corporate/catalog/addresstype/FindAllAddressTypeUseCaseBeanTest.java	e297e5f	4554	106	organization/flow-organization-usecase	codigo	7102488	2026-08-23	Samuel Cunha	2	1
organization/flow-organization-usecase/src/test/java/br/com/sawcunhaos/organization/application/usecase/corporate/catalog/addresstype/UpdateAddressTypeUseCaseBeanTest.java	f152df5	3335	79	organization/flow-organization-usecase	codigo	7102488	2026-08-23	Samuel Cunha	2	1
organization/flow-organization-usecase/src/test/java/br/com/sawcunhaos/organization/application/usecase/corporate/catalog/contacttype/CreateContactTypeUseCaseBeanTest.java	896f2e3	4085	91	organization/flow-organization-usecase	codigo	7102488	2026-08-23	Samuel Cunha	2	1
organization/flow-organization-usecase/src/test/java/br/com/sawcunhaos/organization/application/usecase/corporate/catalog/contacttype/DisableContactTypeUseCaseBeanTest.java	94e5a67	1846	55	organization/flow-organization-usecase	codigo	7102488	2026-08-23	Samuel Cunha	2	1
organization/flow-organization-usecase/src/test/java/br/com/sawcunhaos/organization/application/usecase/corporate/catalog/contacttype/EnableContactTypeUseCaseBeanTest.java	a1fe86b	1838	55	organization/flow-organization-usecase	codigo	7102488	2026-08-23	Samuel Cunha	2	1
organization/flow-organization-usecase/src/test/java/br/com/sawcunhaos/organization/application/usecase/corporate/catalog/contacttype/FindAllContactTypeUseCaseBeanTest.java	51d39da	4554	106	organization/flow-organization-usecase	codigo	7102488	2026-08-23	Samuel Cunha	2	1
organization/flow-organization-usecase/src/test/java/br/com/sawcunhaos/organization/application/usecase/corporate/catalog/contacttype/FindContactTypeUseCaseBeanTest.java	e370a9e	2796	70	organization/flow-organization-usecase	codigo	7102488	2026-08-23	Samuel Cunha	2	1
organization/flow-organization-usecase/src/test/java/br/com/sawcunhaos/organization/application/usecase/corporate/catalog/contacttype/UpdateContactTypeUseCaseBeanTest.java	72eddc4	3335	79	organization/flow-organization-usecase	codigo	7102488	2026-08-23	Samuel Cunha	2	1
organization/flow-organization-usecase/src/test/java/br/com/sawcunhaos/organization/application/usecase/corporate/company/ActivateCompanyUseCaseBeanTest.java	503b87b	2281	63	organization/flow-organization-usecase	codigo	7102488	2026-08-23	Samuel Cunha	2	1
organization/flow-organization-usecase/src/test/java/br/com/sawcunhaos/organization/application/usecase/corporate/company/BlockCompanyUseCaseBeanTest.java	9076aa6	2270	63	organization/flow-organization-usecase	codigo	7102488	2026-08-23	Samuel Cunha	2	1
organization/flow-organization-usecase/src/test/java/br/com/sawcunhaos/organization/application/usecase/corporate/company/CompanyApiMapperTest.java	4c316c1	4300	98	organization/flow-organization-usecase	codigo	36df5f4	2026-07-18	Samuel Cunha	1	1
organization/flow-organization-usecase/src/test/java/br/com/sawcunhaos/organization/application/usecase/corporate/company/InactivateCompanyUseCaseBeanTest.java	f6d00c0	2283	63	organization/flow-organization-usecase	codigo	7102488	2026-08-23	Samuel Cunha	2	1
organization/flow-organization-usecase/src/test/java/br/com/sawcunhaos/organization/application/usecase/corporate/company/UnblockCompanyUseCaseBeanTest.java	39a3eac	2271	63	organization/flow-organization-usecase	codigo	7102488	2026-08-23	Samuel Cunha	2	1
organization/flow-organization-usecase/src/test/java/br/com/sawcunhaos/organization/application/usecase/corporate/company/fiscal/cnae/CreateCnaeUseCaseBeanTest.java	a9d6e1b	3482	83	organization/flow-organization-usecase	codigo	7102488	2026-08-23	Samuel Cunha	2	1
organization/flow-organization-usecase/src/test/java/br/com/sawcunhaos/organization/application/usecase/corporate/company/fiscal/cnae/DeleteCnaeUseCaseBeanTest.java	e988d37	1782	55	organization/flow-organization-usecase	codigo	7102488	2026-08-23	Samuel Cunha	2	1
organization/flow-organization-usecase/src/test/java/br/com/sawcunhaos/organization/application/usecase/corporate/company/fiscal/cnae/FindAllCnaeUseCaseBeanTest.java	e15f6e6	3756	96	organization/flow-organization-usecase	codigo	7102488	2026-08-23	Samuel Cunha	2	1
organization/flow-organization-usecase/src/test/java/br/com/sawcunhaos/organization/application/usecase/corporate/company/fiscal/cnae/FindCnaeUseCaseBeanTest.java	2e0cccf	2394	65	organization/flow-organization-usecase	codigo	7102488	2026-08-23	Samuel Cunha	2	1
organization/flow-organization-usecase/src/test/java/br/com/sawcunhaos/organization/application/usecase/corporate/company/fiscal/cnae/UpdateCnaeUseCaseBeanTest.java	bb4d17d	2922	74	organization/flow-organization-usecase	codigo	7102488	2026-08-23	Samuel Cunha	2	1
organization/flow-organization-usecase/src/test/java/br/com/sawcunhaos/organization/application/usecase/corporate/company/fiscal/legalnature/CreateLegalNatureUseCaseBeanTest.java	5904148	3671	83	organization/flow-organization-usecase	codigo	7102488	2026-08-23	Samuel Cunha	2	1
organization/flow-organization-usecase/src/test/java/br/com/sawcunhaos/organization/application/usecase/corporate/company/fiscal/legalnature/DeleteLegalNatureUseCaseBeanTest.java	d54c008	1845	55	organization/flow-organization-usecase	codigo	7102488	2026-08-23	Samuel Cunha	2	1
organization/flow-organization-usecase/src/test/java/br/com/sawcunhaos/organization/application/usecase/corporate/company/fiscal/legalnature/FindAllLegalNatureUseCaseBeanTest.java	cffde50	3882	96	organization/flow-organization-usecase	codigo	7102488	2026-08-23	Samuel Cunha	2	1
organization/flow-organization-usecase/src/test/java/br/com/sawcunhaos/organization/application/usecase/corporate/company/fiscal/legalnature/FindLegalNatureUseCaseBeanTest.java	ebb5708	2499	65	organization/flow-organization-usecase	codigo	7102488	2026-08-23	Samuel Cunha	2	1
organization/flow-organization-usecase/src/test/java/br/com/sawcunhaos/organization/application/usecase/corporate/company/fiscal/legalnature/UpdateLegalNatureUseCaseBeanTest.java	efa601c	3062	74	organization/flow-organization-usecase	codigo	7102488	2026-08-23	Samuel Cunha	2	1
organization/flow-organization-usecase/src/test/java/br/com/sawcunhaos/organization/application/usecase/corporate/department/CreateDepartmentUseCaseBeanTest.java	70760a2	3714	85	organization/flow-organization-usecase	codigo	7102488	2026-08-23	Samuel Cunha	2	1
organization/flow-organization-usecase/src/test/java/br/com/sawcunhaos/organization/application/usecase/corporate/department/DisableDepartmentUseCaseBeanTest.java	f76a143	1832	55	organization/flow-organization-usecase	codigo	7102488	2026-08-23	Samuel Cunha	2	1
organization/flow-organization-usecase/src/test/java/br/com/sawcunhaos/organization/application/usecase/corporate/department/EnableDepartmentUseCaseBeanTest.java	83e8027	1824	55	organization/flow-organization-usecase	codigo	7102488	2026-08-23	Samuel Cunha	2	1
organization/flow-organization-usecase/src/test/java/br/com/sawcunhaos/organization/application/usecase/corporate/department/FindAllDepartmentUseCaseBeanTest.java	a58ab66	4098	99	organization/flow-organization-usecase	codigo	7102488	2026-08-23	Samuel Cunha	2	1
organization/flow-organization-usecase/src/test/java/br/com/sawcunhaos/organization/application/usecase/corporate/department/FindDepartmentUseCaseBeanTest.java	437a6d5	2507	66	organization/flow-organization-usecase	codigo	7102488	2026-08-23	Samuel Cunha	2	1
organization/flow-organization-usecase/src/test/java/br/com/sawcunhaos/organization/application/usecase/corporate/department/UpdateDepartmentUseCaseBeanTest.java	7a2cb65	3593	87	organization/flow-organization-usecase	codigo	7102488	2026-08-23	Samuel Cunha	3	1
organization/flow-organization-usecase/src/test/java/br/com/sawcunhaos/organization/application/usecase/corporate/employee/ActivateEmployeeUseCaseBeanTest.java	8fddca3	2277	63	organization/flow-organization-usecase	codigo	7102488	2026-08-23	Samuel Cunha	2	1
organization/flow-organization-usecase/src/test/java/br/com/sawcunhaos/organization/application/usecase/corporate/employee/BlockEmployeeUseCaseBeanTest.java	b607817	2271	63	organization/flow-organization-usecase	codigo	7102488	2026-08-23	Samuel Cunha	2	1
organization/flow-organization-usecase/src/test/java/br/com/sawcunhaos/organization/application/usecase/corporate/employee/CreateEmployeeUseCaseBeanTest.java	cde9be7	4483	104	organization/flow-organization-usecase	codigo	7102488	2026-08-23	Samuel Cunha	2	1
organization/flow-organization-usecase/src/test/java/br/com/sawcunhaos/organization/application/usecase/corporate/employee/FindAllEmployeeUseCaseBeanTest.java	5d904b3	4345	101	organization/flow-organization-usecase	codigo	7102488	2026-08-23	Samuel Cunha	2	1
organization/flow-organization-usecase/src/test/java/br/com/sawcunhaos/organization/application/usecase/corporate/employee/FindEmployeeUseCaseBeanTest.java	4287fbd	4462	101	organization/flow-organization-usecase	codigo	7102488	2026-08-23	Samuel Cunha	2	1
organization/flow-organization-usecase/src/test/java/br/com/sawcunhaos/organization/application/usecase/corporate/employee/InactivateEmployeeUseCaseBeanTest.java	189699a	3211	85	organization/flow-organization-usecase	codigo	7102488	2026-08-23	Samuel Cunha	3	1
organization/flow-organization-usecase/src/test/java/br/com/sawcunhaos/organization/application/usecase/corporate/employee/RehireEmployeeUseCaseBeanTest.java	02c89d2	6189	132	organization/flow-organization-usecase	codigo	7102488	2026-08-23	Samuel Cunha	2	1
organization/flow-organization-usecase/src/test/java/br/com/sawcunhaos/organization/application/usecase/corporate/employee/UnblockEmployeeUseCaseBeanTest.java	4d5e942	2266	63	organization/flow-organization-usecase	codigo	7102488	2026-08-23	Samuel Cunha	2	1
organization/flow-organization-usecase/src/test/java/br/com/sawcunhaos/organization/application/usecase/corporate/position/CreatePositionUseCaseBeanTest.java	e8b2dce	4702	108	organization/flow-organization-usecase	codigo	7102488	2026-08-23	Samuel Cunha	2	1
organization/flow-organization-usecase/src/test/java/br/com/sawcunhaos/organization/application/usecase/corporate/position/CreatePositionWorkScheduleUseCaseBeanTest.java	48b4ad0	4053	94	organization/flow-organization-usecase	codigo	7102488	2026-08-23	Samuel Cunha	2	1
organization/flow-organization-usecase/src/test/java/br/com/sawcunhaos/organization/application/usecase/corporate/position/DeletePositionWorkScheduleUseCaseBeanTest.java	90ab653	2205	58	organization/flow-organization-usecase	codigo	7102488	2026-08-23	Samuel Cunha	2	1
organization/flow-organization-usecase/src/test/java/br/com/sawcunhaos/organization/application/usecase/corporate/position/DisablePositionUseCaseBeanTest.java	ed59747	1812	55	organization/flow-organization-usecase	codigo	7102488	2026-08-23	Samuel Cunha	2	1
organization/flow-organization-usecase/src/test/java/br/com/sawcunhaos/organization/application/usecase/corporate/position/EnablePositionUseCaseBeanTest.java	a1062a8	1804	55	organization/flow-organization-usecase	codigo	7102488	2026-08-23	Samuel Cunha	2	1
organization/flow-organization-usecase/src/test/java/br/com/sawcunhaos/organization/application/usecase/corporate/position/FindAllPositionUseCaseBeanTest.java	394c681	4342	105	organization/flow-organization-usecase	codigo	7102488	2026-08-23	Samuel Cunha	2	1
organization/flow-organization-usecase/src/test/java/br/com/sawcunhaos/organization/application/usecase/corporate/position/FindPositionUseCaseBeanTest.java	7af3bd0	2747	70	organization/flow-organization-usecase	codigo	7102488	2026-08-23	Samuel Cunha	2	1
organization/flow-organization-usecase/src/test/java/br/com/sawcunhaos/organization/application/usecase/corporate/position/GetAllPositionWorkScheduleUseCaseBeanTest.java	3873ed3	2945	75	organization/flow-organization-usecase	codigo	7102488	2026-08-23	Samuel Cunha	2	1
organization/flow-organization-usecase/src/test/java/br/com/sawcunhaos/organization/application/usecase/corporate/position/UpdatePositionUseCaseBeanTest.java	7c7b1dc	3086	76	organization/flow-organization-usecase	codigo	7102488	2026-08-23	Samuel Cunha	2	1
organization/flow-organization-usecase/src/test/java/br/com/sawcunhaos/organization/application/usecase/corporate/position/UpdatePositionWorkScheduleUseCaseBeanTest.java	0e768b7	3836	90	organization/flow-organization-usecase	codigo	7102488	2026-08-23	Samuel Cunha	2	1
security/pom.xml	fc8253a	1533	44	security	build	ad37021	2026-08-15	Samuel Cunha	1	1
security/flow-security-grpc-proto/pom.xml	dfd269d	2821	79	security/flow-security-grpc-proto	build	ad37021	2026-08-15	Samuel Cunha	1	1
security/flow-security-grpc-proto/src/main/proto/authority.proto	b009a6b	718	29	security/flow-security-grpc-proto	contrato	ad37021	2026-08-15	Samuel Cunha	1	1
security/flow-security-grpc-proto/src/main/proto/registry.proto	ffa8407	938	46	security/flow-security-grpc-proto	contrato	ad37021	2026-08-15	Samuel Cunha	1	1
security/flow-security-starter/pom.xml	1358fc3	7504	216	security/flow-security-starter	build	3b38b06	2026-08-23	Samuel Cunha	3	1
security/flow-security-starter/src/main/java/br/com/sawcunhaos/security/starter/ScosUserAuthenticationBean.java	6a06b6b	885	25	security/flow-security-starter	codigo	7102488	2026-08-23	Samuel Cunha	2	1
security/flow-security-starter/src/main/java/br/com/sawcunhaos/security/starter/SecurityConfiguration.java	cde3ae8	1381	28	security/flow-security-starter	codigo	ad37021	2026-08-15	Samuel Cunha	1	1
security/flow-security-starter/src/main/java/br/com/sawcunhaos/security/starter/configuration/GrantedAuthorityConfiguration.java	5337ba4	405	14	security/flow-security-starter	codigo	ad37021	2026-08-15	Samuel Cunha	1	1
security/flow-security-starter/src/main/java/br/com/sawcunhaos/security/starter/configuration/ScosHttpSecurityConfiguration.java	08c1dab	3790	74	security/flow-security-starter	codigo	ad37021	2026-08-15	Samuel Cunha	1	1
security/flow-security-starter/src/main/java/br/com/sawcunhaos/security/starter/configuration/ScosServiceConfiguration.java	2698ea7	2421	58	security/flow-security-starter	codigo	7102488	2026-08-23	Samuel Cunha	2	1
security/flow-security-starter/src/main/java/br/com/sawcunhaos/security/starter/configuration/ScosWebConfiguration.java	6616398	1546	43	security/flow-security-starter	codigo	7102488	2026-08-23	Samuel Cunha	2	1
security/flow-security-starter/src/main/java/br/com/sawcunhaos/security/starter/configuration/grpc/ScosEurekaNameResolverFactory.java	5cc87d1	7040	191	security/flow-security-starter	codigo	ad37021	2026-08-15	Samuel Cunha	1	1
security/flow-security-starter/src/main/java/br/com/sawcunhaos/security/starter/configuration/grpc/ScosGrpcClientConfiguration.java	e9fb167	4590	121	security/flow-security-starter	codigo	ad37021	2026-08-15	Samuel Cunha	1	1
security/flow-security-starter/src/main/java/br/com/sawcunhaos/security/starter/configuration/properties/CorsProperties.java	41e47e3	1288	45	security/flow-security-starter	codigo	ad37021	2026-08-15	Samuel Cunha	1	1
security/flow-security-starter/src/main/java/br/com/sawcunhaos/security/starter/configuration/properties/ScosRegistryProperties.java	aabb711	2625	92	security/flow-security-starter	codigo	7102488	2026-08-23	Samuel Cunha	2	1
security/flow-security-starter/src/main/java/br/com/sawcunhaos/security/starter/exception/AccessDeniedExceptionHandler.java	4ffc540	1893	46	security/flow-security-starter	codigo	3b38b06	2026-08-23	Samuel Cunha	3	1
security/flow-security-starter/src/main/java/br/com/sawcunhaos/security/starter/exception/ExceptionHandlerFilter.java	4c21027	2570	63	security/flow-security-starter	codigo	3b38b06	2026-08-23	Samuel Cunha	3	1
security/flow-security-starter/src/main/java/br/com/sawcunhaos/security/starter/interceptor/ScosSystemAuthInterceptor.java	14dc720	2994	79	security/flow-security-starter	codigo	7102488	2026-08-23	Samuel Cunha	2	1
security/flow-security-starter/src/main/java/br/com/sawcunhaos/security/starter/keycloak/JwtAuthConverter.java	5372404	1625	39	security/flow-security-starter	codigo	3b38b06	2026-08-23	Samuel Cunha	3	1
security/flow-security-starter/src/main/java/br/com/sawcunhaos/security/starter/keycloak/ScosAuthenticationEntryPoint.java	6edeacd	1850	47	security/flow-security-starter	codigo	3b38b06	2026-08-23	Samuel Cunha	3	1
security/flow-security-starter/src/main/java/br/com/sawcunhaos/security/starter/keycloak/WebSecurityConfig.java	c75062e	1819	43	security/flow-security-starter	codigo	7102488	2026-08-23	Samuel Cunha	2	1
security/flow-security-starter/src/main/java/br/com/sawcunhaos/security/starter/model/ScosAuthentication.java	29fb4ee	1381	42	security/flow-security-starter	codigo	ad37021	2026-08-15	Samuel Cunha	1	1
security/flow-security-starter/src/main/java/br/com/sawcunhaos/security/starter/model/ScosSecurityContext.java	8ce9735	1123	47	security/flow-security-starter	codigo	ad37021	2026-08-15	Samuel Cunha	1	1
security/flow-security-starter/src/main/java/br/com/sawcunhaos/security/starter/model/ScosSystemContext.java	17ddbe0	662	28	security/flow-security-starter	codigo	ad37021	2026-08-15	Samuel Cunha	1	1
security/flow-security-starter/src/main/java/br/com/sawcunhaos/security/starter/model/ScosSystemContextHolder.java	5d31b9a	1124	43	security/flow-security-starter	codigo	3b38b06	2026-08-23	Samuel Cunha	2	1
security/flow-security-starter/src/main/java/br/com/sawcunhaos/security/starter/service/ScosSecurityService.java	9fbb115	2448	56	security/flow-security-starter	codigo	3b38b06	2026-08-23	Samuel Cunha	3	1
security/flow-security-starter/src/main/java/br/com/sawcunhaos/security/starter/service/ScosSecurityStartupListener.java	da78f4b	821	29	security/flow-security-starter	codigo	7102488	2026-08-23	Samuel Cunha	2	1
security/flow-security-starter/src/main/java/br/com/sawcunhaos/security/starter/service/ScosSystemRegistrationService.java	0c89e28	6950	171	security/flow-security-starter	codigo	7102488	2026-08-23	Samuel Cunha	2	1
security/flow-security-starter/src/main/java/br/com/sawcunhaos/security/starter/service/grpc/ScosAuthorityService.java	ac220f5	1279	38	security/flow-security-starter	codigo	ad37021	2026-08-15	Samuel Cunha	1	1
security/flow-security-starter/src/main/java/br/com/sawcunhaos/security/starter/service/grpc/ScosRegistryService.java	9d9b495	1481	41	security/flow-security-starter	codigo	ad37021	2026-08-15	Samuel Cunha	1	1
security/flow-security-starter/src/main/java/br/com/sawcunhaos/security/starter/specification/ScosPermission.java	2c80680	981	34	security/flow-security-starter	codigo	ad37021	2026-08-15	Samuel Cunha	1	1
security/flow-security-starter/src/main/java/br/com/sawcunhaos/security/starter/specification/ScosSecurity.java	d5fe11d	608	24	security/flow-security-starter	codigo	7102488	2026-08-23	Samuel Cunha	2	1
security/flow-security-starter/src/main/java/br/com/sawcunhaos/security/starter/specification/ScosSystem.java	4130d15	251	13	security/flow-security-starter	codigo	7102488	2026-08-23	Samuel Cunha	1	1
security/flow-security-starter/src/main/java/br/com/sawcunhaos/security/starter/specification/ScosSystemRegistration.java	afa33cc	472	21	security/flow-security-starter	codigo	ad37021	2026-08-15	Samuel Cunha	1	1
security/flow-security-starter/src/main/java/br/com/sawcunhaos/security/starter/utils/AuthenticationUtils.java	75d52a5	1889	48	security/flow-security-starter	codigo	ad37021	2026-08-15	Samuel Cunha	1	1
security/flow-security-starter/src/main/java/br/com/sawcunhaos/security/starter/utils/FilterUtils.java	5024263	1392	34	security/flow-security-starter	codigo	ad37021	2026-08-15	Samuel Cunha	1	1
security/flow-security-starter/src/main/java/br/com/sawcunhaos/security/starter/utils/SecurityExceptionCode.java	72b001b	560	21	security/flow-security-starter	codigo	7102488	2026-08-23	Samuel Cunha	2	1
security/flow-security-starter/src/main/resources/META-INF/spring/org.springframework.boot.autoconfigure.AutoConfiguration.imports	9d7a6f5	57	2	security/flow-security-starter	nao_classificado	ad37021	2026-08-15	Samuel Cunha	1	1
security/flow-security-starter/src/main/resources/scos_message/messages_security.properties	86937ae	398	6	security/flow-security-starter	config	2db520e	2026-09-06	Samuel Cunha	1	1
security/flow-security-starter/src/main/resources/scos_message/messages_security_en.properties	86937ae	398	6	security/flow-security-starter	config	2db520e	2026-09-06	Samuel Cunha	1	1
security/flow-security-starter/src/test/java/br/com/sawcunhaos/security/starter/exception/AccessDeniedExceptionHandlerTest.java	eb7303b	2668	62	security/flow-security-starter	codigo	7102488	2026-08-23	Samuel Cunha	2	1
security/flow-security-starter/src/test/java/br/com/sawcunhaos/security/starter/exception/ExceptionHandlerFilterTest.java	6777aa8	2984	68	security/flow-security-starter	codigo	3b38b06	2026-08-23	Samuel Cunha	3	1
server-fat/pom.xml	dad7e6d	7312	185	server-fat	build	2db520e	2026-09-06	Samuel Cunha	4	1
server-fat/src/main/java/br/com/sawcunhaos/flow/server/ScosFlowApplication.java	2ffb229	1777	51	server-fat	codigo	7e9925d	2026-07-18	Samuel Cunha	1	1
server-fat/src/main/resources/application-dev.yml	5164cd2	1653	74	server-fat	config	effba66	2026-09-09	Samuel Cunha	4	1
server-fat/src/main/resources/application.yml	7c35401	2869	72	server-fat	config	effba66	2026-09-09	Samuel Cunha	3	1
server-fat/src/main/resources/bootstrap.yml	62633d9	7560	231	server-fat	config	effba66	2026-09-09	Samuel Cunha	6	1
server-fat/src/main/resources/logback-spring.xml	390d698	4070	86	server-fat	config	7e9925d	2026-07-18	Samuel Cunha	1	1
server-fat/src/test/java/br/com/sawcunhaos/flow/server/message/ScosMessageSourceAggregationTest.java	3f0cc73	1853	42	server-fat	codigo	2db520e	2026-09-06	Samuel Cunha	1	1
