de	para	tipo	origem
br.com.sawcunhaos.organization.api.dto.AddressType	br.com.sawcunhaos.organization.api.dto.AddressType$AddressTypeBuilder	interno	classes
br.com.sawcunhaos.organization.api.dto.AddressType	br.com.sawcunhaos.organization.api.dto.CatalogEntityType	interno	classes
br.com.sawcunhaos.organization.api.dto.AddressType	com.fasterxml.jackson.annotation.JsonProperty	externo	jackson-annotations-2.22.jar
br.com.sawcunhaos.organization.api.dto.AddressType	jakarta.validation.Valid	externo	jakarta.validation-api-3.1.1.jar
br.com.sawcunhaos.organization.api.dto.AddressType	java.io.Serializable	jdk	java.base
br.com.sawcunhaos.organization.api.dto.AddressType	java.lang.Boolean	jdk	java.base
br.com.sawcunhaos.organization.api.dto.AddressType	java.lang.Class	jdk	java.base
br.com.sawcunhaos.organization.api.dto.AddressType	java.lang.Long	jdk	java.base
br.com.sawcunhaos.organization.api.dto.AddressType	java.lang.Object	jdk	java.base
br.com.sawcunhaos.organization.api.dto.AddressType	java.lang.Record	jdk	java.base
br.com.sawcunhaos.organization.api.dto.AddressType	java.lang.String	jdk	java.base
br.com.sawcunhaos.organization.api.dto.AddressType	java.lang.invoke.MethodHandle	jdk	java.base
br.com.sawcunhaos.organization.api.dto.AddressType	java.lang.invoke.MethodHandles	jdk	java.base
br.com.sawcunhaos.organization.api.dto.AddressType	java.lang.invoke.MethodHandles$Lookup	jdk	java.base
br.com.sawcunhaos.organization.api.dto.AddressType	java.lang.invoke.TypeDescriptor	jdk	java.base
br.com.sawcunhaos.organization.api.dto.AddressType	java.lang.runtime.ObjectMethods	jdk	java.base
br.com.sawcunhaos.organization.api.dto.AddressType$AddressTypeBuilder	br.com.sawcunhaos.organization.api.dto.AddressType	interno	classes
br.com.sawcunhaos.organization.api.dto.AddressType$AddressTypeBuilder	br.com.sawcunhaos.organization.api.dto.CatalogEntityType	interno	classes
br.com.sawcunhaos.organization.api.dto.AddressType$AddressTypeBuilder	com.fasterxml.jackson.annotation.JsonProperty	externo	jackson-annotations-2.22.jar
br.com.sawcunhaos.organization.api.dto.AddressType$AddressTypeBuilder	java.lang.Boolean	jdk	java.base
br.com.sawcunhaos.organization.api.dto.AddressType$AddressTypeBuilder	java.lang.Long	jdk	java.base
br.com.sawcunhaos.organization.api.dto.AddressType$AddressTypeBuilder	java.lang.Object	jdk	java.base
br.com.sawcunhaos.organization.api.dto.AddressType$AddressTypeBuilder	java.lang.String	jdk	java.base
br.com.sawcunhaos.organization.api.dto.AddressType$AddressTypeBuilder	java.lang.invoke.CallSite	jdk	java.base
br.com.sawcunhaos.organization.api.dto.AddressType$AddressTypeBuilder	java.lang.invoke.MethodHandles	jdk	java.base
br.com.sawcunhaos.organization.api.dto.AddressType$AddressTypeBuilder	java.lang.invoke.MethodHandles$Lookup	jdk	java.base
br.com.sawcunhaos.organization.api.dto.AddressType$AddressTypeBuilder	java.lang.invoke.MethodType	jdk	java.base
br.com.sawcunhaos.organization.api.dto.AddressType$AddressTypeBuilder	java.lang.invoke.StringConcatFactory	jdk	java.base
br.com.sawcunhaos.organization.api.dto.ApproveLoginApprovalRequestRequest	br.com.sawcunhaos.organization.api.dto.ApproveLoginApprovalRequestRequest$ApproveLoginApprovalRequestRequestBuilder	interno	classes
br.com.sawcunhaos.organization.api.dto.ApproveLoginApprovalRequestRequest	com.fasterxml.jackson.annotation.JsonProperty	externo	jackson-annotations-2.22.jar
br.com.sawcunhaos.organization.api.dto.ApproveLoginApprovalRequestRequest	jakarta.validation.constraints.NotNull	externo	jakarta.validation-api-3.1.1.jar
br.com.sawcunhaos.organization.api.dto.ApproveLoginApprovalRequestRequest	java.io.Serializable	jdk	java.base
br.com.sawcunhaos.organization.api.dto.ApproveLoginApprovalRequestRequest	java.lang.Class	jdk	java.base
br.com.sawcunhaos.organization.api.dto.ApproveLoginApprovalRequestRequest	java.lang.Long	jdk	java.base
br.com.sawcunhaos.organization.api.dto.ApproveLoginApprovalRequestRequest	java.lang.Object	jdk	java.base
br.com.sawcunhaos.organization.api.dto.ApproveLoginApprovalRequestRequest	java.lang.Record	jdk	java.base
br.com.sawcunhaos.organization.api.dto.ApproveLoginApprovalRequestRequest	java.lang.String	jdk	java.base
br.com.sawcunhaos.organization.api.dto.ApproveLoginApprovalRequestRequest	java.lang.invoke.MethodHandle	jdk	java.base
br.com.sawcunhaos.organization.api.dto.ApproveLoginApprovalRequestRequest	java.lang.invoke.MethodHandles	jdk	java.base
br.com.sawcunhaos.organization.api.dto.ApproveLoginApprovalRequestRequest	java.lang.invoke.MethodHandles$Lookup	jdk	java.base
br.com.sawcunhaos.organization.api.dto.ApproveLoginApprovalRequestRequest	java.lang.invoke.TypeDescriptor	jdk	java.base
br.com.sawcunhaos.organization.api.dto.ApproveLoginApprovalRequestRequest	java.lang.runtime.ObjectMethods	jdk	java.base
br.com.sawcunhaos.organization.api.dto.ApproveLoginApprovalRequestRequest$ApproveLoginApprovalRequestRequestBuilder	br.com.sawcunhaos.organization.api.dto.ApproveLoginApprovalRequestRequest	interno	classes
br.com.sawcunhaos.organization.api.dto.ApproveLoginApprovalRequestRequest$ApproveLoginApprovalRequestRequestBuilder	com.fasterxml.jackson.annotation.JsonProperty	externo	jackson-annotations-2.22.jar
br.com.sawcunhaos.organization.api.dto.ApproveLoginApprovalRequestRequest$ApproveLoginApprovalRequestRequestBuilder	java.lang.Long	jdk	java.base
br.com.sawcunhaos.organization.api.dto.ApproveLoginApprovalRequestRequest$ApproveLoginApprovalRequestRequestBuilder	java.lang.Object	jdk	java.base
br.com.sawcunhaos.organization.api.dto.ApproveLoginApprovalRequestRequest$ApproveLoginApprovalRequestRequestBuilder	java.lang.String	jdk	java.base
br.com.sawcunhaos.organization.api.dto.ApproveLoginApprovalRequestRequest$ApproveLoginApprovalRequestRequestBuilder	java.lang.invoke.CallSite	jdk	java.base
br.com.sawcunhaos.organization.api.dto.ApproveLoginApprovalRequestRequest$ApproveLoginApprovalRequestRequestBuilder	java.lang.invoke.MethodHandles	jdk	java.base
br.com.sawcunhaos.organization.api.dto.ApproveLoginApprovalRequestRequest$ApproveLoginApprovalRequestRequestBuilder	java.lang.invoke.MethodHandles$Lookup	jdk	java.base
br.com.sawcunhaos.organization.api.dto.ApproveLoginApprovalRequestRequest$ApproveLoginApprovalRequestRequestBuilder	java.lang.invoke.MethodType	jdk	java.base
br.com.sawcunhaos.organization.api.dto.ApproveLoginApprovalRequestRequest$ApproveLoginApprovalRequestRequestBuilder	java.lang.invoke.StringConcatFactory	jdk	java.base
br.com.sawcunhaos.organization.api.dto.CatalogEntityType	com.fasterxml.jackson.annotation.JsonCreator	externo	jackson-annotations-2.22.jar
br.com.sawcunhaos.organization.api.dto.CatalogEntityType	com.fasterxml.jackson.annotation.JsonValue	externo	jackson-annotations-2.22.jar
br.com.sawcunhaos.organization.api.dto.CatalogEntityType	java.io.Serializable	jdk	java.base
br.com.sawcunhaos.organization.api.dto.CatalogEntityType	java.lang.Class	jdk	java.base
br.com.sawcunhaos.organization.api.dto.CatalogEntityType	java.lang.Enum	jdk	java.base
br.com.sawcunhaos.organization.api.dto.CatalogEntityType	java.lang.IllegalArgumentException	jdk	java.base
br.com.sawcunhaos.organization.api.dto.CatalogEntityType	java.lang.Object	jdk	java.base
br.com.sawcunhaos.organization.api.dto.CatalogEntityType	java.lang.String	jdk	java.base
br.com.sawcunhaos.organization.api.dto.CatalogEntityType	java.lang.System	jdk	java.base
br.com.sawcunhaos.organization.api.dto.CatalogEntityType	java.lang.invoke.CallSite	jdk	java.base
br.com.sawcunhaos.organization.api.dto.CatalogEntityType	java.lang.invoke.MethodHandles	jdk	java.base
br.com.sawcunhaos.organization.api.dto.CatalogEntityType	java.lang.invoke.MethodHandles$Lookup	jdk	java.base
br.com.sawcunhaos.organization.api.dto.CatalogEntityType	java.lang.invoke.MethodType	jdk	java.base
br.com.sawcunhaos.organization.api.dto.CatalogEntityType	java.lang.invoke.StringConcatFactory	jdk	java.base
br.com.sawcunhaos.organization.api.dto.Cnae	br.com.sawcunhaos.organization.api.dto.Cnae$CnaeBuilder	interno	classes
br.com.sawcunhaos.organization.api.dto.Cnae	com.fasterxml.jackson.annotation.JsonProperty	externo	jackson-annotations-2.22.jar
br.com.sawcunhaos.organization.api.dto.Cnae	java.io.Serializable	jdk	java.base
br.com.sawcunhaos.organization.api.dto.Cnae	java.lang.Class	jdk	java.base
br.com.sawcunhaos.organization.api.dto.Cnae	java.lang.Long	jdk	java.base
br.com.sawcunhaos.organization.api.dto.Cnae	java.lang.Object	jdk	java.base
br.com.sawcunhaos.organization.api.dto.Cnae	java.lang.Record	jdk	java.base
br.com.sawcunhaos.organization.api.dto.Cnae	java.lang.String	jdk	java.base
br.com.sawcunhaos.organization.api.dto.Cnae	java.lang.invoke.MethodHandle	jdk	java.base
br.com.sawcunhaos.organization.api.dto.Cnae	java.lang.invoke.MethodHandles	jdk	java.base
br.com.sawcunhaos.organization.api.dto.Cnae	java.lang.invoke.MethodHandles$Lookup	jdk	java.base
br.com.sawcunhaos.organization.api.dto.Cnae	java.lang.invoke.TypeDescriptor	jdk	java.base
br.com.sawcunhaos.organization.api.dto.Cnae	java.lang.runtime.ObjectMethods	jdk	java.base
br.com.sawcunhaos.organization.api.dto.Cnae$CnaeBuilder	br.com.sawcunhaos.organization.api.dto.Cnae	interno	classes
br.com.sawcunhaos.organization.api.dto.Cnae$CnaeBuilder	com.fasterxml.jackson.annotation.JsonProperty	externo	jackson-annotations-2.22.jar
br.com.sawcunhaos.organization.api.dto.Cnae$CnaeBuilder	java.lang.Long	jdk	java.base
br.com.sawcunhaos.organization.api.dto.Cnae$CnaeBuilder	java.lang.Object	jdk	java.base
br.com.sawcunhaos.organization.api.dto.Cnae$CnaeBuilder	java.lang.String	jdk	java.base
br.com.sawcunhaos.organization.api.dto.Cnae$CnaeBuilder	java.lang.invoke.CallSite	jdk	java.base
br.com.sawcunhaos.organization.api.dto.Cnae$CnaeBuilder	java.lang.invoke.MethodHandles	jdk	java.base
br.com.sawcunhaos.organization.api.dto.Cnae$CnaeBuilder	java.lang.invoke.MethodHandles$Lookup	jdk	java.base
br.com.sawcunhaos.organization.api.dto.Cnae$CnaeBuilder	java.lang.invoke.MethodType	jdk	java.base
br.com.sawcunhaos.organization.api.dto.Cnae$CnaeBuilder	java.lang.invoke.StringConcatFactory	jdk	java.base
br.com.sawcunhaos.organization.api.dto.Companies	br.com.sawcunhaos.organization.api.dto.Companies$CompaniesBuilder	interno	classes
br.com.sawcunhaos.organization.api.dto.Companies	br.com.sawcunhaos.organization.api.dto.StatusCompany	interno	classes
br.com.sawcunhaos.organization.api.dto.Companies	com.fasterxml.jackson.annotation.JsonProperty	externo	jackson-annotations-2.22.jar
br.com.sawcunhaos.organization.api.dto.Companies	jakarta.validation.Valid	externo	jakarta.validation-api-3.1.1.jar
br.com.sawcunhaos.organization.api.dto.Companies	java.io.Serializable	jdk	java.base
br.com.sawcunhaos.organization.api.dto.Companies	java.lang.Class	jdk	java.base
br.com.sawcunhaos.organization.api.dto.Companies	java.lang.Long	jdk	java.base
br.com.sawcunhaos.organization.api.dto.Companies	java.lang.Object	jdk	java.base
br.com.sawcunhaos.organization.api.dto.Companies	java.lang.Record	jdk	java.base
br.com.sawcunhaos.organization.api.dto.Companies	java.lang.String	jdk	java.base
br.com.sawcunhaos.organization.api.dto.Companies	java.lang.invoke.MethodHandle	jdk	java.base
br.com.sawcunhaos.organization.api.dto.Companies	java.lang.invoke.MethodHandles	jdk	java.base
br.com.sawcunhaos.organization.api.dto.Companies	java.lang.invoke.MethodHandles$Lookup	jdk	java.base
br.com.sawcunhaos.organization.api.dto.Companies	java.lang.invoke.TypeDescriptor	jdk	java.base
br.com.sawcunhaos.organization.api.dto.Companies	java.lang.runtime.ObjectMethods	jdk	java.base
br.com.sawcunhaos.organization.api.dto.Companies$CompaniesBuilder	br.com.sawcunhaos.organization.api.dto.Companies	interno	classes
br.com.sawcunhaos.organization.api.dto.Companies$CompaniesBuilder	br.com.sawcunhaos.organization.api.dto.StatusCompany	interno	classes
br.com.sawcunhaos.organization.api.dto.Companies$CompaniesBuilder	com.fasterxml.jackson.annotation.JsonProperty	externo	jackson-annotations-2.22.jar
br.com.sawcunhaos.organization.api.dto.Companies$CompaniesBuilder	java.lang.Long	jdk	java.base
br.com.sawcunhaos.organization.api.dto.Companies$CompaniesBuilder	java.lang.Object	jdk	java.base
br.com.sawcunhaos.organization.api.dto.Companies$CompaniesBuilder	java.lang.String	jdk	java.base
br.com.sawcunhaos.organization.api.dto.Companies$CompaniesBuilder	java.lang.invoke.CallSite	jdk	java.base
br.com.sawcunhaos.organization.api.dto.Companies$CompaniesBuilder	java.lang.invoke.MethodHandles	jdk	java.base
br.com.sawcunhaos.organization.api.dto.Companies$CompaniesBuilder	java.lang.invoke.MethodHandles$Lookup	jdk	java.base
br.com.sawcunhaos.organization.api.dto.Companies$CompaniesBuilder	java.lang.invoke.MethodType	jdk	java.base
br.com.sawcunhaos.organization.api.dto.Companies$CompaniesBuilder	java.lang.invoke.StringConcatFactory	jdk	java.base
br.com.sawcunhaos.organization.api.dto.Company	br.com.sawcunhaos.organization.api.dto.Company$CompanyBuilder	interno	classes
br.com.sawcunhaos.organization.api.dto.Company	br.com.sawcunhaos.organization.api.dto.ParentCompany	interno	classes
br.com.sawcunhaos.organization.api.dto.Company	br.com.sawcunhaos.organization.api.dto.StatusCompany	interno	classes
br.com.sawcunhaos.organization.api.dto.Company	com.fasterxml.jackson.annotation.JsonProperty	externo	jackson-annotations-2.22.jar
br.com.sawcunhaos.organization.api.dto.Company	jakarta.validation.Valid	externo	jakarta.validation-api-3.1.1.jar
br.com.sawcunhaos.organization.api.dto.Company	java.io.Serializable	jdk	java.base
br.com.sawcunhaos.organization.api.dto.Company	java.lang.Class	jdk	java.base
br.com.sawcunhaos.organization.api.dto.Company	java.lang.Long	jdk	java.base
br.com.sawcunhaos.organization.api.dto.Company	java.lang.Object	jdk	java.base
br.com.sawcunhaos.organization.api.dto.Company	java.lang.Record	jdk	java.base
br.com.sawcunhaos.organization.api.dto.Company	java.lang.String	jdk	java.base
br.com.sawcunhaos.organization.api.dto.Company	java.lang.invoke.MethodHandle	jdk	java.base
br.com.sawcunhaos.organization.api.dto.Company	java.lang.invoke.MethodHandles	jdk	java.base
br.com.sawcunhaos.organization.api.dto.Company	java.lang.invoke.MethodHandles$Lookup	jdk	java.base
br.com.sawcunhaos.organization.api.dto.Company	java.lang.invoke.TypeDescriptor	jdk	java.base
br.com.sawcunhaos.organization.api.dto.Company	java.lang.runtime.ObjectMethods	jdk	java.base
br.com.sawcunhaos.organization.api.dto.Company	java.time.LocalDate	jdk	java.base
br.com.sawcunhaos.organization.api.dto.Company	org.springframework.format.annotation.DateTimeFormat	externo	spring-context-7.0.9.jar
br.com.sawcunhaos.organization.api.dto.Company	org.springframework.lang.Nullable	externo	spring-core-7.0.9.jar
br.com.sawcunhaos.organization.api.dto.Company$CompanyBuilder	br.com.sawcunhaos.organization.api.dto.Company	interno	classes
br.com.sawcunhaos.organization.api.dto.Company$CompanyBuilder	br.com.sawcunhaos.organization.api.dto.ParentCompany	interno	classes
br.com.sawcunhaos.organization.api.dto.Company$CompanyBuilder	br.com.sawcunhaos.organization.api.dto.StatusCompany	interno	classes
br.com.sawcunhaos.organization.api.dto.Company$CompanyBuilder	com.fasterxml.jackson.annotation.JsonProperty	externo	jackson-annotations-2.22.jar
br.com.sawcunhaos.organization.api.dto.Company$CompanyBuilder	java.lang.Long	jdk	java.base
br.com.sawcunhaos.organization.api.dto.Company$CompanyBuilder	java.lang.Object	jdk	java.base
br.com.sawcunhaos.organization.api.dto.Company$CompanyBuilder	java.lang.String	jdk	java.base
br.com.sawcunhaos.organization.api.dto.Company$CompanyBuilder	java.lang.invoke.CallSite	jdk	java.base
br.com.sawcunhaos.organization.api.dto.Company$CompanyBuilder	java.lang.invoke.MethodHandles	jdk	java.base
br.com.sawcunhaos.organization.api.dto.Company$CompanyBuilder	java.lang.invoke.MethodHandles$Lookup	jdk	java.base
br.com.sawcunhaos.organization.api.dto.Company$CompanyBuilder	java.lang.invoke.MethodType	jdk	java.base
br.com.sawcunhaos.organization.api.dto.Company$CompanyBuilder	java.lang.invoke.StringConcatFactory	jdk	java.base
br.com.sawcunhaos.organization.api.dto.Company$CompanyBuilder	java.time.LocalDate	jdk	java.base
br.com.sawcunhaos.organization.api.dto.Company$CompanyBuilder	org.springframework.lang.Nullable	externo	spring-core-7.0.9.jar
br.com.sawcunhaos.organization.api.dto.CompanyAddress	br.com.sawcunhaos.organization.api.dto.CompanyAddress$CompanyAddressBuilder	interno	classes
br.com.sawcunhaos.organization.api.dto.CompanyAddress	com.fasterxml.jackson.annotation.JsonProperty	externo	jackson-annotations-2.22.jar
br.com.sawcunhaos.organization.api.dto.CompanyAddress	jakarta.validation.Valid	externo	jakarta.validation-api-3.1.1.jar
br.com.sawcunhaos.organization.api.dto.CompanyAddress	java.io.Serializable	jdk	java.base
br.com.sawcunhaos.organization.api.dto.CompanyAddress	java.lang.Class	jdk	java.base
br.com.sawcunhaos.organization.api.dto.CompanyAddress	java.lang.Long	jdk	java.base
br.com.sawcunhaos.organization.api.dto.CompanyAddress	java.lang.Object	jdk	java.base
br.com.sawcunhaos.organization.api.dto.CompanyAddress	java.lang.Record	jdk	java.base
br.com.sawcunhaos.organization.api.dto.CompanyAddress	java.lang.String	jdk	java.base
br.com.sawcunhaos.organization.api.dto.CompanyAddress	java.lang.invoke.MethodHandle	jdk	java.base
br.com.sawcunhaos.organization.api.dto.CompanyAddress	java.lang.invoke.MethodHandles	jdk	java.base
br.com.sawcunhaos.organization.api.dto.CompanyAddress	java.lang.invoke.MethodHandles$Lookup	jdk	java.base
br.com.sawcunhaos.organization.api.dto.CompanyAddress	java.lang.invoke.TypeDescriptor	jdk	java.base
br.com.sawcunhaos.organization.api.dto.CompanyAddress	java.lang.runtime.ObjectMethods	jdk	java.base
br.com.sawcunhaos.organization.api.dto.CompanyAddress	java.math.BigDecimal	jdk	java.base
br.com.sawcunhaos.organization.api.dto.CompanyAddress$CompanyAddressBuilder	br.com.sawcunhaos.organization.api.dto.CompanyAddress	interno	classes
br.com.sawcunhaos.organization.api.dto.CompanyAddress$CompanyAddressBuilder	com.fasterxml.jackson.annotation.JsonProperty	externo	jackson-annotations-2.22.jar
br.com.sawcunhaos.organization.api.dto.CompanyAddress$CompanyAddressBuilder	java.lang.Long	jdk	java.base
br.com.sawcunhaos.organization.api.dto.CompanyAddress$CompanyAddressBuilder	java.lang.Object	jdk	java.base
br.com.sawcunhaos.organization.api.dto.CompanyAddress$CompanyAddressBuilder	java.lang.String	jdk	java.base
br.com.sawcunhaos.organization.api.dto.CompanyAddress$CompanyAddressBuilder	java.lang.invoke.CallSite	jdk	java.base
br.com.sawcunhaos.organization.api.dto.CompanyAddress$CompanyAddressBuilder	java.lang.invoke.MethodHandles	jdk	java.base
br.com.sawcunhaos.organization.api.dto.CompanyAddress$CompanyAddressBuilder	java.lang.invoke.MethodHandles$Lookup	jdk	java.base
br.com.sawcunhaos.organization.api.dto.CompanyAddress$CompanyAddressBuilder	java.lang.invoke.MethodType	jdk	java.base
br.com.sawcunhaos.organization.api.dto.CompanyAddress$CompanyAddressBuilder	java.lang.invoke.StringConcatFactory	jdk	java.base
br.com.sawcunhaos.organization.api.dto.CompanyAddress$CompanyAddressBuilder	java.math.BigDecimal	jdk	java.base
br.com.sawcunhaos.organization.api.dto.CompanyAddresses	br.com.sawcunhaos.organization.api.dto.CompanyAddresses$CompanyAddressesBuilder	interno	classes
br.com.sawcunhaos.organization.api.dto.CompanyAddresses	com.fasterxml.jackson.annotation.JsonProperty	externo	jackson-annotations-2.22.jar
br.com.sawcunhaos.organization.api.dto.CompanyAddresses	java.io.Serializable	jdk	java.base
br.com.sawcunhaos.organization.api.dto.CompanyAddresses	java.lang.Class	jdk	java.base
br.com.sawcunhaos.organization.api.dto.CompanyAddresses	java.lang.Long	jdk	java.base
br.com.sawcunhaos.organization.api.dto.CompanyAddresses	java.lang.Object	jdk	java.base
br.com.sawcunhaos.organization.api.dto.CompanyAddresses	java.lang.Record	jdk	java.base
br.com.sawcunhaos.organization.api.dto.CompanyAddresses	java.lang.String	jdk	java.base
br.com.sawcunhaos.organization.api.dto.CompanyAddresses	java.lang.invoke.MethodHandle	jdk	java.base
br.com.sawcunhaos.organization.api.dto.CompanyAddresses	java.lang.invoke.MethodHandles	jdk	java.base
br.com.sawcunhaos.organization.api.dto.CompanyAddresses	java.lang.invoke.MethodHandles$Lookup	jdk	java.base
br.com.sawcunhaos.organization.api.dto.CompanyAddresses	java.lang.invoke.TypeDescriptor	jdk	java.base
br.com.sawcunhaos.organization.api.dto.CompanyAddresses	java.lang.runtime.ObjectMethods	jdk	java.base
br.com.sawcunhaos.organization.api.dto.CompanyAddresses$CompanyAddressesBuilder	br.com.sawcunhaos.organization.api.dto.CompanyAddresses	interno	classes
br.com.sawcunhaos.organization.api.dto.CompanyAddresses$CompanyAddressesBuilder	com.fasterxml.jackson.annotation.JsonProperty	externo	jackson-annotations-2.22.jar
br.com.sawcunhaos.organization.api.dto.CompanyAddresses$CompanyAddressesBuilder	java.lang.Long	jdk	java.base
br.com.sawcunhaos.organization.api.dto.CompanyAddresses$CompanyAddressesBuilder	java.lang.Object	jdk	java.base
br.com.sawcunhaos.organization.api.dto.CompanyAddresses$CompanyAddressesBuilder	java.lang.String	jdk	java.base
br.com.sawcunhaos.organization.api.dto.CompanyAddresses$CompanyAddressesBuilder	java.lang.invoke.CallSite	jdk	java.base
br.com.sawcunhaos.organization.api.dto.CompanyAddresses$CompanyAddressesBuilder	java.lang.invoke.MethodHandles	jdk	java.base
br.com.sawcunhaos.organization.api.dto.CompanyAddresses$CompanyAddressesBuilder	java.lang.invoke.MethodHandles$Lookup	jdk	java.base
br.com.sawcunhaos.organization.api.dto.CompanyAddresses$CompanyAddressesBuilder	java.lang.invoke.MethodType	jdk	java.base
br.com.sawcunhaos.organization.api.dto.CompanyAddresses$CompanyAddressesBuilder	java.lang.invoke.StringConcatFactory	jdk	java.base
br.com.sawcunhaos.organization.api.dto.CompanyCnaeSecondary	br.com.sawcunhaos.organization.api.dto.CompanyCnaeSecondary$CompanyCnaeSecondaryBuilder	interno	classes
br.com.sawcunhaos.organization.api.dto.CompanyCnaeSecondary	com.fasterxml.jackson.annotation.JsonProperty	externo	jackson-annotations-2.22.jar
br.com.sawcunhaos.organization.api.dto.CompanyCnaeSecondary	java.io.Serializable	jdk	java.base
br.com.sawcunhaos.organization.api.dto.CompanyCnaeSecondary	java.lang.Class	jdk	java.base
br.com.sawcunhaos.organization.api.dto.CompanyCnaeSecondary	java.lang.Long	jdk	java.base
br.com.sawcunhaos.organization.api.dto.CompanyCnaeSecondary	java.lang.Object	jdk	java.base
br.com.sawcunhaos.organization.api.dto.CompanyCnaeSecondary	java.lang.Record	jdk	java.base
br.com.sawcunhaos.organization.api.dto.CompanyCnaeSecondary	java.lang.String	jdk	java.base
br.com.sawcunhaos.organization.api.dto.CompanyCnaeSecondary	java.lang.invoke.MethodHandle	jdk	java.base
br.com.sawcunhaos.organization.api.dto.CompanyCnaeSecondary	java.lang.invoke.MethodHandles	jdk	java.base
br.com.sawcunhaos.organization.api.dto.CompanyCnaeSecondary	java.lang.invoke.MethodHandles$Lookup	jdk	java.base
br.com.sawcunhaos.organization.api.dto.CompanyCnaeSecondary	java.lang.invoke.TypeDescriptor	jdk	java.base
br.com.sawcunhaos.organization.api.dto.CompanyCnaeSecondary	java.lang.runtime.ObjectMethods	jdk	java.base
br.com.sawcunhaos.organization.api.dto.CompanyCnaeSecondary$CompanyCnaeSecondaryBuilder	br.com.sawcunhaos.organization.api.dto.CompanyCnaeSecondary	interno	classes
br.com.sawcunhaos.organization.api.dto.CompanyCnaeSecondary$CompanyCnaeSecondaryBuilder	com.fasterxml.jackson.annotation.JsonProperty	externo	jackson-annotations-2.22.jar
br.com.sawcunhaos.organization.api.dto.CompanyCnaeSecondary$CompanyCnaeSecondaryBuilder	java.lang.Long	jdk	java.base
br.com.sawcunhaos.organization.api.dto.CompanyCnaeSecondary$CompanyCnaeSecondaryBuilder	java.lang.Object	jdk	java.base
br.com.sawcunhaos.organization.api.dto.CompanyCnaeSecondary$CompanyCnaeSecondaryBuilder	java.lang.String	jdk	java.base
br.com.sawcunhaos.organization.api.dto.CompanyCnaeSecondary$CompanyCnaeSecondaryBuilder	java.lang.invoke.CallSite	jdk	java.base
br.com.sawcunhaos.organization.api.dto.CompanyCnaeSecondary$CompanyCnaeSecondaryBuilder	java.lang.invoke.MethodHandles	jdk	java.base
br.com.sawcunhaos.organization.api.dto.CompanyCnaeSecondary$CompanyCnaeSecondaryBuilder	java.lang.invoke.MethodHandles$Lookup	jdk	java.base
br.com.sawcunhaos.organization.api.dto.CompanyCnaeSecondary$CompanyCnaeSecondaryBuilder	java.lang.invoke.MethodType	jdk	java.base
br.com.sawcunhaos.organization.api.dto.CompanyCnaeSecondary$CompanyCnaeSecondaryBuilder	java.lang.invoke.StringConcatFactory	jdk	java.base
br.com.sawcunhaos.organization.api.dto.CompanyContact	br.com.sawcunhaos.organization.api.dto.CompanyContact$CompanyContactBuilder	interno	classes
br.com.sawcunhaos.organization.api.dto.CompanyContact	com.fasterxml.jackson.annotation.JsonProperty	externo	jackson-annotations-2.22.jar
br.com.sawcunhaos.organization.api.dto.CompanyContact	java.io.Serializable	jdk	java.base
br.com.sawcunhaos.organization.api.dto.CompanyContact	java.lang.Class	jdk	java.base
br.com.sawcunhaos.organization.api.dto.CompanyContact	java.lang.Long	jdk	java.base
br.com.sawcunhaos.organization.api.dto.CompanyContact	java.lang.Object	jdk	java.base
br.com.sawcunhaos.organization.api.dto.CompanyContact	java.lang.Record	jdk	java.base
br.com.sawcunhaos.organization.api.dto.CompanyContact	java.lang.String	jdk	java.base
br.com.sawcunhaos.organization.api.dto.CompanyContact	java.lang.invoke.MethodHandle	jdk	java.base
br.com.sawcunhaos.organization.api.dto.CompanyContact	java.lang.invoke.MethodHandles	jdk	java.base
br.com.sawcunhaos.organization.api.dto.CompanyContact	java.lang.invoke.MethodHandles$Lookup	jdk	java.base
br.com.sawcunhaos.organization.api.dto.CompanyContact	java.lang.invoke.TypeDescriptor	jdk	java.base
br.com.sawcunhaos.organization.api.dto.CompanyContact	java.lang.runtime.ObjectMethods	jdk	java.base
br.com.sawcunhaos.organization.api.dto.CompanyContact$CompanyContactBuilder	br.com.sawcunhaos.organization.api.dto.CompanyContact	interno	classes
br.com.sawcunhaos.organization.api.dto.CompanyContact$CompanyContactBuilder	com.fasterxml.jackson.annotation.JsonProperty	externo	jackson-annotations-2.22.jar
br.com.sawcunhaos.organization.api.dto.CompanyContact$CompanyContactBuilder	java.lang.Long	jdk	java.base
br.com.sawcunhaos.organization.api.dto.CompanyContact$CompanyContactBuilder	java.lang.Object	jdk	java.base
br.com.sawcunhaos.organization.api.dto.CompanyContact$CompanyContactBuilder	java.lang.String	jdk	java.base
br.com.sawcunhaos.organization.api.dto.CompanyContact$CompanyContactBuilder	java.lang.invoke.CallSite	jdk	java.base
br.com.sawcunhaos.organization.api.dto.CompanyContact$CompanyContactBuilder	java.lang.invoke.MethodHandles	jdk	java.base
br.com.sawcunhaos.organization.api.dto.CompanyContact$CompanyContactBuilder	java.lang.invoke.MethodHandles$Lookup	jdk	java.base
br.com.sawcunhaos.organization.api.dto.CompanyContact$CompanyContactBuilder	java.lang.invoke.MethodType	jdk	java.base
br.com.sawcunhaos.organization.api.dto.CompanyContact$CompanyContactBuilder	java.lang.invoke.StringConcatFactory	jdk	java.base
br.com.sawcunhaos.organization.api.dto.CompanyHierarchyNode	br.com.sawcunhaos.organization.api.dto.CompanyHierarchyNode$CompanyHierarchyNodeBuilder	interno	classes
br.com.sawcunhaos.organization.api.dto.CompanyHierarchyNode	br.com.sawcunhaos.organization.api.dto.StatusCompany	interno	classes
br.com.sawcunhaos.organization.api.dto.CompanyHierarchyNode	com.fasterxml.jackson.annotation.JsonProperty	externo	jackson-annotations-2.22.jar
br.com.sawcunhaos.organization.api.dto.CompanyHierarchyNode	jakarta.validation.Valid	externo	jakarta.validation-api-3.1.1.jar
br.com.sawcunhaos.organization.api.dto.CompanyHierarchyNode	java.io.Serializable	jdk	java.base
br.com.sawcunhaos.organization.api.dto.CompanyHierarchyNode	java.lang.Class	jdk	java.base
br.com.sawcunhaos.organization.api.dto.CompanyHierarchyNode	java.lang.Long	jdk	java.base
br.com.sawcunhaos.organization.api.dto.CompanyHierarchyNode	java.lang.Object	jdk	java.base
br.com.sawcunhaos.organization.api.dto.CompanyHierarchyNode	java.lang.Record	jdk	java.base
br.com.sawcunhaos.organization.api.dto.CompanyHierarchyNode	java.lang.String	jdk	java.base
br.com.sawcunhaos.organization.api.dto.CompanyHierarchyNode	java.lang.invoke.MethodHandle	jdk	java.base
br.com.sawcunhaos.organization.api.dto.CompanyHierarchyNode	java.lang.invoke.MethodHandles	jdk	java.base
br.com.sawcunhaos.organization.api.dto.CompanyHierarchyNode	java.lang.invoke.MethodHandles$Lookup	jdk	java.base
br.com.sawcunhaos.organization.api.dto.CompanyHierarchyNode	java.lang.invoke.TypeDescriptor	jdk	java.base
br.com.sawcunhaos.organization.api.dto.CompanyHierarchyNode	java.lang.runtime.ObjectMethods	jdk	java.base
br.com.sawcunhaos.organization.api.dto.CompanyHierarchyNode	java.util.List	jdk	java.base
br.com.sawcunhaos.organization.api.dto.CompanyHierarchyNode$CompanyHierarchyNodeBuilder	br.com.sawcunhaos.organization.api.dto.CompanyHierarchyNode	interno	classes
br.com.sawcunhaos.organization.api.dto.CompanyHierarchyNode$CompanyHierarchyNodeBuilder	br.com.sawcunhaos.organization.api.dto.StatusCompany	interno	classes
br.com.sawcunhaos.organization.api.dto.CompanyHierarchyNode$CompanyHierarchyNodeBuilder	com.fasterxml.jackson.annotation.JsonProperty	externo	jackson-annotations-2.22.jar
br.com.sawcunhaos.organization.api.dto.CompanyHierarchyNode$CompanyHierarchyNodeBuilder	java.lang.Long	jdk	java.base
br.com.sawcunhaos.organization.api.dto.CompanyHierarchyNode$CompanyHierarchyNodeBuilder	java.lang.Object	jdk	java.base
br.com.sawcunhaos.organization.api.dto.CompanyHierarchyNode$CompanyHierarchyNodeBuilder	java.lang.String	jdk	java.base
br.com.sawcunhaos.organization.api.dto.CompanyHierarchyNode$CompanyHierarchyNodeBuilder	java.lang.invoke.CallSite	jdk	java.base
br.com.sawcunhaos.organization.api.dto.CompanyHierarchyNode$CompanyHierarchyNodeBuilder	java.lang.invoke.MethodHandles	jdk	java.base
br.com.sawcunhaos.organization.api.dto.CompanyHierarchyNode$CompanyHierarchyNodeBuilder	java.lang.invoke.MethodHandles$Lookup	jdk	java.base
br.com.sawcunhaos.organization.api.dto.CompanyHierarchyNode$CompanyHierarchyNodeBuilder	java.lang.invoke.MethodType	jdk	java.base
br.com.sawcunhaos.organization.api.dto.CompanyHierarchyNode$CompanyHierarchyNodeBuilder	java.lang.invoke.StringConcatFactory	jdk	java.base
br.com.sawcunhaos.organization.api.dto.CompanyHierarchyNode$CompanyHierarchyNodeBuilder	java.util.List	jdk	java.base
br.com.sawcunhaos.organization.api.dto.CompanyStatusHistory	br.com.sawcunhaos.organization.api.dto.CompanyStatusHistory$CompanyStatusHistoryBuilder	interno	classes
br.com.sawcunhaos.organization.api.dto.CompanyStatusHistory	br.com.sawcunhaos.organization.api.dto.StatusCompany	interno	classes
br.com.sawcunhaos.organization.api.dto.CompanyStatusHistory	com.fasterxml.jackson.annotation.JsonProperty	externo	jackson-annotations-2.22.jar
br.com.sawcunhaos.organization.api.dto.CompanyStatusHistory	jakarta.validation.Valid	externo	jakarta.validation-api-3.1.1.jar
br.com.sawcunhaos.organization.api.dto.CompanyStatusHistory	java.io.Serializable	jdk	java.base
br.com.sawcunhaos.organization.api.dto.CompanyStatusHistory	java.lang.Class	jdk	java.base
br.com.sawcunhaos.organization.api.dto.CompanyStatusHistory	java.lang.Long	jdk	java.base
br.com.sawcunhaos.organization.api.dto.CompanyStatusHistory	java.lang.Object	jdk	java.base
br.com.sawcunhaos.organization.api.dto.CompanyStatusHistory	java.lang.Record	jdk	java.base
br.com.sawcunhaos.organization.api.dto.CompanyStatusHistory	java.lang.String	jdk	java.base
br.com.sawcunhaos.organization.api.dto.CompanyStatusHistory	java.lang.invoke.MethodHandle	jdk	java.base
br.com.sawcunhaos.organization.api.dto.CompanyStatusHistory	java.lang.invoke.MethodHandles	jdk	java.base
br.com.sawcunhaos.organization.api.dto.CompanyStatusHistory	java.lang.invoke.MethodHandles$Lookup	jdk	java.base
br.com.sawcunhaos.organization.api.dto.CompanyStatusHistory	java.lang.invoke.TypeDescriptor	jdk	java.base
br.com.sawcunhaos.organization.api.dto.CompanyStatusHistory	java.lang.runtime.ObjectMethods	jdk	java.base
br.com.sawcunhaos.organization.api.dto.CompanyStatusHistory	java.time.OffsetDateTime	jdk	java.base
br.com.sawcunhaos.organization.api.dto.CompanyStatusHistory	org.springframework.format.annotation.DateTimeFormat	externo	spring-context-7.0.9.jar
br.com.sawcunhaos.organization.api.dto.CompanyStatusHistory	org.springframework.format.annotation.DateTimeFormat$ISO	externo	spring-context-7.0.9.jar
br.com.sawcunhaos.organization.api.dto.CompanyStatusHistory	org.springframework.lang.Nullable	externo	spring-core-7.0.9.jar
br.com.sawcunhaos.organization.api.dto.CompanyStatusHistory$CompanyStatusHistoryBuilder	br.com.sawcunhaos.organization.api.dto.CompanyStatusHistory	interno	classes
br.com.sawcunhaos.organization.api.dto.CompanyStatusHistory$CompanyStatusHistoryBuilder	br.com.sawcunhaos.organization.api.dto.StatusCompany	interno	classes
br.com.sawcunhaos.organization.api.dto.CompanyStatusHistory$CompanyStatusHistoryBuilder	com.fasterxml.jackson.annotation.JsonProperty	externo	jackson-annotations-2.22.jar
br.com.sawcunhaos.organization.api.dto.CompanyStatusHistory$CompanyStatusHistoryBuilder	java.lang.Long	jdk	java.base
br.com.sawcunhaos.organization.api.dto.CompanyStatusHistory$CompanyStatusHistoryBuilder	java.lang.Object	jdk	java.base
br.com.sawcunhaos.organization.api.dto.CompanyStatusHistory$CompanyStatusHistoryBuilder	java.lang.String	jdk	java.base
br.com.sawcunhaos.organization.api.dto.CompanyStatusHistory$CompanyStatusHistoryBuilder	java.lang.invoke.CallSite	jdk	java.base
br.com.sawcunhaos.organization.api.dto.CompanyStatusHistory$CompanyStatusHistoryBuilder	java.lang.invoke.MethodHandles	jdk	java.base
br.com.sawcunhaos.organization.api.dto.CompanyStatusHistory$CompanyStatusHistoryBuilder	java.lang.invoke.MethodHandles$Lookup	jdk	java.base
br.com.sawcunhaos.organization.api.dto.CompanyStatusHistory$CompanyStatusHistoryBuilder	java.lang.invoke.MethodType	jdk	java.base
br.com.sawcunhaos.organization.api.dto.CompanyStatusHistory$CompanyStatusHistoryBuilder	java.lang.invoke.StringConcatFactory	jdk	java.base
br.com.sawcunhaos.organization.api.dto.CompanyStatusHistory$CompanyStatusHistoryBuilder	java.time.OffsetDateTime	jdk	java.base
br.com.sawcunhaos.organization.api.dto.CompanyStatusHistory$CompanyStatusHistoryBuilder	org.springframework.lang.Nullable	externo	spring-core-7.0.9.jar
br.com.sawcunhaos.organization.api.dto.CompanyStatusTransitionRequest	br.com.sawcunhaos.organization.api.dto.CompanyStatusTransitionRequest$CompanyStatusTransitionRequestBuilder	interno	classes
br.com.sawcunhaos.organization.api.dto.CompanyStatusTransitionRequest	com.fasterxml.jackson.annotation.JsonProperty	externo	jackson-annotations-2.22.jar
br.com.sawcunhaos.organization.api.dto.CompanyStatusTransitionRequest	jakarta.validation.constraints.NotNull	externo	jakarta.validation-api-3.1.1.jar
br.com.sawcunhaos.organization.api.dto.CompanyStatusTransitionRequest	java.io.Serializable	jdk	java.base
br.com.sawcunhaos.organization.api.dto.CompanyStatusTransitionRequest	java.lang.Class	jdk	java.base
br.com.sawcunhaos.organization.api.dto.CompanyStatusTransitionRequest	java.lang.Long	jdk	java.base
br.com.sawcunhaos.organization.api.dto.CompanyStatusTransitionRequest	java.lang.Object	jdk	java.base
br.com.sawcunhaos.organization.api.dto.CompanyStatusTransitionRequest	java.lang.Record	jdk	java.base
br.com.sawcunhaos.organization.api.dto.CompanyStatusTransitionRequest	java.lang.String	jdk	java.base
br.com.sawcunhaos.organization.api.dto.CompanyStatusTransitionRequest	java.lang.invoke.MethodHandle	jdk	java.base
br.com.sawcunhaos.organization.api.dto.CompanyStatusTransitionRequest	java.lang.invoke.MethodHandles	jdk	java.base
br.com.sawcunhaos.organization.api.dto.CompanyStatusTransitionRequest	java.lang.invoke.MethodHandles$Lookup	jdk	java.base
br.com.sawcunhaos.organization.api.dto.CompanyStatusTransitionRequest	java.lang.invoke.TypeDescriptor	jdk	java.base
br.com.sawcunhaos.organization.api.dto.CompanyStatusTransitionRequest	java.lang.runtime.ObjectMethods	jdk	java.base
br.com.sawcunhaos.organization.api.dto.CompanyStatusTransitionRequest$CompanyStatusTransitionRequestBuilder	br.com.sawcunhaos.organization.api.dto.CompanyStatusTransitionRequest	interno	classes
br.com.sawcunhaos.organization.api.dto.CompanyStatusTransitionRequest$CompanyStatusTransitionRequestBuilder	com.fasterxml.jackson.annotation.JsonProperty	externo	jackson-annotations-2.22.jar
br.com.sawcunhaos.organization.api.dto.CompanyStatusTransitionRequest$CompanyStatusTransitionRequestBuilder	java.lang.Long	jdk	java.base
br.com.sawcunhaos.organization.api.dto.CompanyStatusTransitionRequest$CompanyStatusTransitionRequestBuilder	java.lang.Object	jdk	java.base
br.com.sawcunhaos.organization.api.dto.CompanyStatusTransitionRequest$CompanyStatusTransitionRequestBuilder	java.lang.String	jdk	java.base
br.com.sawcunhaos.organization.api.dto.CompanyStatusTransitionRequest$CompanyStatusTransitionRequestBuilder	java.lang.invoke.CallSite	jdk	java.base
br.com.sawcunhaos.organization.api.dto.CompanyStatusTransitionRequest$CompanyStatusTransitionRequestBuilder	java.lang.invoke.MethodHandles	jdk	java.base
br.com.sawcunhaos.organization.api.dto.CompanyStatusTransitionRequest$CompanyStatusTransitionRequestBuilder	java.lang.invoke.MethodHandles$Lookup	jdk	java.base
br.com.sawcunhaos.organization.api.dto.CompanyStatusTransitionRequest$CompanyStatusTransitionRequestBuilder	java.lang.invoke.MethodType	jdk	java.base
br.com.sawcunhaos.organization.api.dto.CompanyStatusTransitionRequest$CompanyStatusTransitionRequestBuilder	java.lang.invoke.StringConcatFactory	jdk	java.base
br.com.sawcunhaos.organization.api.dto.ConfigurationType	com.fasterxml.jackson.annotation.JsonCreator	externo	jackson-annotations-2.22.jar
br.com.sawcunhaos.organization.api.dto.ConfigurationType	com.fasterxml.jackson.annotation.JsonValue	externo	jackson-annotations-2.22.jar
br.com.sawcunhaos.organization.api.dto.ConfigurationType	java.io.Serializable	jdk	java.base
br.com.sawcunhaos.organization.api.dto.ConfigurationType	java.lang.Class	jdk	java.base
br.com.sawcunhaos.organization.api.dto.ConfigurationType	java.lang.Enum	jdk	java.base
br.com.sawcunhaos.organization.api.dto.ConfigurationType	java.lang.IllegalArgumentException	jdk	java.base
br.com.sawcunhaos.organization.api.dto.ConfigurationType	java.lang.Object	jdk	java.base
br.com.sawcunhaos.organization.api.dto.ConfigurationType	java.lang.String	jdk	java.base
br.com.sawcunhaos.organization.api.dto.ConfigurationType	java.lang.System	jdk	java.base
br.com.sawcunhaos.organization.api.dto.ConfigurationType	java.lang.invoke.CallSite	jdk	java.base
br.com.sawcunhaos.organization.api.dto.ConfigurationType	java.lang.invoke.MethodHandles	jdk	java.base
br.com.sawcunhaos.organization.api.dto.ConfigurationType	java.lang.invoke.MethodHandles$Lookup	jdk	java.base
br.com.sawcunhaos.organization.api.dto.ConfigurationType	java.lang.invoke.MethodType	jdk	java.base
br.com.sawcunhaos.organization.api.dto.ConfigurationType	java.lang.invoke.StringConcatFactory	jdk	java.base
br.com.sawcunhaos.organization.api.dto.ContactType	br.com.sawcunhaos.organization.api.dto.CatalogEntityType	interno	classes
br.com.sawcunhaos.organization.api.dto.ContactType	br.com.sawcunhaos.organization.api.dto.ContactType$ContactTypeBuilder	interno	classes
br.com.sawcunhaos.organization.api.dto.ContactType	com.fasterxml.jackson.annotation.JsonProperty	externo	jackson-annotations-2.22.jar
br.com.sawcunhaos.organization.api.dto.ContactType	jakarta.validation.Valid	externo	jakarta.validation-api-3.1.1.jar
br.com.sawcunhaos.organization.api.dto.ContactType	java.io.Serializable	jdk	java.base
br.com.sawcunhaos.organization.api.dto.ContactType	java.lang.Boolean	jdk	java.base
br.com.sawcunhaos.organization.api.dto.ContactType	java.lang.Class	jdk	java.base
br.com.sawcunhaos.organization.api.dto.ContactType	java.lang.Long	jdk	java.base
br.com.sawcunhaos.organization.api.dto.ContactType	java.lang.Object	jdk	java.base
br.com.sawcunhaos.organization.api.dto.ContactType	java.lang.Record	jdk	java.base
br.com.sawcunhaos.organization.api.dto.ContactType	java.lang.String	jdk	java.base
br.com.sawcunhaos.organization.api.dto.ContactType	java.lang.invoke.MethodHandle	jdk	java.base
br.com.sawcunhaos.organization.api.dto.ContactType	java.lang.invoke.MethodHandles	jdk	java.base
br.com.sawcunhaos.organization.api.dto.ContactType	java.lang.invoke.MethodHandles$Lookup	jdk	java.base
br.com.sawcunhaos.organization.api.dto.ContactType	java.lang.invoke.TypeDescriptor	jdk	java.base
br.com.sawcunhaos.organization.api.dto.ContactType	java.lang.runtime.ObjectMethods	jdk	java.base
br.com.sawcunhaos.organization.api.dto.ContactType$ContactTypeBuilder	br.com.sawcunhaos.organization.api.dto.CatalogEntityType	interno	classes
br.com.sawcunhaos.organization.api.dto.ContactType$ContactTypeBuilder	br.com.sawcunhaos.organization.api.dto.ContactType	interno	classes
br.com.sawcunhaos.organization.api.dto.ContactType$ContactTypeBuilder	com.fasterxml.jackson.annotation.JsonProperty	externo	jackson-annotations-2.22.jar
br.com.sawcunhaos.organization.api.dto.ContactType$ContactTypeBuilder	java.lang.Boolean	jdk	java.base
br.com.sawcunhaos.organization.api.dto.ContactType$ContactTypeBuilder	java.lang.Long	jdk	java.base
br.com.sawcunhaos.organization.api.dto.ContactType$ContactTypeBuilder	java.lang.Object	jdk	java.base
br.com.sawcunhaos.organization.api.dto.ContactType$ContactTypeBuilder	java.lang.String	jdk	java.base
br.com.sawcunhaos.organization.api.dto.ContactType$ContactTypeBuilder	java.lang.invoke.CallSite	jdk	java.base
br.com.sawcunhaos.organization.api.dto.ContactType$ContactTypeBuilder	java.lang.invoke.MethodHandles	jdk	java.base
br.com.sawcunhaos.organization.api.dto.ContactType$ContactTypeBuilder	java.lang.invoke.MethodHandles$Lookup	jdk	java.base
br.com.sawcunhaos.organization.api.dto.ContactType$ContactTypeBuilder	java.lang.invoke.MethodType	jdk	java.base
br.com.sawcunhaos.organization.api.dto.ContactType$ContactTypeBuilder	java.lang.invoke.StringConcatFactory	jdk	java.base
br.com.sawcunhaos.organization.api.dto.Create	br.com.sawcunhaos.organization.api.dto.Create$CreateBuilder	interno	classes
br.com.sawcunhaos.organization.api.dto.Create	com.fasterxml.jackson.annotation.JsonProperty	externo	jackson-annotations-2.22.jar
br.com.sawcunhaos.organization.api.dto.Create	java.io.Serializable	jdk	java.base
br.com.sawcunhaos.organization.api.dto.Create	java.lang.Class	jdk	java.base
br.com.sawcunhaos.organization.api.dto.Create	java.lang.Long	jdk	java.base
br.com.sawcunhaos.organization.api.dto.Create	java.lang.Object	jdk	java.base
br.com.sawcunhaos.organization.api.dto.Create	java.lang.Record	jdk	java.base
br.com.sawcunhaos.organization.api.dto.Create	java.lang.String	jdk	java.base
br.com.sawcunhaos.organization.api.dto.Create	java.lang.invoke.MethodHandle	jdk	java.base
br.com.sawcunhaos.organization.api.dto.Create	java.lang.invoke.MethodHandles	jdk	java.base
br.com.sawcunhaos.organization.api.dto.Create	java.lang.invoke.MethodHandles$Lookup	jdk	java.base
br.com.sawcunhaos.organization.api.dto.Create	java.lang.invoke.TypeDescriptor	jdk	java.base
br.com.sawcunhaos.organization.api.dto.Create	java.lang.runtime.ObjectMethods	jdk	java.base
br.com.sawcunhaos.organization.api.dto.Create$CreateBuilder	br.com.sawcunhaos.organization.api.dto.Create	interno	classes
br.com.sawcunhaos.organization.api.dto.Create$CreateBuilder	com.fasterxml.jackson.annotation.JsonProperty	externo	jackson-annotations-2.22.jar
br.com.sawcunhaos.organization.api.dto.Create$CreateBuilder	java.lang.Long	jdk	java.base
br.com.sawcunhaos.organization.api.dto.Create$CreateBuilder	java.lang.Object	jdk	java.base
br.com.sawcunhaos.organization.api.dto.Create$CreateBuilder	java.lang.String	jdk	java.base
br.com.sawcunhaos.organization.api.dto.Create$CreateBuilder	java.lang.invoke.CallSite	jdk	java.base
br.com.sawcunhaos.organization.api.dto.Create$CreateBuilder	java.lang.invoke.MethodHandles	jdk	java.base
br.com.sawcunhaos.organization.api.dto.Create$CreateBuilder	java.lang.invoke.MethodHandles$Lookup	jdk	java.base
br.com.sawcunhaos.organization.api.dto.Create$CreateBuilder	java.lang.invoke.MethodType	jdk	java.base
br.com.sawcunhaos.organization.api.dto.Create$CreateBuilder	java.lang.invoke.StringConcatFactory	jdk	java.base
br.com.sawcunhaos.organization.api.dto.CreateAddressTypeRequest	br.com.sawcunhaos.organization.api.dto.CatalogEntityType	interno	classes
br.com.sawcunhaos.organization.api.dto.CreateAddressTypeRequest	br.com.sawcunhaos.organization.api.dto.CreateAddressTypeRequest$CreateAddressTypeRequestBuilder	interno	classes
br.com.sawcunhaos.organization.api.dto.CreateAddressTypeRequest	com.fasterxml.jackson.annotation.JsonProperty	externo	jackson-annotations-2.22.jar
br.com.sawcunhaos.organization.api.dto.CreateAddressTypeRequest	jakarta.validation.Valid	externo	jakarta.validation-api-3.1.1.jar
br.com.sawcunhaos.organization.api.dto.CreateAddressTypeRequest	jakarta.validation.constraints.NotEmpty	externo	jakarta.validation-api-3.1.1.jar
br.com.sawcunhaos.organization.api.dto.CreateAddressTypeRequest	jakarta.validation.constraints.NotNull	externo	jakarta.validation-api-3.1.1.jar
br.com.sawcunhaos.organization.api.dto.CreateAddressTypeRequest	java.io.Serializable	jdk	java.base
br.com.sawcunhaos.organization.api.dto.CreateAddressTypeRequest	java.lang.Class	jdk	java.base
br.com.sawcunhaos.organization.api.dto.CreateAddressTypeRequest	java.lang.Object	jdk	java.base
br.com.sawcunhaos.organization.api.dto.CreateAddressTypeRequest	java.lang.Record	jdk	java.base
br.com.sawcunhaos.organization.api.dto.CreateAddressTypeRequest	java.lang.String	jdk	java.base
br.com.sawcunhaos.organization.api.dto.CreateAddressTypeRequest	java.lang.invoke.MethodHandle	jdk	java.base
br.com.sawcunhaos.organization.api.dto.CreateAddressTypeRequest	java.lang.invoke.MethodHandles	jdk	java.base
br.com.sawcunhaos.organization.api.dto.CreateAddressTypeRequest	java.lang.invoke.MethodHandles$Lookup	jdk	java.base
br.com.sawcunhaos.organization.api.dto.CreateAddressTypeRequest	java.lang.invoke.TypeDescriptor	jdk	java.base
br.com.sawcunhaos.organization.api.dto.CreateAddressTypeRequest	java.lang.runtime.ObjectMethods	jdk	java.base
br.com.sawcunhaos.organization.api.dto.CreateAddressTypeRequest$CreateAddressTypeRequestBuilder	br.com.sawcunhaos.organization.api.dto.CatalogEntityType	interno	classes
br.com.sawcunhaos.organization.api.dto.CreateAddressTypeRequest$CreateAddressTypeRequestBuilder	br.com.sawcunhaos.organization.api.dto.CreateAddressTypeRequest	interno	classes
br.com.sawcunhaos.organization.api.dto.CreateAddressTypeRequest$CreateAddressTypeRequestBuilder	com.fasterxml.jackson.annotation.JsonProperty	externo	jackson-annotations-2.22.jar
br.com.sawcunhaos.organization.api.dto.CreateAddressTypeRequest$CreateAddressTypeRequestBuilder	java.lang.Object	jdk	java.base
br.com.sawcunhaos.organization.api.dto.CreateAddressTypeRequest$CreateAddressTypeRequestBuilder	java.lang.String	jdk	java.base
br.com.sawcunhaos.organization.api.dto.CreateAddressTypeRequest$CreateAddressTypeRequestBuilder	java.lang.invoke.CallSite	jdk	java.base
br.com.sawcunhaos.organization.api.dto.CreateAddressTypeRequest$CreateAddressTypeRequestBuilder	java.lang.invoke.MethodHandles	jdk	java.base
br.com.sawcunhaos.organization.api.dto.CreateAddressTypeRequest$CreateAddressTypeRequestBuilder	java.lang.invoke.MethodHandles$Lookup	jdk	java.base
br.com.sawcunhaos.organization.api.dto.CreateAddressTypeRequest$CreateAddressTypeRequestBuilder	java.lang.invoke.MethodType	jdk	java.base
br.com.sawcunhaos.organization.api.dto.CreateAddressTypeRequest$CreateAddressTypeRequestBuilder	java.lang.invoke.StringConcatFactory	jdk	java.base
br.com.sawcunhaos.organization.api.dto.CreateCnaeRequest	br.com.sawcunhaos.organization.api.dto.CreateCnaeRequest$CreateCnaeRequestBuilder	interno	classes
br.com.sawcunhaos.organization.api.dto.CreateCnaeRequest	com.fasterxml.jackson.annotation.JsonProperty	externo	jackson-annotations-2.22.jar
br.com.sawcunhaos.organization.api.dto.CreateCnaeRequest	jakarta.validation.constraints.NotEmpty	externo	jakarta.validation-api-3.1.1.jar
br.com.sawcunhaos.organization.api.dto.CreateCnaeRequest	jakarta.validation.constraints.NotNull	externo	jakarta.validation-api-3.1.1.jar
br.com.sawcunhaos.organization.api.dto.CreateCnaeRequest	jakarta.validation.constraints.Size	externo	jakarta.validation-api-3.1.1.jar
br.com.sawcunhaos.organization.api.dto.CreateCnaeRequest	java.io.Serializable	jdk	java.base
br.com.sawcunhaos.organization.api.dto.CreateCnaeRequest	java.lang.Class	jdk	java.base
br.com.sawcunhaos.organization.api.dto.CreateCnaeRequest	java.lang.Object	jdk	java.base
br.com.sawcunhaos.organization.api.dto.CreateCnaeRequest	java.lang.Record	jdk	java.base
br.com.sawcunhaos.organization.api.dto.CreateCnaeRequest	java.lang.String	jdk	java.base
br.com.sawcunhaos.organization.api.dto.CreateCnaeRequest	java.lang.invoke.MethodHandle	jdk	java.base
br.com.sawcunhaos.organization.api.dto.CreateCnaeRequest	java.lang.invoke.MethodHandles	jdk	java.base
br.com.sawcunhaos.organization.api.dto.CreateCnaeRequest	java.lang.invoke.MethodHandles$Lookup	jdk	java.base
br.com.sawcunhaos.organization.api.dto.CreateCnaeRequest	java.lang.invoke.TypeDescriptor	jdk	java.base
br.com.sawcunhaos.organization.api.dto.CreateCnaeRequest	java.lang.runtime.ObjectMethods	jdk	java.base
br.com.sawcunhaos.organization.api.dto.CreateCnaeRequest$CreateCnaeRequestBuilder	br.com.sawcunhaos.organization.api.dto.CreateCnaeRequest	interno	classes
br.com.sawcunhaos.organization.api.dto.CreateCnaeRequest$CreateCnaeRequestBuilder	com.fasterxml.jackson.annotation.JsonProperty	externo	jackson-annotations-2.22.jar
br.com.sawcunhaos.organization.api.dto.CreateCnaeRequest$CreateCnaeRequestBuilder	java.lang.Object	jdk	java.base
br.com.sawcunhaos.organization.api.dto.CreateCnaeRequest$CreateCnaeRequestBuilder	java.lang.String	jdk	java.base
br.com.sawcunhaos.organization.api.dto.CreateCnaeRequest$CreateCnaeRequestBuilder	java.lang.invoke.CallSite	jdk	java.base
br.com.sawcunhaos.organization.api.dto.CreateCnaeRequest$CreateCnaeRequestBuilder	java.lang.invoke.MethodHandles	jdk	java.base
br.com.sawcunhaos.organization.api.dto.CreateCnaeRequest$CreateCnaeRequestBuilder	java.lang.invoke.MethodHandles$Lookup	jdk	java.base
br.com.sawcunhaos.organization.api.dto.CreateCnaeRequest$CreateCnaeRequestBuilder	java.lang.invoke.MethodType	jdk	java.base
br.com.sawcunhaos.organization.api.dto.CreateCnaeRequest$CreateCnaeRequestBuilder	java.lang.invoke.StringConcatFactory	jdk	java.base
br.com.sawcunhaos.organization.api.dto.CreateCompanyAddressRequest	br.com.sawcunhaos.organization.api.dto.CreateCompanyAddressRequest$CreateCompanyAddressRequestBuilder	interno	classes
br.com.sawcunhaos.organization.api.dto.CreateCompanyAddressRequest	com.fasterxml.jackson.annotation.JsonProperty	externo	jackson-annotations-2.22.jar
br.com.sawcunhaos.organization.api.dto.CreateCompanyAddressRequest	jakarta.validation.Valid	externo	jakarta.validation-api-3.1.1.jar
br.com.sawcunhaos.organization.api.dto.CreateCompanyAddressRequest	jakarta.validation.constraints.NotNull	externo	jakarta.validation-api-3.1.1.jar
br.com.sawcunhaos.organization.api.dto.CreateCompanyAddressRequest	jakarta.validation.constraints.Size	externo	jakarta.validation-api-3.1.1.jar
br.com.sawcunhaos.organization.api.dto.CreateCompanyAddressRequest	java.io.Serializable	jdk	java.base
br.com.sawcunhaos.organization.api.dto.CreateCompanyAddressRequest	java.lang.Class	jdk	java.base
br.com.sawcunhaos.organization.api.dto.CreateCompanyAddressRequest	java.lang.Long	jdk	java.base
br.com.sawcunhaos.organization.api.dto.CreateCompanyAddressRequest	java.lang.Object	jdk	java.base
br.com.sawcunhaos.organization.api.dto.CreateCompanyAddressRequest	java.lang.Record	jdk	java.base
br.com.sawcunhaos.organization.api.dto.CreateCompanyAddressRequest	java.lang.String	jdk	java.base
br.com.sawcunhaos.organization.api.dto.CreateCompanyAddressRequest	java.lang.invoke.MethodHandle	jdk	java.base
br.com.sawcunhaos.organization.api.dto.CreateCompanyAddressRequest	java.lang.invoke.MethodHandles	jdk	java.base
br.com.sawcunhaos.organization.api.dto.CreateCompanyAddressRequest	java.lang.invoke.MethodHandles$Lookup	jdk	java.base
br.com.sawcunhaos.organization.api.dto.CreateCompanyAddressRequest	java.lang.invoke.TypeDescriptor	jdk	java.base
br.com.sawcunhaos.organization.api.dto.CreateCompanyAddressRequest	java.lang.runtime.ObjectMethods	jdk	java.base
br.com.sawcunhaos.organization.api.dto.CreateCompanyAddressRequest	java.math.BigDecimal	jdk	java.base
br.com.sawcunhaos.organization.api.dto.CreateCompanyAddressRequest$CreateCompanyAddressRequestBuilder	br.com.sawcunhaos.organization.api.dto.CreateCompanyAddressRequest	interno	classes
br.com.sawcunhaos.organization.api.dto.CreateCompanyAddressRequest$CreateCompanyAddressRequestBuilder	com.fasterxml.jackson.annotation.JsonProperty	externo	jackson-annotations-2.22.jar
br.com.sawcunhaos.organization.api.dto.CreateCompanyAddressRequest$CreateCompanyAddressRequestBuilder	java.lang.Long	jdk	java.base
br.com.sawcunhaos.organization.api.dto.CreateCompanyAddressRequest$CreateCompanyAddressRequestBuilder	java.lang.Object	jdk	java.base
br.com.sawcunhaos.organization.api.dto.CreateCompanyAddressRequest$CreateCompanyAddressRequestBuilder	java.lang.String	jdk	java.base
br.com.sawcunhaos.organization.api.dto.CreateCompanyAddressRequest$CreateCompanyAddressRequestBuilder	java.lang.invoke.CallSite	jdk	java.base
br.com.sawcunhaos.organization.api.dto.CreateCompanyAddressRequest$CreateCompanyAddressRequestBuilder	java.lang.invoke.MethodHandles	jdk	java.base
br.com.sawcunhaos.organization.api.dto.CreateCompanyAddressRequest$CreateCompanyAddressRequestBuilder	java.lang.invoke.MethodHandles$Lookup	jdk	java.base
br.com.sawcunhaos.organization.api.dto.CreateCompanyAddressRequest$CreateCompanyAddressRequestBuilder	java.lang.invoke.MethodType	jdk	java.base
br.com.sawcunhaos.organization.api.dto.CreateCompanyAddressRequest$CreateCompanyAddressRequestBuilder	java.lang.invoke.StringConcatFactory	jdk	java.base
br.com.sawcunhaos.organization.api.dto.CreateCompanyAddressRequest$CreateCompanyAddressRequestBuilder	java.math.BigDecimal	jdk	java.base
br.com.sawcunhaos.organization.api.dto.CreateCompanyContactRequest	br.com.sawcunhaos.organization.api.dto.CreateCompanyContactRequest$CreateCompanyContactRequestBuilder	interno	classes
br.com.sawcunhaos.organization.api.dto.CreateCompanyContactRequest	com.fasterxml.jackson.annotation.JsonProperty	externo	jackson-annotations-2.22.jar
br.com.sawcunhaos.organization.api.dto.CreateCompanyContactRequest	jakarta.validation.constraints.NotEmpty	externo	jakarta.validation-api-3.1.1.jar
br.com.sawcunhaos.organization.api.dto.CreateCompanyContactRequest	jakarta.validation.constraints.NotNull	externo	jakarta.validation-api-3.1.1.jar
br.com.sawcunhaos.organization.api.dto.CreateCompanyContactRequest	jakarta.validation.constraints.Pattern	externo	jakarta.validation-api-3.1.1.jar
br.com.sawcunhaos.organization.api.dto.CreateCompanyContactRequest	jakarta.validation.constraints.Size	externo	jakarta.validation-api-3.1.1.jar
br.com.sawcunhaos.organization.api.dto.CreateCompanyContactRequest	java.io.Serializable	jdk	java.base
br.com.sawcunhaos.organization.api.dto.CreateCompanyContactRequest	java.lang.Class	jdk	java.base
br.com.sawcunhaos.organization.api.dto.CreateCompanyContactRequest	java.lang.Long	jdk	java.base
br.com.sawcunhaos.organization.api.dto.CreateCompanyContactRequest	java.lang.Object	jdk	java.base
br.com.sawcunhaos.organization.api.dto.CreateCompanyContactRequest	java.lang.Record	jdk	java.base
br.com.sawcunhaos.organization.api.dto.CreateCompanyContactRequest	java.lang.String	jdk	java.base
br.com.sawcunhaos.organization.api.dto.CreateCompanyContactRequest	java.lang.invoke.MethodHandle	jdk	java.base
br.com.sawcunhaos.organization.api.dto.CreateCompanyContactRequest	java.lang.invoke.MethodHandles	jdk	java.base
br.com.sawcunhaos.organization.api.dto.CreateCompanyContactRequest	java.lang.invoke.MethodHandles$Lookup	jdk	java.base
br.com.sawcunhaos.organization.api.dto.CreateCompanyContactRequest	java.lang.invoke.TypeDescriptor	jdk	java.base
br.com.sawcunhaos.organization.api.dto.CreateCompanyContactRequest	java.lang.runtime.ObjectMethods	jdk	java.base
br.com.sawcunhaos.organization.api.dto.CreateCompanyContactRequest$CreateCompanyContactRequestBuilder	br.com.sawcunhaos.organization.api.dto.CreateCompanyContactRequest	interno	classes
br.com.sawcunhaos.organization.api.dto.CreateCompanyContactRequest$CreateCompanyContactRequestBuilder	com.fasterxml.jackson.annotation.JsonProperty	externo	jackson-annotations-2.22.jar
br.com.sawcunhaos.organization.api.dto.CreateCompanyContactRequest$CreateCompanyContactRequestBuilder	java.lang.Long	jdk	java.base
br.com.sawcunhaos.organization.api.dto.CreateCompanyContactRequest$CreateCompanyContactRequestBuilder	java.lang.Object	jdk	java.base
br.com.sawcunhaos.organization.api.dto.CreateCompanyContactRequest$CreateCompanyContactRequestBuilder	java.lang.String	jdk	java.base
br.com.sawcunhaos.organization.api.dto.CreateCompanyContactRequest$CreateCompanyContactRequestBuilder	java.lang.invoke.CallSite	jdk	java.base
br.com.sawcunhaos.organization.api.dto.CreateCompanyContactRequest$CreateCompanyContactRequestBuilder	java.lang.invoke.MethodHandles	jdk	java.base
br.com.sawcunhaos.organization.api.dto.CreateCompanyContactRequest$CreateCompanyContactRequestBuilder	java.lang.invoke.MethodHandles$Lookup	jdk	java.base
br.com.sawcunhaos.organization.api.dto.CreateCompanyContactRequest$CreateCompanyContactRequestBuilder	java.lang.invoke.MethodType	jdk	java.base
br.com.sawcunhaos.organization.api.dto.CreateCompanyContactRequest$CreateCompanyContactRequestBuilder	java.lang.invoke.StringConcatFactory	jdk	java.base
br.com.sawcunhaos.organization.api.dto.CreateCompanyRequest	br.com.sawcunhaos.foundation.validation.api.CNPJ	externo	scos-foundation-validation-api-1.2.0-SNAPSHOT.jar
br.com.sawcunhaos.organization.api.dto.CreateCompanyRequest	br.com.sawcunhaos.organization.api.dto.CreateCompanyRequest$CreateCompanyRequestBuilder	interno	classes
br.com.sawcunhaos.organization.api.dto.CreateCompanyRequest	com.fasterxml.jackson.annotation.JsonProperty	externo	jackson-annotations-2.22.jar
br.com.sawcunhaos.organization.api.dto.CreateCompanyRequest	jakarta.validation.Valid	externo	jakarta.validation-api-3.1.1.jar
br.com.sawcunhaos.organization.api.dto.CreateCompanyRequest	jakarta.validation.constraints.NotEmpty	externo	jakarta.validation-api-3.1.1.jar
br.com.sawcunhaos.organization.api.dto.CreateCompanyRequest	jakarta.validation.constraints.NotNull	externo	jakarta.validation-api-3.1.1.jar
br.com.sawcunhaos.organization.api.dto.CreateCompanyRequest	jakarta.validation.constraints.Pattern	externo	jakarta.validation-api-3.1.1.jar
br.com.sawcunhaos.organization.api.dto.CreateCompanyRequest	jakarta.validation.constraints.Size	externo	jakarta.validation-api-3.1.1.jar
br.com.sawcunhaos.organization.api.dto.CreateCompanyRequest	java.io.Serializable	jdk	java.base
br.com.sawcunhaos.organization.api.dto.CreateCompanyRequest	java.lang.Class	jdk	java.base
br.com.sawcunhaos.organization.api.dto.CreateCompanyRequest	java.lang.Long	jdk	java.base
br.com.sawcunhaos.organization.api.dto.CreateCompanyRequest	java.lang.Object	jdk	java.base
br.com.sawcunhaos.organization.api.dto.CreateCompanyRequest	java.lang.Record	jdk	java.base
br.com.sawcunhaos.organization.api.dto.CreateCompanyRequest	java.lang.String	jdk	java.base
br.com.sawcunhaos.organization.api.dto.CreateCompanyRequest	java.lang.invoke.MethodHandle	jdk	java.base
br.com.sawcunhaos.organization.api.dto.CreateCompanyRequest	java.lang.invoke.MethodHandles	jdk	java.base
br.com.sawcunhaos.organization.api.dto.CreateCompanyRequest	java.lang.invoke.MethodHandles$Lookup	jdk	java.base
br.com.sawcunhaos.organization.api.dto.CreateCompanyRequest	java.lang.invoke.TypeDescriptor	jdk	java.base
br.com.sawcunhaos.organization.api.dto.CreateCompanyRequest	java.lang.runtime.ObjectMethods	jdk	java.base
br.com.sawcunhaos.organization.api.dto.CreateCompanyRequest	java.time.LocalDate	jdk	java.base
br.com.sawcunhaos.organization.api.dto.CreateCompanyRequest	org.springframework.format.annotation.DateTimeFormat	externo	spring-context-7.0.9.jar
br.com.sawcunhaos.organization.api.dto.CreateCompanyRequest	org.springframework.lang.Nullable	externo	spring-core-7.0.9.jar
br.com.sawcunhaos.organization.api.dto.CreateCompanyRequest$CreateCompanyRequestBuilder	br.com.sawcunhaos.organization.api.dto.CreateCompanyRequest	interno	classes
br.com.sawcunhaos.organization.api.dto.CreateCompanyRequest$CreateCompanyRequestBuilder	com.fasterxml.jackson.annotation.JsonProperty	externo	jackson-annotations-2.22.jar
br.com.sawcunhaos.organization.api.dto.CreateCompanyRequest$CreateCompanyRequestBuilder	java.lang.Long	jdk	java.base
br.com.sawcunhaos.organization.api.dto.CreateCompanyRequest$CreateCompanyRequestBuilder	java.lang.Object	jdk	java.base
br.com.sawcunhaos.organization.api.dto.CreateCompanyRequest$CreateCompanyRequestBuilder	java.lang.String	jdk	java.base
br.com.sawcunhaos.organization.api.dto.CreateCompanyRequest$CreateCompanyRequestBuilder	java.lang.invoke.CallSite	jdk	java.base
br.com.sawcunhaos.organization.api.dto.CreateCompanyRequest$CreateCompanyRequestBuilder	java.lang.invoke.MethodHandles	jdk	java.base
br.com.sawcunhaos.organization.api.dto.CreateCompanyRequest$CreateCompanyRequestBuilder	java.lang.invoke.MethodHandles$Lookup	jdk	java.base
br.com.sawcunhaos.organization.api.dto.CreateCompanyRequest$CreateCompanyRequestBuilder	java.lang.invoke.MethodType	jdk	java.base
br.com.sawcunhaos.organization.api.dto.CreateCompanyRequest$CreateCompanyRequestBuilder	java.lang.invoke.StringConcatFactory	jdk	java.base
br.com.sawcunhaos.organization.api.dto.CreateCompanyRequest$CreateCompanyRequestBuilder	java.time.LocalDate	jdk	java.base
br.com.sawcunhaos.organization.api.dto.CreateCompanyRequest$CreateCompanyRequestBuilder	org.springframework.lang.Nullable	externo	spring-core-7.0.9.jar
br.com.sawcunhaos.organization.api.dto.CreateContactTypeRequest	br.com.sawcunhaos.organization.api.dto.CatalogEntityType	interno	classes
br.com.sawcunhaos.organization.api.dto.CreateContactTypeRequest	br.com.sawcunhaos.organization.api.dto.CreateContactTypeRequest$CreateContactTypeRequestBuilder	interno	classes
br.com.sawcunhaos.organization.api.dto.CreateContactTypeRequest	com.fasterxml.jackson.annotation.JsonProperty	externo	jackson-annotations-2.22.jar
br.com.sawcunhaos.organization.api.dto.CreateContactTypeRequest	jakarta.validation.Valid	externo	jakarta.validation-api-3.1.1.jar
br.com.sawcunhaos.organization.api.dto.CreateContactTypeRequest	jakarta.validation.constraints.NotEmpty	externo	jakarta.validation-api-3.1.1.jar
br.com.sawcunhaos.organization.api.dto.CreateContactTypeRequest	jakarta.validation.constraints.NotNull	externo	jakarta.validation-api-3.1.1.jar
br.com.sawcunhaos.organization.api.dto.CreateContactTypeRequest	java.io.Serializable	jdk	java.base
br.com.sawcunhaos.organization.api.dto.CreateContactTypeRequest	java.lang.Class	jdk	java.base
br.com.sawcunhaos.organization.api.dto.CreateContactTypeRequest	java.lang.Object	jdk	java.base
br.com.sawcunhaos.organization.api.dto.CreateContactTypeRequest	java.lang.Record	jdk	java.base
br.com.sawcunhaos.organization.api.dto.CreateContactTypeRequest	java.lang.String	jdk	java.base
br.com.sawcunhaos.organization.api.dto.CreateContactTypeRequest	java.lang.invoke.MethodHandle	jdk	java.base
br.com.sawcunhaos.organization.api.dto.CreateContactTypeRequest	java.lang.invoke.MethodHandles	jdk	java.base
br.com.sawcunhaos.organization.api.dto.CreateContactTypeRequest	java.lang.invoke.MethodHandles$Lookup	jdk	java.base
br.com.sawcunhaos.organization.api.dto.CreateContactTypeRequest	java.lang.invoke.TypeDescriptor	jdk	java.base
br.com.sawcunhaos.organization.api.dto.CreateContactTypeRequest	java.lang.runtime.ObjectMethods	jdk	java.base
br.com.sawcunhaos.organization.api.dto.CreateContactTypeRequest$CreateContactTypeRequestBuilder	br.com.sawcunhaos.organization.api.dto.CatalogEntityType	interno	classes
br.com.sawcunhaos.organization.api.dto.CreateContactTypeRequest$CreateContactTypeRequestBuilder	br.com.sawcunhaos.organization.api.dto.CreateContactTypeRequest	interno	classes
br.com.sawcunhaos.organization.api.dto.CreateContactTypeRequest$CreateContactTypeRequestBuilder	com.fasterxml.jackson.annotation.JsonProperty	externo	jackson-annotations-2.22.jar
br.com.sawcunhaos.organization.api.dto.CreateContactTypeRequest$CreateContactTypeRequestBuilder	java.lang.Object	jdk	java.base
br.com.sawcunhaos.organization.api.dto.CreateContactTypeRequest$CreateContactTypeRequestBuilder	java.lang.String	jdk	java.base
br.com.sawcunhaos.organization.api.dto.CreateContactTypeRequest$CreateContactTypeRequestBuilder	java.lang.invoke.CallSite	jdk	java.base
br.com.sawcunhaos.organization.api.dto.CreateContactTypeRequest$CreateContactTypeRequestBuilder	java.lang.invoke.MethodHandles	jdk	java.base
br.com.sawcunhaos.organization.api.dto.CreateContactTypeRequest$CreateContactTypeRequestBuilder	java.lang.invoke.MethodHandles$Lookup	jdk	java.base
br.com.sawcunhaos.organization.api.dto.CreateContactTypeRequest$CreateContactTypeRequestBuilder	java.lang.invoke.MethodType	jdk	java.base
br.com.sawcunhaos.organization.api.dto.CreateContactTypeRequest$CreateContactTypeRequestBuilder	java.lang.invoke.StringConcatFactory	jdk	java.base
br.com.sawcunhaos.organization.api.dto.CreateDepartmentRequest	br.com.sawcunhaos.organization.api.dto.CreateDepartmentRequest$CreateDepartmentRequestBuilder	interno	classes
br.com.sawcunhaos.organization.api.dto.CreateDepartmentRequest	com.fasterxml.jackson.annotation.JsonProperty	externo	jackson-annotations-2.22.jar
br.com.sawcunhaos.organization.api.dto.CreateDepartmentRequest	jakarta.validation.constraints.NotEmpty	externo	jakarta.validation-api-3.1.1.jar
br.com.sawcunhaos.organization.api.dto.CreateDepartmentRequest	jakarta.validation.constraints.NotNull	externo	jakarta.validation-api-3.1.1.jar
br.com.sawcunhaos.organization.api.dto.CreateDepartmentRequest	java.io.Serializable	jdk	java.base
br.com.sawcunhaos.organization.api.dto.CreateDepartmentRequest	java.lang.Class	jdk	java.base
br.com.sawcunhaos.organization.api.dto.CreateDepartmentRequest	java.lang.Object	jdk	java.base
br.com.sawcunhaos.organization.api.dto.CreateDepartmentRequest	java.lang.Record	jdk	java.base
br.com.sawcunhaos.organization.api.dto.CreateDepartmentRequest	java.lang.String	jdk	java.base
br.com.sawcunhaos.organization.api.dto.CreateDepartmentRequest	java.lang.invoke.MethodHandle	jdk	java.base
br.com.sawcunhaos.organization.api.dto.CreateDepartmentRequest	java.lang.invoke.MethodHandles	jdk	java.base
br.com.sawcunhaos.organization.api.dto.CreateDepartmentRequest	java.lang.invoke.MethodHandles$Lookup	jdk	java.base
br.com.sawcunhaos.organization.api.dto.CreateDepartmentRequest	java.lang.invoke.TypeDescriptor	jdk	java.base
br.com.sawcunhaos.organization.api.dto.CreateDepartmentRequest	java.lang.runtime.ObjectMethods	jdk	java.base
br.com.sawcunhaos.organization.api.dto.CreateDepartmentRequest$CreateDepartmentRequestBuilder	br.com.sawcunhaos.organization.api.dto.CreateDepartmentRequest	interno	classes
br.com.sawcunhaos.organization.api.dto.CreateDepartmentRequest$CreateDepartmentRequestBuilder	com.fasterxml.jackson.annotation.JsonProperty	externo	jackson-annotations-2.22.jar
br.com.sawcunhaos.organization.api.dto.CreateDepartmentRequest$CreateDepartmentRequestBuilder	java.lang.Object	jdk	java.base
br.com.sawcunhaos.organization.api.dto.CreateDepartmentRequest$CreateDepartmentRequestBuilder	java.lang.String	jdk	java.base
br.com.sawcunhaos.organization.api.dto.CreateDepartmentRequest$CreateDepartmentRequestBuilder	java.lang.invoke.CallSite	jdk	java.base
br.com.sawcunhaos.organization.api.dto.CreateDepartmentRequest$CreateDepartmentRequestBuilder	java.lang.invoke.MethodHandles	jdk	java.base
br.com.sawcunhaos.organization.api.dto.CreateDepartmentRequest$CreateDepartmentRequestBuilder	java.lang.invoke.MethodHandles$Lookup	jdk	java.base
br.com.sawcunhaos.organization.api.dto.CreateDepartmentRequest$CreateDepartmentRequestBuilder	java.lang.invoke.MethodType	jdk	java.base
br.com.sawcunhaos.organization.api.dto.CreateDepartmentRequest$CreateDepartmentRequestBuilder	java.lang.invoke.StringConcatFactory	jdk	java.base
br.com.sawcunhaos.organization.api.dto.CreateEmployeeAddressRequest	br.com.sawcunhaos.organization.api.dto.CreateEmployeeAddressRequest$CreateEmployeeAddressRequestBuilder	interno	classes
br.com.sawcunhaos.organization.api.dto.CreateEmployeeAddressRequest	com.fasterxml.jackson.annotation.JsonProperty	externo	jackson-annotations-2.22.jar
br.com.sawcunhaos.organization.api.dto.CreateEmployeeAddressRequest	jakarta.validation.constraints.NotNull	externo	jakarta.validation-api-3.1.1.jar
br.com.sawcunhaos.organization.api.dto.CreateEmployeeAddressRequest	java.io.Serializable	jdk	java.base
br.com.sawcunhaos.organization.api.dto.CreateEmployeeAddressRequest	java.lang.Class	jdk	java.base
br.com.sawcunhaos.organization.api.dto.CreateEmployeeAddressRequest	java.lang.Long	jdk	java.base
br.com.sawcunhaos.organization.api.dto.CreateEmployeeAddressRequest	java.lang.Object	jdk	java.base
br.com.sawcunhaos.organization.api.dto.CreateEmployeeAddressRequest	java.lang.Record	jdk	java.base
br.com.sawcunhaos.organization.api.dto.CreateEmployeeAddressRequest	java.lang.String	jdk	java.base
br.com.sawcunhaos.organization.api.dto.CreateEmployeeAddressRequest	java.lang.invoke.MethodHandle	jdk	java.base
br.com.sawcunhaos.organization.api.dto.CreateEmployeeAddressRequest	java.lang.invoke.MethodHandles	jdk	java.base
br.com.sawcunhaos.organization.api.dto.CreateEmployeeAddressRequest	java.lang.invoke.MethodHandles$Lookup	jdk	java.base
br.com.sawcunhaos.organization.api.dto.CreateEmployeeAddressRequest	java.lang.invoke.TypeDescriptor	jdk	java.base
br.com.sawcunhaos.organization.api.dto.CreateEmployeeAddressRequest	java.lang.runtime.ObjectMethods	jdk	java.base
br.com.sawcunhaos.organization.api.dto.CreateEmployeeAddressRequest$CreateEmployeeAddressRequestBuilder	br.com.sawcunhaos.organization.api.dto.CreateEmployeeAddressRequest	interno	classes
br.com.sawcunhaos.organization.api.dto.CreateEmployeeAddressRequest$CreateEmployeeAddressRequestBuilder	com.fasterxml.jackson.annotation.JsonProperty	externo	jackson-annotations-2.22.jar
br.com.sawcunhaos.organization.api.dto.CreateEmployeeAddressRequest$CreateEmployeeAddressRequestBuilder	java.lang.Long	jdk	java.base
br.com.sawcunhaos.organization.api.dto.CreateEmployeeAddressRequest$CreateEmployeeAddressRequestBuilder	java.lang.Object	jdk	java.base
br.com.sawcunhaos.organization.api.dto.CreateEmployeeAddressRequest$CreateEmployeeAddressRequestBuilder	java.lang.String	jdk	java.base
br.com.sawcunhaos.organization.api.dto.CreateEmployeeAddressRequest$CreateEmployeeAddressRequestBuilder	java.lang.invoke.CallSite	jdk	java.base
br.com.sawcunhaos.organization.api.dto.CreateEmployeeAddressRequest$CreateEmployeeAddressRequestBuilder	java.lang.invoke.MethodHandles	jdk	java.base
br.com.sawcunhaos.organization.api.dto.CreateEmployeeAddressRequest$CreateEmployeeAddressRequestBuilder	java.lang.invoke.MethodHandles$Lookup	jdk	java.base
br.com.sawcunhaos.organization.api.dto.CreateEmployeeAddressRequest$CreateEmployeeAddressRequestBuilder	java.lang.invoke.MethodType	jdk	java.base
br.com.sawcunhaos.organization.api.dto.CreateEmployeeAddressRequest$CreateEmployeeAddressRequestBuilder	java.lang.invoke.StringConcatFactory	jdk	java.base
br.com.sawcunhaos.organization.api.dto.CreateEmployeeContactRequest	br.com.sawcunhaos.organization.api.dto.CreateEmployeeContactRequest$CreateEmployeeContactRequestBuilder	interno	classes
br.com.sawcunhaos.organization.api.dto.CreateEmployeeContactRequest	com.fasterxml.jackson.annotation.JsonProperty	externo	jackson-annotations-2.22.jar
br.com.sawcunhaos.organization.api.dto.CreateEmployeeContactRequest	jakarta.validation.constraints.NotEmpty	externo	jakarta.validation-api-3.1.1.jar
br.com.sawcunhaos.organization.api.dto.CreateEmployeeContactRequest	jakarta.validation.constraints.NotNull	externo	jakarta.validation-api-3.1.1.jar
br.com.sawcunhaos.organization.api.dto.CreateEmployeeContactRequest	java.io.Serializable	jdk	java.base
br.com.sawcunhaos.organization.api.dto.CreateEmployeeContactRequest	java.lang.Class	jdk	java.base
br.com.sawcunhaos.organization.api.dto.CreateEmployeeContactRequest	java.lang.Long	jdk	java.base
br.com.sawcunhaos.organization.api.dto.CreateEmployeeContactRequest	java.lang.Object	jdk	java.base
br.com.sawcunhaos.organization.api.dto.CreateEmployeeContactRequest	java.lang.Record	jdk	java.base
br.com.sawcunhaos.organization.api.dto.CreateEmployeeContactRequest	java.lang.String	jdk	java.base
br.com.sawcunhaos.organization.api.dto.CreateEmployeeContactRequest	java.lang.invoke.MethodHandle	jdk	java.base
br.com.sawcunhaos.organization.api.dto.CreateEmployeeContactRequest	java.lang.invoke.MethodHandles	jdk	java.base
br.com.sawcunhaos.organization.api.dto.CreateEmployeeContactRequest	java.lang.invoke.MethodHandles$Lookup	jdk	java.base
br.com.sawcunhaos.organization.api.dto.CreateEmployeeContactRequest	java.lang.invoke.TypeDescriptor	jdk	java.base
br.com.sawcunhaos.organization.api.dto.CreateEmployeeContactRequest	java.lang.runtime.ObjectMethods	jdk	java.base
br.com.sawcunhaos.organization.api.dto.CreateEmployeeContactRequest$CreateEmployeeContactRequestBuilder	br.com.sawcunhaos.organization.api.dto.CreateEmployeeContactRequest	interno	classes
br.com.sawcunhaos.organization.api.dto.CreateEmployeeContactRequest$CreateEmployeeContactRequestBuilder	com.fasterxml.jackson.annotation.JsonProperty	externo	jackson-annotations-2.22.jar
br.com.sawcunhaos.organization.api.dto.CreateEmployeeContactRequest$CreateEmployeeContactRequestBuilder	java.lang.Long	jdk	java.base
br.com.sawcunhaos.organization.api.dto.CreateEmployeeContactRequest$CreateEmployeeContactRequestBuilder	java.lang.Object	jdk	java.base
br.com.sawcunhaos.organization.api.dto.CreateEmployeeContactRequest$CreateEmployeeContactRequestBuilder	java.lang.String	jdk	java.base
br.com.sawcunhaos.organization.api.dto.CreateEmployeeContactRequest$CreateEmployeeContactRequestBuilder	java.lang.invoke.CallSite	jdk	java.base
br.com.sawcunhaos.organization.api.dto.CreateEmployeeContactRequest$CreateEmployeeContactRequestBuilder	java.lang.invoke.MethodHandles	jdk	java.base
br.com.sawcunhaos.organization.api.dto.CreateEmployeeContactRequest$CreateEmployeeContactRequestBuilder	java.lang.invoke.MethodHandles$Lookup	jdk	java.base
br.com.sawcunhaos.organization.api.dto.CreateEmployeeContactRequest$CreateEmployeeContactRequestBuilder	java.lang.invoke.MethodType	jdk	java.base
br.com.sawcunhaos.organization.api.dto.CreateEmployeeContactRequest$CreateEmployeeContactRequestBuilder	java.lang.invoke.StringConcatFactory	jdk	java.base
br.com.sawcunhaos.organization.api.dto.CreateEmployeeLoginRequest	br.com.sawcunhaos.organization.api.dto.CreateEmployeeLoginRequest$CreateEmployeeLoginRequestBuilder	interno	classes
br.com.sawcunhaos.organization.api.dto.CreateEmployeeLoginRequest	com.fasterxml.jackson.annotation.JsonProperty	externo	jackson-annotations-2.22.jar
br.com.sawcunhaos.organization.api.dto.CreateEmployeeLoginRequest	jakarta.validation.constraints.NotEmpty	externo	jakarta.validation-api-3.1.1.jar
br.com.sawcunhaos.organization.api.dto.CreateEmployeeLoginRequest	jakarta.validation.constraints.NotNull	externo	jakarta.validation-api-3.1.1.jar
br.com.sawcunhaos.organization.api.dto.CreateEmployeeLoginRequest	java.io.Serializable	jdk	java.base
br.com.sawcunhaos.organization.api.dto.CreateEmployeeLoginRequest	java.lang.Class	jdk	java.base
br.com.sawcunhaos.organization.api.dto.CreateEmployeeLoginRequest	java.lang.Long	jdk	java.base
br.com.sawcunhaos.organization.api.dto.CreateEmployeeLoginRequest	java.lang.Object	jdk	java.base
br.com.sawcunhaos.organization.api.dto.CreateEmployeeLoginRequest	java.lang.Record	jdk	java.base
br.com.sawcunhaos.organization.api.dto.CreateEmployeeLoginRequest	java.lang.String	jdk	java.base
br.com.sawcunhaos.organization.api.dto.CreateEmployeeLoginRequest	java.lang.invoke.MethodHandle	jdk	java.base
br.com.sawcunhaos.organization.api.dto.CreateEmployeeLoginRequest	java.lang.invoke.MethodHandles	jdk	java.base
br.com.sawcunhaos.organization.api.dto.CreateEmployeeLoginRequest	java.lang.invoke.MethodHandles$Lookup	jdk	java.base
br.com.sawcunhaos.organization.api.dto.CreateEmployeeLoginRequest	java.lang.invoke.TypeDescriptor	jdk	java.base
br.com.sawcunhaos.organization.api.dto.CreateEmployeeLoginRequest	java.lang.runtime.ObjectMethods	jdk	java.base
br.com.sawcunhaos.organization.api.dto.CreateEmployeeLoginRequest$CreateEmployeeLoginRequestBuilder	br.com.sawcunhaos.organization.api.dto.CreateEmployeeLoginRequest	interno	classes
br.com.sawcunhaos.organization.api.dto.CreateEmployeeLoginRequest$CreateEmployeeLoginRequestBuilder	com.fasterxml.jackson.annotation.JsonProperty	externo	jackson-annotations-2.22.jar
br.com.sawcunhaos.organization.api.dto.CreateEmployeeLoginRequest$CreateEmployeeLoginRequestBuilder	java.lang.Long	jdk	java.base
br.com.sawcunhaos.organization.api.dto.CreateEmployeeLoginRequest$CreateEmployeeLoginRequestBuilder	java.lang.Object	jdk	java.base
br.com.sawcunhaos.organization.api.dto.CreateEmployeeLoginRequest$CreateEmployeeLoginRequestBuilder	java.lang.String	jdk	java.base
br.com.sawcunhaos.organization.api.dto.CreateEmployeeLoginRequest$CreateEmployeeLoginRequestBuilder	java.lang.invoke.CallSite	jdk	java.base
br.com.sawcunhaos.organization.api.dto.CreateEmployeeLoginRequest$CreateEmployeeLoginRequestBuilder	java.lang.invoke.MethodHandles	jdk	java.base
br.com.sawcunhaos.organization.api.dto.CreateEmployeeLoginRequest$CreateEmployeeLoginRequestBuilder	java.lang.invoke.MethodHandles$Lookup	jdk	java.base
br.com.sawcunhaos.organization.api.dto.CreateEmployeeLoginRequest$CreateEmployeeLoginRequestBuilder	java.lang.invoke.MethodType	jdk	java.base
br.com.sawcunhaos.organization.api.dto.CreateEmployeeLoginRequest$CreateEmployeeLoginRequestBuilder	java.lang.invoke.StringConcatFactory	jdk	java.base
br.com.sawcunhaos.organization.api.dto.CreateEmployeeRequest	br.com.sawcunhaos.foundation.validation.api.CPF	externo	scos-foundation-validation-api-1.2.0-SNAPSHOT.jar
br.com.sawcunhaos.organization.api.dto.CreateEmployeeRequest	br.com.sawcunhaos.organization.api.dto.CreateEmployeeRequest$CreateEmployeeRequestBuilder	interno	classes
br.com.sawcunhaos.organization.api.dto.CreateEmployeeRequest	br.com.sawcunhaos.organization.api.dto.EmployeeContractType	interno	classes
br.com.sawcunhaos.organization.api.dto.CreateEmployeeRequest	com.fasterxml.jackson.annotation.JsonProperty	externo	jackson-annotations-2.22.jar
br.com.sawcunhaos.organization.api.dto.CreateEmployeeRequest	jakarta.validation.Valid	externo	jakarta.validation-api-3.1.1.jar
br.com.sawcunhaos.organization.api.dto.CreateEmployeeRequest	jakarta.validation.constraints.NotEmpty	externo	jakarta.validation-api-3.1.1.jar
br.com.sawcunhaos.organization.api.dto.CreateEmployeeRequest	jakarta.validation.constraints.NotNull	externo	jakarta.validation-api-3.1.1.jar
br.com.sawcunhaos.organization.api.dto.CreateEmployeeRequest	jakarta.validation.constraints.Size	externo	jakarta.validation-api-3.1.1.jar
br.com.sawcunhaos.organization.api.dto.CreateEmployeeRequest	java.io.Serializable	jdk	java.base
br.com.sawcunhaos.organization.api.dto.CreateEmployeeRequest	java.lang.Class	jdk	java.base
br.com.sawcunhaos.organization.api.dto.CreateEmployeeRequest	java.lang.Long	jdk	java.base
br.com.sawcunhaos.organization.api.dto.CreateEmployeeRequest	java.lang.Object	jdk	java.base
br.com.sawcunhaos.organization.api.dto.CreateEmployeeRequest	java.lang.Record	jdk	java.base
br.com.sawcunhaos.organization.api.dto.CreateEmployeeRequest	java.lang.String	jdk	java.base
br.com.sawcunhaos.organization.api.dto.CreateEmployeeRequest	java.lang.invoke.MethodHandle	jdk	java.base
br.com.sawcunhaos.organization.api.dto.CreateEmployeeRequest	java.lang.invoke.MethodHandles	jdk	java.base
br.com.sawcunhaos.organization.api.dto.CreateEmployeeRequest	java.lang.invoke.MethodHandles$Lookup	jdk	java.base
br.com.sawcunhaos.organization.api.dto.CreateEmployeeRequest	java.lang.invoke.TypeDescriptor	jdk	java.base
br.com.sawcunhaos.organization.api.dto.CreateEmployeeRequest	java.lang.runtime.ObjectMethods	jdk	java.base
br.com.sawcunhaos.organization.api.dto.CreateEmployeeRequest	java.time.LocalDate	jdk	java.base
br.com.sawcunhaos.organization.api.dto.CreateEmployeeRequest	org.springframework.format.annotation.DateTimeFormat	externo	spring-context-7.0.9.jar
br.com.sawcunhaos.organization.api.dto.CreateEmployeeRequest$CreateEmployeeRequestBuilder	br.com.sawcunhaos.organization.api.dto.CreateEmployeeRequest	interno	classes
br.com.sawcunhaos.organization.api.dto.CreateEmployeeRequest$CreateEmployeeRequestBuilder	br.com.sawcunhaos.organization.api.dto.EmployeeContractType	interno	classes
br.com.sawcunhaos.organization.api.dto.CreateEmployeeRequest$CreateEmployeeRequestBuilder	com.fasterxml.jackson.annotation.JsonProperty	externo	jackson-annotations-2.22.jar
br.com.sawcunhaos.organization.api.dto.CreateEmployeeRequest$CreateEmployeeRequestBuilder	java.lang.Long	jdk	java.base
br.com.sawcunhaos.organization.api.dto.CreateEmployeeRequest$CreateEmployeeRequestBuilder	java.lang.Object	jdk	java.base
br.com.sawcunhaos.organization.api.dto.CreateEmployeeRequest$CreateEmployeeRequestBuilder	java.lang.String	jdk	java.base
br.com.sawcunhaos.organization.api.dto.CreateEmployeeRequest$CreateEmployeeRequestBuilder	java.lang.invoke.CallSite	jdk	java.base
br.com.sawcunhaos.organization.api.dto.CreateEmployeeRequest$CreateEmployeeRequestBuilder	java.lang.invoke.MethodHandles	jdk	java.base
br.com.sawcunhaos.organization.api.dto.CreateEmployeeRequest$CreateEmployeeRequestBuilder	java.lang.invoke.MethodHandles$Lookup	jdk	java.base
br.com.sawcunhaos.organization.api.dto.CreateEmployeeRequest$CreateEmployeeRequestBuilder	java.lang.invoke.MethodType	jdk	java.base
br.com.sawcunhaos.organization.api.dto.CreateEmployeeRequest$CreateEmployeeRequestBuilder	java.lang.invoke.StringConcatFactory	jdk	java.base
br.com.sawcunhaos.organization.api.dto.CreateEmployeeRequest$CreateEmployeeRequestBuilder	java.time.LocalDate	jdk	java.base
br.com.sawcunhaos.organization.api.dto.CreateEmployeeWorkScheduleRequest	br.com.sawcunhaos.organization.api.dto.CreateEmployeeWorkScheduleRequest$CreateEmployeeWorkScheduleRequestBuilder	interno	classes
br.com.sawcunhaos.organization.api.dto.CreateEmployeeWorkScheduleRequest	br.com.sawcunhaos.organization.api.dto.DayOfWeek	interno	classes
br.com.sawcunhaos.organization.api.dto.CreateEmployeeWorkScheduleRequest	com.fasterxml.jackson.annotation.JsonProperty	externo	jackson-annotations-2.22.jar
br.com.sawcunhaos.organization.api.dto.CreateEmployeeWorkScheduleRequest	jakarta.validation.Valid	externo	jakarta.validation-api-3.1.1.jar
br.com.sawcunhaos.organization.api.dto.CreateEmployeeWorkScheduleRequest	jakarta.validation.constraints.NotNull	externo	jakarta.validation-api-3.1.1.jar
br.com.sawcunhaos.organization.api.dto.CreateEmployeeWorkScheduleRequest	java.io.Serializable	jdk	java.base
br.com.sawcunhaos.organization.api.dto.CreateEmployeeWorkScheduleRequest	java.lang.Class	jdk	java.base
br.com.sawcunhaos.organization.api.dto.CreateEmployeeWorkScheduleRequest	java.lang.Object	jdk	java.base
br.com.sawcunhaos.organization.api.dto.CreateEmployeeWorkScheduleRequest	java.lang.Record	jdk	java.base
br.com.sawcunhaos.organization.api.dto.CreateEmployeeWorkScheduleRequest	java.lang.String	jdk	java.base
br.com.sawcunhaos.organization.api.dto.CreateEmployeeWorkScheduleRequest	java.lang.invoke.MethodHandle	jdk	java.base
br.com.sawcunhaos.organization.api.dto.CreateEmployeeWorkScheduleRequest	java.lang.invoke.MethodHandles	jdk	java.base
br.com.sawcunhaos.organization.api.dto.CreateEmployeeWorkScheduleRequest	java.lang.invoke.MethodHandles$Lookup	jdk	java.base
br.com.sawcunhaos.organization.api.dto.CreateEmployeeWorkScheduleRequest	java.lang.invoke.TypeDescriptor	jdk	java.base
br.com.sawcunhaos.organization.api.dto.CreateEmployeeWorkScheduleRequest	java.lang.runtime.ObjectMethods	jdk	java.base
br.com.sawcunhaos.organization.api.dto.CreateEmployeeWorkScheduleRequest	java.time.LocalTime	jdk	java.base
br.com.sawcunhaos.organization.api.dto.CreateEmployeeWorkScheduleRequest$CreateEmployeeWorkScheduleRequestBuilder	br.com.sawcunhaos.organization.api.dto.CreateEmployeeWorkScheduleRequest	interno	classes
br.com.sawcunhaos.organization.api.dto.CreateEmployeeWorkScheduleRequest$CreateEmployeeWorkScheduleRequestBuilder	br.com.sawcunhaos.organization.api.dto.DayOfWeek	interno	classes
br.com.sawcunhaos.organization.api.dto.CreateEmployeeWorkScheduleRequest$CreateEmployeeWorkScheduleRequestBuilder	com.fasterxml.jackson.annotation.JsonProperty	externo	jackson-annotations-2.22.jar
br.com.sawcunhaos.organization.api.dto.CreateEmployeeWorkScheduleRequest$CreateEmployeeWorkScheduleRequestBuilder	java.lang.Object	jdk	java.base
br.com.sawcunhaos.organization.api.dto.CreateEmployeeWorkScheduleRequest$CreateEmployeeWorkScheduleRequestBuilder	java.lang.String	jdk	java.base
br.com.sawcunhaos.organization.api.dto.CreateEmployeeWorkScheduleRequest$CreateEmployeeWorkScheduleRequestBuilder	java.lang.invoke.CallSite	jdk	java.base
br.com.sawcunhaos.organization.api.dto.CreateEmployeeWorkScheduleRequest$CreateEmployeeWorkScheduleRequestBuilder	java.lang.invoke.MethodHandles	jdk	java.base
br.com.sawcunhaos.organization.api.dto.CreateEmployeeWorkScheduleRequest$CreateEmployeeWorkScheduleRequestBuilder	java.lang.invoke.MethodHandles$Lookup	jdk	java.base
br.com.sawcunhaos.organization.api.dto.CreateEmployeeWorkScheduleRequest$CreateEmployeeWorkScheduleRequestBuilder	java.lang.invoke.MethodType	jdk	java.base
br.com.sawcunhaos.organization.api.dto.CreateEmployeeWorkScheduleRequest$CreateEmployeeWorkScheduleRequestBuilder	java.lang.invoke.StringConcatFactory	jdk	java.base
br.com.sawcunhaos.organization.api.dto.CreateEmployeeWorkScheduleRequest$CreateEmployeeWorkScheduleRequestBuilder	java.time.LocalTime	jdk	java.base
br.com.sawcunhaos.organization.api.dto.CreateLegalNatureRequest	br.com.sawcunhaos.organization.api.dto.CreateLegalNatureRequest$CreateLegalNatureRequestBuilder	interno	classes
br.com.sawcunhaos.organization.api.dto.CreateLegalNatureRequest	com.fasterxml.jackson.annotation.JsonProperty	externo	jackson-annotations-2.22.jar
br.com.sawcunhaos.organization.api.dto.CreateLegalNatureRequest	jakarta.validation.constraints.NotEmpty	externo	jakarta.validation-api-3.1.1.jar
br.com.sawcunhaos.organization.api.dto.CreateLegalNatureRequest	jakarta.validation.constraints.NotNull	externo	jakarta.validation-api-3.1.1.jar
br.com.sawcunhaos.organization.api.dto.CreateLegalNatureRequest	jakarta.validation.constraints.Size	externo	jakarta.validation-api-3.1.1.jar
br.com.sawcunhaos.organization.api.dto.CreateLegalNatureRequest	java.io.Serializable	jdk	java.base
br.com.sawcunhaos.organization.api.dto.CreateLegalNatureRequest	java.lang.Class	jdk	java.base
br.com.sawcunhaos.organization.api.dto.CreateLegalNatureRequest	java.lang.Object	jdk	java.base
br.com.sawcunhaos.organization.api.dto.CreateLegalNatureRequest	java.lang.Record	jdk	java.base
br.com.sawcunhaos.organization.api.dto.CreateLegalNatureRequest	java.lang.String	jdk	java.base
br.com.sawcunhaos.organization.api.dto.CreateLegalNatureRequest	java.lang.invoke.MethodHandle	jdk	java.base
br.com.sawcunhaos.organization.api.dto.CreateLegalNatureRequest	java.lang.invoke.MethodHandles	jdk	java.base
br.com.sawcunhaos.organization.api.dto.CreateLegalNatureRequest	java.lang.invoke.MethodHandles$Lookup	jdk	java.base
br.com.sawcunhaos.organization.api.dto.CreateLegalNatureRequest	java.lang.invoke.TypeDescriptor	jdk	java.base
br.com.sawcunhaos.organization.api.dto.CreateLegalNatureRequest	java.lang.runtime.ObjectMethods	jdk	java.base
br.com.sawcunhaos.organization.api.dto.CreateLegalNatureRequest$CreateLegalNatureRequestBuilder	br.com.sawcunhaos.organization.api.dto.CreateLegalNatureRequest	interno	classes
br.com.sawcunhaos.organization.api.dto.CreateLegalNatureRequest$CreateLegalNatureRequestBuilder	com.fasterxml.jackson.annotation.JsonProperty	externo	jackson-annotations-2.22.jar
br.com.sawcunhaos.organization.api.dto.CreateLegalNatureRequest$CreateLegalNatureRequestBuilder	java.lang.Object	jdk	java.base
br.com.sawcunhaos.organization.api.dto.CreateLegalNatureRequest$CreateLegalNatureRequestBuilder	java.lang.String	jdk	java.base
br.com.sawcunhaos.organization.api.dto.CreateLegalNatureRequest$CreateLegalNatureRequestBuilder	java.lang.invoke.CallSite	jdk	java.base
br.com.sawcunhaos.organization.api.dto.CreateLegalNatureRequest$CreateLegalNatureRequestBuilder	java.lang.invoke.MethodHandles	jdk	java.base
br.com.sawcunhaos.organization.api.dto.CreateLegalNatureRequest$CreateLegalNatureRequestBuilder	java.lang.invoke.MethodHandles$Lookup	jdk	java.base
br.com.sawcunhaos.organization.api.dto.CreateLegalNatureRequest$CreateLegalNatureRequestBuilder	java.lang.invoke.MethodType	jdk	java.base
br.com.sawcunhaos.organization.api.dto.CreateLegalNatureRequest$CreateLegalNatureRequestBuilder	java.lang.invoke.StringConcatFactory	jdk	java.base
br.com.sawcunhaos.organization.api.dto.CreateLoginRequest	br.com.sawcunhaos.organization.api.dto.CreateLoginRequest$CreateLoginRequestBuilder	interno	classes
br.com.sawcunhaos.organization.api.dto.CreateLoginRequest	br.com.sawcunhaos.organization.api.dto.LoginType	interno	classes
br.com.sawcunhaos.organization.api.dto.CreateLoginRequest	com.fasterxml.jackson.annotation.JsonProperty	externo	jackson-annotations-2.22.jar
br.com.sawcunhaos.organization.api.dto.CreateLoginRequest	jakarta.validation.Valid	externo	jakarta.validation-api-3.1.1.jar
br.com.sawcunhaos.organization.api.dto.CreateLoginRequest	jakarta.validation.constraints.NotEmpty	externo	jakarta.validation-api-3.1.1.jar
br.com.sawcunhaos.organization.api.dto.CreateLoginRequest	jakarta.validation.constraints.NotNull	externo	jakarta.validation-api-3.1.1.jar
br.com.sawcunhaos.organization.api.dto.CreateLoginRequest	java.io.Serializable	jdk	java.base
br.com.sawcunhaos.organization.api.dto.CreateLoginRequest	java.lang.Class	jdk	java.base
br.com.sawcunhaos.organization.api.dto.CreateLoginRequest	java.lang.Long	jdk	java.base
br.com.sawcunhaos.organization.api.dto.CreateLoginRequest	java.lang.Object	jdk	java.base
br.com.sawcunhaos.organization.api.dto.CreateLoginRequest	java.lang.Record	jdk	java.base
br.com.sawcunhaos.organization.api.dto.CreateLoginRequest	java.lang.String	jdk	java.base
br.com.sawcunhaos.organization.api.dto.CreateLoginRequest	java.lang.invoke.MethodHandle	jdk	java.base
br.com.sawcunhaos.organization.api.dto.CreateLoginRequest	java.lang.invoke.MethodHandles	jdk	java.base
br.com.sawcunhaos.organization.api.dto.CreateLoginRequest	java.lang.invoke.MethodHandles$Lookup	jdk	java.base
br.com.sawcunhaos.organization.api.dto.CreateLoginRequest	java.lang.invoke.TypeDescriptor	jdk	java.base
br.com.sawcunhaos.organization.api.dto.CreateLoginRequest	java.lang.runtime.ObjectMethods	jdk	java.base
br.com.sawcunhaos.organization.api.dto.CreateLoginRequest$CreateLoginRequestBuilder	br.com.sawcunhaos.organization.api.dto.CreateLoginRequest	interno	classes
br.com.sawcunhaos.organization.api.dto.CreateLoginRequest$CreateLoginRequestBuilder	br.com.sawcunhaos.organization.api.dto.LoginType	interno	classes
br.com.sawcunhaos.organization.api.dto.CreateLoginRequest$CreateLoginRequestBuilder	com.fasterxml.jackson.annotation.JsonProperty	externo	jackson-annotations-2.22.jar
br.com.sawcunhaos.organization.api.dto.CreateLoginRequest$CreateLoginRequestBuilder	java.lang.Long	jdk	java.base
br.com.sawcunhaos.organization.api.dto.CreateLoginRequest$CreateLoginRequestBuilder	java.lang.Object	jdk	java.base
br.com.sawcunhaos.organization.api.dto.CreateLoginRequest$CreateLoginRequestBuilder	java.lang.String	jdk	java.base
br.com.sawcunhaos.organization.api.dto.CreateLoginRequest$CreateLoginRequestBuilder	java.lang.invoke.CallSite	jdk	java.base
br.com.sawcunhaos.organization.api.dto.CreateLoginRequest$CreateLoginRequestBuilder	java.lang.invoke.MethodHandles	jdk	java.base
br.com.sawcunhaos.organization.api.dto.CreateLoginRequest$CreateLoginRequestBuilder	java.lang.invoke.MethodHandles$Lookup	jdk	java.base
br.com.sawcunhaos.organization.api.dto.CreateLoginRequest$CreateLoginRequestBuilder	java.lang.invoke.MethodType	jdk	java.base
br.com.sawcunhaos.organization.api.dto.CreateLoginRequest$CreateLoginRequestBuilder	java.lang.invoke.StringConcatFactory	jdk	java.base
br.com.sawcunhaos.organization.api.dto.CreatePositionRequest	br.com.sawcunhaos.organization.api.dto.CreatePositionRequest$CreatePositionRequestBuilder	interno	classes
br.com.sawcunhaos.organization.api.dto.CreatePositionRequest	com.fasterxml.jackson.annotation.JsonProperty	externo	jackson-annotations-2.22.jar
br.com.sawcunhaos.organization.api.dto.CreatePositionRequest	jakarta.validation.constraints.NotEmpty	externo	jakarta.validation-api-3.1.1.jar
br.com.sawcunhaos.organization.api.dto.CreatePositionRequest	jakarta.validation.constraints.NotNull	externo	jakarta.validation-api-3.1.1.jar
br.com.sawcunhaos.organization.api.dto.CreatePositionRequest	java.io.Serializable	jdk	java.base
br.com.sawcunhaos.organization.api.dto.CreatePositionRequest	java.lang.Boolean	jdk	java.base
br.com.sawcunhaos.organization.api.dto.CreatePositionRequest	java.lang.Class	jdk	java.base
br.com.sawcunhaos.organization.api.dto.CreatePositionRequest	java.lang.Long	jdk	java.base
br.com.sawcunhaos.organization.api.dto.CreatePositionRequest	java.lang.Object	jdk	java.base
br.com.sawcunhaos.organization.api.dto.CreatePositionRequest	java.lang.Record	jdk	java.base
br.com.sawcunhaos.organization.api.dto.CreatePositionRequest	java.lang.String	jdk	java.base
br.com.sawcunhaos.organization.api.dto.CreatePositionRequest	java.lang.invoke.MethodHandle	jdk	java.base
br.com.sawcunhaos.organization.api.dto.CreatePositionRequest	java.lang.invoke.MethodHandles	jdk	java.base
br.com.sawcunhaos.organization.api.dto.CreatePositionRequest	java.lang.invoke.MethodHandles$Lookup	jdk	java.base
br.com.sawcunhaos.organization.api.dto.CreatePositionRequest	java.lang.invoke.TypeDescriptor	jdk	java.base
br.com.sawcunhaos.organization.api.dto.CreatePositionRequest	java.lang.runtime.ObjectMethods	jdk	java.base
br.com.sawcunhaos.organization.api.dto.CreatePositionRequest$CreatePositionRequestBuilder	br.com.sawcunhaos.organization.api.dto.CreatePositionRequest	interno	classes
br.com.sawcunhaos.organization.api.dto.CreatePositionRequest$CreatePositionRequestBuilder	com.fasterxml.jackson.annotation.JsonProperty	externo	jackson-annotations-2.22.jar
br.com.sawcunhaos.organization.api.dto.CreatePositionRequest$CreatePositionRequestBuilder	java.lang.Boolean	jdk	java.base
br.com.sawcunhaos.organization.api.dto.CreatePositionRequest$CreatePositionRequestBuilder	java.lang.Long	jdk	java.base
br.com.sawcunhaos.organization.api.dto.CreatePositionRequest$CreatePositionRequestBuilder	java.lang.Object	jdk	java.base
br.com.sawcunhaos.organization.api.dto.CreatePositionRequest$CreatePositionRequestBuilder	java.lang.String	jdk	java.base
br.com.sawcunhaos.organization.api.dto.CreatePositionRequest$CreatePositionRequestBuilder	java.lang.invoke.CallSite	jdk	java.base
br.com.sawcunhaos.organization.api.dto.CreatePositionRequest$CreatePositionRequestBuilder	java.lang.invoke.MethodHandles	jdk	java.base
br.com.sawcunhaos.organization.api.dto.CreatePositionRequest$CreatePositionRequestBuilder	java.lang.invoke.MethodHandles$Lookup	jdk	java.base
br.com.sawcunhaos.organization.api.dto.CreatePositionRequest$CreatePositionRequestBuilder	java.lang.invoke.MethodType	jdk	java.base
br.com.sawcunhaos.organization.api.dto.CreatePositionRequest$CreatePositionRequestBuilder	java.lang.invoke.StringConcatFactory	jdk	java.base
br.com.sawcunhaos.organization.api.dto.CreatePositionWorkScheduleRequest	br.com.sawcunhaos.organization.api.dto.CreatePositionWorkScheduleRequest$CreatePositionWorkScheduleRequestBuilder	interno	classes
br.com.sawcunhaos.organization.api.dto.CreatePositionWorkScheduleRequest	br.com.sawcunhaos.organization.api.dto.DayOfWeek	interno	classes
br.com.sawcunhaos.organization.api.dto.CreatePositionWorkScheduleRequest	com.fasterxml.jackson.annotation.JsonProperty	externo	jackson-annotations-2.22.jar
br.com.sawcunhaos.organization.api.dto.CreatePositionWorkScheduleRequest	jakarta.validation.Valid	externo	jakarta.validation-api-3.1.1.jar
br.com.sawcunhaos.organization.api.dto.CreatePositionWorkScheduleRequest	jakarta.validation.constraints.NotNull	externo	jakarta.validation-api-3.1.1.jar
br.com.sawcunhaos.organization.api.dto.CreatePositionWorkScheduleRequest	java.io.Serializable	jdk	java.base
br.com.sawcunhaos.organization.api.dto.CreatePositionWorkScheduleRequest	java.lang.Class	jdk	java.base
br.com.sawcunhaos.organization.api.dto.CreatePositionWorkScheduleRequest	java.lang.Object	jdk	java.base
br.com.sawcunhaos.organization.api.dto.CreatePositionWorkScheduleRequest	java.lang.Record	jdk	java.base
br.com.sawcunhaos.organization.api.dto.CreatePositionWorkScheduleRequest	java.lang.String	jdk	java.base
br.com.sawcunhaos.organization.api.dto.CreatePositionWorkScheduleRequest	java.lang.invoke.MethodHandle	jdk	java.base
br.com.sawcunhaos.organization.api.dto.CreatePositionWorkScheduleRequest	java.lang.invoke.MethodHandles	jdk	java.base
br.com.sawcunhaos.organization.api.dto.CreatePositionWorkScheduleRequest	java.lang.invoke.MethodHandles$Lookup	jdk	java.base
br.com.sawcunhaos.organization.api.dto.CreatePositionWorkScheduleRequest	java.lang.invoke.TypeDescriptor	jdk	java.base
br.com.sawcunhaos.organization.api.dto.CreatePositionWorkScheduleRequest	java.lang.runtime.ObjectMethods	jdk	java.base
br.com.sawcunhaos.organization.api.dto.CreatePositionWorkScheduleRequest	java.time.LocalTime	jdk	java.base
br.com.sawcunhaos.organization.api.dto.CreatePositionWorkScheduleRequest$CreatePositionWorkScheduleRequestBuilder	br.com.sawcunhaos.organization.api.dto.CreatePositionWorkScheduleRequest	interno	classes
br.com.sawcunhaos.organization.api.dto.CreatePositionWorkScheduleRequest$CreatePositionWorkScheduleRequestBuilder	br.com.sawcunhaos.organization.api.dto.DayOfWeek	interno	classes
br.com.sawcunhaos.organization.api.dto.CreatePositionWorkScheduleRequest$CreatePositionWorkScheduleRequestBuilder	com.fasterxml.jackson.annotation.JsonProperty	externo	jackson-annotations-2.22.jar
br.com.sawcunhaos.organization.api.dto.CreatePositionWorkScheduleRequest$CreatePositionWorkScheduleRequestBuilder	java.lang.Object	jdk	java.base
br.com.sawcunhaos.organization.api.dto.CreatePositionWorkScheduleRequest$CreatePositionWorkScheduleRequestBuilder	java.lang.String	jdk	java.base
br.com.sawcunhaos.organization.api.dto.CreatePositionWorkScheduleRequest$CreatePositionWorkScheduleRequestBuilder	java.lang.invoke.CallSite	jdk	java.base
br.com.sawcunhaos.organization.api.dto.CreatePositionWorkScheduleRequest$CreatePositionWorkScheduleRequestBuilder	java.lang.invoke.MethodHandles	jdk	java.base
br.com.sawcunhaos.organization.api.dto.CreatePositionWorkScheduleRequest$CreatePositionWorkScheduleRequestBuilder	java.lang.invoke.MethodHandles$Lookup	jdk	java.base
br.com.sawcunhaos.organization.api.dto.CreatePositionWorkScheduleRequest$CreatePositionWorkScheduleRequestBuilder	java.lang.invoke.MethodType	jdk	java.base
br.com.sawcunhaos.organization.api.dto.CreatePositionWorkScheduleRequest$CreatePositionWorkScheduleRequestBuilder	java.lang.invoke.StringConcatFactory	jdk	java.base
br.com.sawcunhaos.organization.api.dto.CreatePositionWorkScheduleRequest$CreatePositionWorkScheduleRequestBuilder	java.time.LocalTime	jdk	java.base
br.com.sawcunhaos.organization.api.dto.CreateProfileRequest	br.com.sawcunhaos.organization.api.dto.CreateProfileRequest$CreateProfileRequestBuilder	interno	classes
br.com.sawcunhaos.organization.api.dto.CreateProfileRequest	com.fasterxml.jackson.annotation.JsonProperty	externo	jackson-annotations-2.22.jar
br.com.sawcunhaos.organization.api.dto.CreateProfileRequest	jakarta.validation.constraints.NotEmpty	externo	jakarta.validation-api-3.1.1.jar
br.com.sawcunhaos.organization.api.dto.CreateProfileRequest	jakarta.validation.constraints.NotNull	externo	jakarta.validation-api-3.1.1.jar
br.com.sawcunhaos.organization.api.dto.CreateProfileRequest	java.io.Serializable	jdk	java.base
br.com.sawcunhaos.organization.api.dto.CreateProfileRequest	java.lang.Class	jdk	java.base
br.com.sawcunhaos.organization.api.dto.CreateProfileRequest	java.lang.Object	jdk	java.base
br.com.sawcunhaos.organization.api.dto.CreateProfileRequest	java.lang.Record	jdk	java.base
br.com.sawcunhaos.organization.api.dto.CreateProfileRequest	java.lang.String	jdk	java.base
br.com.sawcunhaos.organization.api.dto.CreateProfileRequest	java.lang.invoke.MethodHandle	jdk	java.base
br.com.sawcunhaos.organization.api.dto.CreateProfileRequest	java.lang.invoke.MethodHandles	jdk	java.base
br.com.sawcunhaos.organization.api.dto.CreateProfileRequest	java.lang.invoke.MethodHandles$Lookup	jdk	java.base
br.com.sawcunhaos.organization.api.dto.CreateProfileRequest	java.lang.invoke.TypeDescriptor	jdk	java.base
br.com.sawcunhaos.organization.api.dto.CreateProfileRequest	java.lang.runtime.ObjectMethods	jdk	java.base
br.com.sawcunhaos.organization.api.dto.CreateProfileRequest$CreateProfileRequestBuilder	br.com.sawcunhaos.organization.api.dto.CreateProfileRequest	interno	classes
br.com.sawcunhaos.organization.api.dto.CreateProfileRequest$CreateProfileRequestBuilder	com.fasterxml.jackson.annotation.JsonProperty	externo	jackson-annotations-2.22.jar
br.com.sawcunhaos.organization.api.dto.CreateProfileRequest$CreateProfileRequestBuilder	java.lang.Object	jdk	java.base
br.com.sawcunhaos.organization.api.dto.CreateProfileRequest$CreateProfileRequestBuilder	java.lang.String	jdk	java.base
br.com.sawcunhaos.organization.api.dto.CreateProfileRequest$CreateProfileRequestBuilder	java.lang.invoke.CallSite	jdk	java.base
br.com.sawcunhaos.organization.api.dto.CreateProfileRequest$CreateProfileRequestBuilder	java.lang.invoke.MethodHandles	jdk	java.base
br.com.sawcunhaos.organization.api.dto.CreateProfileRequest$CreateProfileRequestBuilder	java.lang.invoke.MethodHandles$Lookup	jdk	java.base
br.com.sawcunhaos.organization.api.dto.CreateProfileRequest$CreateProfileRequestBuilder	java.lang.invoke.MethodType	jdk	java.base
br.com.sawcunhaos.organization.api.dto.CreateProfileRequest$CreateProfileRequestBuilder	java.lang.invoke.StringConcatFactory	jdk	java.base
br.com.sawcunhaos.organization.api.dto.CreateReasonActivateRequest	br.com.sawcunhaos.organization.api.dto.CreateReasonActivateRequest$CreateReasonActivateRequestBuilder	interno	classes
br.com.sawcunhaos.organization.api.dto.CreateReasonActivateRequest	br.com.sawcunhaos.organization.api.dto.ReasonEntityType	interno	classes
br.com.sawcunhaos.organization.api.dto.CreateReasonActivateRequest	com.fasterxml.jackson.annotation.JsonProperty	externo	jackson-annotations-2.22.jar
br.com.sawcunhaos.organization.api.dto.CreateReasonActivateRequest	jakarta.validation.Valid	externo	jakarta.validation-api-3.1.1.jar
br.com.sawcunhaos.organization.api.dto.CreateReasonActivateRequest	jakarta.validation.constraints.NotEmpty	externo	jakarta.validation-api-3.1.1.jar
br.com.sawcunhaos.organization.api.dto.CreateReasonActivateRequest	jakarta.validation.constraints.NotNull	externo	jakarta.validation-api-3.1.1.jar
br.com.sawcunhaos.organization.api.dto.CreateReasonActivateRequest	java.io.Serializable	jdk	java.base
br.com.sawcunhaos.organization.api.dto.CreateReasonActivateRequest	java.lang.Class	jdk	java.base
br.com.sawcunhaos.organization.api.dto.CreateReasonActivateRequest	java.lang.Object	jdk	java.base
br.com.sawcunhaos.organization.api.dto.CreateReasonActivateRequest	java.lang.Record	jdk	java.base
br.com.sawcunhaos.organization.api.dto.CreateReasonActivateRequest	java.lang.String	jdk	java.base
br.com.sawcunhaos.organization.api.dto.CreateReasonActivateRequest	java.lang.invoke.MethodHandle	jdk	java.base
br.com.sawcunhaos.organization.api.dto.CreateReasonActivateRequest	java.lang.invoke.MethodHandles	jdk	java.base
br.com.sawcunhaos.organization.api.dto.CreateReasonActivateRequest	java.lang.invoke.MethodHandles$Lookup	jdk	java.base
br.com.sawcunhaos.organization.api.dto.CreateReasonActivateRequest	java.lang.invoke.TypeDescriptor	jdk	java.base
br.com.sawcunhaos.organization.api.dto.CreateReasonActivateRequest	java.lang.runtime.ObjectMethods	jdk	java.base
br.com.sawcunhaos.organization.api.dto.CreateReasonActivateRequest$CreateReasonActivateRequestBuilder	br.com.sawcunhaos.organization.api.dto.CreateReasonActivateRequest	interno	classes
br.com.sawcunhaos.organization.api.dto.CreateReasonActivateRequest$CreateReasonActivateRequestBuilder	br.com.sawcunhaos.organization.api.dto.ReasonEntityType	interno	classes
br.com.sawcunhaos.organization.api.dto.CreateReasonActivateRequest$CreateReasonActivateRequestBuilder	com.fasterxml.jackson.annotation.JsonProperty	externo	jackson-annotations-2.22.jar
br.com.sawcunhaos.organization.api.dto.CreateReasonActivateRequest$CreateReasonActivateRequestBuilder	java.lang.Object	jdk	java.base
br.com.sawcunhaos.organization.api.dto.CreateReasonActivateRequest$CreateReasonActivateRequestBuilder	java.lang.String	jdk	java.base
br.com.sawcunhaos.organization.api.dto.CreateReasonActivateRequest$CreateReasonActivateRequestBuilder	java.lang.invoke.CallSite	jdk	java.base
br.com.sawcunhaos.organization.api.dto.CreateReasonActivateRequest$CreateReasonActivateRequestBuilder	java.lang.invoke.MethodHandles	jdk	java.base
br.com.sawcunhaos.organization.api.dto.CreateReasonActivateRequest$CreateReasonActivateRequestBuilder	java.lang.invoke.MethodHandles$Lookup	jdk	java.base
br.com.sawcunhaos.organization.api.dto.CreateReasonActivateRequest$CreateReasonActivateRequestBuilder	java.lang.invoke.MethodType	jdk	java.base
br.com.sawcunhaos.organization.api.dto.CreateReasonActivateRequest$CreateReasonActivateRequestBuilder	java.lang.invoke.StringConcatFactory	jdk	java.base
br.com.sawcunhaos.organization.api.dto.CreateReasonDisableRequest	br.com.sawcunhaos.organization.api.dto.CreateReasonDisableRequest$CreateReasonDisableRequestBuilder	interno	classes
br.com.sawcunhaos.organization.api.dto.CreateReasonDisableRequest	br.com.sawcunhaos.organization.api.dto.ReasonEntityType	interno	classes
br.com.sawcunhaos.organization.api.dto.CreateReasonDisableRequest	com.fasterxml.jackson.annotation.JsonProperty	externo	jackson-annotations-2.22.jar
br.com.sawcunhaos.organization.api.dto.CreateReasonDisableRequest	jakarta.validation.Valid	externo	jakarta.validation-api-3.1.1.jar
br.com.sawcunhaos.organization.api.dto.CreateReasonDisableRequest	jakarta.validation.constraints.NotEmpty	externo	jakarta.validation-api-3.1.1.jar
br.com.sawcunhaos.organization.api.dto.CreateReasonDisableRequest	jakarta.validation.constraints.NotNull	externo	jakarta.validation-api-3.1.1.jar
br.com.sawcunhaos.organization.api.dto.CreateReasonDisableRequest	java.io.Serializable	jdk	java.base
br.com.sawcunhaos.organization.api.dto.CreateReasonDisableRequest	java.lang.Class	jdk	java.base
br.com.sawcunhaos.organization.api.dto.CreateReasonDisableRequest	java.lang.Object	jdk	java.base
br.com.sawcunhaos.organization.api.dto.CreateReasonDisableRequest	java.lang.Record	jdk	java.base
br.com.sawcunhaos.organization.api.dto.CreateReasonDisableRequest	java.lang.String	jdk	java.base
br.com.sawcunhaos.organization.api.dto.CreateReasonDisableRequest	java.lang.invoke.MethodHandle	jdk	java.base
br.com.sawcunhaos.organization.api.dto.CreateReasonDisableRequest	java.lang.invoke.MethodHandles	jdk	java.base
br.com.sawcunhaos.organization.api.dto.CreateReasonDisableRequest	java.lang.invoke.MethodHandles$Lookup	jdk	java.base
br.com.sawcunhaos.organization.api.dto.CreateReasonDisableRequest	java.lang.invoke.TypeDescriptor	jdk	java.base
br.com.sawcunhaos.organization.api.dto.CreateReasonDisableRequest	java.lang.runtime.ObjectMethods	jdk	java.base
br.com.sawcunhaos.organization.api.dto.CreateReasonDisableRequest$CreateReasonDisableRequestBuilder	br.com.sawcunhaos.organization.api.dto.CreateReasonDisableRequest	interno	classes
br.com.sawcunhaos.organization.api.dto.CreateReasonDisableRequest$CreateReasonDisableRequestBuilder	br.com.sawcunhaos.organization.api.dto.ReasonEntityType	interno	classes
br.com.sawcunhaos.organization.api.dto.CreateReasonDisableRequest$CreateReasonDisableRequestBuilder	com.fasterxml.jackson.annotation.JsonProperty	externo	jackson-annotations-2.22.jar
br.com.sawcunhaos.organization.api.dto.CreateReasonDisableRequest$CreateReasonDisableRequestBuilder	java.lang.Object	jdk	java.base
br.com.sawcunhaos.organization.api.dto.CreateReasonDisableRequest$CreateReasonDisableRequestBuilder	java.lang.String	jdk	java.base
br.com.sawcunhaos.organization.api.dto.CreateReasonDisableRequest$CreateReasonDisableRequestBuilder	java.lang.invoke.CallSite	jdk	java.base
br.com.sawcunhaos.organization.api.dto.CreateReasonDisableRequest$CreateReasonDisableRequestBuilder	java.lang.invoke.MethodHandles	jdk	java.base
br.com.sawcunhaos.organization.api.dto.CreateReasonDisableRequest$CreateReasonDisableRequestBuilder	java.lang.invoke.MethodHandles$Lookup	jdk	java.base
br.com.sawcunhaos.organization.api.dto.CreateReasonDisableRequest$CreateReasonDisableRequestBuilder	java.lang.invoke.MethodType	jdk	java.base
br.com.sawcunhaos.organization.api.dto.CreateReasonDisableRequest$CreateReasonDisableRequestBuilder	java.lang.invoke.StringConcatFactory	jdk	java.base
br.com.sawcunhaos.organization.api.dto.CreateReasonEnableRequest	br.com.sawcunhaos.organization.api.dto.CreateReasonEnableRequest$CreateReasonEnableRequestBuilder	interno	classes
br.com.sawcunhaos.organization.api.dto.CreateReasonEnableRequest	br.com.sawcunhaos.organization.api.dto.ReasonEntityType	interno	classes
br.com.sawcunhaos.organization.api.dto.CreateReasonEnableRequest	com.fasterxml.jackson.annotation.JsonProperty	externo	jackson-annotations-2.22.jar
br.com.sawcunhaos.organization.api.dto.CreateReasonEnableRequest	jakarta.validation.Valid	externo	jakarta.validation-api-3.1.1.jar
br.com.sawcunhaos.organization.api.dto.CreateReasonEnableRequest	jakarta.validation.constraints.NotEmpty	externo	jakarta.validation-api-3.1.1.jar
br.com.sawcunhaos.organization.api.dto.CreateReasonEnableRequest	jakarta.validation.constraints.NotNull	externo	jakarta.validation-api-3.1.1.jar
br.com.sawcunhaos.organization.api.dto.CreateReasonEnableRequest	java.io.Serializable	jdk	java.base
br.com.sawcunhaos.organization.api.dto.CreateReasonEnableRequest	java.lang.Class	jdk	java.base
br.com.sawcunhaos.organization.api.dto.CreateReasonEnableRequest	java.lang.Object	jdk	java.base
br.com.sawcunhaos.organization.api.dto.CreateReasonEnableRequest	java.lang.Record	jdk	java.base
br.com.sawcunhaos.organization.api.dto.CreateReasonEnableRequest	java.lang.String	jdk	java.base
br.com.sawcunhaos.organization.api.dto.CreateReasonEnableRequest	java.lang.invoke.MethodHandle	jdk	java.base
br.com.sawcunhaos.organization.api.dto.CreateReasonEnableRequest	java.lang.invoke.MethodHandles	jdk	java.base
br.com.sawcunhaos.organization.api.dto.CreateReasonEnableRequest	java.lang.invoke.MethodHandles$Lookup	jdk	java.base
br.com.sawcunhaos.organization.api.dto.CreateReasonEnableRequest	java.lang.invoke.TypeDescriptor	jdk	java.base
br.com.sawcunhaos.organization.api.dto.CreateReasonEnableRequest	java.lang.runtime.ObjectMethods	jdk	java.base
br.com.sawcunhaos.organization.api.dto.CreateReasonEnableRequest$CreateReasonEnableRequestBuilder	br.com.sawcunhaos.organization.api.dto.CreateReasonEnableRequest	interno	classes
br.com.sawcunhaos.organization.api.dto.CreateReasonEnableRequest$CreateReasonEnableRequestBuilder	br.com.sawcunhaos.organization.api.dto.ReasonEntityType	interno	classes
br.com.sawcunhaos.organization.api.dto.CreateReasonEnableRequest$CreateReasonEnableRequestBuilder	com.fasterxml.jackson.annotation.JsonProperty	externo	jackson-annotations-2.22.jar
br.com.sawcunhaos.organization.api.dto.CreateReasonEnableRequest$CreateReasonEnableRequestBuilder	java.lang.Object	jdk	java.base
br.com.sawcunhaos.organization.api.dto.CreateReasonEnableRequest$CreateReasonEnableRequestBuilder	java.lang.String	jdk	java.base
br.com.sawcunhaos.organization.api.dto.CreateReasonEnableRequest$CreateReasonEnableRequestBuilder	java.lang.invoke.CallSite	jdk	java.base
br.com.sawcunhaos.organization.api.dto.CreateReasonEnableRequest$CreateReasonEnableRequestBuilder	java.lang.invoke.MethodHandles	jdk	java.base
br.com.sawcunhaos.organization.api.dto.CreateReasonEnableRequest$CreateReasonEnableRequestBuilder	java.lang.invoke.MethodHandles$Lookup	jdk	java.base
br.com.sawcunhaos.organization.api.dto.CreateReasonEnableRequest$CreateReasonEnableRequestBuilder	java.lang.invoke.MethodType	jdk	java.base
br.com.sawcunhaos.organization.api.dto.CreateReasonEnableRequest$CreateReasonEnableRequestBuilder	java.lang.invoke.StringConcatFactory	jdk	java.base
br.com.sawcunhaos.organization.api.dto.CreateReasonInactivateRequest	br.com.sawcunhaos.organization.api.dto.CreateReasonInactivateRequest$CreateReasonInactivateRequestBuilder	interno	classes
br.com.sawcunhaos.organization.api.dto.CreateReasonInactivateRequest	br.com.sawcunhaos.organization.api.dto.ReasonEntityType	interno	classes
br.com.sawcunhaos.organization.api.dto.CreateReasonInactivateRequest	com.fasterxml.jackson.annotation.JsonProperty	externo	jackson-annotations-2.22.jar
br.com.sawcunhaos.organization.api.dto.CreateReasonInactivateRequest	jakarta.validation.Valid	externo	jakarta.validation-api-3.1.1.jar
br.com.sawcunhaos.organization.api.dto.CreateReasonInactivateRequest	jakarta.validation.constraints.NotEmpty	externo	jakarta.validation-api-3.1.1.jar
br.com.sawcunhaos.organization.api.dto.CreateReasonInactivateRequest	jakarta.validation.constraints.NotNull	externo	jakarta.validation-api-3.1.1.jar
br.com.sawcunhaos.organization.api.dto.CreateReasonInactivateRequest	java.io.Serializable	jdk	java.base
br.com.sawcunhaos.organization.api.dto.CreateReasonInactivateRequest	java.lang.Class	jdk	java.base
br.com.sawcunhaos.organization.api.dto.CreateReasonInactivateRequest	java.lang.Object	jdk	java.base
br.com.sawcunhaos.organization.api.dto.CreateReasonInactivateRequest	java.lang.Record	jdk	java.base
br.com.sawcunhaos.organization.api.dto.CreateReasonInactivateRequest	java.lang.String	jdk	java.base
br.com.sawcunhaos.organization.api.dto.CreateReasonInactivateRequest	java.lang.invoke.MethodHandle	jdk	java.base
br.com.sawcunhaos.organization.api.dto.CreateReasonInactivateRequest	java.lang.invoke.MethodHandles	jdk	java.base
br.com.sawcunhaos.organization.api.dto.CreateReasonInactivateRequest	java.lang.invoke.MethodHandles$Lookup	jdk	java.base
br.com.sawcunhaos.organization.api.dto.CreateReasonInactivateRequest	java.lang.invoke.TypeDescriptor	jdk	java.base
br.com.sawcunhaos.organization.api.dto.CreateReasonInactivateRequest	java.lang.runtime.ObjectMethods	jdk	java.base
br.com.sawcunhaos.organization.api.dto.CreateReasonInactivateRequest$CreateReasonInactivateRequestBuilder	br.com.sawcunhaos.organization.api.dto.CreateReasonInactivateRequest	interno	classes
br.com.sawcunhaos.organization.api.dto.CreateReasonInactivateRequest$CreateReasonInactivateRequestBuilder	br.com.sawcunhaos.organization.api.dto.ReasonEntityType	interno	classes
br.com.sawcunhaos.organization.api.dto.CreateReasonInactivateRequest$CreateReasonInactivateRequestBuilder	com.fasterxml.jackson.annotation.JsonProperty	externo	jackson-annotations-2.22.jar
br.com.sawcunhaos.organization.api.dto.CreateReasonInactivateRequest$CreateReasonInactivateRequestBuilder	java.lang.Object	jdk	java.base
br.com.sawcunhaos.organization.api.dto.CreateReasonInactivateRequest$CreateReasonInactivateRequestBuilder	java.lang.String	jdk	java.base
br.com.sawcunhaos.organization.api.dto.CreateReasonInactivateRequest$CreateReasonInactivateRequestBuilder	java.lang.invoke.CallSite	jdk	java.base
br.com.sawcunhaos.organization.api.dto.CreateReasonInactivateRequest$CreateReasonInactivateRequestBuilder	java.lang.invoke.MethodHandles	jdk	java.base
br.com.sawcunhaos.organization.api.dto.CreateReasonInactivateRequest$CreateReasonInactivateRequestBuilder	java.lang.invoke.MethodHandles$Lookup	jdk	java.base
br.com.sawcunhaos.organization.api.dto.CreateReasonInactivateRequest$CreateReasonInactivateRequestBuilder	java.lang.invoke.MethodType	jdk	java.base
br.com.sawcunhaos.organization.api.dto.CreateReasonInactivateRequest$CreateReasonInactivateRequestBuilder	java.lang.invoke.StringConcatFactory	jdk	java.base
br.com.sawcunhaos.organization.api.dto.CreateReasonPositionChangeRequest	br.com.sawcunhaos.organization.api.dto.CreateReasonPositionChangeRequest$CreateReasonPositionChangeRequestBuilder	interno	classes
br.com.sawcunhaos.organization.api.dto.CreateReasonPositionChangeRequest	com.fasterxml.jackson.annotation.JsonProperty	externo	jackson-annotations-2.22.jar
br.com.sawcunhaos.organization.api.dto.CreateReasonPositionChangeRequest	jakarta.validation.constraints.NotEmpty	externo	jakarta.validation-api-3.1.1.jar
br.com.sawcunhaos.organization.api.dto.CreateReasonPositionChangeRequest	jakarta.validation.constraints.NotNull	externo	jakarta.validation-api-3.1.1.jar
br.com.sawcunhaos.organization.api.dto.CreateReasonPositionChangeRequest	java.io.Serializable	jdk	java.base
br.com.sawcunhaos.organization.api.dto.CreateReasonPositionChangeRequest	java.lang.Class	jdk	java.base
br.com.sawcunhaos.organization.api.dto.CreateReasonPositionChangeRequest	java.lang.Object	jdk	java.base
br.com.sawcunhaos.organization.api.dto.CreateReasonPositionChangeRequest	java.lang.Record	jdk	java.base
br.com.sawcunhaos.organization.api.dto.CreateReasonPositionChangeRequest	java.lang.String	jdk	java.base
br.com.sawcunhaos.organization.api.dto.CreateReasonPositionChangeRequest	java.lang.invoke.MethodHandle	jdk	java.base
br.com.sawcunhaos.organization.api.dto.CreateReasonPositionChangeRequest	java.lang.invoke.MethodHandles	jdk	java.base
br.com.sawcunhaos.organization.api.dto.CreateReasonPositionChangeRequest	java.lang.invoke.MethodHandles$Lookup	jdk	java.base
br.com.sawcunhaos.organization.api.dto.CreateReasonPositionChangeRequest	java.lang.invoke.TypeDescriptor	jdk	java.base
br.com.sawcunhaos.organization.api.dto.CreateReasonPositionChangeRequest	java.lang.runtime.ObjectMethods	jdk	java.base
br.com.sawcunhaos.organization.api.dto.CreateReasonPositionChangeRequest$CreateReasonPositionChangeRequestBuilder	br.com.sawcunhaos.organization.api.dto.CreateReasonPositionChangeRequest	interno	classes
br.com.sawcunhaos.organization.api.dto.CreateReasonPositionChangeRequest$CreateReasonPositionChangeRequestBuilder	com.fasterxml.jackson.annotation.JsonProperty	externo	jackson-annotations-2.22.jar
br.com.sawcunhaos.organization.api.dto.CreateReasonPositionChangeRequest$CreateReasonPositionChangeRequestBuilder	java.lang.Object	jdk	java.base
br.com.sawcunhaos.organization.api.dto.CreateReasonPositionChangeRequest$CreateReasonPositionChangeRequestBuilder	java.lang.String	jdk	java.base
br.com.sawcunhaos.organization.api.dto.CreateReasonPositionChangeRequest$CreateReasonPositionChangeRequestBuilder	java.lang.invoke.CallSite	jdk	java.base
br.com.sawcunhaos.organization.api.dto.CreateReasonPositionChangeRequest$CreateReasonPositionChangeRequestBuilder	java.lang.invoke.MethodHandles	jdk	java.base
br.com.sawcunhaos.organization.api.dto.CreateReasonPositionChangeRequest$CreateReasonPositionChangeRequestBuilder	java.lang.invoke.MethodHandles$Lookup	jdk	java.base
br.com.sawcunhaos.organization.api.dto.CreateReasonPositionChangeRequest$CreateReasonPositionChangeRequestBuilder	java.lang.invoke.MethodType	jdk	java.base
br.com.sawcunhaos.organization.api.dto.CreateReasonPositionChangeRequest$CreateReasonPositionChangeRequestBuilder	java.lang.invoke.StringConcatFactory	jdk	java.base
br.com.sawcunhaos.organization.api.dto.CreateResponse	br.com.sawcunhaos.organization.api.dto.Create	interno	classes
br.com.sawcunhaos.organization.api.dto.CreateResponse	br.com.sawcunhaos.organization.api.dto.CreateResponse$CreateResponseBuilder	interno	classes
br.com.sawcunhaos.organization.api.dto.CreateResponse	com.fasterxml.jackson.annotation.JsonProperty	externo	jackson-annotations-2.22.jar
br.com.sawcunhaos.organization.api.dto.CreateResponse	jakarta.validation.Valid	externo	jakarta.validation-api-3.1.1.jar
br.com.sawcunhaos.organization.api.dto.CreateResponse	java.io.Serializable	jdk	java.base
br.com.sawcunhaos.organization.api.dto.CreateResponse	java.lang.Class	jdk	java.base
br.com.sawcunhaos.organization.api.dto.CreateResponse	java.lang.Object	jdk	java.base
br.com.sawcunhaos.organization.api.dto.CreateResponse	java.lang.Record	jdk	java.base
br.com.sawcunhaos.organization.api.dto.CreateResponse	java.lang.String	jdk	java.base
br.com.sawcunhaos.organization.api.dto.CreateResponse	java.lang.invoke.MethodHandle	jdk	java.base
br.com.sawcunhaos.organization.api.dto.CreateResponse	java.lang.invoke.MethodHandles	jdk	java.base
br.com.sawcunhaos.organization.api.dto.CreateResponse	java.lang.invoke.MethodHandles$Lookup	jdk	java.base
br.com.sawcunhaos.organization.api.dto.CreateResponse	java.lang.invoke.TypeDescriptor	jdk	java.base
br.com.sawcunhaos.organization.api.dto.CreateResponse	java.lang.runtime.ObjectMethods	jdk	java.base
br.com.sawcunhaos.organization.api.dto.CreateResponse$CreateResponseBuilder	br.com.sawcunhaos.organization.api.dto.Create	interno	classes
br.com.sawcunhaos.organization.api.dto.CreateResponse$CreateResponseBuilder	br.com.sawcunhaos.organization.api.dto.CreateResponse	interno	classes
br.com.sawcunhaos.organization.api.dto.CreateResponse$CreateResponseBuilder	com.fasterxml.jackson.annotation.JsonProperty	externo	jackson-annotations-2.22.jar
br.com.sawcunhaos.organization.api.dto.CreateResponse$CreateResponseBuilder	java.lang.Object	jdk	java.base
br.com.sawcunhaos.organization.api.dto.CreateResponse$CreateResponseBuilder	java.lang.String	jdk	java.base
br.com.sawcunhaos.organization.api.dto.CreateResponse$CreateResponseBuilder	java.lang.invoke.CallSite	jdk	java.base
br.com.sawcunhaos.organization.api.dto.CreateResponse$CreateResponseBuilder	java.lang.invoke.MethodHandles	jdk	java.base
br.com.sawcunhaos.organization.api.dto.CreateResponse$CreateResponseBuilder	java.lang.invoke.MethodHandles$Lookup	jdk	java.base
br.com.sawcunhaos.organization.api.dto.CreateResponse$CreateResponseBuilder	java.lang.invoke.MethodType	jdk	java.base
br.com.sawcunhaos.organization.api.dto.CreateResponse$CreateResponseBuilder	java.lang.invoke.StringConcatFactory	jdk	java.base
br.com.sawcunhaos.organization.api.dto.CurrentApprover	br.com.sawcunhaos.organization.api.dto.CurrentApprover$CurrentApproverBuilder	interno	classes
br.com.sawcunhaos.organization.api.dto.CurrentApprover	com.fasterxml.jackson.annotation.JsonProperty	externo	jackson-annotations-2.22.jar
br.com.sawcunhaos.organization.api.dto.CurrentApprover	java.io.Serializable	jdk	java.base
br.com.sawcunhaos.organization.api.dto.CurrentApprover	java.lang.Class	jdk	java.base
br.com.sawcunhaos.organization.api.dto.CurrentApprover	java.lang.Long	jdk	java.base
br.com.sawcunhaos.organization.api.dto.CurrentApprover	java.lang.Object	jdk	java.base
br.com.sawcunhaos.organization.api.dto.CurrentApprover	java.lang.Record	jdk	java.base
br.com.sawcunhaos.organization.api.dto.CurrentApprover	java.lang.String	jdk	java.base
br.com.sawcunhaos.organization.api.dto.CurrentApprover	java.lang.invoke.MethodHandle	jdk	java.base
br.com.sawcunhaos.organization.api.dto.CurrentApprover	java.lang.invoke.MethodHandles	jdk	java.base
br.com.sawcunhaos.organization.api.dto.CurrentApprover	java.lang.invoke.MethodHandles$Lookup	jdk	java.base
br.com.sawcunhaos.organization.api.dto.CurrentApprover	java.lang.invoke.TypeDescriptor	jdk	java.base
br.com.sawcunhaos.organization.api.dto.CurrentApprover	java.lang.runtime.ObjectMethods	jdk	java.base
br.com.sawcunhaos.organization.api.dto.CurrentApprover$CurrentApproverBuilder	br.com.sawcunhaos.organization.api.dto.CurrentApprover	interno	classes
br.com.sawcunhaos.organization.api.dto.CurrentApprover$CurrentApproverBuilder	com.fasterxml.jackson.annotation.JsonProperty	externo	jackson-annotations-2.22.jar
br.com.sawcunhaos.organization.api.dto.CurrentApprover$CurrentApproverBuilder	java.lang.Long	jdk	java.base
br.com.sawcunhaos.organization.api.dto.CurrentApprover$CurrentApproverBuilder	java.lang.Object	jdk	java.base
br.com.sawcunhaos.organization.api.dto.CurrentApprover$CurrentApproverBuilder	java.lang.String	jdk	java.base
br.com.sawcunhaos.organization.api.dto.CurrentApprover$CurrentApproverBuilder	java.lang.invoke.CallSite	jdk	java.base
br.com.sawcunhaos.organization.api.dto.CurrentApprover$CurrentApproverBuilder	java.lang.invoke.MethodHandles	jdk	java.base
br.com.sawcunhaos.organization.api.dto.CurrentApprover$CurrentApproverBuilder	java.lang.invoke.MethodHandles$Lookup	jdk	java.base
br.com.sawcunhaos.organization.api.dto.CurrentApprover$CurrentApproverBuilder	java.lang.invoke.MethodType	jdk	java.base
br.com.sawcunhaos.organization.api.dto.CurrentApprover$CurrentApproverBuilder	java.lang.invoke.StringConcatFactory	jdk	java.base
br.com.sawcunhaos.organization.api.dto.DayOfWeek	com.fasterxml.jackson.annotation.JsonCreator	externo	jackson-annotations-2.22.jar
br.com.sawcunhaos.organization.api.dto.DayOfWeek	com.fasterxml.jackson.annotation.JsonValue	externo	jackson-annotations-2.22.jar
br.com.sawcunhaos.organization.api.dto.DayOfWeek	java.io.Serializable	jdk	java.base
br.com.sawcunhaos.organization.api.dto.DayOfWeek	java.lang.Class	jdk	java.base
br.com.sawcunhaos.organization.api.dto.DayOfWeek	java.lang.Enum	jdk	java.base
br.com.sawcunhaos.organization.api.dto.DayOfWeek	java.lang.IllegalArgumentException	jdk	java.base
br.com.sawcunhaos.organization.api.dto.DayOfWeek	java.lang.Object	jdk	java.base
br.com.sawcunhaos.organization.api.dto.DayOfWeek	java.lang.String	jdk	java.base
br.com.sawcunhaos.organization.api.dto.DayOfWeek	java.lang.System	jdk	java.base
br.com.sawcunhaos.organization.api.dto.DayOfWeek	java.lang.invoke.CallSite	jdk	java.base
br.com.sawcunhaos.organization.api.dto.DayOfWeek	java.lang.invoke.MethodHandles	jdk	java.base
br.com.sawcunhaos.organization.api.dto.DayOfWeek	java.lang.invoke.MethodHandles$Lookup	jdk	java.base
br.com.sawcunhaos.organization.api.dto.DayOfWeek	java.lang.invoke.MethodType	jdk	java.base
br.com.sawcunhaos.organization.api.dto.DayOfWeek	java.lang.invoke.StringConcatFactory	jdk	java.base
br.com.sawcunhaos.organization.api.dto.Department	br.com.sawcunhaos.organization.api.dto.Department$DepartmentBuilder	interno	classes
br.com.sawcunhaos.organization.api.dto.Department	com.fasterxml.jackson.annotation.JsonProperty	externo	jackson-annotations-2.22.jar
br.com.sawcunhaos.organization.api.dto.Department	java.io.Serializable	jdk	java.base
br.com.sawcunhaos.organization.api.dto.Department	java.lang.Boolean	jdk	java.base
br.com.sawcunhaos.organization.api.dto.Department	java.lang.Class	jdk	java.base
br.com.sawcunhaos.organization.api.dto.Department	java.lang.Long	jdk	java.base
br.com.sawcunhaos.organization.api.dto.Department	java.lang.Object	jdk	java.base
br.com.sawcunhaos.organization.api.dto.Department	java.lang.Record	jdk	java.base
br.com.sawcunhaos.organization.api.dto.Department	java.lang.String	jdk	java.base
br.com.sawcunhaos.organization.api.dto.Department	java.lang.invoke.MethodHandle	jdk	java.base
br.com.sawcunhaos.organization.api.dto.Department	java.lang.invoke.MethodHandles	jdk	java.base
br.com.sawcunhaos.organization.api.dto.Department	java.lang.invoke.MethodHandles$Lookup	jdk	java.base
br.com.sawcunhaos.organization.api.dto.Department	java.lang.invoke.TypeDescriptor	jdk	java.base
br.com.sawcunhaos.organization.api.dto.Department	java.lang.runtime.ObjectMethods	jdk	java.base
br.com.sawcunhaos.organization.api.dto.Department	org.springframework.lang.Nullable	externo	spring-core-7.0.9.jar
br.com.sawcunhaos.organization.api.dto.Department$DepartmentBuilder	br.com.sawcunhaos.organization.api.dto.Department	interno	classes
br.com.sawcunhaos.organization.api.dto.Department$DepartmentBuilder	com.fasterxml.jackson.annotation.JsonProperty	externo	jackson-annotations-2.22.jar
br.com.sawcunhaos.organization.api.dto.Department$DepartmentBuilder	java.lang.Boolean	jdk	java.base
br.com.sawcunhaos.organization.api.dto.Department$DepartmentBuilder	java.lang.Long	jdk	java.base
br.com.sawcunhaos.organization.api.dto.Department$DepartmentBuilder	java.lang.Object	jdk	java.base
br.com.sawcunhaos.organization.api.dto.Department$DepartmentBuilder	java.lang.String	jdk	java.base
br.com.sawcunhaos.organization.api.dto.Department$DepartmentBuilder	java.lang.invoke.CallSite	jdk	java.base
br.com.sawcunhaos.organization.api.dto.Department$DepartmentBuilder	java.lang.invoke.MethodHandles	jdk	java.base
br.com.sawcunhaos.organization.api.dto.Department$DepartmentBuilder	java.lang.invoke.MethodHandles$Lookup	jdk	java.base
br.com.sawcunhaos.organization.api.dto.Department$DepartmentBuilder	java.lang.invoke.MethodType	jdk	java.base
br.com.sawcunhaos.organization.api.dto.Department$DepartmentBuilder	java.lang.invoke.StringConcatFactory	jdk	java.base
br.com.sawcunhaos.organization.api.dto.Department$DepartmentBuilder	org.springframework.lang.Nullable	externo	spring-core-7.0.9.jar
br.com.sawcunhaos.organization.api.dto.Direction	com.fasterxml.jackson.annotation.JsonCreator	externo	jackson-annotations-2.22.jar
br.com.sawcunhaos.organization.api.dto.Direction	com.fasterxml.jackson.annotation.JsonValue	externo	jackson-annotations-2.22.jar
br.com.sawcunhaos.organization.api.dto.Direction	java.io.Serializable	jdk	java.base
br.com.sawcunhaos.organization.api.dto.Direction	java.lang.Class	jdk	java.base
br.com.sawcunhaos.organization.api.dto.Direction	java.lang.Enum	jdk	java.base
br.com.sawcunhaos.organization.api.dto.Direction	java.lang.IllegalArgumentException	jdk	java.base
br.com.sawcunhaos.organization.api.dto.Direction	java.lang.Object	jdk	java.base
br.com.sawcunhaos.organization.api.dto.Direction	java.lang.String	jdk	java.base
br.com.sawcunhaos.organization.api.dto.Direction	java.lang.System	jdk	java.base
br.com.sawcunhaos.organization.api.dto.Direction	java.lang.invoke.CallSite	jdk	java.base
br.com.sawcunhaos.organization.api.dto.Direction	java.lang.invoke.MethodHandles	jdk	java.base
br.com.sawcunhaos.organization.api.dto.Direction	java.lang.invoke.MethodHandles$Lookup	jdk	java.base
br.com.sawcunhaos.organization.api.dto.Direction	java.lang.invoke.MethodType	jdk	java.base
br.com.sawcunhaos.organization.api.dto.Direction	java.lang.invoke.StringConcatFactory	jdk	java.base
br.com.sawcunhaos.organization.api.dto.Employee	br.com.sawcunhaos.organization.api.dto.Employee$EmployeeBuilder	interno	classes
br.com.sawcunhaos.organization.api.dto.Employee	br.com.sawcunhaos.organization.api.dto.EmployeeCompany	interno	classes
br.com.sawcunhaos.organization.api.dto.Employee	br.com.sawcunhaos.organization.api.dto.EmployeeContractType	interno	classes
br.com.sawcunhaos.organization.api.dto.Employee	br.com.sawcunhaos.organization.api.dto.EmployeeStatus	interno	classes
br.com.sawcunhaos.organization.api.dto.Employee	br.com.sawcunhaos.organization.api.dto.Position	interno	classes
br.com.sawcunhaos.organization.api.dto.Employee	br.com.sawcunhaos.organization.api.dto.Supervisor	interno	classes
br.com.sawcunhaos.organization.api.dto.Employee	com.fasterxml.jackson.annotation.JsonProperty	externo	jackson-annotations-2.22.jar
br.com.sawcunhaos.organization.api.dto.Employee	jakarta.validation.Valid	externo	jakarta.validation-api-3.1.1.jar
br.com.sawcunhaos.organization.api.dto.Employee	java.io.Serializable	jdk	java.base
br.com.sawcunhaos.organization.api.dto.Employee	java.lang.Class	jdk	java.base
br.com.sawcunhaos.organization.api.dto.Employee	java.lang.Long	jdk	java.base
br.com.sawcunhaos.organization.api.dto.Employee	java.lang.Object	jdk	java.base
br.com.sawcunhaos.organization.api.dto.Employee	java.lang.Record	jdk	java.base
br.com.sawcunhaos.organization.api.dto.Employee	java.lang.String	jdk	java.base
br.com.sawcunhaos.organization.api.dto.Employee	java.lang.invoke.MethodHandle	jdk	java.base
br.com.sawcunhaos.organization.api.dto.Employee	java.lang.invoke.MethodHandles	jdk	java.base
br.com.sawcunhaos.organization.api.dto.Employee	java.lang.invoke.MethodHandles$Lookup	jdk	java.base
br.com.sawcunhaos.organization.api.dto.Employee	java.lang.invoke.TypeDescriptor	jdk	java.base
br.com.sawcunhaos.organization.api.dto.Employee	java.lang.runtime.ObjectMethods	jdk	java.base
br.com.sawcunhaos.organization.api.dto.Employee	java.time.LocalDate	jdk	java.base
br.com.sawcunhaos.organization.api.dto.Employee	org.springframework.format.annotation.DateTimeFormat	externo	spring-context-7.0.9.jar
br.com.sawcunhaos.organization.api.dto.Employee	org.springframework.lang.Nullable	externo	spring-core-7.0.9.jar
br.com.sawcunhaos.organization.api.dto.Employee$EmployeeBuilder	br.com.sawcunhaos.organization.api.dto.Employee	interno	classes
br.com.sawcunhaos.organization.api.dto.Employee$EmployeeBuilder	br.com.sawcunhaos.organization.api.dto.EmployeeCompany	interno	classes
br.com.sawcunhaos.organization.api.dto.Employee$EmployeeBuilder	br.com.sawcunhaos.organization.api.dto.EmployeeContractType	interno	classes
br.com.sawcunhaos.organization.api.dto.Employee$EmployeeBuilder	br.com.sawcunhaos.organization.api.dto.EmployeeStatus	interno	classes
br.com.sawcunhaos.organization.api.dto.Employee$EmployeeBuilder	br.com.sawcunhaos.organization.api.dto.Position	interno	classes
br.com.sawcunhaos.organization.api.dto.Employee$EmployeeBuilder	br.com.sawcunhaos.organization.api.dto.Supervisor	interno	classes
br.com.sawcunhaos.organization.api.dto.Employee$EmployeeBuilder	com.fasterxml.jackson.annotation.JsonProperty	externo	jackson-annotations-2.22.jar
br.com.sawcunhaos.organization.api.dto.Employee$EmployeeBuilder	java.lang.Long	jdk	java.base
br.com.sawcunhaos.organization.api.dto.Employee$EmployeeBuilder	java.lang.Object	jdk	java.base
br.com.sawcunhaos.organization.api.dto.Employee$EmployeeBuilder	java.lang.String	jdk	java.base
br.com.sawcunhaos.organization.api.dto.Employee$EmployeeBuilder	java.lang.invoke.CallSite	jdk	java.base
br.com.sawcunhaos.organization.api.dto.Employee$EmployeeBuilder	java.lang.invoke.MethodHandles	jdk	java.base
br.com.sawcunhaos.organization.api.dto.Employee$EmployeeBuilder	java.lang.invoke.MethodHandles$Lookup	jdk	java.base
br.com.sawcunhaos.organization.api.dto.Employee$EmployeeBuilder	java.lang.invoke.MethodType	jdk	java.base
br.com.sawcunhaos.organization.api.dto.Employee$EmployeeBuilder	java.lang.invoke.StringConcatFactory	jdk	java.base
br.com.sawcunhaos.organization.api.dto.Employee$EmployeeBuilder	java.time.LocalDate	jdk	java.base
br.com.sawcunhaos.organization.api.dto.Employee$EmployeeBuilder	org.springframework.lang.Nullable	externo	spring-core-7.0.9.jar
br.com.sawcunhaos.organization.api.dto.EmployeeAddress	br.com.sawcunhaos.organization.api.dto.EmployeeAddress$EmployeeAddressBuilder	interno	classes
br.com.sawcunhaos.organization.api.dto.EmployeeAddress	com.fasterxml.jackson.annotation.JsonProperty	externo	jackson-annotations-2.22.jar
br.com.sawcunhaos.organization.api.dto.EmployeeAddress	java.io.Serializable	jdk	java.base
br.com.sawcunhaos.organization.api.dto.EmployeeAddress	java.lang.Class	jdk	java.base
br.com.sawcunhaos.organization.api.dto.EmployeeAddress	java.lang.Integer	jdk	java.base
br.com.sawcunhaos.organization.api.dto.EmployeeAddress	java.lang.Long	jdk	java.base
br.com.sawcunhaos.organization.api.dto.EmployeeAddress	java.lang.Object	jdk	java.base
br.com.sawcunhaos.organization.api.dto.EmployeeAddress	java.lang.Record	jdk	java.base
br.com.sawcunhaos.organization.api.dto.EmployeeAddress	java.lang.String	jdk	java.base
br.com.sawcunhaos.organization.api.dto.EmployeeAddress	java.lang.invoke.MethodHandle	jdk	java.base
br.com.sawcunhaos.organization.api.dto.EmployeeAddress	java.lang.invoke.MethodHandles	jdk	java.base
br.com.sawcunhaos.organization.api.dto.EmployeeAddress	java.lang.invoke.MethodHandles$Lookup	jdk	java.base
br.com.sawcunhaos.organization.api.dto.EmployeeAddress	java.lang.invoke.TypeDescriptor	jdk	java.base
br.com.sawcunhaos.organization.api.dto.EmployeeAddress	java.lang.runtime.ObjectMethods	jdk	java.base
br.com.sawcunhaos.organization.api.dto.EmployeeAddress$EmployeeAddressBuilder	br.com.sawcunhaos.organization.api.dto.EmployeeAddress	interno	classes
br.com.sawcunhaos.organization.api.dto.EmployeeAddress$EmployeeAddressBuilder	com.fasterxml.jackson.annotation.JsonProperty	externo	jackson-annotations-2.22.jar
br.com.sawcunhaos.organization.api.dto.EmployeeAddress$EmployeeAddressBuilder	java.lang.Integer	jdk	java.base
br.com.sawcunhaos.organization.api.dto.EmployeeAddress$EmployeeAddressBuilder	java.lang.Long	jdk	java.base
br.com.sawcunhaos.organization.api.dto.EmployeeAddress$EmployeeAddressBuilder	java.lang.Object	jdk	java.base
br.com.sawcunhaos.organization.api.dto.EmployeeAddress$EmployeeAddressBuilder	java.lang.String	jdk	java.base
br.com.sawcunhaos.organization.api.dto.EmployeeAddress$EmployeeAddressBuilder	java.lang.invoke.CallSite	jdk	java.base
br.com.sawcunhaos.organization.api.dto.EmployeeAddress$EmployeeAddressBuilder	java.lang.invoke.MethodHandles	jdk	java.base
br.com.sawcunhaos.organization.api.dto.EmployeeAddress$EmployeeAddressBuilder	java.lang.invoke.MethodHandles$Lookup	jdk	java.base
br.com.sawcunhaos.organization.api.dto.EmployeeAddress$EmployeeAddressBuilder	java.lang.invoke.MethodType	jdk	java.base
br.com.sawcunhaos.organization.api.dto.EmployeeAddress$EmployeeAddressBuilder	java.lang.invoke.StringConcatFactory	jdk	java.base
br.com.sawcunhaos.organization.api.dto.EmployeeAddresses	br.com.sawcunhaos.organization.api.dto.EmployeeAddresses$EmployeeAddressesBuilder	interno	classes
br.com.sawcunhaos.organization.api.dto.EmployeeAddresses	com.fasterxml.jackson.annotation.JsonProperty	externo	jackson-annotations-2.22.jar
br.com.sawcunhaos.organization.api.dto.EmployeeAddresses	java.io.Serializable	jdk	java.base
br.com.sawcunhaos.organization.api.dto.EmployeeAddresses	java.lang.Class	jdk	java.base
br.com.sawcunhaos.organization.api.dto.EmployeeAddresses	java.lang.Integer	jdk	java.base
br.com.sawcunhaos.organization.api.dto.EmployeeAddresses	java.lang.Long	jdk	java.base
br.com.sawcunhaos.organization.api.dto.EmployeeAddresses	java.lang.Object	jdk	java.base
br.com.sawcunhaos.organization.api.dto.EmployeeAddresses	java.lang.Record	jdk	java.base
br.com.sawcunhaos.organization.api.dto.EmployeeAddresses	java.lang.String	jdk	java.base
br.com.sawcunhaos.organization.api.dto.EmployeeAddresses	java.lang.invoke.MethodHandle	jdk	java.base
br.com.sawcunhaos.organization.api.dto.EmployeeAddresses	java.lang.invoke.MethodHandles	jdk	java.base
br.com.sawcunhaos.organization.api.dto.EmployeeAddresses	java.lang.invoke.MethodHandles$Lookup	jdk	java.base
br.com.sawcunhaos.organization.api.dto.EmployeeAddresses	java.lang.invoke.TypeDescriptor	jdk	java.base
br.com.sawcunhaos.organization.api.dto.EmployeeAddresses	java.lang.runtime.ObjectMethods	jdk	java.base
br.com.sawcunhaos.organization.api.dto.EmployeeAddresses$EmployeeAddressesBuilder	br.com.sawcunhaos.organization.api.dto.EmployeeAddresses	interno	classes
br.com.sawcunhaos.organization.api.dto.EmployeeAddresses$EmployeeAddressesBuilder	com.fasterxml.jackson.annotation.JsonProperty	externo	jackson-annotations-2.22.jar
br.com.sawcunhaos.organization.api.dto.EmployeeAddresses$EmployeeAddressesBuilder	java.lang.Integer	jdk	java.base
br.com.sawcunhaos.organization.api.dto.EmployeeAddresses$EmployeeAddressesBuilder	java.lang.Long	jdk	java.base
br.com.sawcunhaos.organization.api.dto.EmployeeAddresses$EmployeeAddressesBuilder	java.lang.Object	jdk	java.base
br.com.sawcunhaos.organization.api.dto.EmployeeAddresses$EmployeeAddressesBuilder	java.lang.String	jdk	java.base
br.com.sawcunhaos.organization.api.dto.EmployeeAddresses$EmployeeAddressesBuilder	java.lang.invoke.CallSite	jdk	java.base
br.com.sawcunhaos.organization.api.dto.EmployeeAddresses$EmployeeAddressesBuilder	java.lang.invoke.MethodHandles	jdk	java.base
br.com.sawcunhaos.organization.api.dto.EmployeeAddresses$EmployeeAddressesBuilder	java.lang.invoke.MethodHandles$Lookup	jdk	java.base
br.com.sawcunhaos.organization.api.dto.EmployeeAddresses$EmployeeAddressesBuilder	java.lang.invoke.MethodType	jdk	java.base
br.com.sawcunhaos.organization.api.dto.EmployeeAddresses$EmployeeAddressesBuilder	java.lang.invoke.StringConcatFactory	jdk	java.base
br.com.sawcunhaos.organization.api.dto.EmployeeCompany	br.com.sawcunhaos.organization.api.dto.EmployeeCompany$EmployeeCompanyBuilder	interno	classes
br.com.sawcunhaos.organization.api.dto.EmployeeCompany	com.fasterxml.jackson.annotation.JsonProperty	externo	jackson-annotations-2.22.jar
br.com.sawcunhaos.organization.api.dto.EmployeeCompany	java.io.Serializable	jdk	java.base
br.com.sawcunhaos.organization.api.dto.EmployeeCompany	java.lang.Class	jdk	java.base
br.com.sawcunhaos.organization.api.dto.EmployeeCompany	java.lang.Long	jdk	java.base
br.com.sawcunhaos.organization.api.dto.EmployeeCompany	java.lang.Object	jdk	java.base
br.com.sawcunhaos.organization.api.dto.EmployeeCompany	java.lang.Record	jdk	java.base
br.com.sawcunhaos.organization.api.dto.EmployeeCompany	java.lang.String	jdk	java.base
br.com.sawcunhaos.organization.api.dto.EmployeeCompany	java.lang.invoke.MethodHandle	jdk	java.base
br.com.sawcunhaos.organization.api.dto.EmployeeCompany	java.lang.invoke.MethodHandles	jdk	java.base
br.com.sawcunhaos.organization.api.dto.EmployeeCompany	java.lang.invoke.MethodHandles$Lookup	jdk	java.base
br.com.sawcunhaos.organization.api.dto.EmployeeCompany	java.lang.invoke.TypeDescriptor	jdk	java.base
br.com.sawcunhaos.organization.api.dto.EmployeeCompany	java.lang.runtime.ObjectMethods	jdk	java.base
br.com.sawcunhaos.organization.api.dto.EmployeeCompany$EmployeeCompanyBuilder	br.com.sawcunhaos.organization.api.dto.EmployeeCompany	interno	classes
br.com.sawcunhaos.organization.api.dto.EmployeeCompany$EmployeeCompanyBuilder	com.fasterxml.jackson.annotation.JsonProperty	externo	jackson-annotations-2.22.jar
br.com.sawcunhaos.organization.api.dto.EmployeeCompany$EmployeeCompanyBuilder	java.lang.Long	jdk	java.base
br.com.sawcunhaos.organization.api.dto.EmployeeCompany$EmployeeCompanyBuilder	java.lang.Object	jdk	java.base
br.com.sawcunhaos.organization.api.dto.EmployeeCompany$EmployeeCompanyBuilder	java.lang.String	jdk	java.base
br.com.sawcunhaos.organization.api.dto.EmployeeCompany$EmployeeCompanyBuilder	java.lang.invoke.CallSite	jdk	java.base
br.com.sawcunhaos.organization.api.dto.EmployeeCompany$EmployeeCompanyBuilder	java.lang.invoke.MethodHandles	jdk	java.base
br.com.sawcunhaos.organization.api.dto.EmployeeCompany$EmployeeCompanyBuilder	java.lang.invoke.MethodHandles$Lookup	jdk	java.base
br.com.sawcunhaos.organization.api.dto.EmployeeCompany$EmployeeCompanyBuilder	java.lang.invoke.MethodType	jdk	java.base
br.com.sawcunhaos.organization.api.dto.EmployeeCompany$EmployeeCompanyBuilder	java.lang.invoke.StringConcatFactory	jdk	java.base
br.com.sawcunhaos.organization.api.dto.EmployeeContact	br.com.sawcunhaos.organization.api.dto.EmployeeContact$EmployeeContactBuilder	interno	classes
br.com.sawcunhaos.organization.api.dto.EmployeeContact	com.fasterxml.jackson.annotation.JsonProperty	externo	jackson-annotations-2.22.jar
br.com.sawcunhaos.organization.api.dto.EmployeeContact	java.io.Serializable	jdk	java.base
br.com.sawcunhaos.organization.api.dto.EmployeeContact	java.lang.Class	jdk	java.base
br.com.sawcunhaos.organization.api.dto.EmployeeContact	java.lang.Long	jdk	java.base
br.com.sawcunhaos.organization.api.dto.EmployeeContact	java.lang.Object	jdk	java.base
br.com.sawcunhaos.organization.api.dto.EmployeeContact	java.lang.Record	jdk	java.base
br.com.sawcunhaos.organization.api.dto.EmployeeContact	java.lang.String	jdk	java.base
br.com.sawcunhaos.organization.api.dto.EmployeeContact	java.lang.invoke.MethodHandle	jdk	java.base
br.com.sawcunhaos.organization.api.dto.EmployeeContact	java.lang.invoke.MethodHandles	jdk	java.base
br.com.sawcunhaos.organization.api.dto.EmployeeContact	java.lang.invoke.MethodHandles$Lookup	jdk	java.base
br.com.sawcunhaos.organization.api.dto.EmployeeContact	java.lang.invoke.TypeDescriptor	jdk	java.base
br.com.sawcunhaos.organization.api.dto.EmployeeContact	java.lang.runtime.ObjectMethods	jdk	java.base
br.com.sawcunhaos.organization.api.dto.EmployeeContact$EmployeeContactBuilder	br.com.sawcunhaos.organization.api.dto.EmployeeContact	interno	classes
br.com.sawcunhaos.organization.api.dto.EmployeeContact$EmployeeContactBuilder	com.fasterxml.jackson.annotation.JsonProperty	externo	jackson-annotations-2.22.jar
br.com.sawcunhaos.organization.api.dto.EmployeeContact$EmployeeContactBuilder	java.lang.Long	jdk	java.base
br.com.sawcunhaos.organization.api.dto.EmployeeContact$EmployeeContactBuilder	java.lang.Object	jdk	java.base
br.com.sawcunhaos.organization.api.dto.EmployeeContact$EmployeeContactBuilder	java.lang.String	jdk	java.base
br.com.sawcunhaos.organization.api.dto.EmployeeContact$EmployeeContactBuilder	java.lang.invoke.CallSite	jdk	java.base
br.com.sawcunhaos.organization.api.dto.EmployeeContact$EmployeeContactBuilder	java.lang.invoke.MethodHandles	jdk	java.base
br.com.sawcunhaos.organization.api.dto.EmployeeContact$EmployeeContactBuilder	java.lang.invoke.MethodHandles$Lookup	jdk	java.base
br.com.sawcunhaos.organization.api.dto.EmployeeContact$EmployeeContactBuilder	java.lang.invoke.MethodType	jdk	java.base
br.com.sawcunhaos.organization.api.dto.EmployeeContact$EmployeeContactBuilder	java.lang.invoke.StringConcatFactory	jdk	java.base
br.com.sawcunhaos.organization.api.dto.EmployeeContractType	com.fasterxml.jackson.annotation.JsonCreator	externo	jackson-annotations-2.22.jar
br.com.sawcunhaos.organization.api.dto.EmployeeContractType	com.fasterxml.jackson.annotation.JsonValue	externo	jackson-annotations-2.22.jar
br.com.sawcunhaos.organization.api.dto.EmployeeContractType	java.io.Serializable	jdk	java.base
br.com.sawcunhaos.organization.api.dto.EmployeeContractType	java.lang.Class	jdk	java.base
br.com.sawcunhaos.organization.api.dto.EmployeeContractType	java.lang.Enum	jdk	java.base
br.com.sawcunhaos.organization.api.dto.EmployeeContractType	java.lang.IllegalArgumentException	jdk	java.base
br.com.sawcunhaos.organization.api.dto.EmployeeContractType	java.lang.Object	jdk	java.base
br.com.sawcunhaos.organization.api.dto.EmployeeContractType	java.lang.String	jdk	java.base
br.com.sawcunhaos.organization.api.dto.EmployeeContractType	java.lang.System	jdk	java.base
br.com.sawcunhaos.organization.api.dto.EmployeeContractType	java.lang.invoke.CallSite	jdk	java.base
br.com.sawcunhaos.organization.api.dto.EmployeeContractType	java.lang.invoke.MethodHandles	jdk	java.base
br.com.sawcunhaos.organization.api.dto.EmployeeContractType	java.lang.invoke.MethodHandles$Lookup	jdk	java.base
br.com.sawcunhaos.organization.api.dto.EmployeeContractType	java.lang.invoke.MethodType	jdk	java.base
br.com.sawcunhaos.organization.api.dto.EmployeeContractType	java.lang.invoke.StringConcatFactory	jdk	java.base
br.com.sawcunhaos.organization.api.dto.EmployeeHierarchyNode	br.com.sawcunhaos.organization.api.dto.EmployeeHierarchyNode$EmployeeHierarchyNodeBuilder	interno	classes
br.com.sawcunhaos.organization.api.dto.EmployeeHierarchyNode	com.fasterxml.jackson.annotation.JsonProperty	externo	jackson-annotations-2.22.jar
br.com.sawcunhaos.organization.api.dto.EmployeeHierarchyNode	jakarta.validation.Valid	externo	jakarta.validation-api-3.1.1.jar
br.com.sawcunhaos.organization.api.dto.EmployeeHierarchyNode	java.io.Serializable	jdk	java.base
br.com.sawcunhaos.organization.api.dto.EmployeeHierarchyNode	java.lang.Class	jdk	java.base
br.com.sawcunhaos.organization.api.dto.EmployeeHierarchyNode	java.lang.Long	jdk	java.base
br.com.sawcunhaos.organization.api.dto.EmployeeHierarchyNode	java.lang.Object	jdk	java.base
br.com.sawcunhaos.organization.api.dto.EmployeeHierarchyNode	java.lang.Record	jdk	java.base
br.com.sawcunhaos.organization.api.dto.EmployeeHierarchyNode	java.lang.String	jdk	java.base
br.com.sawcunhaos.organization.api.dto.EmployeeHierarchyNode	java.lang.invoke.MethodHandle	jdk	java.base
br.com.sawcunhaos.organization.api.dto.EmployeeHierarchyNode	java.lang.invoke.MethodHandles	jdk	java.base
br.com.sawcunhaos.organization.api.dto.EmployeeHierarchyNode	java.lang.invoke.MethodHandles$Lookup	jdk	java.base
br.com.sawcunhaos.organization.api.dto.EmployeeHierarchyNode	java.lang.invoke.TypeDescriptor	jdk	java.base
br.com.sawcunhaos.organization.api.dto.EmployeeHierarchyNode	java.lang.runtime.ObjectMethods	jdk	java.base
br.com.sawcunhaos.organization.api.dto.EmployeeHierarchyNode$EmployeeHierarchyNodeBuilder	br.com.sawcunhaos.organization.api.dto.EmployeeHierarchyNode	interno	classes
br.com.sawcunhaos.organization.api.dto.EmployeeHierarchyNode$EmployeeHierarchyNodeBuilder	com.fasterxml.jackson.annotation.JsonProperty	externo	jackson-annotations-2.22.jar
br.com.sawcunhaos.organization.api.dto.EmployeeHierarchyNode$EmployeeHierarchyNodeBuilder	java.lang.Long	jdk	java.base
br.com.sawcunhaos.organization.api.dto.EmployeeHierarchyNode$EmployeeHierarchyNodeBuilder	java.lang.Object	jdk	java.base
br.com.sawcunhaos.organization.api.dto.EmployeeHierarchyNode$EmployeeHierarchyNodeBuilder	java.lang.String	jdk	java.base
br.com.sawcunhaos.organization.api.dto.EmployeeHierarchyNode$EmployeeHierarchyNodeBuilder	java.lang.invoke.CallSite	jdk	java.base
br.com.sawcunhaos.organization.api.dto.EmployeeHierarchyNode$EmployeeHierarchyNodeBuilder	java.lang.invoke.MethodHandles	jdk	java.base
br.com.sawcunhaos.organization.api.dto.EmployeeHierarchyNode$EmployeeHierarchyNodeBuilder	java.lang.invoke.MethodHandles$Lookup	jdk	java.base
br.com.sawcunhaos.organization.api.dto.EmployeeHierarchyNode$EmployeeHierarchyNodeBuilder	java.lang.invoke.MethodType	jdk	java.base
br.com.sawcunhaos.organization.api.dto.EmployeeHierarchyNode$EmployeeHierarchyNodeBuilder	java.lang.invoke.StringConcatFactory	jdk	java.base
br.com.sawcunhaos.organization.api.dto.EmployeePositionHistory	br.com.sawcunhaos.organization.api.dto.EmployeePositionHistory$EmployeePositionHistoryBuilder	interno	classes
br.com.sawcunhaos.organization.api.dto.EmployeePositionHistory	com.fasterxml.jackson.annotation.JsonProperty	externo	jackson-annotations-2.22.jar
br.com.sawcunhaos.organization.api.dto.EmployeePositionHistory	jakarta.validation.Valid	externo	jakarta.validation-api-3.1.1.jar
br.com.sawcunhaos.organization.api.dto.EmployeePositionHistory	java.io.Serializable	jdk	java.base
br.com.sawcunhaos.organization.api.dto.EmployeePositionHistory	java.lang.Class	jdk	java.base
br.com.sawcunhaos.organization.api.dto.EmployeePositionHistory	java.lang.Long	jdk	java.base
br.com.sawcunhaos.organization.api.dto.EmployeePositionHistory	java.lang.Object	jdk	java.base
br.com.sawcunhaos.organization.api.dto.EmployeePositionHistory	java.lang.Record	jdk	java.base
br.com.sawcunhaos.organization.api.dto.EmployeePositionHistory	java.lang.String	jdk	java.base
br.com.sawcunhaos.organization.api.dto.EmployeePositionHistory	java.lang.invoke.MethodHandle	jdk	java.base
br.com.sawcunhaos.organization.api.dto.EmployeePositionHistory	java.lang.invoke.MethodHandles	jdk	java.base
br.com.sawcunhaos.organization.api.dto.EmployeePositionHistory	java.lang.invoke.MethodHandles$Lookup	jdk	java.base
br.com.sawcunhaos.organization.api.dto.EmployeePositionHistory	java.lang.invoke.TypeDescriptor	jdk	java.base
br.com.sawcunhaos.organization.api.dto.EmployeePositionHistory	java.lang.runtime.ObjectMethods	jdk	java.base
br.com.sawcunhaos.organization.api.dto.EmployeePositionHistory	java.time.LocalDate	jdk	java.base
br.com.sawcunhaos.organization.api.dto.EmployeePositionHistory	java.time.OffsetDateTime	jdk	java.base
br.com.sawcunhaos.organization.api.dto.EmployeePositionHistory	org.springframework.format.annotation.DateTimeFormat	externo	spring-context-7.0.9.jar
br.com.sawcunhaos.organization.api.dto.EmployeePositionHistory	org.springframework.format.annotation.DateTimeFormat$ISO	externo	spring-context-7.0.9.jar
br.com.sawcunhaos.organization.api.dto.EmployeePositionHistory	org.springframework.lang.Nullable	externo	spring-core-7.0.9.jar
br.com.sawcunhaos.organization.api.dto.EmployeePositionHistory$EmployeePositionHistoryBuilder	br.com.sawcunhaos.organization.api.dto.EmployeePositionHistory	interno	classes
br.com.sawcunhaos.organization.api.dto.EmployeePositionHistory$EmployeePositionHistoryBuilder	com.fasterxml.jackson.annotation.JsonProperty	externo	jackson-annotations-2.22.jar
br.com.sawcunhaos.organization.api.dto.EmployeePositionHistory$EmployeePositionHistoryBuilder	java.lang.Long	jdk	java.base
br.com.sawcunhaos.organization.api.dto.EmployeePositionHistory$EmployeePositionHistoryBuilder	java.lang.Object	jdk	java.base
br.com.sawcunhaos.organization.api.dto.EmployeePositionHistory$EmployeePositionHistoryBuilder	java.lang.String	jdk	java.base
br.com.sawcunhaos.organization.api.dto.EmployeePositionHistory$EmployeePositionHistoryBuilder	java.lang.invoke.CallSite	jdk	java.base
br.com.sawcunhaos.organization.api.dto.EmployeePositionHistory$EmployeePositionHistoryBuilder	java.lang.invoke.MethodHandles	jdk	java.base
br.com.sawcunhaos.organization.api.dto.EmployeePositionHistory$EmployeePositionHistoryBuilder	java.lang.invoke.MethodHandles$Lookup	jdk	java.base
br.com.sawcunhaos.organization.api.dto.EmployeePositionHistory$EmployeePositionHistoryBuilder	java.lang.invoke.MethodType	jdk	java.base
br.com.sawcunhaos.organization.api.dto.EmployeePositionHistory$EmployeePositionHistoryBuilder	java.lang.invoke.StringConcatFactory	jdk	java.base
br.com.sawcunhaos.organization.api.dto.EmployeePositionHistory$EmployeePositionHistoryBuilder	java.time.LocalDate	jdk	java.base
br.com.sawcunhaos.organization.api.dto.EmployeePositionHistory$EmployeePositionHistoryBuilder	java.time.OffsetDateTime	jdk	java.base
br.com.sawcunhaos.organization.api.dto.EmployeePositionHistory$EmployeePositionHistoryBuilder	org.springframework.lang.Nullable	externo	spring-core-7.0.9.jar
br.com.sawcunhaos.organization.api.dto.EmployeeStatus	com.fasterxml.jackson.annotation.JsonCreator	externo	jackson-annotations-2.22.jar
br.com.sawcunhaos.organization.api.dto.EmployeeStatus	com.fasterxml.jackson.annotation.JsonValue	externo	jackson-annotations-2.22.jar
br.com.sawcunhaos.organization.api.dto.EmployeeStatus	java.io.Serializable	jdk	java.base
br.com.sawcunhaos.organization.api.dto.EmployeeStatus	java.lang.Class	jdk	java.base
br.com.sawcunhaos.organization.api.dto.EmployeeStatus	java.lang.Enum	jdk	java.base
br.com.sawcunhaos.organization.api.dto.EmployeeStatus	java.lang.IllegalArgumentException	jdk	java.base
br.com.sawcunhaos.organization.api.dto.EmployeeStatus	java.lang.Object	jdk	java.base
br.com.sawcunhaos.organization.api.dto.EmployeeStatus	java.lang.String	jdk	java.base
br.com.sawcunhaos.organization.api.dto.EmployeeStatus	java.lang.System	jdk	java.base
br.com.sawcunhaos.organization.api.dto.EmployeeStatus	java.lang.invoke.CallSite	jdk	java.base
br.com.sawcunhaos.organization.api.dto.EmployeeStatus	java.lang.invoke.MethodHandles	jdk	java.base
br.com.sawcunhaos.organization.api.dto.EmployeeStatus	java.lang.invoke.MethodHandles$Lookup	jdk	java.base
br.com.sawcunhaos.organization.api.dto.EmployeeStatus	java.lang.invoke.MethodType	jdk	java.base
br.com.sawcunhaos.organization.api.dto.EmployeeStatus	java.lang.invoke.StringConcatFactory	jdk	java.base
br.com.sawcunhaos.organization.api.dto.EmployeeStatusHistory	br.com.sawcunhaos.organization.api.dto.EmployeeStatus	interno	classes
br.com.sawcunhaos.organization.api.dto.EmployeeStatusHistory	br.com.sawcunhaos.organization.api.dto.EmployeeStatusHistory$EmployeeStatusHistoryBuilder	interno	classes
br.com.sawcunhaos.organization.api.dto.EmployeeStatusHistory	com.fasterxml.jackson.annotation.JsonProperty	externo	jackson-annotations-2.22.jar
br.com.sawcunhaos.organization.api.dto.EmployeeStatusHistory	jakarta.validation.Valid	externo	jakarta.validation-api-3.1.1.jar
br.com.sawcunhaos.organization.api.dto.EmployeeStatusHistory	java.io.Serializable	jdk	java.base
br.com.sawcunhaos.organization.api.dto.EmployeeStatusHistory	java.lang.Class	jdk	java.base
br.com.sawcunhaos.organization.api.dto.EmployeeStatusHistory	java.lang.Long	jdk	java.base
br.com.sawcunhaos.organization.api.dto.EmployeeStatusHistory	java.lang.Object	jdk	java.base
br.com.sawcunhaos.organization.api.dto.EmployeeStatusHistory	java.lang.Record	jdk	java.base
br.com.sawcunhaos.organization.api.dto.EmployeeStatusHistory	java.lang.String	jdk	java.base
br.com.sawcunhaos.organization.api.dto.EmployeeStatusHistory	java.lang.invoke.MethodHandle	jdk	java.base
br.com.sawcunhaos.organization.api.dto.EmployeeStatusHistory	java.lang.invoke.MethodHandles	jdk	java.base
br.com.sawcunhaos.organization.api.dto.EmployeeStatusHistory	java.lang.invoke.MethodHandles$Lookup	jdk	java.base
br.com.sawcunhaos.organization.api.dto.EmployeeStatusHistory	java.lang.invoke.TypeDescriptor	jdk	java.base
br.com.sawcunhaos.organization.api.dto.EmployeeStatusHistory	java.lang.runtime.ObjectMethods	jdk	java.base
br.com.sawcunhaos.organization.api.dto.EmployeeStatusHistory	java.time.OffsetDateTime	jdk	java.base
br.com.sawcunhaos.organization.api.dto.EmployeeStatusHistory	org.springframework.format.annotation.DateTimeFormat	externo	spring-context-7.0.9.jar
br.com.sawcunhaos.organization.api.dto.EmployeeStatusHistory	org.springframework.format.annotation.DateTimeFormat$ISO	externo	spring-context-7.0.9.jar
br.com.sawcunhaos.organization.api.dto.EmployeeStatusHistory	org.springframework.lang.Nullable	externo	spring-core-7.0.9.jar
br.com.sawcunhaos.organization.api.dto.EmployeeStatusHistory$EmployeeStatusHistoryBuilder	br.com.sawcunhaos.organization.api.dto.EmployeeStatus	interno	classes
br.com.sawcunhaos.organization.api.dto.EmployeeStatusHistory$EmployeeStatusHistoryBuilder	br.com.sawcunhaos.organization.api.dto.EmployeeStatusHistory	interno	classes
br.com.sawcunhaos.organization.api.dto.EmployeeStatusHistory$EmployeeStatusHistoryBuilder	com.fasterxml.jackson.annotation.JsonProperty	externo	jackson-annotations-2.22.jar
br.com.sawcunhaos.organization.api.dto.EmployeeStatusHistory$EmployeeStatusHistoryBuilder	java.lang.Long	jdk	java.base
br.com.sawcunhaos.organization.api.dto.EmployeeStatusHistory$EmployeeStatusHistoryBuilder	java.lang.Object	jdk	java.base
br.com.sawcunhaos.organization.api.dto.EmployeeStatusHistory$EmployeeStatusHistoryBuilder	java.lang.String	jdk	java.base
br.com.sawcunhaos.organization.api.dto.EmployeeStatusHistory$EmployeeStatusHistoryBuilder	java.lang.invoke.CallSite	jdk	java.base
br.com.sawcunhaos.organization.api.dto.EmployeeStatusHistory$EmployeeStatusHistoryBuilder	java.lang.invoke.MethodHandles	jdk	java.base
br.com.sawcunhaos.organization.api.dto.EmployeeStatusHistory$EmployeeStatusHistoryBuilder	java.lang.invoke.MethodHandles$Lookup	jdk	java.base
br.com.sawcunhaos.organization.api.dto.EmployeeStatusHistory$EmployeeStatusHistoryBuilder	java.lang.invoke.MethodType	jdk	java.base
br.com.sawcunhaos.organization.api.dto.EmployeeStatusHistory$EmployeeStatusHistoryBuilder	java.lang.invoke.StringConcatFactory	jdk	java.base
br.com.sawcunhaos.organization.api.dto.EmployeeStatusHistory$EmployeeStatusHistoryBuilder	java.time.OffsetDateTime	jdk	java.base
br.com.sawcunhaos.organization.api.dto.EmployeeStatusHistory$EmployeeStatusHistoryBuilder	org.springframework.lang.Nullable	externo	spring-core-7.0.9.jar
br.com.sawcunhaos.organization.api.dto.EmployeeStatusTransitionRequest	br.com.sawcunhaos.organization.api.dto.EmployeeStatusTransitionRequest$EmployeeStatusTransitionRequestBuilder	interno	classes
br.com.sawcunhaos.organization.api.dto.EmployeeStatusTransitionRequest	com.fasterxml.jackson.annotation.JsonProperty	externo	jackson-annotations-2.22.jar
br.com.sawcunhaos.organization.api.dto.EmployeeStatusTransitionRequest	jakarta.validation.Valid	externo	jakarta.validation-api-3.1.1.jar
br.com.sawcunhaos.organization.api.dto.EmployeeStatusTransitionRequest	jakarta.validation.constraints.NotNull	externo	jakarta.validation-api-3.1.1.jar
br.com.sawcunhaos.organization.api.dto.EmployeeStatusTransitionRequest	java.io.Serializable	jdk	java.base
br.com.sawcunhaos.organization.api.dto.EmployeeStatusTransitionRequest	java.lang.Class	jdk	java.base
br.com.sawcunhaos.organization.api.dto.EmployeeStatusTransitionRequest	java.lang.Long	jdk	java.base
br.com.sawcunhaos.organization.api.dto.EmployeeStatusTransitionRequest	java.lang.Object	jdk	java.base
br.com.sawcunhaos.organization.api.dto.EmployeeStatusTransitionRequest	java.lang.Record	jdk	java.base
br.com.sawcunhaos.organization.api.dto.EmployeeStatusTransitionRequest	java.lang.String	jdk	java.base
br.com.sawcunhaos.organization.api.dto.EmployeeStatusTransitionRequest	java.lang.invoke.MethodHandle	jdk	java.base
br.com.sawcunhaos.organization.api.dto.EmployeeStatusTransitionRequest	java.lang.invoke.MethodHandles	jdk	java.base
br.com.sawcunhaos.organization.api.dto.EmployeeStatusTransitionRequest	java.lang.invoke.MethodHandles$Lookup	jdk	java.base
br.com.sawcunhaos.organization.api.dto.EmployeeStatusTransitionRequest	java.lang.invoke.TypeDescriptor	jdk	java.base
br.com.sawcunhaos.organization.api.dto.EmployeeStatusTransitionRequest	java.lang.runtime.ObjectMethods	jdk	java.base
br.com.sawcunhaos.organization.api.dto.EmployeeStatusTransitionRequest	java.time.LocalDate	jdk	java.base
br.com.sawcunhaos.organization.api.dto.EmployeeStatusTransitionRequest	org.springframework.format.annotation.DateTimeFormat	externo	spring-context-7.0.9.jar
br.com.sawcunhaos.organization.api.dto.EmployeeStatusTransitionRequest$EmployeeStatusTransitionRequestBuilder	br.com.sawcunhaos.organization.api.dto.EmployeeStatusTransitionRequest	interno	classes
br.com.sawcunhaos.organization.api.dto.EmployeeStatusTransitionRequest$EmployeeStatusTransitionRequestBuilder	com.fasterxml.jackson.annotation.JsonProperty	externo	jackson-annotations-2.22.jar
br.com.sawcunhaos.organization.api.dto.EmployeeStatusTransitionRequest$EmployeeStatusTransitionRequestBuilder	java.lang.Long	jdk	java.base
br.com.sawcunhaos.organization.api.dto.EmployeeStatusTransitionRequest$EmployeeStatusTransitionRequestBuilder	java.lang.Object	jdk	java.base
br.com.sawcunhaos.organization.api.dto.EmployeeStatusTransitionRequest$EmployeeStatusTransitionRequestBuilder	java.lang.String	jdk	java.base
br.com.sawcunhaos.organization.api.dto.EmployeeStatusTransitionRequest$EmployeeStatusTransitionRequestBuilder	java.lang.invoke.CallSite	jdk	java.base
br.com.sawcunhaos.organization.api.dto.EmployeeStatusTransitionRequest$EmployeeStatusTransitionRequestBuilder	java.lang.invoke.MethodHandles	jdk	java.base
br.com.sawcunhaos.organization.api.dto.EmployeeStatusTransitionRequest$EmployeeStatusTransitionRequestBuilder	java.lang.invoke.MethodHandles$Lookup	jdk	java.base
br.com.sawcunhaos.organization.api.dto.EmployeeStatusTransitionRequest$EmployeeStatusTransitionRequestBuilder	java.lang.invoke.MethodType	jdk	java.base
br.com.sawcunhaos.organization.api.dto.EmployeeStatusTransitionRequest$EmployeeStatusTransitionRequestBuilder	java.lang.invoke.StringConcatFactory	jdk	java.base
br.com.sawcunhaos.organization.api.dto.EmployeeStatusTransitionRequest$EmployeeStatusTransitionRequestBuilder	java.time.LocalDate	jdk	java.base
br.com.sawcunhaos.organization.api.dto.EmployeeWorkSchedule	br.com.sawcunhaos.organization.api.dto.DayOfWeek	interno	classes
br.com.sawcunhaos.organization.api.dto.EmployeeWorkSchedule	br.com.sawcunhaos.organization.api.dto.EmployeeWorkSchedule$EmployeeWorkScheduleBuilder	interno	classes
br.com.sawcunhaos.organization.api.dto.EmployeeWorkSchedule	com.fasterxml.jackson.annotation.JsonProperty	externo	jackson-annotations-2.22.jar
br.com.sawcunhaos.organization.api.dto.EmployeeWorkSchedule	jakarta.validation.Valid	externo	jakarta.validation-api-3.1.1.jar
br.com.sawcunhaos.organization.api.dto.EmployeeWorkSchedule	java.io.Serializable	jdk	java.base
br.com.sawcunhaos.organization.api.dto.EmployeeWorkSchedule	java.lang.Class	jdk	java.base
br.com.sawcunhaos.organization.api.dto.EmployeeWorkSchedule	java.lang.Object	jdk	java.base
br.com.sawcunhaos.organization.api.dto.EmployeeWorkSchedule	java.lang.Record	jdk	java.base
br.com.sawcunhaos.organization.api.dto.EmployeeWorkSchedule	java.lang.String	jdk	java.base
br.com.sawcunhaos.organization.api.dto.EmployeeWorkSchedule	java.lang.invoke.MethodHandle	jdk	java.base
br.com.sawcunhaos.organization.api.dto.EmployeeWorkSchedule	java.lang.invoke.MethodHandles	jdk	java.base
br.com.sawcunhaos.organization.api.dto.EmployeeWorkSchedule	java.lang.invoke.MethodHandles$Lookup	jdk	java.base
br.com.sawcunhaos.organization.api.dto.EmployeeWorkSchedule	java.lang.invoke.TypeDescriptor	jdk	java.base
br.com.sawcunhaos.organization.api.dto.EmployeeWorkSchedule	java.lang.runtime.ObjectMethods	jdk	java.base
br.com.sawcunhaos.organization.api.dto.EmployeeWorkSchedule	java.time.LocalTime	jdk	java.base
br.com.sawcunhaos.organization.api.dto.EmployeeWorkSchedule$EmployeeWorkScheduleBuilder	br.com.sawcunhaos.organization.api.dto.DayOfWeek	interno	classes
br.com.sawcunhaos.organization.api.dto.EmployeeWorkSchedule$EmployeeWorkScheduleBuilder	br.com.sawcunhaos.organization.api.dto.EmployeeWorkSchedule	interno	classes
br.com.sawcunhaos.organization.api.dto.EmployeeWorkSchedule$EmployeeWorkScheduleBuilder	com.fasterxml.jackson.annotation.JsonProperty	externo	jackson-annotations-2.22.jar
br.com.sawcunhaos.organization.api.dto.EmployeeWorkSchedule$EmployeeWorkScheduleBuilder	java.lang.Object	jdk	java.base
br.com.sawcunhaos.organization.api.dto.EmployeeWorkSchedule$EmployeeWorkScheduleBuilder	java.lang.String	jdk	java.base
br.com.sawcunhaos.organization.api.dto.EmployeeWorkSchedule$EmployeeWorkScheduleBuilder	java.lang.invoke.CallSite	jdk	java.base
br.com.sawcunhaos.organization.api.dto.EmployeeWorkSchedule$EmployeeWorkScheduleBuilder	java.lang.invoke.MethodHandles	jdk	java.base
br.com.sawcunhaos.organization.api.dto.EmployeeWorkSchedule$EmployeeWorkScheduleBuilder	java.lang.invoke.MethodHandles$Lookup	jdk	java.base
br.com.sawcunhaos.organization.api.dto.EmployeeWorkSchedule$EmployeeWorkScheduleBuilder	java.lang.invoke.MethodType	jdk	java.base
br.com.sawcunhaos.organization.api.dto.EmployeeWorkSchedule$EmployeeWorkScheduleBuilder	java.lang.invoke.StringConcatFactory	jdk	java.base
br.com.sawcunhaos.organization.api.dto.EmployeeWorkSchedule$EmployeeWorkScheduleBuilder	java.time.LocalTime	jdk	java.base
br.com.sawcunhaos.organization.api.dto.Employees	br.com.sawcunhaos.organization.api.dto.EmployeeStatus	interno	classes
br.com.sawcunhaos.organization.api.dto.Employees	br.com.sawcunhaos.organization.api.dto.Employees$EmployeesBuilder	interno	classes
br.com.sawcunhaos.organization.api.dto.Employees	com.fasterxml.jackson.annotation.JsonProperty	externo	jackson-annotations-2.22.jar
br.com.sawcunhaos.organization.api.dto.Employees	jakarta.validation.Valid	externo	jakarta.validation-api-3.1.1.jar
br.com.sawcunhaos.organization.api.dto.Employees	java.io.Serializable	jdk	java.base
br.com.sawcunhaos.organization.api.dto.Employees	java.lang.Class	jdk	java.base
br.com.sawcunhaos.organization.api.dto.Employees	java.lang.Long	jdk	java.base
br.com.sawcunhaos.organization.api.dto.Employees	java.lang.Object	jdk	java.base
br.com.sawcunhaos.organization.api.dto.Employees	java.lang.Record	jdk	java.base
br.com.sawcunhaos.organization.api.dto.Employees	java.lang.String	jdk	java.base
br.com.sawcunhaos.organization.api.dto.Employees	java.lang.invoke.MethodHandle	jdk	java.base
br.com.sawcunhaos.organization.api.dto.Employees	java.lang.invoke.MethodHandles	jdk	java.base
br.com.sawcunhaos.organization.api.dto.Employees	java.lang.invoke.MethodHandles$Lookup	jdk	java.base
br.com.sawcunhaos.organization.api.dto.Employees	java.lang.invoke.TypeDescriptor	jdk	java.base
br.com.sawcunhaos.organization.api.dto.Employees	java.lang.runtime.ObjectMethods	jdk	java.base
br.com.sawcunhaos.organization.api.dto.Employees$EmployeesBuilder	br.com.sawcunhaos.organization.api.dto.EmployeeStatus	interno	classes
br.com.sawcunhaos.organization.api.dto.Employees$EmployeesBuilder	br.com.sawcunhaos.organization.api.dto.Employees	interno	classes
br.com.sawcunhaos.organization.api.dto.Employees$EmployeesBuilder	com.fasterxml.jackson.annotation.JsonProperty	externo	jackson-annotations-2.22.jar
br.com.sawcunhaos.organization.api.dto.Employees$EmployeesBuilder	java.lang.Long	jdk	java.base
br.com.sawcunhaos.organization.api.dto.Employees$EmployeesBuilder	java.lang.Object	jdk	java.base
br.com.sawcunhaos.organization.api.dto.Employees$EmployeesBuilder	java.lang.String	jdk	java.base
br.com.sawcunhaos.organization.api.dto.Employees$EmployeesBuilder	java.lang.invoke.CallSite	jdk	java.base
br.com.sawcunhaos.organization.api.dto.Employees$EmployeesBuilder	java.lang.invoke.MethodHandles	jdk	java.base
br.com.sawcunhaos.organization.api.dto.Employees$EmployeesBuilder	java.lang.invoke.MethodHandles$Lookup	jdk	java.base
br.com.sawcunhaos.organization.api.dto.Employees$EmployeesBuilder	java.lang.invoke.MethodType	jdk	java.base
br.com.sawcunhaos.organization.api.dto.Employees$EmployeesBuilder	java.lang.invoke.StringConcatFactory	jdk	java.base
br.com.sawcunhaos.organization.api.dto.Errors	br.com.sawcunhaos.organization.api.dto.Errors$ErrorsBuilder	interno	classes
br.com.sawcunhaos.organization.api.dto.Errors	com.fasterxml.jackson.annotation.JsonProperty	externo	jackson-annotations-2.22.jar
br.com.sawcunhaos.organization.api.dto.Errors	java.io.Serializable	jdk	java.base
br.com.sawcunhaos.organization.api.dto.Errors	java.lang.Class	jdk	java.base
br.com.sawcunhaos.organization.api.dto.Errors	java.lang.Object	jdk	java.base
br.com.sawcunhaos.organization.api.dto.Errors	java.lang.Record	jdk	java.base
br.com.sawcunhaos.organization.api.dto.Errors	java.lang.String	jdk	java.base
br.com.sawcunhaos.organization.api.dto.Errors	java.lang.invoke.MethodHandle	jdk	java.base
br.com.sawcunhaos.organization.api.dto.Errors	java.lang.invoke.MethodHandles	jdk	java.base
br.com.sawcunhaos.organization.api.dto.Errors	java.lang.invoke.MethodHandles$Lookup	jdk	java.base
br.com.sawcunhaos.organization.api.dto.Errors	java.lang.invoke.TypeDescriptor	jdk	java.base
br.com.sawcunhaos.organization.api.dto.Errors	java.lang.runtime.ObjectMethods	jdk	java.base
br.com.sawcunhaos.organization.api.dto.Errors$ErrorsBuilder	br.com.sawcunhaos.organization.api.dto.Errors	interno	classes
br.com.sawcunhaos.organization.api.dto.Errors$ErrorsBuilder	com.fasterxml.jackson.annotation.JsonProperty	externo	jackson-annotations-2.22.jar
br.com.sawcunhaos.organization.api.dto.Errors$ErrorsBuilder	java.lang.Object	jdk	java.base
br.com.sawcunhaos.organization.api.dto.Errors$ErrorsBuilder	java.lang.String	jdk	java.base
br.com.sawcunhaos.organization.api.dto.Errors$ErrorsBuilder	java.lang.invoke.CallSite	jdk	java.base
br.com.sawcunhaos.organization.api.dto.Errors$ErrorsBuilder	java.lang.invoke.MethodHandles	jdk	java.base
br.com.sawcunhaos.organization.api.dto.Errors$ErrorsBuilder	java.lang.invoke.MethodHandles$Lookup	jdk	java.base
br.com.sawcunhaos.organization.api.dto.Errors$ErrorsBuilder	java.lang.invoke.MethodType	jdk	java.base
br.com.sawcunhaos.organization.api.dto.Errors$ErrorsBuilder	java.lang.invoke.StringConcatFactory	jdk	java.base
br.com.sawcunhaos.organization.api.dto.ExceptionResponse	br.com.sawcunhaos.organization.api.dto.Errors	interno	classes
br.com.sawcunhaos.organization.api.dto.ExceptionResponse	br.com.sawcunhaos.organization.api.dto.ExceptionResponse$ExceptionResponseBuilder	interno	classes
br.com.sawcunhaos.organization.api.dto.ExceptionResponse	com.fasterxml.jackson.annotation.JsonProperty	externo	jackson-annotations-2.22.jar
br.com.sawcunhaos.organization.api.dto.ExceptionResponse	jakarta.validation.Valid	externo	jakarta.validation-api-3.1.1.jar
br.com.sawcunhaos.organization.api.dto.ExceptionResponse	java.io.Serializable	jdk	java.base
br.com.sawcunhaos.organization.api.dto.ExceptionResponse	java.lang.Class	jdk	java.base
br.com.sawcunhaos.organization.api.dto.ExceptionResponse	java.lang.Integer	jdk	java.base
br.com.sawcunhaos.organization.api.dto.ExceptionResponse	java.lang.Object	jdk	java.base
br.com.sawcunhaos.organization.api.dto.ExceptionResponse	java.lang.Record	jdk	java.base
br.com.sawcunhaos.organization.api.dto.ExceptionResponse	java.lang.String	jdk	java.base
br.com.sawcunhaos.organization.api.dto.ExceptionResponse	java.lang.invoke.MethodHandle	jdk	java.base
br.com.sawcunhaos.organization.api.dto.ExceptionResponse	java.lang.invoke.MethodHandles	jdk	java.base
br.com.sawcunhaos.organization.api.dto.ExceptionResponse	java.lang.invoke.MethodHandles$Lookup	jdk	java.base
br.com.sawcunhaos.organization.api.dto.ExceptionResponse	java.lang.invoke.TypeDescriptor	jdk	java.base
br.com.sawcunhaos.organization.api.dto.ExceptionResponse	java.lang.runtime.ObjectMethods	jdk	java.base
br.com.sawcunhaos.organization.api.dto.ExceptionResponse	java.util.List	jdk	java.base
br.com.sawcunhaos.organization.api.dto.ExceptionResponse$ExceptionResponseBuilder	br.com.sawcunhaos.organization.api.dto.Errors	interno	classes
br.com.sawcunhaos.organization.api.dto.ExceptionResponse$ExceptionResponseBuilder	br.com.sawcunhaos.organization.api.dto.ExceptionResponse	interno	classes
br.com.sawcunhaos.organization.api.dto.ExceptionResponse$ExceptionResponseBuilder	com.fasterxml.jackson.annotation.JsonProperty	externo	jackson-annotations-2.22.jar
br.com.sawcunhaos.organization.api.dto.ExceptionResponse$ExceptionResponseBuilder	java.lang.Integer	jdk	java.base
br.com.sawcunhaos.organization.api.dto.ExceptionResponse$ExceptionResponseBuilder	java.lang.Object	jdk	java.base
br.com.sawcunhaos.organization.api.dto.ExceptionResponse$ExceptionResponseBuilder	java.lang.String	jdk	java.base
br.com.sawcunhaos.organization.api.dto.ExceptionResponse$ExceptionResponseBuilder	java.lang.invoke.CallSite	jdk	java.base
br.com.sawcunhaos.organization.api.dto.ExceptionResponse$ExceptionResponseBuilder	java.lang.invoke.MethodHandles	jdk	java.base
br.com.sawcunhaos.organization.api.dto.ExceptionResponse$ExceptionResponseBuilder	java.lang.invoke.MethodHandles$Lookup	jdk	java.base
br.com.sawcunhaos.organization.api.dto.ExceptionResponse$ExceptionResponseBuilder	java.lang.invoke.MethodType	jdk	java.base
br.com.sawcunhaos.organization.api.dto.ExceptionResponse$ExceptionResponseBuilder	java.lang.invoke.StringConcatFactory	jdk	java.base
br.com.sawcunhaos.organization.api.dto.ExceptionResponse$ExceptionResponseBuilder	java.util.List	jdk	java.base
br.com.sawcunhaos.organization.api.dto.GetAddressTypeResponse	br.com.sawcunhaos.organization.api.dto.AddressType	interno	classes
br.com.sawcunhaos.organization.api.dto.GetAddressTypeResponse	br.com.sawcunhaos.organization.api.dto.GetAddressTypeResponse$GetAddressTypeResponseBuilder	interno	classes
br.com.sawcunhaos.organization.api.dto.GetAddressTypeResponse	com.fasterxml.jackson.annotation.JsonProperty	externo	jackson-annotations-2.22.jar
br.com.sawcunhaos.organization.api.dto.GetAddressTypeResponse	jakarta.validation.Valid	externo	jakarta.validation-api-3.1.1.jar
br.com.sawcunhaos.organization.api.dto.GetAddressTypeResponse	java.io.Serializable	jdk	java.base
br.com.sawcunhaos.organization.api.dto.GetAddressTypeResponse	java.lang.Class	jdk	java.base
br.com.sawcunhaos.organization.api.dto.GetAddressTypeResponse	java.lang.Object	jdk	java.base
br.com.sawcunhaos.organization.api.dto.GetAddressTypeResponse	java.lang.Record	jdk	java.base
br.com.sawcunhaos.organization.api.dto.GetAddressTypeResponse	java.lang.String	jdk	java.base
br.com.sawcunhaos.organization.api.dto.GetAddressTypeResponse	java.lang.invoke.MethodHandle	jdk	java.base
br.com.sawcunhaos.organization.api.dto.GetAddressTypeResponse	java.lang.invoke.MethodHandles	jdk	java.base
br.com.sawcunhaos.organization.api.dto.GetAddressTypeResponse	java.lang.invoke.MethodHandles$Lookup	jdk	java.base
br.com.sawcunhaos.organization.api.dto.GetAddressTypeResponse	java.lang.invoke.TypeDescriptor	jdk	java.base
br.com.sawcunhaos.organization.api.dto.GetAddressTypeResponse	java.lang.runtime.ObjectMethods	jdk	java.base
br.com.sawcunhaos.organization.api.dto.GetAddressTypeResponse$GetAddressTypeResponseBuilder	br.com.sawcunhaos.organization.api.dto.AddressType	interno	classes
br.com.sawcunhaos.organization.api.dto.GetAddressTypeResponse$GetAddressTypeResponseBuilder	br.com.sawcunhaos.organization.api.dto.GetAddressTypeResponse	interno	classes
br.com.sawcunhaos.organization.api.dto.GetAddressTypeResponse$GetAddressTypeResponseBuilder	com.fasterxml.jackson.annotation.JsonProperty	externo	jackson-annotations-2.22.jar
br.com.sawcunhaos.organization.api.dto.GetAddressTypeResponse$GetAddressTypeResponseBuilder	java.lang.Object	jdk	java.base
br.com.sawcunhaos.organization.api.dto.GetAddressTypeResponse$GetAddressTypeResponseBuilder	java.lang.String	jdk	java.base
br.com.sawcunhaos.organization.api.dto.GetAddressTypeResponse$GetAddressTypeResponseBuilder	java.lang.invoke.CallSite	jdk	java.base
br.com.sawcunhaos.organization.api.dto.GetAddressTypeResponse$GetAddressTypeResponseBuilder	java.lang.invoke.MethodHandles	jdk	java.base
br.com.sawcunhaos.organization.api.dto.GetAddressTypeResponse$GetAddressTypeResponseBuilder	java.lang.invoke.MethodHandles$Lookup	jdk	java.base
br.com.sawcunhaos.organization.api.dto.GetAddressTypeResponse$GetAddressTypeResponseBuilder	java.lang.invoke.MethodType	jdk	java.base
br.com.sawcunhaos.organization.api.dto.GetAddressTypeResponse$GetAddressTypeResponseBuilder	java.lang.invoke.StringConcatFactory	jdk	java.base
br.com.sawcunhaos.organization.api.dto.GetAllAddressTypesResponse	br.com.sawcunhaos.organization.api.dto.AddressType	interno	classes
br.com.sawcunhaos.organization.api.dto.GetAllAddressTypesResponse	br.com.sawcunhaos.organization.api.dto.GetAllAddressTypesResponse$GetAllAddressTypesResponseBuilder	interno	classes
br.com.sawcunhaos.organization.api.dto.GetAllAddressTypesResponse	br.com.sawcunhaos.organization.api.dto.ScosPaginated	interno	classes
br.com.sawcunhaos.organization.api.dto.GetAllAddressTypesResponse	com.fasterxml.jackson.annotation.JsonProperty	externo	jackson-annotations-2.22.jar
br.com.sawcunhaos.organization.api.dto.GetAllAddressTypesResponse	jakarta.validation.Valid	externo	jakarta.validation-api-3.1.1.jar
br.com.sawcunhaos.organization.api.dto.GetAllAddressTypesResponse	java.io.Serializable	jdk	java.base
br.com.sawcunhaos.organization.api.dto.GetAllAddressTypesResponse	java.lang.Class	jdk	java.base
br.com.sawcunhaos.organization.api.dto.GetAllAddressTypesResponse	java.lang.Object	jdk	java.base
br.com.sawcunhaos.organization.api.dto.GetAllAddressTypesResponse	java.lang.Record	jdk	java.base
br.com.sawcunhaos.organization.api.dto.GetAllAddressTypesResponse	java.lang.String	jdk	java.base
br.com.sawcunhaos.organization.api.dto.GetAllAddressTypesResponse	java.lang.invoke.MethodHandle	jdk	java.base
br.com.sawcunhaos.organization.api.dto.GetAllAddressTypesResponse	java.lang.invoke.MethodHandles	jdk	java.base
br.com.sawcunhaos.organization.api.dto.GetAllAddressTypesResponse	java.lang.invoke.MethodHandles$Lookup	jdk	java.base
br.com.sawcunhaos.organization.api.dto.GetAllAddressTypesResponse	java.lang.invoke.TypeDescriptor	jdk	java.base
br.com.sawcunhaos.organization.api.dto.GetAllAddressTypesResponse	java.lang.runtime.ObjectMethods	jdk	java.base
br.com.sawcunhaos.organization.api.dto.GetAllAddressTypesResponse	java.util.List	jdk	java.base
br.com.sawcunhaos.organization.api.dto.GetAllAddressTypesResponse$GetAllAddressTypesResponseBuilder	br.com.sawcunhaos.organization.api.dto.AddressType	interno	classes
br.com.sawcunhaos.organization.api.dto.GetAllAddressTypesResponse$GetAllAddressTypesResponseBuilder	br.com.sawcunhaos.organization.api.dto.GetAllAddressTypesResponse	interno	classes
br.com.sawcunhaos.organization.api.dto.GetAllAddressTypesResponse$GetAllAddressTypesResponseBuilder	br.com.sawcunhaos.organization.api.dto.ScosPaginated	interno	classes
br.com.sawcunhaos.organization.api.dto.GetAllAddressTypesResponse$GetAllAddressTypesResponseBuilder	com.fasterxml.jackson.annotation.JsonProperty	externo	jackson-annotations-2.22.jar
br.com.sawcunhaos.organization.api.dto.GetAllAddressTypesResponse$GetAllAddressTypesResponseBuilder	java.lang.Object	jdk	java.base
br.com.sawcunhaos.organization.api.dto.GetAllAddressTypesResponse$GetAllAddressTypesResponseBuilder	java.lang.String	jdk	java.base
br.com.sawcunhaos.organization.api.dto.GetAllAddressTypesResponse$GetAllAddressTypesResponseBuilder	java.lang.invoke.CallSite	jdk	java.base
br.com.sawcunhaos.organization.api.dto.GetAllAddressTypesResponse$GetAllAddressTypesResponseBuilder	java.lang.invoke.MethodHandles	jdk	java.base
br.com.sawcunhaos.organization.api.dto.GetAllAddressTypesResponse$GetAllAddressTypesResponseBuilder	java.lang.invoke.MethodHandles$Lookup	jdk	java.base
br.com.sawcunhaos.organization.api.dto.GetAllAddressTypesResponse$GetAllAddressTypesResponseBuilder	java.lang.invoke.MethodType	jdk	java.base
br.com.sawcunhaos.organization.api.dto.GetAllAddressTypesResponse$GetAllAddressTypesResponseBuilder	java.lang.invoke.StringConcatFactory	jdk	java.base
br.com.sawcunhaos.organization.api.dto.GetAllAddressTypesResponse$GetAllAddressTypesResponseBuilder	java.util.List	jdk	java.base
br.com.sawcunhaos.organization.api.dto.GetAllCnaesResponse	br.com.sawcunhaos.organization.api.dto.Cnae	interno	classes
br.com.sawcunhaos.organization.api.dto.GetAllCnaesResponse	br.com.sawcunhaos.organization.api.dto.GetAllCnaesResponse$GetAllCnaesResponseBuilder	interno	classes
br.com.sawcunhaos.organization.api.dto.GetAllCnaesResponse	br.com.sawcunhaos.organization.api.dto.ScosPaginated	interno	classes
br.com.sawcunhaos.organization.api.dto.GetAllCnaesResponse	com.fasterxml.jackson.annotation.JsonProperty	externo	jackson-annotations-2.22.jar
br.com.sawcunhaos.organization.api.dto.GetAllCnaesResponse	jakarta.validation.Valid	externo	jakarta.validation-api-3.1.1.jar
br.com.sawcunhaos.organization.api.dto.GetAllCnaesResponse	java.io.Serializable	jdk	java.base
br.com.sawcunhaos.organization.api.dto.GetAllCnaesResponse	java.lang.Class	jdk	java.base
br.com.sawcunhaos.organization.api.dto.GetAllCnaesResponse	java.lang.Object	jdk	java.base
br.com.sawcunhaos.organization.api.dto.GetAllCnaesResponse	java.lang.Record	jdk	java.base
br.com.sawcunhaos.organization.api.dto.GetAllCnaesResponse	java.lang.String	jdk	java.base
br.com.sawcunhaos.organization.api.dto.GetAllCnaesResponse	java.lang.invoke.MethodHandle	jdk	java.base
br.com.sawcunhaos.organization.api.dto.GetAllCnaesResponse	java.lang.invoke.MethodHandles	jdk	java.base
br.com.sawcunhaos.organization.api.dto.GetAllCnaesResponse	java.lang.invoke.MethodHandles$Lookup	jdk	java.base
br.com.sawcunhaos.organization.api.dto.GetAllCnaesResponse	java.lang.invoke.TypeDescriptor	jdk	java.base
br.com.sawcunhaos.organization.api.dto.GetAllCnaesResponse	java.lang.runtime.ObjectMethods	jdk	java.base
br.com.sawcunhaos.organization.api.dto.GetAllCnaesResponse	java.util.List	jdk	java.base
br.com.sawcunhaos.organization.api.dto.GetAllCnaesResponse$GetAllCnaesResponseBuilder	br.com.sawcunhaos.organization.api.dto.Cnae	interno	classes
br.com.sawcunhaos.organization.api.dto.GetAllCnaesResponse$GetAllCnaesResponseBuilder	br.com.sawcunhaos.organization.api.dto.GetAllCnaesResponse	interno	classes
br.com.sawcunhaos.organization.api.dto.GetAllCnaesResponse$GetAllCnaesResponseBuilder	br.com.sawcunhaos.organization.api.dto.ScosPaginated	interno	classes
br.com.sawcunhaos.organization.api.dto.GetAllCnaesResponse$GetAllCnaesResponseBuilder	com.fasterxml.jackson.annotation.JsonProperty	externo	jackson-annotations-2.22.jar
br.com.sawcunhaos.organization.api.dto.GetAllCnaesResponse$GetAllCnaesResponseBuilder	java.lang.Object	jdk	java.base
br.com.sawcunhaos.organization.api.dto.GetAllCnaesResponse$GetAllCnaesResponseBuilder	java.lang.String	jdk	java.base
br.com.sawcunhaos.organization.api.dto.GetAllCnaesResponse$GetAllCnaesResponseBuilder	java.lang.invoke.CallSite	jdk	java.base
br.com.sawcunhaos.organization.api.dto.GetAllCnaesResponse$GetAllCnaesResponseBuilder	java.lang.invoke.MethodHandles	jdk	java.base
br.com.sawcunhaos.organization.api.dto.GetAllCnaesResponse$GetAllCnaesResponseBuilder	java.lang.invoke.MethodHandles$Lookup	jdk	java.base
br.com.sawcunhaos.organization.api.dto.GetAllCnaesResponse$GetAllCnaesResponseBuilder	java.lang.invoke.MethodType	jdk	java.base
br.com.sawcunhaos.organization.api.dto.GetAllCnaesResponse$GetAllCnaesResponseBuilder	java.lang.invoke.StringConcatFactory	jdk	java.base
br.com.sawcunhaos.organization.api.dto.GetAllCnaesResponse$GetAllCnaesResponseBuilder	java.util.List	jdk	java.base
br.com.sawcunhaos.organization.api.dto.GetAllCompaniesResponse	br.com.sawcunhaos.organization.api.dto.Companies	interno	classes
br.com.sawcunhaos.organization.api.dto.GetAllCompaniesResponse	br.com.sawcunhaos.organization.api.dto.GetAllCompaniesResponse$GetAllCompaniesResponseBuilder	interno	classes
br.com.sawcunhaos.organization.api.dto.GetAllCompaniesResponse	br.com.sawcunhaos.organization.api.dto.ScosPaginated	interno	classes
br.com.sawcunhaos.organization.api.dto.GetAllCompaniesResponse	com.fasterxml.jackson.annotation.JsonProperty	externo	jackson-annotations-2.22.jar
br.com.sawcunhaos.organization.api.dto.GetAllCompaniesResponse	jakarta.validation.Valid	externo	jakarta.validation-api-3.1.1.jar
br.com.sawcunhaos.organization.api.dto.GetAllCompaniesResponse	java.io.Serializable	jdk	java.base
br.com.sawcunhaos.organization.api.dto.GetAllCompaniesResponse	java.lang.Class	jdk	java.base
br.com.sawcunhaos.organization.api.dto.GetAllCompaniesResponse	java.lang.Object	jdk	java.base
br.com.sawcunhaos.organization.api.dto.GetAllCompaniesResponse	java.lang.Record	jdk	java.base
br.com.sawcunhaos.organization.api.dto.GetAllCompaniesResponse	java.lang.String	jdk	java.base
br.com.sawcunhaos.organization.api.dto.GetAllCompaniesResponse	java.lang.invoke.MethodHandle	jdk	java.base
br.com.sawcunhaos.organization.api.dto.GetAllCompaniesResponse	java.lang.invoke.MethodHandles	jdk	java.base
br.com.sawcunhaos.organization.api.dto.GetAllCompaniesResponse	java.lang.invoke.MethodHandles$Lookup	jdk	java.base
br.com.sawcunhaos.organization.api.dto.GetAllCompaniesResponse	java.lang.invoke.TypeDescriptor	jdk	java.base
br.com.sawcunhaos.organization.api.dto.GetAllCompaniesResponse	java.lang.runtime.ObjectMethods	jdk	java.base
br.com.sawcunhaos.organization.api.dto.GetAllCompaniesResponse	java.util.List	jdk	java.base
br.com.sawcunhaos.organization.api.dto.GetAllCompaniesResponse$GetAllCompaniesResponseBuilder	br.com.sawcunhaos.organization.api.dto.Companies	interno	classes
br.com.sawcunhaos.organization.api.dto.GetAllCompaniesResponse$GetAllCompaniesResponseBuilder	br.com.sawcunhaos.organization.api.dto.GetAllCompaniesResponse	interno	classes
br.com.sawcunhaos.organization.api.dto.GetAllCompaniesResponse$GetAllCompaniesResponseBuilder	br.com.sawcunhaos.organization.api.dto.ScosPaginated	interno	classes
br.com.sawcunhaos.organization.api.dto.GetAllCompaniesResponse$GetAllCompaniesResponseBuilder	com.fasterxml.jackson.annotation.JsonProperty	externo	jackson-annotations-2.22.jar
br.com.sawcunhaos.organization.api.dto.GetAllCompaniesResponse$GetAllCompaniesResponseBuilder	java.lang.Object	jdk	java.base
br.com.sawcunhaos.organization.api.dto.GetAllCompaniesResponse$GetAllCompaniesResponseBuilder	java.lang.String	jdk	java.base
br.com.sawcunhaos.organization.api.dto.GetAllCompaniesResponse$GetAllCompaniesResponseBuilder	java.lang.invoke.CallSite	jdk	java.base
br.com.sawcunhaos.organization.api.dto.GetAllCompaniesResponse$GetAllCompaniesResponseBuilder	java.lang.invoke.MethodHandles	jdk	java.base
br.com.sawcunhaos.organization.api.dto.GetAllCompaniesResponse$GetAllCompaniesResponseBuilder	java.lang.invoke.MethodHandles$Lookup	jdk	java.base
br.com.sawcunhaos.organization.api.dto.GetAllCompaniesResponse$GetAllCompaniesResponseBuilder	java.lang.invoke.MethodType	jdk	java.base
br.com.sawcunhaos.organization.api.dto.GetAllCompaniesResponse$GetAllCompaniesResponseBuilder	java.lang.invoke.StringConcatFactory	jdk	java.base
br.com.sawcunhaos.organization.api.dto.GetAllCompaniesResponse$GetAllCompaniesResponseBuilder	java.util.List	jdk	java.base
br.com.sawcunhaos.organization.api.dto.GetAllCompanyAddressResponse	br.com.sawcunhaos.organization.api.dto.CompanyAddresses	interno	classes
br.com.sawcunhaos.organization.api.dto.GetAllCompanyAddressResponse	br.com.sawcunhaos.organization.api.dto.GetAllCompanyAddressResponse$GetAllCompanyAddressResponseBuilder	interno	classes
br.com.sawcunhaos.organization.api.dto.GetAllCompanyAddressResponse	br.com.sawcunhaos.organization.api.dto.ScosPaginated	interno	classes
br.com.sawcunhaos.organization.api.dto.GetAllCompanyAddressResponse	com.fasterxml.jackson.annotation.JsonProperty	externo	jackson-annotations-2.22.jar
br.com.sawcunhaos.organization.api.dto.GetAllCompanyAddressResponse	jakarta.validation.Valid	externo	jakarta.validation-api-3.1.1.jar
br.com.sawcunhaos.organization.api.dto.GetAllCompanyAddressResponse	java.io.Serializable	jdk	java.base
br.com.sawcunhaos.organization.api.dto.GetAllCompanyAddressResponse	java.lang.Class	jdk	java.base
br.com.sawcunhaos.organization.api.dto.GetAllCompanyAddressResponse	java.lang.Object	jdk	java.base
br.com.sawcunhaos.organization.api.dto.GetAllCompanyAddressResponse	java.lang.Record	jdk	java.base
br.com.sawcunhaos.organization.api.dto.GetAllCompanyAddressResponse	java.lang.String	jdk	java.base
br.com.sawcunhaos.organization.api.dto.GetAllCompanyAddressResponse	java.lang.invoke.MethodHandle	jdk	java.base
br.com.sawcunhaos.organization.api.dto.GetAllCompanyAddressResponse	java.lang.invoke.MethodHandles	jdk	java.base
br.com.sawcunhaos.organization.api.dto.GetAllCompanyAddressResponse	java.lang.invoke.MethodHandles$Lookup	jdk	java.base
br.com.sawcunhaos.organization.api.dto.GetAllCompanyAddressResponse	java.lang.invoke.TypeDescriptor	jdk	java.base
br.com.sawcunhaos.organization.api.dto.GetAllCompanyAddressResponse	java.lang.runtime.ObjectMethods	jdk	java.base
br.com.sawcunhaos.organization.api.dto.GetAllCompanyAddressResponse	java.util.List	jdk	java.base
br.com.sawcunhaos.organization.api.dto.GetAllCompanyAddressResponse$GetAllCompanyAddressResponseBuilder	br.com.sawcunhaos.organization.api.dto.CompanyAddresses	interno	classes
br.com.sawcunhaos.organization.api.dto.GetAllCompanyAddressResponse$GetAllCompanyAddressResponseBuilder	br.com.sawcunhaos.organization.api.dto.GetAllCompanyAddressResponse	interno	classes
br.com.sawcunhaos.organization.api.dto.GetAllCompanyAddressResponse$GetAllCompanyAddressResponseBuilder	br.com.sawcunhaos.organization.api.dto.ScosPaginated	interno	classes
br.com.sawcunhaos.organization.api.dto.GetAllCompanyAddressResponse$GetAllCompanyAddressResponseBuilder	com.fasterxml.jackson.annotation.JsonProperty	externo	jackson-annotations-2.22.jar
br.com.sawcunhaos.organization.api.dto.GetAllCompanyAddressResponse$GetAllCompanyAddressResponseBuilder	java.lang.Object	jdk	java.base
br.com.sawcunhaos.organization.api.dto.GetAllCompanyAddressResponse$GetAllCompanyAddressResponseBuilder	java.lang.String	jdk	java.base
br.com.sawcunhaos.organization.api.dto.GetAllCompanyAddressResponse$GetAllCompanyAddressResponseBuilder	java.lang.invoke.CallSite	jdk	java.base
br.com.sawcunhaos.organization.api.dto.GetAllCompanyAddressResponse$GetAllCompanyAddressResponseBuilder	java.lang.invoke.MethodHandles	jdk	java.base
br.com.sawcunhaos.organization.api.dto.GetAllCompanyAddressResponse$GetAllCompanyAddressResponseBuilder	java.lang.invoke.MethodHandles$Lookup	jdk	java.base
br.com.sawcunhaos.organization.api.dto.GetAllCompanyAddressResponse$GetAllCompanyAddressResponseBuilder	java.lang.invoke.MethodType	jdk	java.base
br.com.sawcunhaos.organization.api.dto.GetAllCompanyAddressResponse$GetAllCompanyAddressResponseBuilder	java.lang.invoke.StringConcatFactory	jdk	java.base
br.com.sawcunhaos.organization.api.dto.GetAllCompanyAddressResponse$GetAllCompanyAddressResponseBuilder	java.util.List	jdk	java.base
br.com.sawcunhaos.organization.api.dto.GetAllCompanyCnaeSecondaryResponse	br.com.sawcunhaos.organization.api.dto.CompanyCnaeSecondary	interno	classes
br.com.sawcunhaos.organization.api.dto.GetAllCompanyCnaeSecondaryResponse	br.com.sawcunhaos.organization.api.dto.GetAllCompanyCnaeSecondaryResponse$GetAllCompanyCnaeSecondaryResponseBuilder	interno	classes
br.com.sawcunhaos.organization.api.dto.GetAllCompanyCnaeSecondaryResponse	br.com.sawcunhaos.organization.api.dto.ScosPaginated	interno	classes
br.com.sawcunhaos.organization.api.dto.GetAllCompanyCnaeSecondaryResponse	com.fasterxml.jackson.annotation.JsonProperty	externo	jackson-annotations-2.22.jar
br.com.sawcunhaos.organization.api.dto.GetAllCompanyCnaeSecondaryResponse	jakarta.validation.Valid	externo	jakarta.validation-api-3.1.1.jar
br.com.sawcunhaos.organization.api.dto.GetAllCompanyCnaeSecondaryResponse	java.io.Serializable	jdk	java.base
br.com.sawcunhaos.organization.api.dto.GetAllCompanyCnaeSecondaryResponse	java.lang.Class	jdk	java.base
br.com.sawcunhaos.organization.api.dto.GetAllCompanyCnaeSecondaryResponse	java.lang.Object	jdk	java.base
br.com.sawcunhaos.organization.api.dto.GetAllCompanyCnaeSecondaryResponse	java.lang.Record	jdk	java.base
br.com.sawcunhaos.organization.api.dto.GetAllCompanyCnaeSecondaryResponse	java.lang.String	jdk	java.base
br.com.sawcunhaos.organization.api.dto.GetAllCompanyCnaeSecondaryResponse	java.lang.invoke.MethodHandle	jdk	java.base
br.com.sawcunhaos.organization.api.dto.GetAllCompanyCnaeSecondaryResponse	java.lang.invoke.MethodHandles	jdk	java.base
br.com.sawcunhaos.organization.api.dto.GetAllCompanyCnaeSecondaryResponse	java.lang.invoke.MethodHandles$Lookup	jdk	java.base
br.com.sawcunhaos.organization.api.dto.GetAllCompanyCnaeSecondaryResponse	java.lang.invoke.TypeDescriptor	jdk	java.base
br.com.sawcunhaos.organization.api.dto.GetAllCompanyCnaeSecondaryResponse	java.lang.runtime.ObjectMethods	jdk	java.base
br.com.sawcunhaos.organization.api.dto.GetAllCompanyCnaeSecondaryResponse	java.util.List	jdk	java.base
br.com.sawcunhaos.organization.api.dto.GetAllCompanyCnaeSecondaryResponse$GetAllCompanyCnaeSecondaryResponseBuilder	br.com.sawcunhaos.organization.api.dto.CompanyCnaeSecondary	interno	classes
br.com.sawcunhaos.organization.api.dto.GetAllCompanyCnaeSecondaryResponse$GetAllCompanyCnaeSecondaryResponseBuilder	br.com.sawcunhaos.organization.api.dto.GetAllCompanyCnaeSecondaryResponse	interno	classes
br.com.sawcunhaos.organization.api.dto.GetAllCompanyCnaeSecondaryResponse$GetAllCompanyCnaeSecondaryResponseBuilder	br.com.sawcunhaos.organization.api.dto.ScosPaginated	interno	classes
br.com.sawcunhaos.organization.api.dto.GetAllCompanyCnaeSecondaryResponse$GetAllCompanyCnaeSecondaryResponseBuilder	com.fasterxml.jackson.annotation.JsonProperty	externo	jackson-annotations-2.22.jar
br.com.sawcunhaos.organization.api.dto.GetAllCompanyCnaeSecondaryResponse$GetAllCompanyCnaeSecondaryResponseBuilder	java.lang.Object	jdk	java.base
br.com.sawcunhaos.organization.api.dto.GetAllCompanyCnaeSecondaryResponse$GetAllCompanyCnaeSecondaryResponseBuilder	java.lang.String	jdk	java.base
br.com.sawcunhaos.organization.api.dto.GetAllCompanyCnaeSecondaryResponse$GetAllCompanyCnaeSecondaryResponseBuilder	java.lang.invoke.CallSite	jdk	java.base
br.com.sawcunhaos.organization.api.dto.GetAllCompanyCnaeSecondaryResponse$GetAllCompanyCnaeSecondaryResponseBuilder	java.lang.invoke.MethodHandles	jdk	java.base
br.com.sawcunhaos.organization.api.dto.GetAllCompanyCnaeSecondaryResponse$GetAllCompanyCnaeSecondaryResponseBuilder	java.lang.invoke.MethodHandles$Lookup	jdk	java.base
br.com.sawcunhaos.organization.api.dto.GetAllCompanyCnaeSecondaryResponse$GetAllCompanyCnaeSecondaryResponseBuilder	java.lang.invoke.MethodType	jdk	java.base
br.com.sawcunhaos.organization.api.dto.GetAllCompanyCnaeSecondaryResponse$GetAllCompanyCnaeSecondaryResponseBuilder	java.lang.invoke.StringConcatFactory	jdk	java.base
br.com.sawcunhaos.organization.api.dto.GetAllCompanyCnaeSecondaryResponse$GetAllCompanyCnaeSecondaryResponseBuilder	java.util.List	jdk	java.base
br.com.sawcunhaos.organization.api.dto.GetAllCompanyContactsResponse	br.com.sawcunhaos.organization.api.dto.CompanyContact	interno	classes
br.com.sawcunhaos.organization.api.dto.GetAllCompanyContactsResponse	br.com.sawcunhaos.organization.api.dto.GetAllCompanyContactsResponse$GetAllCompanyContactsResponseBuilder	interno	classes
br.com.sawcunhaos.organization.api.dto.GetAllCompanyContactsResponse	br.com.sawcunhaos.organization.api.dto.ScosPaginated	interno	classes
br.com.sawcunhaos.organization.api.dto.GetAllCompanyContactsResponse	com.fasterxml.jackson.annotation.JsonProperty	externo	jackson-annotations-2.22.jar
br.com.sawcunhaos.organization.api.dto.GetAllCompanyContactsResponse	jakarta.validation.Valid	externo	jakarta.validation-api-3.1.1.jar
br.com.sawcunhaos.organization.api.dto.GetAllCompanyContactsResponse	java.io.Serializable	jdk	java.base
br.com.sawcunhaos.organization.api.dto.GetAllCompanyContactsResponse	java.lang.Class	jdk	java.base
br.com.sawcunhaos.organization.api.dto.GetAllCompanyContactsResponse	java.lang.Object	jdk	java.base
br.com.sawcunhaos.organization.api.dto.GetAllCompanyContactsResponse	java.lang.Record	jdk	java.base
br.com.sawcunhaos.organization.api.dto.GetAllCompanyContactsResponse	java.lang.String	jdk	java.base
br.com.sawcunhaos.organization.api.dto.GetAllCompanyContactsResponse	java.lang.invoke.MethodHandle	jdk	java.base
br.com.sawcunhaos.organization.api.dto.GetAllCompanyContactsResponse	java.lang.invoke.MethodHandles	jdk	java.base
br.com.sawcunhaos.organization.api.dto.GetAllCompanyContactsResponse	java.lang.invoke.MethodHandles$Lookup	jdk	java.base
br.com.sawcunhaos.organization.api.dto.GetAllCompanyContactsResponse	java.lang.invoke.TypeDescriptor	jdk	java.base
br.com.sawcunhaos.organization.api.dto.GetAllCompanyContactsResponse	java.lang.runtime.ObjectMethods	jdk	java.base
br.com.sawcunhaos.organization.api.dto.GetAllCompanyContactsResponse	java.util.List	jdk	java.base
br.com.sawcunhaos.organization.api.dto.GetAllCompanyContactsResponse$GetAllCompanyContactsResponseBuilder	br.com.sawcunhaos.organization.api.dto.CompanyContact	interno	classes
br.com.sawcunhaos.organization.api.dto.GetAllCompanyContactsResponse$GetAllCompanyContactsResponseBuilder	br.com.sawcunhaos.organization.api.dto.GetAllCompanyContactsResponse	interno	classes
br.com.sawcunhaos.organization.api.dto.GetAllCompanyContactsResponse$GetAllCompanyContactsResponseBuilder	br.com.sawcunhaos.organization.api.dto.ScosPaginated	interno	classes
br.com.sawcunhaos.organization.api.dto.GetAllCompanyContactsResponse$GetAllCompanyContactsResponseBuilder	com.fasterxml.jackson.annotation.JsonProperty	externo	jackson-annotations-2.22.jar
br.com.sawcunhaos.organization.api.dto.GetAllCompanyContactsResponse$GetAllCompanyContactsResponseBuilder	java.lang.Object	jdk	java.base
br.com.sawcunhaos.organization.api.dto.GetAllCompanyContactsResponse$GetAllCompanyContactsResponseBuilder	java.lang.String	jdk	java.base
br.com.sawcunhaos.organization.api.dto.GetAllCompanyContactsResponse$GetAllCompanyContactsResponseBuilder	java.lang.invoke.CallSite	jdk	java.base
br.com.sawcunhaos.organization.api.dto.GetAllCompanyContactsResponse$GetAllCompanyContactsResponseBuilder	java.lang.invoke.MethodHandles	jdk	java.base
br.com.sawcunhaos.organization.api.dto.GetAllCompanyContactsResponse$GetAllCompanyContactsResponseBuilder	java.lang.invoke.MethodHandles$Lookup	jdk	java.base
br.com.sawcunhaos.organization.api.dto.GetAllCompanyContactsResponse$GetAllCompanyContactsResponseBuilder	java.lang.invoke.MethodType	jdk	java.base
br.com.sawcunhaos.organization.api.dto.GetAllCompanyContactsResponse$GetAllCompanyContactsResponseBuilder	java.lang.invoke.StringConcatFactory	jdk	java.base
br.com.sawcunhaos.organization.api.dto.GetAllCompanyContactsResponse$GetAllCompanyContactsResponseBuilder	java.util.List	jdk	java.base
br.com.sawcunhaos.organization.api.dto.GetAllCompanyStatusHistoryResponse	br.com.sawcunhaos.organization.api.dto.CompanyStatusHistory	interno	classes
br.com.sawcunhaos.organization.api.dto.GetAllCompanyStatusHistoryResponse	br.com.sawcunhaos.organization.api.dto.GetAllCompanyStatusHistoryResponse$GetAllCompanyStatusHistoryResponseBuilder	interno	classes
br.com.sawcunhaos.organization.api.dto.GetAllCompanyStatusHistoryResponse	br.com.sawcunhaos.organization.api.dto.ScosPaginated	interno	classes
br.com.sawcunhaos.organization.api.dto.GetAllCompanyStatusHistoryResponse	com.fasterxml.jackson.annotation.JsonProperty	externo	jackson-annotations-2.22.jar
br.com.sawcunhaos.organization.api.dto.GetAllCompanyStatusHistoryResponse	jakarta.validation.Valid	externo	jakarta.validation-api-3.1.1.jar
br.com.sawcunhaos.organization.api.dto.GetAllCompanyStatusHistoryResponse	java.io.Serializable	jdk	java.base
br.com.sawcunhaos.organization.api.dto.GetAllCompanyStatusHistoryResponse	java.lang.Class	jdk	java.base
br.com.sawcunhaos.organization.api.dto.GetAllCompanyStatusHistoryResponse	java.lang.Object	jdk	java.base
br.com.sawcunhaos.organization.api.dto.GetAllCompanyStatusHistoryResponse	java.lang.Record	jdk	java.base
br.com.sawcunhaos.organization.api.dto.GetAllCompanyStatusHistoryResponse	java.lang.String	jdk	java.base
br.com.sawcunhaos.organization.api.dto.GetAllCompanyStatusHistoryResponse	java.lang.invoke.MethodHandle	jdk	java.base
br.com.sawcunhaos.organization.api.dto.GetAllCompanyStatusHistoryResponse	java.lang.invoke.MethodHandles	jdk	java.base
br.com.sawcunhaos.organization.api.dto.GetAllCompanyStatusHistoryResponse	java.lang.invoke.MethodHandles$Lookup	jdk	java.base
br.com.sawcunhaos.organization.api.dto.GetAllCompanyStatusHistoryResponse	java.lang.invoke.TypeDescriptor	jdk	java.base
br.com.sawcunhaos.organization.api.dto.GetAllCompanyStatusHistoryResponse	java.lang.runtime.ObjectMethods	jdk	java.base
br.com.sawcunhaos.organization.api.dto.GetAllCompanyStatusHistoryResponse	java.util.List	jdk	java.base
br.com.sawcunhaos.organization.api.dto.GetAllCompanyStatusHistoryResponse$GetAllCompanyStatusHistoryResponseBuilder	br.com.sawcunhaos.organization.api.dto.CompanyStatusHistory	interno	classes
br.com.sawcunhaos.organization.api.dto.GetAllCompanyStatusHistoryResponse$GetAllCompanyStatusHistoryResponseBuilder	br.com.sawcunhaos.organization.api.dto.GetAllCompanyStatusHistoryResponse	interno	classes
br.com.sawcunhaos.organization.api.dto.GetAllCompanyStatusHistoryResponse$GetAllCompanyStatusHistoryResponseBuilder	br.com.sawcunhaos.organization.api.dto.ScosPaginated	interno	classes
br.com.sawcunhaos.organization.api.dto.GetAllCompanyStatusHistoryResponse$GetAllCompanyStatusHistoryResponseBuilder	com.fasterxml.jackson.annotation.JsonProperty	externo	jackson-annotations-2.22.jar
br.com.sawcunhaos.organization.api.dto.GetAllCompanyStatusHistoryResponse$GetAllCompanyStatusHistoryResponseBuilder	java.lang.Object	jdk	java.base
br.com.sawcunhaos.organization.api.dto.GetAllCompanyStatusHistoryResponse$GetAllCompanyStatusHistoryResponseBuilder	java.lang.String	jdk	java.base
br.com.sawcunhaos.organization.api.dto.GetAllCompanyStatusHistoryResponse$GetAllCompanyStatusHistoryResponseBuilder	java.lang.invoke.CallSite	jdk	java.base
br.com.sawcunhaos.organization.api.dto.GetAllCompanyStatusHistoryResponse$GetAllCompanyStatusHistoryResponseBuilder	java.lang.invoke.MethodHandles	jdk	java.base
br.com.sawcunhaos.organization.api.dto.GetAllCompanyStatusHistoryResponse$GetAllCompanyStatusHistoryResponseBuilder	java.lang.invoke.MethodHandles$Lookup	jdk	java.base
br.com.sawcunhaos.organization.api.dto.GetAllCompanyStatusHistoryResponse$GetAllCompanyStatusHistoryResponseBuilder	java.lang.invoke.MethodType	jdk	java.base
br.com.sawcunhaos.organization.api.dto.GetAllCompanyStatusHistoryResponse$GetAllCompanyStatusHistoryResponseBuilder	java.lang.invoke.StringConcatFactory	jdk	java.base
br.com.sawcunhaos.organization.api.dto.GetAllCompanyStatusHistoryResponse$GetAllCompanyStatusHistoryResponseBuilder	java.util.List	jdk	java.base
br.com.sawcunhaos.organization.api.dto.GetAllConfigurationsResponse	br.com.sawcunhaos.organization.api.dto.GetAllConfigurationsResponse$GetAllConfigurationsResponseBuilder	interno	classes
br.com.sawcunhaos.organization.api.dto.GetAllConfigurationsResponse	br.com.sawcunhaos.organization.api.dto.ModelConfiguration	interno	classes
br.com.sawcunhaos.organization.api.dto.GetAllConfigurationsResponse	com.fasterxml.jackson.annotation.JsonProperty	externo	jackson-annotations-2.22.jar
br.com.sawcunhaos.organization.api.dto.GetAllConfigurationsResponse	jakarta.validation.Valid	externo	jakarta.validation-api-3.1.1.jar
br.com.sawcunhaos.organization.api.dto.GetAllConfigurationsResponse	java.io.Serializable	jdk	java.base
br.com.sawcunhaos.organization.api.dto.GetAllConfigurationsResponse	java.lang.Class	jdk	java.base
br.com.sawcunhaos.organization.api.dto.GetAllConfigurationsResponse	java.lang.Object	jdk	java.base
br.com.sawcunhaos.organization.api.dto.GetAllConfigurationsResponse	java.lang.Record	jdk	java.base
br.com.sawcunhaos.organization.api.dto.GetAllConfigurationsResponse	java.lang.String	jdk	java.base
br.com.sawcunhaos.organization.api.dto.GetAllConfigurationsResponse	java.lang.invoke.MethodHandle	jdk	java.base
br.com.sawcunhaos.organization.api.dto.GetAllConfigurationsResponse	java.lang.invoke.MethodHandles	jdk	java.base
br.com.sawcunhaos.organization.api.dto.GetAllConfigurationsResponse	java.lang.invoke.MethodHandles$Lookup	jdk	java.base
br.com.sawcunhaos.organization.api.dto.GetAllConfigurationsResponse	java.lang.invoke.TypeDescriptor	jdk	java.base
br.com.sawcunhaos.organization.api.dto.GetAllConfigurationsResponse	java.lang.runtime.ObjectMethods	jdk	java.base
br.com.sawcunhaos.organization.api.dto.GetAllConfigurationsResponse	java.util.List	jdk	java.base
br.com.sawcunhaos.organization.api.dto.GetAllConfigurationsResponse$GetAllConfigurationsResponseBuilder	br.com.sawcunhaos.organization.api.dto.GetAllConfigurationsResponse	interno	classes
br.com.sawcunhaos.organization.api.dto.GetAllConfigurationsResponse$GetAllConfigurationsResponseBuilder	br.com.sawcunhaos.organization.api.dto.ModelConfiguration	interno	classes
br.com.sawcunhaos.organization.api.dto.GetAllConfigurationsResponse$GetAllConfigurationsResponseBuilder	com.fasterxml.jackson.annotation.JsonProperty	externo	jackson-annotations-2.22.jar
br.com.sawcunhaos.organization.api.dto.GetAllConfigurationsResponse$GetAllConfigurationsResponseBuilder	java.lang.Object	jdk	java.base
br.com.sawcunhaos.organization.api.dto.GetAllConfigurationsResponse$GetAllConfigurationsResponseBuilder	java.lang.String	jdk	java.base
br.com.sawcunhaos.organization.api.dto.GetAllConfigurationsResponse$GetAllConfigurationsResponseBuilder	java.lang.invoke.CallSite	jdk	java.base
br.com.sawcunhaos.organization.api.dto.GetAllConfigurationsResponse$GetAllConfigurationsResponseBuilder	java.lang.invoke.MethodHandles	jdk	java.base
br.com.sawcunhaos.organization.api.dto.GetAllConfigurationsResponse$GetAllConfigurationsResponseBuilder	java.lang.invoke.MethodHandles$Lookup	jdk	java.base
br.com.sawcunhaos.organization.api.dto.GetAllConfigurationsResponse$GetAllConfigurationsResponseBuilder	java.lang.invoke.MethodType	jdk	java.base
br.com.sawcunhaos.organization.api.dto.GetAllConfigurationsResponse$GetAllConfigurationsResponseBuilder	java.lang.invoke.StringConcatFactory	jdk	java.base
br.com.sawcunhaos.organization.api.dto.GetAllConfigurationsResponse$GetAllConfigurationsResponseBuilder	java.util.List	jdk	java.base
br.com.sawcunhaos.organization.api.dto.GetAllContactTypesResponse	br.com.sawcunhaos.organization.api.dto.ContactType	interno	classes
br.com.sawcunhaos.organization.api.dto.GetAllContactTypesResponse	br.com.sawcunhaos.organization.api.dto.GetAllContactTypesResponse$GetAllContactTypesResponseBuilder	interno	classes
br.com.sawcunhaos.organization.api.dto.GetAllContactTypesResponse	br.com.sawcunhaos.organization.api.dto.ScosPaginated	interno	classes
br.com.sawcunhaos.organization.api.dto.GetAllContactTypesResponse	com.fasterxml.jackson.annotation.JsonProperty	externo	jackson-annotations-2.22.jar
br.com.sawcunhaos.organization.api.dto.GetAllContactTypesResponse	jakarta.validation.Valid	externo	jakarta.validation-api-3.1.1.jar
br.com.sawcunhaos.organization.api.dto.GetAllContactTypesResponse	java.io.Serializable	jdk	java.base
br.com.sawcunhaos.organization.api.dto.GetAllContactTypesResponse	java.lang.Class	jdk	java.base
br.com.sawcunhaos.organization.api.dto.GetAllContactTypesResponse	java.lang.Object	jdk	java.base
br.com.sawcunhaos.organization.api.dto.GetAllContactTypesResponse	java.lang.Record	jdk	java.base
br.com.sawcunhaos.organization.api.dto.GetAllContactTypesResponse	java.lang.String	jdk	java.base
br.com.sawcunhaos.organization.api.dto.GetAllContactTypesResponse	java.lang.invoke.MethodHandle	jdk	java.base
br.com.sawcunhaos.organization.api.dto.GetAllContactTypesResponse	java.lang.invoke.MethodHandles	jdk	java.base
br.com.sawcunhaos.organization.api.dto.GetAllContactTypesResponse	java.lang.invoke.MethodHandles$Lookup	jdk	java.base
br.com.sawcunhaos.organization.api.dto.GetAllContactTypesResponse	java.lang.invoke.TypeDescriptor	jdk	java.base
br.com.sawcunhaos.organization.api.dto.GetAllContactTypesResponse	java.lang.runtime.ObjectMethods	jdk	java.base
br.com.sawcunhaos.organization.api.dto.GetAllContactTypesResponse	java.util.List	jdk	java.base
br.com.sawcunhaos.organization.api.dto.GetAllContactTypesResponse$GetAllContactTypesResponseBuilder	br.com.sawcunhaos.organization.api.dto.ContactType	interno	classes
br.com.sawcunhaos.organization.api.dto.GetAllContactTypesResponse$GetAllContactTypesResponseBuilder	br.com.sawcunhaos.organization.api.dto.GetAllContactTypesResponse	interno	classes
br.com.sawcunhaos.organization.api.dto.GetAllContactTypesResponse$GetAllContactTypesResponseBuilder	br.com.sawcunhaos.organization.api.dto.ScosPaginated	interno	classes
br.com.sawcunhaos.organization.api.dto.GetAllContactTypesResponse$GetAllContactTypesResponseBuilder	com.fasterxml.jackson.annotation.JsonProperty	externo	jackson-annotations-2.22.jar
br.com.sawcunhaos.organization.api.dto.GetAllContactTypesResponse$GetAllContactTypesResponseBuilder	java.lang.Object	jdk	java.base
br.com.sawcunhaos.organization.api.dto.GetAllContactTypesResponse$GetAllContactTypesResponseBuilder	java.lang.String	jdk	java.base
br.com.sawcunhaos.organization.api.dto.GetAllContactTypesResponse$GetAllContactTypesResponseBuilder	java.lang.invoke.CallSite	jdk	java.base
br.com.sawcunhaos.organization.api.dto.GetAllContactTypesResponse$GetAllContactTypesResponseBuilder	java.lang.invoke.MethodHandles	jdk	java.base
br.com.sawcunhaos.organization.api.dto.GetAllContactTypesResponse$GetAllContactTypesResponseBuilder	java.lang.invoke.MethodHandles$Lookup	jdk	java.base
br.com.sawcunhaos.organization.api.dto.GetAllContactTypesResponse$GetAllContactTypesResponseBuilder	java.lang.invoke.MethodType	jdk	java.base
br.com.sawcunhaos.organization.api.dto.GetAllContactTypesResponse$GetAllContactTypesResponseBuilder	java.lang.invoke.StringConcatFactory	jdk	java.base
br.com.sawcunhaos.organization.api.dto.GetAllContactTypesResponse$GetAllContactTypesResponseBuilder	java.util.List	jdk	java.base
br.com.sawcunhaos.organization.api.dto.GetAllDepartmentsResponse	br.com.sawcunhaos.organization.api.dto.Department	interno	classes
br.com.sawcunhaos.organization.api.dto.GetAllDepartmentsResponse	br.com.sawcunhaos.organization.api.dto.GetAllDepartmentsResponse$GetAllDepartmentsResponseBuilder	interno	classes
br.com.sawcunhaos.organization.api.dto.GetAllDepartmentsResponse	br.com.sawcunhaos.organization.api.dto.ScosPaginated	interno	classes
br.com.sawcunhaos.organization.api.dto.GetAllDepartmentsResponse	com.fasterxml.jackson.annotation.JsonProperty	externo	jackson-annotations-2.22.jar
br.com.sawcunhaos.organization.api.dto.GetAllDepartmentsResponse	jakarta.validation.Valid	externo	jakarta.validation-api-3.1.1.jar
br.com.sawcunhaos.organization.api.dto.GetAllDepartmentsResponse	java.io.Serializable	jdk	java.base
br.com.sawcunhaos.organization.api.dto.GetAllDepartmentsResponse	java.lang.Class	jdk	java.base
br.com.sawcunhaos.organization.api.dto.GetAllDepartmentsResponse	java.lang.Object	jdk	java.base
br.com.sawcunhaos.organization.api.dto.GetAllDepartmentsResponse	java.lang.Record	jdk	java.base
br.com.sawcunhaos.organization.api.dto.GetAllDepartmentsResponse	java.lang.String	jdk	java.base
br.com.sawcunhaos.organization.api.dto.GetAllDepartmentsResponse	java.lang.invoke.MethodHandle	jdk	java.base
br.com.sawcunhaos.organization.api.dto.GetAllDepartmentsResponse	java.lang.invoke.MethodHandles	jdk	java.base
br.com.sawcunhaos.organization.api.dto.GetAllDepartmentsResponse	java.lang.invoke.MethodHandles$Lookup	jdk	java.base
br.com.sawcunhaos.organization.api.dto.GetAllDepartmentsResponse	java.lang.invoke.TypeDescriptor	jdk	java.base
br.com.sawcunhaos.organization.api.dto.GetAllDepartmentsResponse	java.lang.runtime.ObjectMethods	jdk	java.base
br.com.sawcunhaos.organization.api.dto.GetAllDepartmentsResponse	java.util.List	jdk	java.base
br.com.sawcunhaos.organization.api.dto.GetAllDepartmentsResponse$GetAllDepartmentsResponseBuilder	br.com.sawcunhaos.organization.api.dto.Department	interno	classes
br.com.sawcunhaos.organization.api.dto.GetAllDepartmentsResponse$GetAllDepartmentsResponseBuilder	br.com.sawcunhaos.organization.api.dto.GetAllDepartmentsResponse	interno	classes
br.com.sawcunhaos.organization.api.dto.GetAllDepartmentsResponse$GetAllDepartmentsResponseBuilder	br.com.sawcunhaos.organization.api.dto.ScosPaginated	interno	classes
br.com.sawcunhaos.organization.api.dto.GetAllDepartmentsResponse$GetAllDepartmentsResponseBuilder	com.fasterxml.jackson.annotation.JsonProperty	externo	jackson-annotations-2.22.jar
br.com.sawcunhaos.organization.api.dto.GetAllDepartmentsResponse$GetAllDepartmentsResponseBuilder	java.lang.Object	jdk	java.base
br.com.sawcunhaos.organization.api.dto.GetAllDepartmentsResponse$GetAllDepartmentsResponseBuilder	java.lang.String	jdk	java.base
br.com.sawcunhaos.organization.api.dto.GetAllDepartmentsResponse$GetAllDepartmentsResponseBuilder	java.lang.invoke.CallSite	jdk	java.base
br.com.sawcunhaos.organization.api.dto.GetAllDepartmentsResponse$GetAllDepartmentsResponseBuilder	java.lang.invoke.MethodHandles	jdk	java.base
br.com.sawcunhaos.organization.api.dto.GetAllDepartmentsResponse$GetAllDepartmentsResponseBuilder	java.lang.invoke.MethodHandles$Lookup	jdk	java.base
br.com.sawcunhaos.organization.api.dto.GetAllDepartmentsResponse$GetAllDepartmentsResponseBuilder	java.lang.invoke.MethodType	jdk	java.base
br.com.sawcunhaos.organization.api.dto.GetAllDepartmentsResponse$GetAllDepartmentsResponseBuilder	java.lang.invoke.StringConcatFactory	jdk	java.base
br.com.sawcunhaos.organization.api.dto.GetAllDepartmentsResponse$GetAllDepartmentsResponseBuilder	java.util.List	jdk	java.base
br.com.sawcunhaos.organization.api.dto.GetAllEmployeeAddressResponse	br.com.sawcunhaos.organization.api.dto.EmployeeAddresses	interno	classes
br.com.sawcunhaos.organization.api.dto.GetAllEmployeeAddressResponse	br.com.sawcunhaos.organization.api.dto.GetAllEmployeeAddressResponse$GetAllEmployeeAddressResponseBuilder	interno	classes
br.com.sawcunhaos.organization.api.dto.GetAllEmployeeAddressResponse	br.com.sawcunhaos.organization.api.dto.ScosPaginated	interno	classes
br.com.sawcunhaos.organization.api.dto.GetAllEmployeeAddressResponse	com.fasterxml.jackson.annotation.JsonProperty	externo	jackson-annotations-2.22.jar
br.com.sawcunhaos.organization.api.dto.GetAllEmployeeAddressResponse	jakarta.validation.Valid	externo	jakarta.validation-api-3.1.1.jar
br.com.sawcunhaos.organization.api.dto.GetAllEmployeeAddressResponse	java.io.Serializable	jdk	java.base
br.com.sawcunhaos.organization.api.dto.GetAllEmployeeAddressResponse	java.lang.Class	jdk	java.base
br.com.sawcunhaos.organization.api.dto.GetAllEmployeeAddressResponse	java.lang.Object	jdk	java.base
br.com.sawcunhaos.organization.api.dto.GetAllEmployeeAddressResponse	java.lang.Record	jdk	java.base
br.com.sawcunhaos.organization.api.dto.GetAllEmployeeAddressResponse	java.lang.String	jdk	java.base
br.com.sawcunhaos.organization.api.dto.GetAllEmployeeAddressResponse	java.lang.invoke.MethodHandle	jdk	java.base
br.com.sawcunhaos.organization.api.dto.GetAllEmployeeAddressResponse	java.lang.invoke.MethodHandles	jdk	java.base
br.com.sawcunhaos.organization.api.dto.GetAllEmployeeAddressResponse	java.lang.invoke.MethodHandles$Lookup	jdk	java.base
br.com.sawcunhaos.organization.api.dto.GetAllEmployeeAddressResponse	java.lang.invoke.TypeDescriptor	jdk	java.base
br.com.sawcunhaos.organization.api.dto.GetAllEmployeeAddressResponse	java.lang.runtime.ObjectMethods	jdk	java.base
br.com.sawcunhaos.organization.api.dto.GetAllEmployeeAddressResponse	java.util.List	jdk	java.base
br.com.sawcunhaos.organization.api.dto.GetAllEmployeeAddressResponse$GetAllEmployeeAddressResponseBuilder	br.com.sawcunhaos.organization.api.dto.EmployeeAddresses	interno	classes
br.com.sawcunhaos.organization.api.dto.GetAllEmployeeAddressResponse$GetAllEmployeeAddressResponseBuilder	br.com.sawcunhaos.organization.api.dto.GetAllEmployeeAddressResponse	interno	classes
br.com.sawcunhaos.organization.api.dto.GetAllEmployeeAddressResponse$GetAllEmployeeAddressResponseBuilder	br.com.sawcunhaos.organization.api.dto.ScosPaginated	interno	classes
br.com.sawcunhaos.organization.api.dto.GetAllEmployeeAddressResponse$GetAllEmployeeAddressResponseBuilder	com.fasterxml.jackson.annotation.JsonProperty	externo	jackson-annotations-2.22.jar
br.com.sawcunhaos.organization.api.dto.GetAllEmployeeAddressResponse$GetAllEmployeeAddressResponseBuilder	java.lang.Object	jdk	java.base
br.com.sawcunhaos.organization.api.dto.GetAllEmployeeAddressResponse$GetAllEmployeeAddressResponseBuilder	java.lang.String	jdk	java.base
br.com.sawcunhaos.organization.api.dto.GetAllEmployeeAddressResponse$GetAllEmployeeAddressResponseBuilder	java.lang.invoke.CallSite	jdk	java.base
br.com.sawcunhaos.organization.api.dto.GetAllEmployeeAddressResponse$GetAllEmployeeAddressResponseBuilder	java.lang.invoke.MethodHandles	jdk	java.base
br.com.sawcunhaos.organization.api.dto.GetAllEmployeeAddressResponse$GetAllEmployeeAddressResponseBuilder	java.lang.invoke.MethodHandles$Lookup	jdk	java.base
br.com.sawcunhaos.organization.api.dto.GetAllEmployeeAddressResponse$GetAllEmployeeAddressResponseBuilder	java.lang.invoke.MethodType	jdk	java.base
br.com.sawcunhaos.organization.api.dto.GetAllEmployeeAddressResponse$GetAllEmployeeAddressResponseBuilder	java.lang.invoke.StringConcatFactory	jdk	java.base
br.com.sawcunhaos.organization.api.dto.GetAllEmployeeAddressResponse$GetAllEmployeeAddressResponseBuilder	java.util.List	jdk	java.base
br.com.sawcunhaos.organization.api.dto.GetAllEmployeeContactsResponse	br.com.sawcunhaos.organization.api.dto.EmployeeContact	interno	classes
br.com.sawcunhaos.organization.api.dto.GetAllEmployeeContactsResponse	br.com.sawcunhaos.organization.api.dto.GetAllEmployeeContactsResponse$GetAllEmployeeContactsResponseBuilder	interno	classes
br.com.sawcunhaos.organization.api.dto.GetAllEmployeeContactsResponse	br.com.sawcunhaos.organization.api.dto.ScosPaginated	interno	classes
br.com.sawcunhaos.organization.api.dto.GetAllEmployeeContactsResponse	com.fasterxml.jackson.annotation.JsonProperty	externo	jackson-annotations-2.22.jar
br.com.sawcunhaos.organization.api.dto.GetAllEmployeeContactsResponse	jakarta.validation.Valid	externo	jakarta.validation-api-3.1.1.jar
br.com.sawcunhaos.organization.api.dto.GetAllEmployeeContactsResponse	java.io.Serializable	jdk	java.base
br.com.sawcunhaos.organization.api.dto.GetAllEmployeeContactsResponse	java.lang.Class	jdk	java.base
br.com.sawcunhaos.organization.api.dto.GetAllEmployeeContactsResponse	java.lang.Object	jdk	java.base
br.com.sawcunhaos.organization.api.dto.GetAllEmployeeContactsResponse	java.lang.Record	jdk	java.base
br.com.sawcunhaos.organization.api.dto.GetAllEmployeeContactsResponse	java.lang.String	jdk	java.base
br.com.sawcunhaos.organization.api.dto.GetAllEmployeeContactsResponse	java.lang.invoke.MethodHandle	jdk	java.base
br.com.sawcunhaos.organization.api.dto.GetAllEmployeeContactsResponse	java.lang.invoke.MethodHandles	jdk	java.base
br.com.sawcunhaos.organization.api.dto.GetAllEmployeeContactsResponse	java.lang.invoke.MethodHandles$Lookup	jdk	java.base
br.com.sawcunhaos.organization.api.dto.GetAllEmployeeContactsResponse	java.lang.invoke.TypeDescriptor	jdk	java.base
br.com.sawcunhaos.organization.api.dto.GetAllEmployeeContactsResponse	java.lang.runtime.ObjectMethods	jdk	java.base
br.com.sawcunhaos.organization.api.dto.GetAllEmployeeContactsResponse	java.util.List	jdk	java.base
br.com.sawcunhaos.organization.api.dto.GetAllEmployeeContactsResponse$GetAllEmployeeContactsResponseBuilder	br.com.sawcunhaos.organization.api.dto.EmployeeContact	interno	classes
br.com.sawcunhaos.organization.api.dto.GetAllEmployeeContactsResponse$GetAllEmployeeContactsResponseBuilder	br.com.sawcunhaos.organization.api.dto.GetAllEmployeeContactsResponse	interno	classes
br.com.sawcunhaos.organization.api.dto.GetAllEmployeeContactsResponse$GetAllEmployeeContactsResponseBuilder	br.com.sawcunhaos.organization.api.dto.ScosPaginated	interno	classes
br.com.sawcunhaos.organization.api.dto.GetAllEmployeeContactsResponse$GetAllEmployeeContactsResponseBuilder	com.fasterxml.jackson.annotation.JsonProperty	externo	jackson-annotations-2.22.jar
br.com.sawcunhaos.organization.api.dto.GetAllEmployeeContactsResponse$GetAllEmployeeContactsResponseBuilder	java.lang.Object	jdk	java.base
br.com.sawcunhaos.organization.api.dto.GetAllEmployeeContactsResponse$GetAllEmployeeContactsResponseBuilder	java.lang.String	jdk	java.base
br.com.sawcunhaos.organization.api.dto.GetAllEmployeeContactsResponse$GetAllEmployeeContactsResponseBuilder	java.lang.invoke.CallSite	jdk	java.base
br.com.sawcunhaos.organization.api.dto.GetAllEmployeeContactsResponse$GetAllEmployeeContactsResponseBuilder	java.lang.invoke.MethodHandles	jdk	java.base
br.com.sawcunhaos.organization.api.dto.GetAllEmployeeContactsResponse$GetAllEmployeeContactsResponseBuilder	java.lang.invoke.MethodHandles$Lookup	jdk	java.base
br.com.sawcunhaos.organization.api.dto.GetAllEmployeeContactsResponse$GetAllEmployeeContactsResponseBuilder	java.lang.invoke.MethodType	jdk	java.base
br.com.sawcunhaos.organization.api.dto.GetAllEmployeeContactsResponse$GetAllEmployeeContactsResponseBuilder	java.lang.invoke.StringConcatFactory	jdk	java.base
br.com.sawcunhaos.organization.api.dto.GetAllEmployeeContactsResponse$GetAllEmployeeContactsResponseBuilder	java.util.List	jdk	java.base
br.com.sawcunhaos.organization.api.dto.GetAllEmployeePositionHistoryResponse	br.com.sawcunhaos.organization.api.dto.EmployeePositionHistory	interno	classes
br.com.sawcunhaos.organization.api.dto.GetAllEmployeePositionHistoryResponse	br.com.sawcunhaos.organization.api.dto.GetAllEmployeePositionHistoryResponse$GetAllEmployeePositionHistoryResponseBuilder	interno	classes
br.com.sawcunhaos.organization.api.dto.GetAllEmployeePositionHistoryResponse	br.com.sawcunhaos.organization.api.dto.ScosPaginated	interno	classes
br.com.sawcunhaos.organization.api.dto.GetAllEmployeePositionHistoryResponse	com.fasterxml.jackson.annotation.JsonProperty	externo	jackson-annotations-2.22.jar
br.com.sawcunhaos.organization.api.dto.GetAllEmployeePositionHistoryResponse	jakarta.validation.Valid	externo	jakarta.validation-api-3.1.1.jar
br.com.sawcunhaos.organization.api.dto.GetAllEmployeePositionHistoryResponse	java.io.Serializable	jdk	java.base
br.com.sawcunhaos.organization.api.dto.GetAllEmployeePositionHistoryResponse	java.lang.Class	jdk	java.base
br.com.sawcunhaos.organization.api.dto.GetAllEmployeePositionHistoryResponse	java.lang.Object	jdk	java.base
br.com.sawcunhaos.organization.api.dto.GetAllEmployeePositionHistoryResponse	java.lang.Record	jdk	java.base
br.com.sawcunhaos.organization.api.dto.GetAllEmployeePositionHistoryResponse	java.lang.String	jdk	java.base
br.com.sawcunhaos.organization.api.dto.GetAllEmployeePositionHistoryResponse	java.lang.invoke.MethodHandle	jdk	java.base
br.com.sawcunhaos.organization.api.dto.GetAllEmployeePositionHistoryResponse	java.lang.invoke.MethodHandles	jdk	java.base
br.com.sawcunhaos.organization.api.dto.GetAllEmployeePositionHistoryResponse	java.lang.invoke.MethodHandles$Lookup	jdk	java.base
br.com.sawcunhaos.organization.api.dto.GetAllEmployeePositionHistoryResponse	java.lang.invoke.TypeDescriptor	jdk	java.base
br.com.sawcunhaos.organization.api.dto.GetAllEmployeePositionHistoryResponse	java.lang.runtime.ObjectMethods	jdk	java.base
br.com.sawcunhaos.organization.api.dto.GetAllEmployeePositionHistoryResponse	java.util.List	jdk	java.base
br.com.sawcunhaos.organization.api.dto.GetAllEmployeePositionHistoryResponse$GetAllEmployeePositionHistoryResponseBuilder	br.com.sawcunhaos.organization.api.dto.EmployeePositionHistory	interno	classes
br.com.sawcunhaos.organization.api.dto.GetAllEmployeePositionHistoryResponse$GetAllEmployeePositionHistoryResponseBuilder	br.com.sawcunhaos.organization.api.dto.GetAllEmployeePositionHistoryResponse	interno	classes
br.com.sawcunhaos.organization.api.dto.GetAllEmployeePositionHistoryResponse$GetAllEmployeePositionHistoryResponseBuilder	br.com.sawcunhaos.organization.api.dto.ScosPaginated	interno	classes
br.com.sawcunhaos.organization.api.dto.GetAllEmployeePositionHistoryResponse$GetAllEmployeePositionHistoryResponseBuilder	com.fasterxml.jackson.annotation.JsonProperty	externo	jackson-annotations-2.22.jar
br.com.sawcunhaos.organization.api.dto.GetAllEmployeePositionHistoryResponse$GetAllEmployeePositionHistoryResponseBuilder	java.lang.Object	jdk	java.base
br.com.sawcunhaos.organization.api.dto.GetAllEmployeePositionHistoryResponse$GetAllEmployeePositionHistoryResponseBuilder	java.lang.String	jdk	java.base
br.com.sawcunhaos.organization.api.dto.GetAllEmployeePositionHistoryResponse$GetAllEmployeePositionHistoryResponseBuilder	java.lang.invoke.CallSite	jdk	java.base
br.com.sawcunhaos.organization.api.dto.GetAllEmployeePositionHistoryResponse$GetAllEmployeePositionHistoryResponseBuilder	java.lang.invoke.MethodHandles	jdk	java.base
br.com.sawcunhaos.organization.api.dto.GetAllEmployeePositionHistoryResponse$GetAllEmployeePositionHistoryResponseBuilder	java.lang.invoke.MethodHandles$Lookup	jdk	java.base
br.com.sawcunhaos.organization.api.dto.GetAllEmployeePositionHistoryResponse$GetAllEmployeePositionHistoryResponseBuilder	java.lang.invoke.MethodType	jdk	java.base
br.com.sawcunhaos.organization.api.dto.GetAllEmployeePositionHistoryResponse$GetAllEmployeePositionHistoryResponseBuilder	java.lang.invoke.StringConcatFactory	jdk	java.base
br.com.sawcunhaos.organization.api.dto.GetAllEmployeePositionHistoryResponse$GetAllEmployeePositionHistoryResponseBuilder	java.util.List	jdk	java.base
br.com.sawcunhaos.organization.api.dto.GetAllEmployeeStatusHistoryResponse	br.com.sawcunhaos.organization.api.dto.EmployeeStatusHistory	interno	classes
br.com.sawcunhaos.organization.api.dto.GetAllEmployeeStatusHistoryResponse	br.com.sawcunhaos.organization.api.dto.GetAllEmployeeStatusHistoryResponse$GetAllEmployeeStatusHistoryResponseBuilder	interno	classes
br.com.sawcunhaos.organization.api.dto.GetAllEmployeeStatusHistoryResponse	br.com.sawcunhaos.organization.api.dto.ScosPaginated	interno	classes
br.com.sawcunhaos.organization.api.dto.GetAllEmployeeStatusHistoryResponse	com.fasterxml.jackson.annotation.JsonProperty	externo	jackson-annotations-2.22.jar
br.com.sawcunhaos.organization.api.dto.GetAllEmployeeStatusHistoryResponse	jakarta.validation.Valid	externo	jakarta.validation-api-3.1.1.jar
br.com.sawcunhaos.organization.api.dto.GetAllEmployeeStatusHistoryResponse	java.io.Serializable	jdk	java.base
br.com.sawcunhaos.organization.api.dto.GetAllEmployeeStatusHistoryResponse	java.lang.Class	jdk	java.base
br.com.sawcunhaos.organization.api.dto.GetAllEmployeeStatusHistoryResponse	java.lang.Object	jdk	java.base
br.com.sawcunhaos.organization.api.dto.GetAllEmployeeStatusHistoryResponse	java.lang.Record	jdk	java.base
br.com.sawcunhaos.organization.api.dto.GetAllEmployeeStatusHistoryResponse	java.lang.String	jdk	java.base
br.com.sawcunhaos.organization.api.dto.GetAllEmployeeStatusHistoryResponse	java.lang.invoke.MethodHandle	jdk	java.base
br.com.sawcunhaos.organization.api.dto.GetAllEmployeeStatusHistoryResponse	java.lang.invoke.MethodHandles	jdk	java.base
br.com.sawcunhaos.organization.api.dto.GetAllEmployeeStatusHistoryResponse	java.lang.invoke.MethodHandles$Lookup	jdk	java.base
br.com.sawcunhaos.organization.api.dto.GetAllEmployeeStatusHistoryResponse	java.lang.invoke.TypeDescriptor	jdk	java.base
br.com.sawcunhaos.organization.api.dto.GetAllEmployeeStatusHistoryResponse	java.lang.runtime.ObjectMethods	jdk	java.base
br.com.sawcunhaos.organization.api.dto.GetAllEmployeeStatusHistoryResponse	java.util.List	jdk	java.base
br.com.sawcunhaos.organization.api.dto.GetAllEmployeeStatusHistoryResponse$GetAllEmployeeStatusHistoryResponseBuilder	br.com.sawcunhaos.organization.api.dto.EmployeeStatusHistory	interno	classes
br.com.sawcunhaos.organization.api.dto.GetAllEmployeeStatusHistoryResponse$GetAllEmployeeStatusHistoryResponseBuilder	br.com.sawcunhaos.organization.api.dto.GetAllEmployeeStatusHistoryResponse	interno	classes
br.com.sawcunhaos.organization.api.dto.GetAllEmployeeStatusHistoryResponse$GetAllEmployeeStatusHistoryResponseBuilder	br.com.sawcunhaos.organization.api.dto.ScosPaginated	interno	classes
br.com.sawcunhaos.organization.api.dto.GetAllEmployeeStatusHistoryResponse$GetAllEmployeeStatusHistoryResponseBuilder	com.fasterxml.jackson.annotation.JsonProperty	externo	jackson-annotations-2.22.jar
br.com.sawcunhaos.organization.api.dto.GetAllEmployeeStatusHistoryResponse$GetAllEmployeeStatusHistoryResponseBuilder	java.lang.Object	jdk	java.base
br.com.sawcunhaos.organization.api.dto.GetAllEmployeeStatusHistoryResponse$GetAllEmployeeStatusHistoryResponseBuilder	java.lang.String	jdk	java.base
br.com.sawcunhaos.organization.api.dto.GetAllEmployeeStatusHistoryResponse$GetAllEmployeeStatusHistoryResponseBuilder	java.lang.invoke.CallSite	jdk	java.base
br.com.sawcunhaos.organization.api.dto.GetAllEmployeeStatusHistoryResponse$GetAllEmployeeStatusHistoryResponseBuilder	java.lang.invoke.MethodHandles	jdk	java.base
br.com.sawcunhaos.organization.api.dto.GetAllEmployeeStatusHistoryResponse$GetAllEmployeeStatusHistoryResponseBuilder	java.lang.invoke.MethodHandles$Lookup	jdk	java.base
br.com.sawcunhaos.organization.api.dto.GetAllEmployeeStatusHistoryResponse$GetAllEmployeeStatusHistoryResponseBuilder	java.lang.invoke.MethodType	jdk	java.base
br.com.sawcunhaos.organization.api.dto.GetAllEmployeeStatusHistoryResponse$GetAllEmployeeStatusHistoryResponseBuilder	java.lang.invoke.StringConcatFactory	jdk	java.base
br.com.sawcunhaos.organization.api.dto.GetAllEmployeeStatusHistoryResponse$GetAllEmployeeStatusHistoryResponseBuilder	java.util.List	jdk	java.base
br.com.sawcunhaos.organization.api.dto.GetAllEmployeesResponse	br.com.sawcunhaos.organization.api.dto.Employees	interno	classes
br.com.sawcunhaos.organization.api.dto.GetAllEmployeesResponse	br.com.sawcunhaos.organization.api.dto.GetAllEmployeesResponse$GetAllEmployeesResponseBuilder	interno	classes
br.com.sawcunhaos.organization.api.dto.GetAllEmployeesResponse	br.com.sawcunhaos.organization.api.dto.ScosPaginated	interno	classes
br.com.sawcunhaos.organization.api.dto.GetAllEmployeesResponse	com.fasterxml.jackson.annotation.JsonProperty	externo	jackson-annotations-2.22.jar
br.com.sawcunhaos.organization.api.dto.GetAllEmployeesResponse	jakarta.validation.Valid	externo	jakarta.validation-api-3.1.1.jar
br.com.sawcunhaos.organization.api.dto.GetAllEmployeesResponse	java.io.Serializable	jdk	java.base
br.com.sawcunhaos.organization.api.dto.GetAllEmployeesResponse	java.lang.Class	jdk	java.base
br.com.sawcunhaos.organization.api.dto.GetAllEmployeesResponse	java.lang.Object	jdk	java.base
br.com.sawcunhaos.organization.api.dto.GetAllEmployeesResponse	java.lang.Record	jdk	java.base
br.com.sawcunhaos.organization.api.dto.GetAllEmployeesResponse	java.lang.String	jdk	java.base
br.com.sawcunhaos.organization.api.dto.GetAllEmployeesResponse	java.lang.invoke.MethodHandle	jdk	java.base
br.com.sawcunhaos.organization.api.dto.GetAllEmployeesResponse	java.lang.invoke.MethodHandles	jdk	java.base
br.com.sawcunhaos.organization.api.dto.GetAllEmployeesResponse	java.lang.invoke.MethodHandles$Lookup	jdk	java.base
br.com.sawcunhaos.organization.api.dto.GetAllEmployeesResponse	java.lang.invoke.TypeDescriptor	jdk	java.base
br.com.sawcunhaos.organization.api.dto.GetAllEmployeesResponse	java.lang.runtime.ObjectMethods	jdk	java.base
br.com.sawcunhaos.organization.api.dto.GetAllEmployeesResponse	java.util.List	jdk	java.base
br.com.sawcunhaos.organization.api.dto.GetAllEmployeesResponse$GetAllEmployeesResponseBuilder	br.com.sawcunhaos.organization.api.dto.Employees	interno	classes
br.com.sawcunhaos.organization.api.dto.GetAllEmployeesResponse$GetAllEmployeesResponseBuilder	br.com.sawcunhaos.organization.api.dto.GetAllEmployeesResponse	interno	classes
br.com.sawcunhaos.organization.api.dto.GetAllEmployeesResponse$GetAllEmployeesResponseBuilder	br.com.sawcunhaos.organization.api.dto.ScosPaginated	interno	classes
br.com.sawcunhaos.organization.api.dto.GetAllEmployeesResponse$GetAllEmployeesResponseBuilder	com.fasterxml.jackson.annotation.JsonProperty	externo	jackson-annotations-2.22.jar
br.com.sawcunhaos.organization.api.dto.GetAllEmployeesResponse$GetAllEmployeesResponseBuilder	java.lang.Object	jdk	java.base
br.com.sawcunhaos.organization.api.dto.GetAllEmployeesResponse$GetAllEmployeesResponseBuilder	java.lang.String	jdk	java.base
br.com.sawcunhaos.organization.api.dto.GetAllEmployeesResponse$GetAllEmployeesResponseBuilder	java.lang.invoke.CallSite	jdk	java.base
br.com.sawcunhaos.organization.api.dto.GetAllEmployeesResponse$GetAllEmployeesResponseBuilder	java.lang.invoke.MethodHandles	jdk	java.base
br.com.sawcunhaos.organization.api.dto.GetAllEmployeesResponse$GetAllEmployeesResponseBuilder	java.lang.invoke.MethodHandles$Lookup	jdk	java.base
br.com.sawcunhaos.organization.api.dto.GetAllEmployeesResponse$GetAllEmployeesResponseBuilder	java.lang.invoke.MethodType	jdk	java.base
br.com.sawcunhaos.organization.api.dto.GetAllEmployeesResponse$GetAllEmployeesResponseBuilder	java.lang.invoke.StringConcatFactory	jdk	java.base
br.com.sawcunhaos.organization.api.dto.GetAllEmployeesResponse$GetAllEmployeesResponseBuilder	java.util.List	jdk	java.base
br.com.sawcunhaos.organization.api.dto.GetAllKeysConfigurationsResponse	br.com.sawcunhaos.organization.api.dto.GetAllKeysConfigurationsResponse$GetAllKeysConfigurationsResponseBuilder	interno	classes
br.com.sawcunhaos.organization.api.dto.GetAllKeysConfigurationsResponse	br.com.sawcunhaos.organization.api.dto.KeyConfiguration	interno	classes
br.com.sawcunhaos.organization.api.dto.GetAllKeysConfigurationsResponse	com.fasterxml.jackson.annotation.JsonProperty	externo	jackson-annotations-2.22.jar
br.com.sawcunhaos.organization.api.dto.GetAllKeysConfigurationsResponse	jakarta.validation.Valid	externo	jakarta.validation-api-3.1.1.jar
br.com.sawcunhaos.organization.api.dto.GetAllKeysConfigurationsResponse	java.io.Serializable	jdk	java.base
br.com.sawcunhaos.organization.api.dto.GetAllKeysConfigurationsResponse	java.lang.Class	jdk	java.base
br.com.sawcunhaos.organization.api.dto.GetAllKeysConfigurationsResponse	java.lang.Object	jdk	java.base
br.com.sawcunhaos.organization.api.dto.GetAllKeysConfigurationsResponse	java.lang.Record	jdk	java.base
br.com.sawcunhaos.organization.api.dto.GetAllKeysConfigurationsResponse	java.lang.String	jdk	java.base
br.com.sawcunhaos.organization.api.dto.GetAllKeysConfigurationsResponse	java.lang.invoke.MethodHandle	jdk	java.base
br.com.sawcunhaos.organization.api.dto.GetAllKeysConfigurationsResponse	java.lang.invoke.MethodHandles	jdk	java.base
br.com.sawcunhaos.organization.api.dto.GetAllKeysConfigurationsResponse	java.lang.invoke.MethodHandles$Lookup	jdk	java.base
br.com.sawcunhaos.organization.api.dto.GetAllKeysConfigurationsResponse	java.lang.invoke.TypeDescriptor	jdk	java.base
br.com.sawcunhaos.organization.api.dto.GetAllKeysConfigurationsResponse	java.lang.runtime.ObjectMethods	jdk	java.base
br.com.sawcunhaos.organization.api.dto.GetAllKeysConfigurationsResponse	java.util.List	jdk	java.base
br.com.sawcunhaos.organization.api.dto.GetAllKeysConfigurationsResponse$GetAllKeysConfigurationsResponseBuilder	br.com.sawcunhaos.organization.api.dto.GetAllKeysConfigurationsResponse	interno	classes
br.com.sawcunhaos.organization.api.dto.GetAllKeysConfigurationsResponse$GetAllKeysConfigurationsResponseBuilder	br.com.sawcunhaos.organization.api.dto.KeyConfiguration	interno	classes
br.com.sawcunhaos.organization.api.dto.GetAllKeysConfigurationsResponse$GetAllKeysConfigurationsResponseBuilder	com.fasterxml.jackson.annotation.JsonProperty	externo	jackson-annotations-2.22.jar
br.com.sawcunhaos.organization.api.dto.GetAllKeysConfigurationsResponse$GetAllKeysConfigurationsResponseBuilder	java.lang.Object	jdk	java.base
br.com.sawcunhaos.organization.api.dto.GetAllKeysConfigurationsResponse$GetAllKeysConfigurationsResponseBuilder	java.lang.String	jdk	java.base
br.com.sawcunhaos.organization.api.dto.GetAllKeysConfigurationsResponse$GetAllKeysConfigurationsResponseBuilder	java.lang.invoke.CallSite	jdk	java.base
br.com.sawcunhaos.organization.api.dto.GetAllKeysConfigurationsResponse$GetAllKeysConfigurationsResponseBuilder	java.lang.invoke.MethodHandles	jdk	java.base
br.com.sawcunhaos.organization.api.dto.GetAllKeysConfigurationsResponse$GetAllKeysConfigurationsResponseBuilder	java.lang.invoke.MethodHandles$Lookup	jdk	java.base
br.com.sawcunhaos.organization.api.dto.GetAllKeysConfigurationsResponse$GetAllKeysConfigurationsResponseBuilder	java.lang.invoke.MethodType	jdk	java.base
br.com.sawcunhaos.organization.api.dto.GetAllKeysConfigurationsResponse$GetAllKeysConfigurationsResponseBuilder	java.lang.invoke.StringConcatFactory	jdk	java.base
br.com.sawcunhaos.organization.api.dto.GetAllKeysConfigurationsResponse$GetAllKeysConfigurationsResponseBuilder	java.util.List	jdk	java.base
br.com.sawcunhaos.organization.api.dto.GetAllLegalNaturesResponse	br.com.sawcunhaos.organization.api.dto.GetAllLegalNaturesResponse$GetAllLegalNaturesResponseBuilder	interno	classes
br.com.sawcunhaos.organization.api.dto.GetAllLegalNaturesResponse	br.com.sawcunhaos.organization.api.dto.LegalNature	interno	classes
br.com.sawcunhaos.organization.api.dto.GetAllLegalNaturesResponse	br.com.sawcunhaos.organization.api.dto.ScosPaginated	interno	classes
br.com.sawcunhaos.organization.api.dto.GetAllLegalNaturesResponse	com.fasterxml.jackson.annotation.JsonProperty	externo	jackson-annotations-2.22.jar
br.com.sawcunhaos.organization.api.dto.GetAllLegalNaturesResponse	jakarta.validation.Valid	externo	jakarta.validation-api-3.1.1.jar
br.com.sawcunhaos.organization.api.dto.GetAllLegalNaturesResponse	java.io.Serializable	jdk	java.base
br.com.sawcunhaos.organization.api.dto.GetAllLegalNaturesResponse	java.lang.Class	jdk	java.base
br.com.sawcunhaos.organization.api.dto.GetAllLegalNaturesResponse	java.lang.Object	jdk	java.base
br.com.sawcunhaos.organization.api.dto.GetAllLegalNaturesResponse	java.lang.Record	jdk	java.base
br.com.sawcunhaos.organization.api.dto.GetAllLegalNaturesResponse	java.lang.String	jdk	java.base
br.com.sawcunhaos.organization.api.dto.GetAllLegalNaturesResponse	java.lang.invoke.MethodHandle	jdk	java.base
br.com.sawcunhaos.organization.api.dto.GetAllLegalNaturesResponse	java.lang.invoke.MethodHandles	jdk	java.base
br.com.sawcunhaos.organization.api.dto.GetAllLegalNaturesResponse	java.lang.invoke.MethodHandles$Lookup	jdk	java.base
br.com.sawcunhaos.organization.api.dto.GetAllLegalNaturesResponse	java.lang.invoke.TypeDescriptor	jdk	java.base
br.com.sawcunhaos.organization.api.dto.GetAllLegalNaturesResponse	java.lang.runtime.ObjectMethods	jdk	java.base
br.com.sawcunhaos.organization.api.dto.GetAllLegalNaturesResponse	java.util.List	jdk	java.base
br.com.sawcunhaos.organization.api.dto.GetAllLegalNaturesResponse$GetAllLegalNaturesResponseBuilder	br.com.sawcunhaos.organization.api.dto.GetAllLegalNaturesResponse	interno	classes
br.com.sawcunhaos.organization.api.dto.GetAllLegalNaturesResponse$GetAllLegalNaturesResponseBuilder	br.com.sawcunhaos.organization.api.dto.LegalNature	interno	classes
br.com.sawcunhaos.organization.api.dto.GetAllLegalNaturesResponse$GetAllLegalNaturesResponseBuilder	br.com.sawcunhaos.organization.api.dto.ScosPaginated	interno	classes
br.com.sawcunhaos.organization.api.dto.GetAllLegalNaturesResponse$GetAllLegalNaturesResponseBuilder	com.fasterxml.jackson.annotation.JsonProperty	externo	jackson-annotations-2.22.jar
br.com.sawcunhaos.organization.api.dto.GetAllLegalNaturesResponse$GetAllLegalNaturesResponseBuilder	java.lang.Object	jdk	java.base
br.com.sawcunhaos.organization.api.dto.GetAllLegalNaturesResponse$GetAllLegalNaturesResponseBuilder	java.lang.String	jdk	java.base
br.com.sawcunhaos.organization.api.dto.GetAllLegalNaturesResponse$GetAllLegalNaturesResponseBuilder	java.lang.invoke.CallSite	jdk	java.base
br.com.sawcunhaos.organization.api.dto.GetAllLegalNaturesResponse$GetAllLegalNaturesResponseBuilder	java.lang.invoke.MethodHandles	jdk	java.base
br.com.sawcunhaos.organization.api.dto.GetAllLegalNaturesResponse$GetAllLegalNaturesResponseBuilder	java.lang.invoke.MethodHandles$Lookup	jdk	java.base
br.com.sawcunhaos.organization.api.dto.GetAllLegalNaturesResponse$GetAllLegalNaturesResponseBuilder	java.lang.invoke.MethodType	jdk	java.base
br.com.sawcunhaos.organization.api.dto.GetAllLegalNaturesResponse$GetAllLegalNaturesResponseBuilder	java.lang.invoke.StringConcatFactory	jdk	java.base
br.com.sawcunhaos.organization.api.dto.GetAllLegalNaturesResponse$GetAllLegalNaturesResponseBuilder	java.util.List	jdk	java.base
br.com.sawcunhaos.organization.api.dto.GetAllLoginApprovalRequestsResponse	br.com.sawcunhaos.organization.api.dto.GetAllLoginApprovalRequestsResponse$GetAllLoginApprovalRequestsResponseBuilder	interno	classes
br.com.sawcunhaos.organization.api.dto.GetAllLoginApprovalRequestsResponse	br.com.sawcunhaos.organization.api.dto.LoginApprovalRequest	interno	classes
br.com.sawcunhaos.organization.api.dto.GetAllLoginApprovalRequestsResponse	br.com.sawcunhaos.organization.api.dto.ScosPaginated	interno	classes
br.com.sawcunhaos.organization.api.dto.GetAllLoginApprovalRequestsResponse	com.fasterxml.jackson.annotation.JsonProperty	externo	jackson-annotations-2.22.jar
br.com.sawcunhaos.organization.api.dto.GetAllLoginApprovalRequestsResponse	jakarta.validation.Valid	externo	jakarta.validation-api-3.1.1.jar
br.com.sawcunhaos.organization.api.dto.GetAllLoginApprovalRequestsResponse	java.io.Serializable	jdk	java.base
br.com.sawcunhaos.organization.api.dto.GetAllLoginApprovalRequestsResponse	java.lang.Class	jdk	java.base
br.com.sawcunhaos.organization.api.dto.GetAllLoginApprovalRequestsResponse	java.lang.Object	jdk	java.base
br.com.sawcunhaos.organization.api.dto.GetAllLoginApprovalRequestsResponse	java.lang.Record	jdk	java.base
br.com.sawcunhaos.organization.api.dto.GetAllLoginApprovalRequestsResponse	java.lang.String	jdk	java.base
br.com.sawcunhaos.organization.api.dto.GetAllLoginApprovalRequestsResponse	java.lang.invoke.MethodHandle	jdk	java.base
br.com.sawcunhaos.organization.api.dto.GetAllLoginApprovalRequestsResponse	java.lang.invoke.MethodHandles	jdk	java.base
br.com.sawcunhaos.organization.api.dto.GetAllLoginApprovalRequestsResponse	java.lang.invoke.MethodHandles$Lookup	jdk	java.base
br.com.sawcunhaos.organization.api.dto.GetAllLoginApprovalRequestsResponse	java.lang.invoke.TypeDescriptor	jdk	java.base
br.com.sawcunhaos.organization.api.dto.GetAllLoginApprovalRequestsResponse	java.lang.runtime.ObjectMethods	jdk	java.base
br.com.sawcunhaos.organization.api.dto.GetAllLoginApprovalRequestsResponse	java.util.List	jdk	java.base
br.com.sawcunhaos.organization.api.dto.GetAllLoginApprovalRequestsResponse$GetAllLoginApprovalRequestsResponseBuilder	br.com.sawcunhaos.organization.api.dto.GetAllLoginApprovalRequestsResponse	interno	classes
br.com.sawcunhaos.organization.api.dto.GetAllLoginApprovalRequestsResponse$GetAllLoginApprovalRequestsResponseBuilder	br.com.sawcunhaos.organization.api.dto.LoginApprovalRequest	interno	classes
br.com.sawcunhaos.organization.api.dto.GetAllLoginApprovalRequestsResponse$GetAllLoginApprovalRequestsResponseBuilder	br.com.sawcunhaos.organization.api.dto.ScosPaginated	interno	classes
br.com.sawcunhaos.organization.api.dto.GetAllLoginApprovalRequestsResponse$GetAllLoginApprovalRequestsResponseBuilder	com.fasterxml.jackson.annotation.JsonProperty	externo	jackson-annotations-2.22.jar
br.com.sawcunhaos.organization.api.dto.GetAllLoginApprovalRequestsResponse$GetAllLoginApprovalRequestsResponseBuilder	java.lang.Object	jdk	java.base
br.com.sawcunhaos.organization.api.dto.GetAllLoginApprovalRequestsResponse$GetAllLoginApprovalRequestsResponseBuilder	java.lang.String	jdk	java.base
br.com.sawcunhaos.organization.api.dto.GetAllLoginApprovalRequestsResponse$GetAllLoginApprovalRequestsResponseBuilder	java.lang.invoke.CallSite	jdk	java.base
br.com.sawcunhaos.organization.api.dto.GetAllLoginApprovalRequestsResponse$GetAllLoginApprovalRequestsResponseBuilder	java.lang.invoke.MethodHandles	jdk	java.base
br.com.sawcunhaos.organization.api.dto.GetAllLoginApprovalRequestsResponse$GetAllLoginApprovalRequestsResponseBuilder	java.lang.invoke.MethodHandles$Lookup	jdk	java.base
br.com.sawcunhaos.organization.api.dto.GetAllLoginApprovalRequestsResponse$GetAllLoginApprovalRequestsResponseBuilder	java.lang.invoke.MethodType	jdk	java.base
br.com.sawcunhaos.organization.api.dto.GetAllLoginApprovalRequestsResponse$GetAllLoginApprovalRequestsResponseBuilder	java.lang.invoke.StringConcatFactory	jdk	java.base
br.com.sawcunhaos.organization.api.dto.GetAllLoginApprovalRequestsResponse$GetAllLoginApprovalRequestsResponseBuilder	java.util.List	jdk	java.base
br.com.sawcunhaos.organization.api.dto.GetAllLoginProfilesResponse	br.com.sawcunhaos.organization.api.dto.GetAllLoginProfilesResponse$GetAllLoginProfilesResponseBuilder	interno	classes
br.com.sawcunhaos.organization.api.dto.GetAllLoginProfilesResponse	br.com.sawcunhaos.organization.api.dto.ProfileSummary	interno	classes
br.com.sawcunhaos.organization.api.dto.GetAllLoginProfilesResponse	br.com.sawcunhaos.organization.api.dto.ScosPaginated	interno	classes
br.com.sawcunhaos.organization.api.dto.GetAllLoginProfilesResponse	com.fasterxml.jackson.annotation.JsonProperty	externo	jackson-annotations-2.22.jar
br.com.sawcunhaos.organization.api.dto.GetAllLoginProfilesResponse	jakarta.validation.Valid	externo	jakarta.validation-api-3.1.1.jar
br.com.sawcunhaos.organization.api.dto.GetAllLoginProfilesResponse	java.io.Serializable	jdk	java.base
br.com.sawcunhaos.organization.api.dto.GetAllLoginProfilesResponse	java.lang.Class	jdk	java.base
br.com.sawcunhaos.organization.api.dto.GetAllLoginProfilesResponse	java.lang.Object	jdk	java.base
br.com.sawcunhaos.organization.api.dto.GetAllLoginProfilesResponse	java.lang.Record	jdk	java.base
br.com.sawcunhaos.organization.api.dto.GetAllLoginProfilesResponse	java.lang.String	jdk	java.base
br.com.sawcunhaos.organization.api.dto.GetAllLoginProfilesResponse	java.lang.invoke.MethodHandle	jdk	java.base
br.com.sawcunhaos.organization.api.dto.GetAllLoginProfilesResponse	java.lang.invoke.MethodHandles	jdk	java.base
br.com.sawcunhaos.organization.api.dto.GetAllLoginProfilesResponse	java.lang.invoke.MethodHandles$Lookup	jdk	java.base
br.com.sawcunhaos.organization.api.dto.GetAllLoginProfilesResponse	java.lang.invoke.TypeDescriptor	jdk	java.base
br.com.sawcunhaos.organization.api.dto.GetAllLoginProfilesResponse	java.lang.runtime.ObjectMethods	jdk	java.base
br.com.sawcunhaos.organization.api.dto.GetAllLoginProfilesResponse	java.util.List	jdk	java.base
br.com.sawcunhaos.organization.api.dto.GetAllLoginProfilesResponse$GetAllLoginProfilesResponseBuilder	br.com.sawcunhaos.organization.api.dto.GetAllLoginProfilesResponse	interno	classes
br.com.sawcunhaos.organization.api.dto.GetAllLoginProfilesResponse$GetAllLoginProfilesResponseBuilder	br.com.sawcunhaos.organization.api.dto.ProfileSummary	interno	classes
br.com.sawcunhaos.organization.api.dto.GetAllLoginProfilesResponse$GetAllLoginProfilesResponseBuilder	br.com.sawcunhaos.organization.api.dto.ScosPaginated	interno	classes
br.com.sawcunhaos.organization.api.dto.GetAllLoginProfilesResponse$GetAllLoginProfilesResponseBuilder	com.fasterxml.jackson.annotation.JsonProperty	externo	jackson-annotations-2.22.jar
br.com.sawcunhaos.organization.api.dto.GetAllLoginProfilesResponse$GetAllLoginProfilesResponseBuilder	java.lang.Object	jdk	java.base
br.com.sawcunhaos.organization.api.dto.GetAllLoginProfilesResponse$GetAllLoginProfilesResponseBuilder	java.lang.String	jdk	java.base
br.com.sawcunhaos.organization.api.dto.GetAllLoginProfilesResponse$GetAllLoginProfilesResponseBuilder	java.lang.invoke.CallSite	jdk	java.base
br.com.sawcunhaos.organization.api.dto.GetAllLoginProfilesResponse$GetAllLoginProfilesResponseBuilder	java.lang.invoke.MethodHandles	jdk	java.base
br.com.sawcunhaos.organization.api.dto.GetAllLoginProfilesResponse$GetAllLoginProfilesResponseBuilder	java.lang.invoke.MethodHandles$Lookup	jdk	java.base
br.com.sawcunhaos.organization.api.dto.GetAllLoginProfilesResponse$GetAllLoginProfilesResponseBuilder	java.lang.invoke.MethodType	jdk	java.base
br.com.sawcunhaos.organization.api.dto.GetAllLoginProfilesResponse$GetAllLoginProfilesResponseBuilder	java.lang.invoke.StringConcatFactory	jdk	java.base
br.com.sawcunhaos.organization.api.dto.GetAllLoginProfilesResponse$GetAllLoginProfilesResponseBuilder	java.util.List	jdk	java.base
br.com.sawcunhaos.organization.api.dto.GetAllLoginStatusHistoryResponse	br.com.sawcunhaos.organization.api.dto.GetAllLoginStatusHistoryResponse$GetAllLoginStatusHistoryResponseBuilder	interno	classes
br.com.sawcunhaos.organization.api.dto.GetAllLoginStatusHistoryResponse	br.com.sawcunhaos.organization.api.dto.LoginStatusHistory	interno	classes
br.com.sawcunhaos.organization.api.dto.GetAllLoginStatusHistoryResponse	br.com.sawcunhaos.organization.api.dto.ScosPaginated	interno	classes
br.com.sawcunhaos.organization.api.dto.GetAllLoginStatusHistoryResponse	com.fasterxml.jackson.annotation.JsonProperty	externo	jackson-annotations-2.22.jar
br.com.sawcunhaos.organization.api.dto.GetAllLoginStatusHistoryResponse	jakarta.validation.Valid	externo	jakarta.validation-api-3.1.1.jar
br.com.sawcunhaos.organization.api.dto.GetAllLoginStatusHistoryResponse	java.io.Serializable	jdk	java.base
br.com.sawcunhaos.organization.api.dto.GetAllLoginStatusHistoryResponse	java.lang.Class	jdk	java.base
br.com.sawcunhaos.organization.api.dto.GetAllLoginStatusHistoryResponse	java.lang.Object	jdk	java.base
br.com.sawcunhaos.organization.api.dto.GetAllLoginStatusHistoryResponse	java.lang.Record	jdk	java.base
br.com.sawcunhaos.organization.api.dto.GetAllLoginStatusHistoryResponse	java.lang.String	jdk	java.base
br.com.sawcunhaos.organization.api.dto.GetAllLoginStatusHistoryResponse	java.lang.invoke.MethodHandle	jdk	java.base
br.com.sawcunhaos.organization.api.dto.GetAllLoginStatusHistoryResponse	java.lang.invoke.MethodHandles	jdk	java.base
br.com.sawcunhaos.organization.api.dto.GetAllLoginStatusHistoryResponse	java.lang.invoke.MethodHandles$Lookup	jdk	java.base
br.com.sawcunhaos.organization.api.dto.GetAllLoginStatusHistoryResponse	java.lang.invoke.TypeDescriptor	jdk	java.base
br.com.sawcunhaos.organization.api.dto.GetAllLoginStatusHistoryResponse	java.lang.runtime.ObjectMethods	jdk	java.base
br.com.sawcunhaos.organization.api.dto.GetAllLoginStatusHistoryResponse	java.util.List	jdk	java.base
br.com.sawcunhaos.organization.api.dto.GetAllLoginStatusHistoryResponse$GetAllLoginStatusHistoryResponseBuilder	br.com.sawcunhaos.organization.api.dto.GetAllLoginStatusHistoryResponse	interno	classes
br.com.sawcunhaos.organization.api.dto.GetAllLoginStatusHistoryResponse$GetAllLoginStatusHistoryResponseBuilder	br.com.sawcunhaos.organization.api.dto.LoginStatusHistory	interno	classes
br.com.sawcunhaos.organization.api.dto.GetAllLoginStatusHistoryResponse$GetAllLoginStatusHistoryResponseBuilder	br.com.sawcunhaos.organization.api.dto.ScosPaginated	interno	classes
br.com.sawcunhaos.organization.api.dto.GetAllLoginStatusHistoryResponse$GetAllLoginStatusHistoryResponseBuilder	com.fasterxml.jackson.annotation.JsonProperty	externo	jackson-annotations-2.22.jar
br.com.sawcunhaos.organization.api.dto.GetAllLoginStatusHistoryResponse$GetAllLoginStatusHistoryResponseBuilder	java.lang.Object	jdk	java.base
br.com.sawcunhaos.organization.api.dto.GetAllLoginStatusHistoryResponse$GetAllLoginStatusHistoryResponseBuilder	java.lang.String	jdk	java.base
br.com.sawcunhaos.organization.api.dto.GetAllLoginStatusHistoryResponse$GetAllLoginStatusHistoryResponseBuilder	java.lang.invoke.CallSite	jdk	java.base
br.com.sawcunhaos.organization.api.dto.GetAllLoginStatusHistoryResponse$GetAllLoginStatusHistoryResponseBuilder	java.lang.invoke.MethodHandles	jdk	java.base
br.com.sawcunhaos.organization.api.dto.GetAllLoginStatusHistoryResponse$GetAllLoginStatusHistoryResponseBuilder	java.lang.invoke.MethodHandles$Lookup	jdk	java.base
br.com.sawcunhaos.organization.api.dto.GetAllLoginStatusHistoryResponse$GetAllLoginStatusHistoryResponseBuilder	java.lang.invoke.MethodType	jdk	java.base
br.com.sawcunhaos.organization.api.dto.GetAllLoginStatusHistoryResponse$GetAllLoginStatusHistoryResponseBuilder	java.lang.invoke.StringConcatFactory	jdk	java.base
br.com.sawcunhaos.organization.api.dto.GetAllLoginStatusHistoryResponse$GetAllLoginStatusHistoryResponseBuilder	java.util.List	jdk	java.base
br.com.sawcunhaos.organization.api.dto.GetAllLoginsResponse	br.com.sawcunhaos.organization.api.dto.GetAllLoginsResponse$GetAllLoginsResponseBuilder	interno	classes
br.com.sawcunhaos.organization.api.dto.GetAllLoginsResponse	br.com.sawcunhaos.organization.api.dto.LoginSummary	interno	classes
br.com.sawcunhaos.organization.api.dto.GetAllLoginsResponse	br.com.sawcunhaos.organization.api.dto.ScosPaginated	interno	classes
br.com.sawcunhaos.organization.api.dto.GetAllLoginsResponse	com.fasterxml.jackson.annotation.JsonProperty	externo	jackson-annotations-2.22.jar
br.com.sawcunhaos.organization.api.dto.GetAllLoginsResponse	jakarta.validation.Valid	externo	jakarta.validation-api-3.1.1.jar
br.com.sawcunhaos.organization.api.dto.GetAllLoginsResponse	java.io.Serializable	jdk	java.base
br.com.sawcunhaos.organization.api.dto.GetAllLoginsResponse	java.lang.Class	jdk	java.base
br.com.sawcunhaos.organization.api.dto.GetAllLoginsResponse	java.lang.Object	jdk	java.base
br.com.sawcunhaos.organization.api.dto.GetAllLoginsResponse	java.lang.Record	jdk	java.base
br.com.sawcunhaos.organization.api.dto.GetAllLoginsResponse	java.lang.String	jdk	java.base
br.com.sawcunhaos.organization.api.dto.GetAllLoginsResponse	java.lang.invoke.MethodHandle	jdk	java.base
br.com.sawcunhaos.organization.api.dto.GetAllLoginsResponse	java.lang.invoke.MethodHandles	jdk	java.base
br.com.sawcunhaos.organization.api.dto.GetAllLoginsResponse	java.lang.invoke.MethodHandles$Lookup	jdk	java.base
br.com.sawcunhaos.organization.api.dto.GetAllLoginsResponse	java.lang.invoke.TypeDescriptor	jdk	java.base
br.com.sawcunhaos.organization.api.dto.GetAllLoginsResponse	java.lang.runtime.ObjectMethods	jdk	java.base
br.com.sawcunhaos.organization.api.dto.GetAllLoginsResponse	java.util.List	jdk	java.base
br.com.sawcunhaos.organization.api.dto.GetAllLoginsResponse$GetAllLoginsResponseBuilder	br.com.sawcunhaos.organization.api.dto.GetAllLoginsResponse	interno	classes
br.com.sawcunhaos.organization.api.dto.GetAllLoginsResponse$GetAllLoginsResponseBuilder	br.com.sawcunhaos.organization.api.dto.LoginSummary	interno	classes
br.com.sawcunhaos.organization.api.dto.GetAllLoginsResponse$GetAllLoginsResponseBuilder	br.com.sawcunhaos.organization.api.dto.ScosPaginated	interno	classes
br.com.sawcunhaos.organization.api.dto.GetAllLoginsResponse$GetAllLoginsResponseBuilder	com.fasterxml.jackson.annotation.JsonProperty	externo	jackson-annotations-2.22.jar
br.com.sawcunhaos.organization.api.dto.GetAllLoginsResponse$GetAllLoginsResponseBuilder	java.lang.Object	jdk	java.base
br.com.sawcunhaos.organization.api.dto.GetAllLoginsResponse$GetAllLoginsResponseBuilder	java.lang.String	jdk	java.base
br.com.sawcunhaos.organization.api.dto.GetAllLoginsResponse$GetAllLoginsResponseBuilder	java.lang.invoke.CallSite	jdk	java.base
br.com.sawcunhaos.organization.api.dto.GetAllLoginsResponse$GetAllLoginsResponseBuilder	java.lang.invoke.MethodHandles	jdk	java.base
br.com.sawcunhaos.organization.api.dto.GetAllLoginsResponse$GetAllLoginsResponseBuilder	java.lang.invoke.MethodHandles$Lookup	jdk	java.base
br.com.sawcunhaos.organization.api.dto.GetAllLoginsResponse$GetAllLoginsResponseBuilder	java.lang.invoke.MethodType	jdk	java.base
br.com.sawcunhaos.organization.api.dto.GetAllLoginsResponse$GetAllLoginsResponseBuilder	java.lang.invoke.StringConcatFactory	jdk	java.base
br.com.sawcunhaos.organization.api.dto.GetAllLoginsResponse$GetAllLoginsResponseBuilder	java.util.List	jdk	java.base
br.com.sawcunhaos.organization.api.dto.GetAllOutboxEventDeadLettersResponse	br.com.sawcunhaos.organization.api.dto.GetAllOutboxEventDeadLettersResponse$GetAllOutboxEventDeadLettersResponseBuilder	interno	classes
br.com.sawcunhaos.organization.api.dto.GetAllOutboxEventDeadLettersResponse	br.com.sawcunhaos.organization.api.dto.OutboxEventDeadLetter	interno	classes
br.com.sawcunhaos.organization.api.dto.GetAllOutboxEventDeadLettersResponse	br.com.sawcunhaos.organization.api.dto.ScosPaginated	interno	classes
br.com.sawcunhaos.organization.api.dto.GetAllOutboxEventDeadLettersResponse	com.fasterxml.jackson.annotation.JsonProperty	externo	jackson-annotations-2.22.jar
br.com.sawcunhaos.organization.api.dto.GetAllOutboxEventDeadLettersResponse	jakarta.validation.Valid	externo	jakarta.validation-api-3.1.1.jar
br.com.sawcunhaos.organization.api.dto.GetAllOutboxEventDeadLettersResponse	java.io.Serializable	jdk	java.base
br.com.sawcunhaos.organization.api.dto.GetAllOutboxEventDeadLettersResponse	java.lang.Class	jdk	java.base
br.com.sawcunhaos.organization.api.dto.GetAllOutboxEventDeadLettersResponse	java.lang.Object	jdk	java.base
br.com.sawcunhaos.organization.api.dto.GetAllOutboxEventDeadLettersResponse	java.lang.Record	jdk	java.base
br.com.sawcunhaos.organization.api.dto.GetAllOutboxEventDeadLettersResponse	java.lang.String	jdk	java.base
br.com.sawcunhaos.organization.api.dto.GetAllOutboxEventDeadLettersResponse	java.lang.invoke.MethodHandle	jdk	java.base
br.com.sawcunhaos.organization.api.dto.GetAllOutboxEventDeadLettersResponse	java.lang.invoke.MethodHandles	jdk	java.base
br.com.sawcunhaos.organization.api.dto.GetAllOutboxEventDeadLettersResponse	java.lang.invoke.MethodHandles$Lookup	jdk	java.base
br.com.sawcunhaos.organization.api.dto.GetAllOutboxEventDeadLettersResponse	java.lang.invoke.TypeDescriptor	jdk	java.base
br.com.sawcunhaos.organization.api.dto.GetAllOutboxEventDeadLettersResponse	java.lang.runtime.ObjectMethods	jdk	java.base
br.com.sawcunhaos.organization.api.dto.GetAllOutboxEventDeadLettersResponse	java.util.List	jdk	java.base
br.com.sawcunhaos.organization.api.dto.GetAllOutboxEventDeadLettersResponse$GetAllOutboxEventDeadLettersResponseBuilder	br.com.sawcunhaos.organization.api.dto.GetAllOutboxEventDeadLettersResponse	interno	classes
br.com.sawcunhaos.organization.api.dto.GetAllOutboxEventDeadLettersResponse$GetAllOutboxEventDeadLettersResponseBuilder	br.com.sawcunhaos.organization.api.dto.OutboxEventDeadLetter	interno	classes
br.com.sawcunhaos.organization.api.dto.GetAllOutboxEventDeadLettersResponse$GetAllOutboxEventDeadLettersResponseBuilder	br.com.sawcunhaos.organization.api.dto.ScosPaginated	interno	classes
br.com.sawcunhaos.organization.api.dto.GetAllOutboxEventDeadLettersResponse$GetAllOutboxEventDeadLettersResponseBuilder	com.fasterxml.jackson.annotation.JsonProperty	externo	jackson-annotations-2.22.jar
br.com.sawcunhaos.organization.api.dto.GetAllOutboxEventDeadLettersResponse$GetAllOutboxEventDeadLettersResponseBuilder	java.lang.Object	jdk	java.base
br.com.sawcunhaos.organization.api.dto.GetAllOutboxEventDeadLettersResponse$GetAllOutboxEventDeadLettersResponseBuilder	java.lang.String	jdk	java.base
br.com.sawcunhaos.organization.api.dto.GetAllOutboxEventDeadLettersResponse$GetAllOutboxEventDeadLettersResponseBuilder	java.lang.invoke.CallSite	jdk	java.base
br.com.sawcunhaos.organization.api.dto.GetAllOutboxEventDeadLettersResponse$GetAllOutboxEventDeadLettersResponseBuilder	java.lang.invoke.MethodHandles	jdk	java.base
br.com.sawcunhaos.organization.api.dto.GetAllOutboxEventDeadLettersResponse$GetAllOutboxEventDeadLettersResponseBuilder	java.lang.invoke.MethodHandles$Lookup	jdk	java.base
br.com.sawcunhaos.organization.api.dto.GetAllOutboxEventDeadLettersResponse$GetAllOutboxEventDeadLettersResponseBuilder	java.lang.invoke.MethodType	jdk	java.base
br.com.sawcunhaos.organization.api.dto.GetAllOutboxEventDeadLettersResponse$GetAllOutboxEventDeadLettersResponseBuilder	java.lang.invoke.StringConcatFactory	jdk	java.base
br.com.sawcunhaos.organization.api.dto.GetAllOutboxEventDeadLettersResponse$GetAllOutboxEventDeadLettersResponseBuilder	java.util.List	jdk	java.base
br.com.sawcunhaos.organization.api.dto.GetAllOutboxEventLogsResponse	br.com.sawcunhaos.organization.api.dto.GetAllOutboxEventLogsResponse$GetAllOutboxEventLogsResponseBuilder	interno	classes
br.com.sawcunhaos.organization.api.dto.GetAllOutboxEventLogsResponse	br.com.sawcunhaos.organization.api.dto.OutboxEventLog	interno	classes
br.com.sawcunhaos.organization.api.dto.GetAllOutboxEventLogsResponse	br.com.sawcunhaos.organization.api.dto.ScosPaginated	interno	classes
br.com.sawcunhaos.organization.api.dto.GetAllOutboxEventLogsResponse	com.fasterxml.jackson.annotation.JsonProperty	externo	jackson-annotations-2.22.jar
br.com.sawcunhaos.organization.api.dto.GetAllOutboxEventLogsResponse	jakarta.validation.Valid	externo	jakarta.validation-api-3.1.1.jar
br.com.sawcunhaos.organization.api.dto.GetAllOutboxEventLogsResponse	java.io.Serializable	jdk	java.base
br.com.sawcunhaos.organization.api.dto.GetAllOutboxEventLogsResponse	java.lang.Class	jdk	java.base
br.com.sawcunhaos.organization.api.dto.GetAllOutboxEventLogsResponse	java.lang.Object	jdk	java.base
br.com.sawcunhaos.organization.api.dto.GetAllOutboxEventLogsResponse	java.lang.Record	jdk	java.base
br.com.sawcunhaos.organization.api.dto.GetAllOutboxEventLogsResponse	java.lang.String	jdk	java.base
br.com.sawcunhaos.organization.api.dto.GetAllOutboxEventLogsResponse	java.lang.invoke.MethodHandle	jdk	java.base
br.com.sawcunhaos.organization.api.dto.GetAllOutboxEventLogsResponse	java.lang.invoke.MethodHandles	jdk	java.base
br.com.sawcunhaos.organization.api.dto.GetAllOutboxEventLogsResponse	java.lang.invoke.MethodHandles$Lookup	jdk	java.base
br.com.sawcunhaos.organization.api.dto.GetAllOutboxEventLogsResponse	java.lang.invoke.TypeDescriptor	jdk	java.base
br.com.sawcunhaos.organization.api.dto.GetAllOutboxEventLogsResponse	java.lang.runtime.ObjectMethods	jdk	java.base
br.com.sawcunhaos.organization.api.dto.GetAllOutboxEventLogsResponse	java.util.List	jdk	java.base
br.com.sawcunhaos.organization.api.dto.GetAllOutboxEventLogsResponse$GetAllOutboxEventLogsResponseBuilder	br.com.sawcunhaos.organization.api.dto.GetAllOutboxEventLogsResponse	interno	classes
br.com.sawcunhaos.organization.api.dto.GetAllOutboxEventLogsResponse$GetAllOutboxEventLogsResponseBuilder	br.com.sawcunhaos.organization.api.dto.OutboxEventLog	interno	classes
br.com.sawcunhaos.organization.api.dto.GetAllOutboxEventLogsResponse$GetAllOutboxEventLogsResponseBuilder	br.com.sawcunhaos.organization.api.dto.ScosPaginated	interno	classes
br.com.sawcunhaos.organization.api.dto.GetAllOutboxEventLogsResponse$GetAllOutboxEventLogsResponseBuilder	com.fasterxml.jackson.annotation.JsonProperty	externo	jackson-annotations-2.22.jar
br.com.sawcunhaos.organization.api.dto.GetAllOutboxEventLogsResponse$GetAllOutboxEventLogsResponseBuilder	java.lang.Object	jdk	java.base
br.com.sawcunhaos.organization.api.dto.GetAllOutboxEventLogsResponse$GetAllOutboxEventLogsResponseBuilder	java.lang.String	jdk	java.base
br.com.sawcunhaos.organization.api.dto.GetAllOutboxEventLogsResponse$GetAllOutboxEventLogsResponseBuilder	java.lang.invoke.CallSite	jdk	java.base
br.com.sawcunhaos.organization.api.dto.GetAllOutboxEventLogsResponse$GetAllOutboxEventLogsResponseBuilder	java.lang.invoke.MethodHandles	jdk	java.base
br.com.sawcunhaos.organization.api.dto.GetAllOutboxEventLogsResponse$GetAllOutboxEventLogsResponseBuilder	java.lang.invoke.MethodHandles$Lookup	jdk	java.base
br.com.sawcunhaos.organization.api.dto.GetAllOutboxEventLogsResponse$GetAllOutboxEventLogsResponseBuilder	java.lang.invoke.MethodType	jdk	java.base
br.com.sawcunhaos.organization.api.dto.GetAllOutboxEventLogsResponse$GetAllOutboxEventLogsResponseBuilder	java.lang.invoke.StringConcatFactory	jdk	java.base
br.com.sawcunhaos.organization.api.dto.GetAllOutboxEventLogsResponse$GetAllOutboxEventLogsResponseBuilder	java.util.List	jdk	java.base
br.com.sawcunhaos.organization.api.dto.GetAllOutboxEventsResponse	br.com.sawcunhaos.organization.api.dto.GetAllOutboxEventsResponse$GetAllOutboxEventsResponseBuilder	interno	classes
br.com.sawcunhaos.organization.api.dto.GetAllOutboxEventsResponse	br.com.sawcunhaos.organization.api.dto.OutboxEvent	interno	classes
br.com.sawcunhaos.organization.api.dto.GetAllOutboxEventsResponse	br.com.sawcunhaos.organization.api.dto.ScosPaginated	interno	classes
br.com.sawcunhaos.organization.api.dto.GetAllOutboxEventsResponse	com.fasterxml.jackson.annotation.JsonProperty	externo	jackson-annotations-2.22.jar
br.com.sawcunhaos.organization.api.dto.GetAllOutboxEventsResponse	jakarta.validation.Valid	externo	jakarta.validation-api-3.1.1.jar
br.com.sawcunhaos.organization.api.dto.GetAllOutboxEventsResponse	java.io.Serializable	jdk	java.base
br.com.sawcunhaos.organization.api.dto.GetAllOutboxEventsResponse	java.lang.Class	jdk	java.base
br.com.sawcunhaos.organization.api.dto.GetAllOutboxEventsResponse	java.lang.Object	jdk	java.base
br.com.sawcunhaos.organization.api.dto.GetAllOutboxEventsResponse	java.lang.Record	jdk	java.base
br.com.sawcunhaos.organization.api.dto.GetAllOutboxEventsResponse	java.lang.String	jdk	java.base
br.com.sawcunhaos.organization.api.dto.GetAllOutboxEventsResponse	java.lang.invoke.MethodHandle	jdk	java.base
br.com.sawcunhaos.organization.api.dto.GetAllOutboxEventsResponse	java.lang.invoke.MethodHandles	jdk	java.base
br.com.sawcunhaos.organization.api.dto.GetAllOutboxEventsResponse	java.lang.invoke.MethodHandles$Lookup	jdk	java.base
br.com.sawcunhaos.organization.api.dto.GetAllOutboxEventsResponse	java.lang.invoke.TypeDescriptor	jdk	java.base
br.com.sawcunhaos.organization.api.dto.GetAllOutboxEventsResponse	java.lang.runtime.ObjectMethods	jdk	java.base
br.com.sawcunhaos.organization.api.dto.GetAllOutboxEventsResponse	java.util.List	jdk	java.base
br.com.sawcunhaos.organization.api.dto.GetAllOutboxEventsResponse$GetAllOutboxEventsResponseBuilder	br.com.sawcunhaos.organization.api.dto.GetAllOutboxEventsResponse	interno	classes
br.com.sawcunhaos.organization.api.dto.GetAllOutboxEventsResponse$GetAllOutboxEventsResponseBuilder	br.com.sawcunhaos.organization.api.dto.OutboxEvent	interno	classes
br.com.sawcunhaos.organization.api.dto.GetAllOutboxEventsResponse$GetAllOutboxEventsResponseBuilder	br.com.sawcunhaos.organization.api.dto.ScosPaginated	interno	classes
br.com.sawcunhaos.organization.api.dto.GetAllOutboxEventsResponse$GetAllOutboxEventsResponseBuilder	com.fasterxml.jackson.annotation.JsonProperty	externo	jackson-annotations-2.22.jar
br.com.sawcunhaos.organization.api.dto.GetAllOutboxEventsResponse$GetAllOutboxEventsResponseBuilder	java.lang.Object	jdk	java.base
br.com.sawcunhaos.organization.api.dto.GetAllOutboxEventsResponse$GetAllOutboxEventsResponseBuilder	java.lang.String	jdk	java.base
br.com.sawcunhaos.organization.api.dto.GetAllOutboxEventsResponse$GetAllOutboxEventsResponseBuilder	java.lang.invoke.CallSite	jdk	java.base
br.com.sawcunhaos.organization.api.dto.GetAllOutboxEventsResponse$GetAllOutboxEventsResponseBuilder	java.lang.invoke.MethodHandles	jdk	java.base
br.com.sawcunhaos.organization.api.dto.GetAllOutboxEventsResponse$GetAllOutboxEventsResponseBuilder	java.lang.invoke.MethodHandles$Lookup	jdk	java.base
br.com.sawcunhaos.organization.api.dto.GetAllOutboxEventsResponse$GetAllOutboxEventsResponseBuilder	java.lang.invoke.MethodType	jdk	java.base
br.com.sawcunhaos.organization.api.dto.GetAllOutboxEventsResponse$GetAllOutboxEventsResponseBuilder	java.lang.invoke.StringConcatFactory	jdk	java.base
br.com.sawcunhaos.organization.api.dto.GetAllOutboxEventsResponse$GetAllOutboxEventsResponseBuilder	java.util.List	jdk	java.base
br.com.sawcunhaos.organization.api.dto.GetAllOutboxTopicsResponse	br.com.sawcunhaos.organization.api.dto.GetAllOutboxTopicsResponse$GetAllOutboxTopicsResponseBuilder	interno	classes
br.com.sawcunhaos.organization.api.dto.GetAllOutboxTopicsResponse	br.com.sawcunhaos.organization.api.dto.OutboxTopic	interno	classes
br.com.sawcunhaos.organization.api.dto.GetAllOutboxTopicsResponse	br.com.sawcunhaos.organization.api.dto.ScosPaginated	interno	classes
br.com.sawcunhaos.organization.api.dto.GetAllOutboxTopicsResponse	com.fasterxml.jackson.annotation.JsonProperty	externo	jackson-annotations-2.22.jar
br.com.sawcunhaos.organization.api.dto.GetAllOutboxTopicsResponse	jakarta.validation.Valid	externo	jakarta.validation-api-3.1.1.jar
br.com.sawcunhaos.organization.api.dto.GetAllOutboxTopicsResponse	java.io.Serializable	jdk	java.base
br.com.sawcunhaos.organization.api.dto.GetAllOutboxTopicsResponse	java.lang.Class	jdk	java.base
br.com.sawcunhaos.organization.api.dto.GetAllOutboxTopicsResponse	java.lang.Object	jdk	java.base
br.com.sawcunhaos.organization.api.dto.GetAllOutboxTopicsResponse	java.lang.Record	jdk	java.base
br.com.sawcunhaos.organization.api.dto.GetAllOutboxTopicsResponse	java.lang.String	jdk	java.base
br.com.sawcunhaos.organization.api.dto.GetAllOutboxTopicsResponse	java.lang.invoke.MethodHandle	jdk	java.base
br.com.sawcunhaos.organization.api.dto.GetAllOutboxTopicsResponse	java.lang.invoke.MethodHandles	jdk	java.base
br.com.sawcunhaos.organization.api.dto.GetAllOutboxTopicsResponse	java.lang.invoke.MethodHandles$Lookup	jdk	java.base
br.com.sawcunhaos.organization.api.dto.GetAllOutboxTopicsResponse	java.lang.invoke.TypeDescriptor	jdk	java.base
br.com.sawcunhaos.organization.api.dto.GetAllOutboxTopicsResponse	java.lang.runtime.ObjectMethods	jdk	java.base
br.com.sawcunhaos.organization.api.dto.GetAllOutboxTopicsResponse	java.util.List	jdk	java.base
br.com.sawcunhaos.organization.api.dto.GetAllOutboxTopicsResponse$GetAllOutboxTopicsResponseBuilder	br.com.sawcunhaos.organization.api.dto.GetAllOutboxTopicsResponse	interno	classes
br.com.sawcunhaos.organization.api.dto.GetAllOutboxTopicsResponse$GetAllOutboxTopicsResponseBuilder	br.com.sawcunhaos.organization.api.dto.OutboxTopic	interno	classes
br.com.sawcunhaos.organization.api.dto.GetAllOutboxTopicsResponse$GetAllOutboxTopicsResponseBuilder	br.com.sawcunhaos.organization.api.dto.ScosPaginated	interno	classes
br.com.sawcunhaos.organization.api.dto.GetAllOutboxTopicsResponse$GetAllOutboxTopicsResponseBuilder	com.fasterxml.jackson.annotation.JsonProperty	externo	jackson-annotations-2.22.jar
br.com.sawcunhaos.organization.api.dto.GetAllOutboxTopicsResponse$GetAllOutboxTopicsResponseBuilder	java.lang.Object	jdk	java.base
br.com.sawcunhaos.organization.api.dto.GetAllOutboxTopicsResponse$GetAllOutboxTopicsResponseBuilder	java.lang.String	jdk	java.base
br.com.sawcunhaos.organization.api.dto.GetAllOutboxTopicsResponse$GetAllOutboxTopicsResponseBuilder	java.lang.invoke.CallSite	jdk	java.base
br.com.sawcunhaos.organization.api.dto.GetAllOutboxTopicsResponse$GetAllOutboxTopicsResponseBuilder	java.lang.invoke.MethodHandles	jdk	java.base
br.com.sawcunhaos.organization.api.dto.GetAllOutboxTopicsResponse$GetAllOutboxTopicsResponseBuilder	java.lang.invoke.MethodHandles$Lookup	jdk	java.base
br.com.sawcunhaos.organization.api.dto.GetAllOutboxTopicsResponse$GetAllOutboxTopicsResponseBuilder	java.lang.invoke.MethodType	jdk	java.base
br.com.sawcunhaos.organization.api.dto.GetAllOutboxTopicsResponse$GetAllOutboxTopicsResponseBuilder	java.lang.invoke.StringConcatFactory	jdk	java.base
br.com.sawcunhaos.organization.api.dto.GetAllOutboxTopicsResponse$GetAllOutboxTopicsResponseBuilder	java.util.List	jdk	java.base
br.com.sawcunhaos.organization.api.dto.GetAllPositionsResponse	br.com.sawcunhaos.organization.api.dto.GetAllPositionsResponse$GetAllPositionsResponseBuilder	interno	classes
br.com.sawcunhaos.organization.api.dto.GetAllPositionsResponse	br.com.sawcunhaos.organization.api.dto.Position	interno	classes
br.com.sawcunhaos.organization.api.dto.GetAllPositionsResponse	br.com.sawcunhaos.organization.api.dto.ScosPaginated	interno	classes
br.com.sawcunhaos.organization.api.dto.GetAllPositionsResponse	com.fasterxml.jackson.annotation.JsonProperty	externo	jackson-annotations-2.22.jar
br.com.sawcunhaos.organization.api.dto.GetAllPositionsResponse	jakarta.validation.Valid	externo	jakarta.validation-api-3.1.1.jar
br.com.sawcunhaos.organization.api.dto.GetAllPositionsResponse	java.io.Serializable	jdk	java.base
br.com.sawcunhaos.organization.api.dto.GetAllPositionsResponse	java.lang.Class	jdk	java.base
br.com.sawcunhaos.organization.api.dto.GetAllPositionsResponse	java.lang.Object	jdk	java.base
br.com.sawcunhaos.organization.api.dto.GetAllPositionsResponse	java.lang.Record	jdk	java.base
br.com.sawcunhaos.organization.api.dto.GetAllPositionsResponse	java.lang.String	jdk	java.base
br.com.sawcunhaos.organization.api.dto.GetAllPositionsResponse	java.lang.invoke.MethodHandle	jdk	java.base
br.com.sawcunhaos.organization.api.dto.GetAllPositionsResponse	java.lang.invoke.MethodHandles	jdk	java.base
br.com.sawcunhaos.organization.api.dto.GetAllPositionsResponse	java.lang.invoke.MethodHandles$Lookup	jdk	java.base
br.com.sawcunhaos.organization.api.dto.GetAllPositionsResponse	java.lang.invoke.TypeDescriptor	jdk	java.base
br.com.sawcunhaos.organization.api.dto.GetAllPositionsResponse	java.lang.runtime.ObjectMethods	jdk	java.base
br.com.sawcunhaos.organization.api.dto.GetAllPositionsResponse	java.util.List	jdk	java.base
br.com.sawcunhaos.organization.api.dto.GetAllPositionsResponse$GetAllPositionsResponseBuilder	br.com.sawcunhaos.organization.api.dto.GetAllPositionsResponse	interno	classes
br.com.sawcunhaos.organization.api.dto.GetAllPositionsResponse$GetAllPositionsResponseBuilder	br.com.sawcunhaos.organization.api.dto.Position	interno	classes
br.com.sawcunhaos.organization.api.dto.GetAllPositionsResponse$GetAllPositionsResponseBuilder	br.com.sawcunhaos.organization.api.dto.ScosPaginated	interno	classes
br.com.sawcunhaos.organization.api.dto.GetAllPositionsResponse$GetAllPositionsResponseBuilder	com.fasterxml.jackson.annotation.JsonProperty	externo	jackson-annotations-2.22.jar
br.com.sawcunhaos.organization.api.dto.GetAllPositionsResponse$GetAllPositionsResponseBuilder	java.lang.Object	jdk	java.base
br.com.sawcunhaos.organization.api.dto.GetAllPositionsResponse$GetAllPositionsResponseBuilder	java.lang.String	jdk	java.base
br.com.sawcunhaos.organization.api.dto.GetAllPositionsResponse$GetAllPositionsResponseBuilder	java.lang.invoke.CallSite	jdk	java.base
br.com.sawcunhaos.organization.api.dto.GetAllPositionsResponse$GetAllPositionsResponseBuilder	java.lang.invoke.MethodHandles	jdk	java.base
br.com.sawcunhaos.organization.api.dto.GetAllPositionsResponse$GetAllPositionsResponseBuilder	java.lang.invoke.MethodHandles$Lookup	jdk	java.base
br.com.sawcunhaos.organization.api.dto.GetAllPositionsResponse$GetAllPositionsResponseBuilder	java.lang.invoke.MethodType	jdk	java.base
br.com.sawcunhaos.organization.api.dto.GetAllPositionsResponse$GetAllPositionsResponseBuilder	java.lang.invoke.StringConcatFactory	jdk	java.base
br.com.sawcunhaos.organization.api.dto.GetAllPositionsResponse$GetAllPositionsResponseBuilder	java.util.List	jdk	java.base
br.com.sawcunhaos.organization.api.dto.GetAllProfilesResponse	br.com.sawcunhaos.organization.api.dto.GetAllProfilesResponse$GetAllProfilesResponseBuilder	interno	classes
br.com.sawcunhaos.organization.api.dto.GetAllProfilesResponse	br.com.sawcunhaos.organization.api.dto.ProfileSummary	interno	classes
br.com.sawcunhaos.organization.api.dto.GetAllProfilesResponse	br.com.sawcunhaos.organization.api.dto.ScosPaginated	interno	classes
br.com.sawcunhaos.organization.api.dto.GetAllProfilesResponse	com.fasterxml.jackson.annotation.JsonProperty	externo	jackson-annotations-2.22.jar
br.com.sawcunhaos.organization.api.dto.GetAllProfilesResponse	jakarta.validation.Valid	externo	jakarta.validation-api-3.1.1.jar
br.com.sawcunhaos.organization.api.dto.GetAllProfilesResponse	java.io.Serializable	jdk	java.base
br.com.sawcunhaos.organization.api.dto.GetAllProfilesResponse	java.lang.Class	jdk	java.base
br.com.sawcunhaos.organization.api.dto.GetAllProfilesResponse	java.lang.Object	jdk	java.base
br.com.sawcunhaos.organization.api.dto.GetAllProfilesResponse	java.lang.Record	jdk	java.base
br.com.sawcunhaos.organization.api.dto.GetAllProfilesResponse	java.lang.String	jdk	java.base
br.com.sawcunhaos.organization.api.dto.GetAllProfilesResponse	java.lang.invoke.MethodHandle	jdk	java.base
br.com.sawcunhaos.organization.api.dto.GetAllProfilesResponse	java.lang.invoke.MethodHandles	jdk	java.base
br.com.sawcunhaos.organization.api.dto.GetAllProfilesResponse	java.lang.invoke.MethodHandles$Lookup	jdk	java.base
br.com.sawcunhaos.organization.api.dto.GetAllProfilesResponse	java.lang.invoke.TypeDescriptor	jdk	java.base
br.com.sawcunhaos.organization.api.dto.GetAllProfilesResponse	java.lang.runtime.ObjectMethods	jdk	java.base
br.com.sawcunhaos.organization.api.dto.GetAllProfilesResponse	java.util.List	jdk	java.base
br.com.sawcunhaos.organization.api.dto.GetAllProfilesResponse$GetAllProfilesResponseBuilder	br.com.sawcunhaos.organization.api.dto.GetAllProfilesResponse	interno	classes
br.com.sawcunhaos.organization.api.dto.GetAllProfilesResponse$GetAllProfilesResponseBuilder	br.com.sawcunhaos.organization.api.dto.ProfileSummary	interno	classes
br.com.sawcunhaos.organization.api.dto.GetAllProfilesResponse$GetAllProfilesResponseBuilder	br.com.sawcunhaos.organization.api.dto.ScosPaginated	interno	classes
br.com.sawcunhaos.organization.api.dto.GetAllProfilesResponse$GetAllProfilesResponseBuilder	com.fasterxml.jackson.annotation.JsonProperty	externo	jackson-annotations-2.22.jar
br.com.sawcunhaos.organization.api.dto.GetAllProfilesResponse$GetAllProfilesResponseBuilder	java.lang.Object	jdk	java.base
br.com.sawcunhaos.organization.api.dto.GetAllProfilesResponse$GetAllProfilesResponseBuilder	java.lang.String	jdk	java.base
br.com.sawcunhaos.organization.api.dto.GetAllProfilesResponse$GetAllProfilesResponseBuilder	java.lang.invoke.CallSite	jdk	java.base
br.com.sawcunhaos.organization.api.dto.GetAllProfilesResponse$GetAllProfilesResponseBuilder	java.lang.invoke.MethodHandles	jdk	java.base
br.com.sawcunhaos.organization.api.dto.GetAllProfilesResponse$GetAllProfilesResponseBuilder	java.lang.invoke.MethodHandles$Lookup	jdk	java.base
br.com.sawcunhaos.organization.api.dto.GetAllProfilesResponse$GetAllProfilesResponseBuilder	java.lang.invoke.MethodType	jdk	java.base
br.com.sawcunhaos.organization.api.dto.GetAllProfilesResponse$GetAllProfilesResponseBuilder	java.lang.invoke.StringConcatFactory	jdk	java.base
br.com.sawcunhaos.organization.api.dto.GetAllProfilesResponse$GetAllProfilesResponseBuilder	java.util.List	jdk	java.base
br.com.sawcunhaos.organization.api.dto.GetAllReasonActivateResponse	br.com.sawcunhaos.organization.api.dto.GetAllReasonActivateResponse$GetAllReasonActivateResponseBuilder	interno	classes
br.com.sawcunhaos.organization.api.dto.GetAllReasonActivateResponse	br.com.sawcunhaos.organization.api.dto.ReasonActivate	interno	classes
br.com.sawcunhaos.organization.api.dto.GetAllReasonActivateResponse	br.com.sawcunhaos.organization.api.dto.ScosPaginated	interno	classes
br.com.sawcunhaos.organization.api.dto.GetAllReasonActivateResponse	com.fasterxml.jackson.annotation.JsonProperty	externo	jackson-annotations-2.22.jar
br.com.sawcunhaos.organization.api.dto.GetAllReasonActivateResponse	jakarta.validation.Valid	externo	jakarta.validation-api-3.1.1.jar
br.com.sawcunhaos.organization.api.dto.GetAllReasonActivateResponse	java.io.Serializable	jdk	java.base
br.com.sawcunhaos.organization.api.dto.GetAllReasonActivateResponse	java.lang.Class	jdk	java.base
br.com.sawcunhaos.organization.api.dto.GetAllReasonActivateResponse	java.lang.Object	jdk	java.base
br.com.sawcunhaos.organization.api.dto.GetAllReasonActivateResponse	java.lang.Record	jdk	java.base
br.com.sawcunhaos.organization.api.dto.GetAllReasonActivateResponse	java.lang.String	jdk	java.base
br.com.sawcunhaos.organization.api.dto.GetAllReasonActivateResponse	java.lang.invoke.MethodHandle	jdk	java.base
br.com.sawcunhaos.organization.api.dto.GetAllReasonActivateResponse	java.lang.invoke.MethodHandles	jdk	java.base
br.com.sawcunhaos.organization.api.dto.GetAllReasonActivateResponse	java.lang.invoke.MethodHandles$Lookup	jdk	java.base
br.com.sawcunhaos.organization.api.dto.GetAllReasonActivateResponse	java.lang.invoke.TypeDescriptor	jdk	java.base
br.com.sawcunhaos.organization.api.dto.GetAllReasonActivateResponse	java.lang.runtime.ObjectMethods	jdk	java.base
br.com.sawcunhaos.organization.api.dto.GetAllReasonActivateResponse	java.util.List	jdk	java.base
br.com.sawcunhaos.organization.api.dto.GetAllReasonActivateResponse$GetAllReasonActivateResponseBuilder	br.com.sawcunhaos.organization.api.dto.GetAllReasonActivateResponse	interno	classes
br.com.sawcunhaos.organization.api.dto.GetAllReasonActivateResponse$GetAllReasonActivateResponseBuilder	br.com.sawcunhaos.organization.api.dto.ReasonActivate	interno	classes
br.com.sawcunhaos.organization.api.dto.GetAllReasonActivateResponse$GetAllReasonActivateResponseBuilder	br.com.sawcunhaos.organization.api.dto.ScosPaginated	interno	classes
br.com.sawcunhaos.organization.api.dto.GetAllReasonActivateResponse$GetAllReasonActivateResponseBuilder	com.fasterxml.jackson.annotation.JsonProperty	externo	jackson-annotations-2.22.jar
br.com.sawcunhaos.organization.api.dto.GetAllReasonActivateResponse$GetAllReasonActivateResponseBuilder	java.lang.Object	jdk	java.base
br.com.sawcunhaos.organization.api.dto.GetAllReasonActivateResponse$GetAllReasonActivateResponseBuilder	java.lang.String	jdk	java.base
br.com.sawcunhaos.organization.api.dto.GetAllReasonActivateResponse$GetAllReasonActivateResponseBuilder	java.lang.invoke.CallSite	jdk	java.base
br.com.sawcunhaos.organization.api.dto.GetAllReasonActivateResponse$GetAllReasonActivateResponseBuilder	java.lang.invoke.MethodHandles	jdk	java.base
br.com.sawcunhaos.organization.api.dto.GetAllReasonActivateResponse$GetAllReasonActivateResponseBuilder	java.lang.invoke.MethodHandles$Lookup	jdk	java.base
br.com.sawcunhaos.organization.api.dto.GetAllReasonActivateResponse$GetAllReasonActivateResponseBuilder	java.lang.invoke.MethodType	jdk	java.base
br.com.sawcunhaos.organization.api.dto.GetAllReasonActivateResponse$GetAllReasonActivateResponseBuilder	java.lang.invoke.StringConcatFactory	jdk	java.base
br.com.sawcunhaos.organization.api.dto.GetAllReasonActivateResponse$GetAllReasonActivateResponseBuilder	java.util.List	jdk	java.base
br.com.sawcunhaos.organization.api.dto.GetAllReasonDisableResponse	br.com.sawcunhaos.organization.api.dto.GetAllReasonDisableResponse$GetAllReasonDisableResponseBuilder	interno	classes
br.com.sawcunhaos.organization.api.dto.GetAllReasonDisableResponse	br.com.sawcunhaos.organization.api.dto.ReasonDisable	interno	classes
br.com.sawcunhaos.organization.api.dto.GetAllReasonDisableResponse	br.com.sawcunhaos.organization.api.dto.ScosPaginated	interno	classes
br.com.sawcunhaos.organization.api.dto.GetAllReasonDisableResponse	com.fasterxml.jackson.annotation.JsonProperty	externo	jackson-annotations-2.22.jar
br.com.sawcunhaos.organization.api.dto.GetAllReasonDisableResponse	jakarta.validation.Valid	externo	jakarta.validation-api-3.1.1.jar
br.com.sawcunhaos.organization.api.dto.GetAllReasonDisableResponse	java.io.Serializable	jdk	java.base
br.com.sawcunhaos.organization.api.dto.GetAllReasonDisableResponse	java.lang.Class	jdk	java.base
br.com.sawcunhaos.organization.api.dto.GetAllReasonDisableResponse	java.lang.Object	jdk	java.base
br.com.sawcunhaos.organization.api.dto.GetAllReasonDisableResponse	java.lang.Record	jdk	java.base
br.com.sawcunhaos.organization.api.dto.GetAllReasonDisableResponse	java.lang.String	jdk	java.base
br.com.sawcunhaos.organization.api.dto.GetAllReasonDisableResponse	java.lang.invoke.MethodHandle	jdk	java.base
br.com.sawcunhaos.organization.api.dto.GetAllReasonDisableResponse	java.lang.invoke.MethodHandles	jdk	java.base
br.com.sawcunhaos.organization.api.dto.GetAllReasonDisableResponse	java.lang.invoke.MethodHandles$Lookup	jdk	java.base
br.com.sawcunhaos.organization.api.dto.GetAllReasonDisableResponse	java.lang.invoke.TypeDescriptor	jdk	java.base
br.com.sawcunhaos.organization.api.dto.GetAllReasonDisableResponse	java.lang.runtime.ObjectMethods	jdk	java.base
br.com.sawcunhaos.organization.api.dto.GetAllReasonDisableResponse	java.util.List	jdk	java.base
br.com.sawcunhaos.organization.api.dto.GetAllReasonDisableResponse$GetAllReasonDisableResponseBuilder	br.com.sawcunhaos.organization.api.dto.GetAllReasonDisableResponse	interno	classes
br.com.sawcunhaos.organization.api.dto.GetAllReasonDisableResponse$GetAllReasonDisableResponseBuilder	br.com.sawcunhaos.organization.api.dto.ReasonDisable	interno	classes
br.com.sawcunhaos.organization.api.dto.GetAllReasonDisableResponse$GetAllReasonDisableResponseBuilder	br.com.sawcunhaos.organization.api.dto.ScosPaginated	interno	classes
br.com.sawcunhaos.organization.api.dto.GetAllReasonDisableResponse$GetAllReasonDisableResponseBuilder	com.fasterxml.jackson.annotation.JsonProperty	externo	jackson-annotations-2.22.jar
br.com.sawcunhaos.organization.api.dto.GetAllReasonDisableResponse$GetAllReasonDisableResponseBuilder	java.lang.Object	jdk	java.base
br.com.sawcunhaos.organization.api.dto.GetAllReasonDisableResponse$GetAllReasonDisableResponseBuilder	java.lang.String	jdk	java.base
br.com.sawcunhaos.organization.api.dto.GetAllReasonDisableResponse$GetAllReasonDisableResponseBuilder	java.lang.invoke.CallSite	jdk	java.base
br.com.sawcunhaos.organization.api.dto.GetAllReasonDisableResponse$GetAllReasonDisableResponseBuilder	java.lang.invoke.MethodHandles	jdk	java.base
br.com.sawcunhaos.organization.api.dto.GetAllReasonDisableResponse$GetAllReasonDisableResponseBuilder	java.lang.invoke.MethodHandles$Lookup	jdk	java.base
br.com.sawcunhaos.organization.api.dto.GetAllReasonDisableResponse$GetAllReasonDisableResponseBuilder	java.lang.invoke.MethodType	jdk	java.base
br.com.sawcunhaos.organization.api.dto.GetAllReasonDisableResponse$GetAllReasonDisableResponseBuilder	java.lang.invoke.StringConcatFactory	jdk	java.base
br.com.sawcunhaos.organization.api.dto.GetAllReasonDisableResponse$GetAllReasonDisableResponseBuilder	java.util.List	jdk	java.base
br.com.sawcunhaos.organization.api.dto.GetAllReasonEnableResponse	br.com.sawcunhaos.organization.api.dto.GetAllReasonEnableResponse$GetAllReasonEnableResponseBuilder	interno	classes
br.com.sawcunhaos.organization.api.dto.GetAllReasonEnableResponse	br.com.sawcunhaos.organization.api.dto.ReasonEnable	interno	classes
br.com.sawcunhaos.organization.api.dto.GetAllReasonEnableResponse	br.com.sawcunhaos.organization.api.dto.ScosPaginated	interno	classes
br.com.sawcunhaos.organization.api.dto.GetAllReasonEnableResponse	com.fasterxml.jackson.annotation.JsonProperty	externo	jackson-annotations-2.22.jar
br.com.sawcunhaos.organization.api.dto.GetAllReasonEnableResponse	jakarta.validation.Valid	externo	jakarta.validation-api-3.1.1.jar
br.com.sawcunhaos.organization.api.dto.GetAllReasonEnableResponse	java.io.Serializable	jdk	java.base
br.com.sawcunhaos.organization.api.dto.GetAllReasonEnableResponse	java.lang.Class	jdk	java.base
br.com.sawcunhaos.organization.api.dto.GetAllReasonEnableResponse	java.lang.Object	jdk	java.base
br.com.sawcunhaos.organization.api.dto.GetAllReasonEnableResponse	java.lang.Record	jdk	java.base
br.com.sawcunhaos.organization.api.dto.GetAllReasonEnableResponse	java.lang.String	jdk	java.base
br.com.sawcunhaos.organization.api.dto.GetAllReasonEnableResponse	java.lang.invoke.MethodHandle	jdk	java.base
br.com.sawcunhaos.organization.api.dto.GetAllReasonEnableResponse	java.lang.invoke.MethodHandles	jdk	java.base
br.com.sawcunhaos.organization.api.dto.GetAllReasonEnableResponse	java.lang.invoke.MethodHandles$Lookup	jdk	java.base
br.com.sawcunhaos.organization.api.dto.GetAllReasonEnableResponse	java.lang.invoke.TypeDescriptor	jdk	java.base
br.com.sawcunhaos.organization.api.dto.GetAllReasonEnableResponse	java.lang.runtime.ObjectMethods	jdk	java.base
br.com.sawcunhaos.organization.api.dto.GetAllReasonEnableResponse	java.util.List	jdk	java.base
br.com.sawcunhaos.organization.api.dto.GetAllReasonEnableResponse$GetAllReasonEnableResponseBuilder	br.com.sawcunhaos.organization.api.dto.GetAllReasonEnableResponse	interno	classes
br.com.sawcunhaos.organization.api.dto.GetAllReasonEnableResponse$GetAllReasonEnableResponseBuilder	br.com.sawcunhaos.organization.api.dto.ReasonEnable	interno	classes
br.com.sawcunhaos.organization.api.dto.GetAllReasonEnableResponse$GetAllReasonEnableResponseBuilder	br.com.sawcunhaos.organization.api.dto.ScosPaginated	interno	classes
br.com.sawcunhaos.organization.api.dto.GetAllReasonEnableResponse$GetAllReasonEnableResponseBuilder	com.fasterxml.jackson.annotation.JsonProperty	externo	jackson-annotations-2.22.jar
br.com.sawcunhaos.organization.api.dto.GetAllReasonEnableResponse$GetAllReasonEnableResponseBuilder	java.lang.Object	jdk	java.base
br.com.sawcunhaos.organization.api.dto.GetAllReasonEnableResponse$GetAllReasonEnableResponseBuilder	java.lang.String	jdk	java.base
br.com.sawcunhaos.organization.api.dto.GetAllReasonEnableResponse$GetAllReasonEnableResponseBuilder	java.lang.invoke.CallSite	jdk	java.base
br.com.sawcunhaos.organization.api.dto.GetAllReasonEnableResponse$GetAllReasonEnableResponseBuilder	java.lang.invoke.MethodHandles	jdk	java.base
br.com.sawcunhaos.organization.api.dto.GetAllReasonEnableResponse$GetAllReasonEnableResponseBuilder	java.lang.invoke.MethodHandles$Lookup	jdk	java.base
br.com.sawcunhaos.organization.api.dto.GetAllReasonEnableResponse$GetAllReasonEnableResponseBuilder	java.lang.invoke.MethodType	jdk	java.base
br.com.sawcunhaos.organization.api.dto.GetAllReasonEnableResponse$GetAllReasonEnableResponseBuilder	java.lang.invoke.StringConcatFactory	jdk	java.base
br.com.sawcunhaos.organization.api.dto.GetAllReasonEnableResponse$GetAllReasonEnableResponseBuilder	java.util.List	jdk	java.base
br.com.sawcunhaos.organization.api.dto.GetAllReasonInactivateResponse	br.com.sawcunhaos.organization.api.dto.GetAllReasonInactivateResponse$GetAllReasonInactivateResponseBuilder	interno	classes
br.com.sawcunhaos.organization.api.dto.GetAllReasonInactivateResponse	br.com.sawcunhaos.organization.api.dto.ReasonInactivate	interno	classes
br.com.sawcunhaos.organization.api.dto.GetAllReasonInactivateResponse	br.com.sawcunhaos.organization.api.dto.ScosPaginated	interno	classes
br.com.sawcunhaos.organization.api.dto.GetAllReasonInactivateResponse	com.fasterxml.jackson.annotation.JsonProperty	externo	jackson-annotations-2.22.jar
br.com.sawcunhaos.organization.api.dto.GetAllReasonInactivateResponse	jakarta.validation.Valid	externo	jakarta.validation-api-3.1.1.jar
br.com.sawcunhaos.organization.api.dto.GetAllReasonInactivateResponse	java.io.Serializable	jdk	java.base
br.com.sawcunhaos.organization.api.dto.GetAllReasonInactivateResponse	java.lang.Class	jdk	java.base
br.com.sawcunhaos.organization.api.dto.GetAllReasonInactivateResponse	java.lang.Object	jdk	java.base
br.com.sawcunhaos.organization.api.dto.GetAllReasonInactivateResponse	java.lang.Record	jdk	java.base
br.com.sawcunhaos.organization.api.dto.GetAllReasonInactivateResponse	java.lang.String	jdk	java.base
br.com.sawcunhaos.organization.api.dto.GetAllReasonInactivateResponse	java.lang.invoke.MethodHandle	jdk	java.base
br.com.sawcunhaos.organization.api.dto.GetAllReasonInactivateResponse	java.lang.invoke.MethodHandles	jdk	java.base
br.com.sawcunhaos.organization.api.dto.GetAllReasonInactivateResponse	java.lang.invoke.MethodHandles$Lookup	jdk	java.base
br.com.sawcunhaos.organization.api.dto.GetAllReasonInactivateResponse	java.lang.invoke.TypeDescriptor	jdk	java.base
br.com.sawcunhaos.organization.api.dto.GetAllReasonInactivateResponse	java.lang.runtime.ObjectMethods	jdk	java.base
br.com.sawcunhaos.organization.api.dto.GetAllReasonInactivateResponse	java.util.List	jdk	java.base
br.com.sawcunhaos.organization.api.dto.GetAllReasonInactivateResponse$GetAllReasonInactivateResponseBuilder	br.com.sawcunhaos.organization.api.dto.GetAllReasonInactivateResponse	interno	classes
br.com.sawcunhaos.organization.api.dto.GetAllReasonInactivateResponse$GetAllReasonInactivateResponseBuilder	br.com.sawcunhaos.organization.api.dto.ReasonInactivate	interno	classes
br.com.sawcunhaos.organization.api.dto.GetAllReasonInactivateResponse$GetAllReasonInactivateResponseBuilder	br.com.sawcunhaos.organization.api.dto.ScosPaginated	interno	classes
br.com.sawcunhaos.organization.api.dto.GetAllReasonInactivateResponse$GetAllReasonInactivateResponseBuilder	com.fasterxml.jackson.annotation.JsonProperty	externo	jackson-annotations-2.22.jar
br.com.sawcunhaos.organization.api.dto.GetAllReasonInactivateResponse$GetAllReasonInactivateResponseBuilder	java.lang.Object	jdk	java.base
br.com.sawcunhaos.organization.api.dto.GetAllReasonInactivateResponse$GetAllReasonInactivateResponseBuilder	java.lang.String	jdk	java.base
br.com.sawcunhaos.organization.api.dto.GetAllReasonInactivateResponse$GetAllReasonInactivateResponseBuilder	java.lang.invoke.CallSite	jdk	java.base
br.com.sawcunhaos.organization.api.dto.GetAllReasonInactivateResponse$GetAllReasonInactivateResponseBuilder	java.lang.invoke.MethodHandles	jdk	java.base
br.com.sawcunhaos.organization.api.dto.GetAllReasonInactivateResponse$GetAllReasonInactivateResponseBuilder	java.lang.invoke.MethodHandles$Lookup	jdk	java.base
br.com.sawcunhaos.organization.api.dto.GetAllReasonInactivateResponse$GetAllReasonInactivateResponseBuilder	java.lang.invoke.MethodType	jdk	java.base
br.com.sawcunhaos.organization.api.dto.GetAllReasonInactivateResponse$GetAllReasonInactivateResponseBuilder	java.lang.invoke.StringConcatFactory	jdk	java.base
br.com.sawcunhaos.organization.api.dto.GetAllReasonInactivateResponse$GetAllReasonInactivateResponseBuilder	java.util.List	jdk	java.base
br.com.sawcunhaos.organization.api.dto.GetAllReasonPositionChangeResponse	br.com.sawcunhaos.organization.api.dto.GetAllReasonPositionChangeResponse$GetAllReasonPositionChangeResponseBuilder	interno	classes
br.com.sawcunhaos.organization.api.dto.GetAllReasonPositionChangeResponse	br.com.sawcunhaos.organization.api.dto.ReasonPositionChange	interno	classes
br.com.sawcunhaos.organization.api.dto.GetAllReasonPositionChangeResponse	br.com.sawcunhaos.organization.api.dto.ScosPaginated	interno	classes
br.com.sawcunhaos.organization.api.dto.GetAllReasonPositionChangeResponse	com.fasterxml.jackson.annotation.JsonProperty	externo	jackson-annotations-2.22.jar
br.com.sawcunhaos.organization.api.dto.GetAllReasonPositionChangeResponse	jakarta.validation.Valid	externo	jakarta.validation-api-3.1.1.jar
br.com.sawcunhaos.organization.api.dto.GetAllReasonPositionChangeResponse	java.io.Serializable	jdk	java.base
br.com.sawcunhaos.organization.api.dto.GetAllReasonPositionChangeResponse	java.lang.Class	jdk	java.base
br.com.sawcunhaos.organization.api.dto.GetAllReasonPositionChangeResponse	java.lang.Object	jdk	java.base
br.com.sawcunhaos.organization.api.dto.GetAllReasonPositionChangeResponse	java.lang.Record	jdk	java.base
br.com.sawcunhaos.organization.api.dto.GetAllReasonPositionChangeResponse	java.lang.String	jdk	java.base
br.com.sawcunhaos.organization.api.dto.GetAllReasonPositionChangeResponse	java.lang.invoke.MethodHandle	jdk	java.base
br.com.sawcunhaos.organization.api.dto.GetAllReasonPositionChangeResponse	java.lang.invoke.MethodHandles	jdk	java.base
br.com.sawcunhaos.organization.api.dto.GetAllReasonPositionChangeResponse	java.lang.invoke.MethodHandles$Lookup	jdk	java.base
br.com.sawcunhaos.organization.api.dto.GetAllReasonPositionChangeResponse	java.lang.invoke.TypeDescriptor	jdk	java.base
br.com.sawcunhaos.organization.api.dto.GetAllReasonPositionChangeResponse	java.lang.runtime.ObjectMethods	jdk	java.base
br.com.sawcunhaos.organization.api.dto.GetAllReasonPositionChangeResponse	java.util.List	jdk	java.base
br.com.sawcunhaos.organization.api.dto.GetAllReasonPositionChangeResponse$GetAllReasonPositionChangeResponseBuilder	br.com.sawcunhaos.organization.api.dto.GetAllReasonPositionChangeResponse	interno	classes
br.com.sawcunhaos.organization.api.dto.GetAllReasonPositionChangeResponse$GetAllReasonPositionChangeResponseBuilder	br.com.sawcunhaos.organization.api.dto.ReasonPositionChange	interno	classes
br.com.sawcunhaos.organization.api.dto.GetAllReasonPositionChangeResponse$GetAllReasonPositionChangeResponseBuilder	br.com.sawcunhaos.organization.api.dto.ScosPaginated	interno	classes
br.com.sawcunhaos.organization.api.dto.GetAllReasonPositionChangeResponse$GetAllReasonPositionChangeResponseBuilder	com.fasterxml.jackson.annotation.JsonProperty	externo	jackson-annotations-2.22.jar
br.com.sawcunhaos.organization.api.dto.GetAllReasonPositionChangeResponse$GetAllReasonPositionChangeResponseBuilder	java.lang.Object	jdk	java.base
br.com.sawcunhaos.organization.api.dto.GetAllReasonPositionChangeResponse$GetAllReasonPositionChangeResponseBuilder	java.lang.String	jdk	java.base
br.com.sawcunhaos.organization.api.dto.GetAllReasonPositionChangeResponse$GetAllReasonPositionChangeResponseBuilder	java.lang.invoke.CallSite	jdk	java.base
br.com.sawcunhaos.organization.api.dto.GetAllReasonPositionChangeResponse$GetAllReasonPositionChangeResponseBuilder	java.lang.invoke.MethodHandles	jdk	java.base
br.com.sawcunhaos.organization.api.dto.GetAllReasonPositionChangeResponse$GetAllReasonPositionChangeResponseBuilder	java.lang.invoke.MethodHandles$Lookup	jdk	java.base
br.com.sawcunhaos.organization.api.dto.GetAllReasonPositionChangeResponse$GetAllReasonPositionChangeResponseBuilder	java.lang.invoke.MethodType	jdk	java.base
br.com.sawcunhaos.organization.api.dto.GetAllReasonPositionChangeResponse$GetAllReasonPositionChangeResponseBuilder	java.lang.invoke.StringConcatFactory	jdk	java.base
br.com.sawcunhaos.organization.api.dto.GetAllReasonPositionChangeResponse$GetAllReasonPositionChangeResponseBuilder	java.util.List	jdk	java.base
br.com.sawcunhaos.organization.api.dto.GetAllResourcesResponse	br.com.sawcunhaos.organization.api.dto.GetAllResourcesResponse$GetAllResourcesResponseBuilder	interno	classes
br.com.sawcunhaos.organization.api.dto.GetAllResourcesResponse	br.com.sawcunhaos.organization.api.dto.ResourceSummary	interno	classes
br.com.sawcunhaos.organization.api.dto.GetAllResourcesResponse	br.com.sawcunhaos.organization.api.dto.ScosPaginated	interno	classes
br.com.sawcunhaos.organization.api.dto.GetAllResourcesResponse	com.fasterxml.jackson.annotation.JsonProperty	externo	jackson-annotations-2.22.jar
br.com.sawcunhaos.organization.api.dto.GetAllResourcesResponse	jakarta.validation.Valid	externo	jakarta.validation-api-3.1.1.jar
br.com.sawcunhaos.organization.api.dto.GetAllResourcesResponse	java.io.Serializable	jdk	java.base
br.com.sawcunhaos.organization.api.dto.GetAllResourcesResponse	java.lang.Class	jdk	java.base
br.com.sawcunhaos.organization.api.dto.GetAllResourcesResponse	java.lang.Object	jdk	java.base
br.com.sawcunhaos.organization.api.dto.GetAllResourcesResponse	java.lang.Record	jdk	java.base
br.com.sawcunhaos.organization.api.dto.GetAllResourcesResponse	java.lang.String	jdk	java.base
br.com.sawcunhaos.organization.api.dto.GetAllResourcesResponse	java.lang.invoke.MethodHandle	jdk	java.base
br.com.sawcunhaos.organization.api.dto.GetAllResourcesResponse	java.lang.invoke.MethodHandles	jdk	java.base
br.com.sawcunhaos.organization.api.dto.GetAllResourcesResponse	java.lang.invoke.MethodHandles$Lookup	jdk	java.base
br.com.sawcunhaos.organization.api.dto.GetAllResourcesResponse	java.lang.invoke.TypeDescriptor	jdk	java.base
br.com.sawcunhaos.organization.api.dto.GetAllResourcesResponse	java.lang.runtime.ObjectMethods	jdk	java.base
br.com.sawcunhaos.organization.api.dto.GetAllResourcesResponse	java.util.List	jdk	java.base
br.com.sawcunhaos.organization.api.dto.GetAllResourcesResponse$GetAllResourcesResponseBuilder	br.com.sawcunhaos.organization.api.dto.GetAllResourcesResponse	interno	classes
br.com.sawcunhaos.organization.api.dto.GetAllResourcesResponse$GetAllResourcesResponseBuilder	br.com.sawcunhaos.organization.api.dto.ResourceSummary	interno	classes
br.com.sawcunhaos.organization.api.dto.GetAllResourcesResponse$GetAllResourcesResponseBuilder	br.com.sawcunhaos.organization.api.dto.ScosPaginated	interno	classes
br.com.sawcunhaos.organization.api.dto.GetAllResourcesResponse$GetAllResourcesResponseBuilder	com.fasterxml.jackson.annotation.JsonProperty	externo	jackson-annotations-2.22.jar
br.com.sawcunhaos.organization.api.dto.GetAllResourcesResponse$GetAllResourcesResponseBuilder	java.lang.Object	jdk	java.base
br.com.sawcunhaos.organization.api.dto.GetAllResourcesResponse$GetAllResourcesResponseBuilder	java.lang.String	jdk	java.base
br.com.sawcunhaos.organization.api.dto.GetAllResourcesResponse$GetAllResourcesResponseBuilder	java.lang.invoke.CallSite	jdk	java.base
br.com.sawcunhaos.organization.api.dto.GetAllResourcesResponse$GetAllResourcesResponseBuilder	java.lang.invoke.MethodHandles	jdk	java.base
br.com.sawcunhaos.organization.api.dto.GetAllResourcesResponse$GetAllResourcesResponseBuilder	java.lang.invoke.MethodHandles$Lookup	jdk	java.base
br.com.sawcunhaos.organization.api.dto.GetAllResourcesResponse$GetAllResourcesResponseBuilder	java.lang.invoke.MethodType	jdk	java.base
br.com.sawcunhaos.organization.api.dto.GetAllResourcesResponse$GetAllResourcesResponseBuilder	java.lang.invoke.StringConcatFactory	jdk	java.base
br.com.sawcunhaos.organization.api.dto.GetAllResourcesResponse$GetAllResourcesResponseBuilder	java.util.List	jdk	java.base
br.com.sawcunhaos.organization.api.dto.GetAllSystemsResponse	br.com.sawcunhaos.organization.api.dto.GetAllSystemsResponse$GetAllSystemsResponseBuilder	interno	classes
br.com.sawcunhaos.organization.api.dto.GetAllSystemsResponse	br.com.sawcunhaos.organization.api.dto.ScosPaginated	interno	classes
br.com.sawcunhaos.organization.api.dto.GetAllSystemsResponse	br.com.sawcunhaos.organization.api.dto.System	interno	classes
br.com.sawcunhaos.organization.api.dto.GetAllSystemsResponse	com.fasterxml.jackson.annotation.JsonProperty	externo	jackson-annotations-2.22.jar
br.com.sawcunhaos.organization.api.dto.GetAllSystemsResponse	jakarta.validation.Valid	externo	jakarta.validation-api-3.1.1.jar
br.com.sawcunhaos.organization.api.dto.GetAllSystemsResponse	java.io.Serializable	jdk	java.base
br.com.sawcunhaos.organization.api.dto.GetAllSystemsResponse	java.lang.Class	jdk	java.base
br.com.sawcunhaos.organization.api.dto.GetAllSystemsResponse	java.lang.Object	jdk	java.base
br.com.sawcunhaos.organization.api.dto.GetAllSystemsResponse	java.lang.Record	jdk	java.base
br.com.sawcunhaos.organization.api.dto.GetAllSystemsResponse	java.lang.String	jdk	java.base
br.com.sawcunhaos.organization.api.dto.GetAllSystemsResponse	java.lang.invoke.MethodHandle	jdk	java.base
br.com.sawcunhaos.organization.api.dto.GetAllSystemsResponse	java.lang.invoke.MethodHandles	jdk	java.base
br.com.sawcunhaos.organization.api.dto.GetAllSystemsResponse	java.lang.invoke.MethodHandles$Lookup	jdk	java.base
br.com.sawcunhaos.organization.api.dto.GetAllSystemsResponse	java.lang.invoke.TypeDescriptor	jdk	java.base
br.com.sawcunhaos.organization.api.dto.GetAllSystemsResponse	java.lang.runtime.ObjectMethods	jdk	java.base
br.com.sawcunhaos.organization.api.dto.GetAllSystemsResponse	java.util.List	jdk	java.base
br.com.sawcunhaos.organization.api.dto.GetAllSystemsResponse$GetAllSystemsResponseBuilder	br.com.sawcunhaos.organization.api.dto.GetAllSystemsResponse	interno	classes
br.com.sawcunhaos.organization.api.dto.GetAllSystemsResponse$GetAllSystemsResponseBuilder	br.com.sawcunhaos.organization.api.dto.ScosPaginated	interno	classes
br.com.sawcunhaos.organization.api.dto.GetAllSystemsResponse$GetAllSystemsResponseBuilder	br.com.sawcunhaos.organization.api.dto.System	interno	classes
br.com.sawcunhaos.organization.api.dto.GetAllSystemsResponse$GetAllSystemsResponseBuilder	com.fasterxml.jackson.annotation.JsonProperty	externo	jackson-annotations-2.22.jar
br.com.sawcunhaos.organization.api.dto.GetAllSystemsResponse$GetAllSystemsResponseBuilder	java.lang.Object	jdk	java.base
br.com.sawcunhaos.organization.api.dto.GetAllSystemsResponse$GetAllSystemsResponseBuilder	java.lang.String	jdk	java.base
br.com.sawcunhaos.organization.api.dto.GetAllSystemsResponse$GetAllSystemsResponseBuilder	java.lang.invoke.CallSite	jdk	java.base
br.com.sawcunhaos.organization.api.dto.GetAllSystemsResponse$GetAllSystemsResponseBuilder	java.lang.invoke.MethodHandles	jdk	java.base
br.com.sawcunhaos.organization.api.dto.GetAllSystemsResponse$GetAllSystemsResponseBuilder	java.lang.invoke.MethodHandles$Lookup	jdk	java.base
br.com.sawcunhaos.organization.api.dto.GetAllSystemsResponse$GetAllSystemsResponseBuilder	java.lang.invoke.MethodType	jdk	java.base
br.com.sawcunhaos.organization.api.dto.GetAllSystemsResponse$GetAllSystemsResponseBuilder	java.lang.invoke.StringConcatFactory	jdk	java.base
br.com.sawcunhaos.organization.api.dto.GetAllSystemsResponse$GetAllSystemsResponseBuilder	java.util.List	jdk	java.base
br.com.sawcunhaos.organization.api.dto.GetCnaeResponse	br.com.sawcunhaos.organization.api.dto.Cnae	interno	classes
br.com.sawcunhaos.organization.api.dto.GetCnaeResponse	br.com.sawcunhaos.organization.api.dto.GetCnaeResponse$GetCnaeResponseBuilder	interno	classes
br.com.sawcunhaos.organization.api.dto.GetCnaeResponse	com.fasterxml.jackson.annotation.JsonProperty	externo	jackson-annotations-2.22.jar
br.com.sawcunhaos.organization.api.dto.GetCnaeResponse	jakarta.validation.Valid	externo	jakarta.validation-api-3.1.1.jar
br.com.sawcunhaos.organization.api.dto.GetCnaeResponse	java.io.Serializable	jdk	java.base
br.com.sawcunhaos.organization.api.dto.GetCnaeResponse	java.lang.Class	jdk	java.base
br.com.sawcunhaos.organization.api.dto.GetCnaeResponse	java.lang.Object	jdk	java.base
br.com.sawcunhaos.organization.api.dto.GetCnaeResponse	java.lang.Record	jdk	java.base
br.com.sawcunhaos.organization.api.dto.GetCnaeResponse	java.lang.String	jdk	java.base
br.com.sawcunhaos.organization.api.dto.GetCnaeResponse	java.lang.invoke.MethodHandle	jdk	java.base
br.com.sawcunhaos.organization.api.dto.GetCnaeResponse	java.lang.invoke.MethodHandles	jdk	java.base
br.com.sawcunhaos.organization.api.dto.GetCnaeResponse	java.lang.invoke.MethodHandles$Lookup	jdk	java.base
br.com.sawcunhaos.organization.api.dto.GetCnaeResponse	java.lang.invoke.TypeDescriptor	jdk	java.base
br.com.sawcunhaos.organization.api.dto.GetCnaeResponse	java.lang.runtime.ObjectMethods	jdk	java.base
br.com.sawcunhaos.organization.api.dto.GetCnaeResponse$GetCnaeResponseBuilder	br.com.sawcunhaos.organization.api.dto.Cnae	interno	classes
br.com.sawcunhaos.organization.api.dto.GetCnaeResponse$GetCnaeResponseBuilder	br.com.sawcunhaos.organization.api.dto.GetCnaeResponse	interno	classes
br.com.sawcunhaos.organization.api.dto.GetCnaeResponse$GetCnaeResponseBuilder	com.fasterxml.jackson.annotation.JsonProperty	externo	jackson-annotations-2.22.jar
br.com.sawcunhaos.organization.api.dto.GetCnaeResponse$GetCnaeResponseBuilder	java.lang.Object	jdk	java.base
br.com.sawcunhaos.organization.api.dto.GetCnaeResponse$GetCnaeResponseBuilder	java.lang.String	jdk	java.base
br.com.sawcunhaos.organization.api.dto.GetCnaeResponse$GetCnaeResponseBuilder	java.lang.invoke.CallSite	jdk	java.base
br.com.sawcunhaos.organization.api.dto.GetCnaeResponse$GetCnaeResponseBuilder	java.lang.invoke.MethodHandles	jdk	java.base
br.com.sawcunhaos.organization.api.dto.GetCnaeResponse$GetCnaeResponseBuilder	java.lang.invoke.MethodHandles$Lookup	jdk	java.base
br.com.sawcunhaos.organization.api.dto.GetCnaeResponse$GetCnaeResponseBuilder	java.lang.invoke.MethodType	jdk	java.base
br.com.sawcunhaos.organization.api.dto.GetCnaeResponse$GetCnaeResponseBuilder	java.lang.invoke.StringConcatFactory	jdk	java.base
br.com.sawcunhaos.organization.api.dto.GetCompanyAddressResponse	br.com.sawcunhaos.organization.api.dto.CompanyAddress	interno	classes
br.com.sawcunhaos.organization.api.dto.GetCompanyAddressResponse	br.com.sawcunhaos.organization.api.dto.GetCompanyAddressResponse$GetCompanyAddressResponseBuilder	interno	classes
br.com.sawcunhaos.organization.api.dto.GetCompanyAddressResponse	com.fasterxml.jackson.annotation.JsonProperty	externo	jackson-annotations-2.22.jar
br.com.sawcunhaos.organization.api.dto.GetCompanyAddressResponse	jakarta.validation.Valid	externo	jakarta.validation-api-3.1.1.jar
br.com.sawcunhaos.organization.api.dto.GetCompanyAddressResponse	java.io.Serializable	jdk	java.base
br.com.sawcunhaos.organization.api.dto.GetCompanyAddressResponse	java.lang.Class	jdk	java.base
br.com.sawcunhaos.organization.api.dto.GetCompanyAddressResponse	java.lang.Object	jdk	java.base
br.com.sawcunhaos.organization.api.dto.GetCompanyAddressResponse	java.lang.Record	jdk	java.base
br.com.sawcunhaos.organization.api.dto.GetCompanyAddressResponse	java.lang.String	jdk	java.base
br.com.sawcunhaos.organization.api.dto.GetCompanyAddressResponse	java.lang.invoke.MethodHandle	jdk	java.base
br.com.sawcunhaos.organization.api.dto.GetCompanyAddressResponse	java.lang.invoke.MethodHandles	jdk	java.base
br.com.sawcunhaos.organization.api.dto.GetCompanyAddressResponse	java.lang.invoke.MethodHandles$Lookup	jdk	java.base
br.com.sawcunhaos.organization.api.dto.GetCompanyAddressResponse	java.lang.invoke.TypeDescriptor	jdk	java.base
br.com.sawcunhaos.organization.api.dto.GetCompanyAddressResponse	java.lang.runtime.ObjectMethods	jdk	java.base
br.com.sawcunhaos.organization.api.dto.GetCompanyAddressResponse$GetCompanyAddressResponseBuilder	br.com.sawcunhaos.organization.api.dto.CompanyAddress	interno	classes
br.com.sawcunhaos.organization.api.dto.GetCompanyAddressResponse$GetCompanyAddressResponseBuilder	br.com.sawcunhaos.organization.api.dto.GetCompanyAddressResponse	interno	classes
br.com.sawcunhaos.organization.api.dto.GetCompanyAddressResponse$GetCompanyAddressResponseBuilder	com.fasterxml.jackson.annotation.JsonProperty	externo	jackson-annotations-2.22.jar
br.com.sawcunhaos.organization.api.dto.GetCompanyAddressResponse$GetCompanyAddressResponseBuilder	java.lang.Object	jdk	java.base
br.com.sawcunhaos.organization.api.dto.GetCompanyAddressResponse$GetCompanyAddressResponseBuilder	java.lang.String	jdk	java.base
br.com.sawcunhaos.organization.api.dto.GetCompanyAddressResponse$GetCompanyAddressResponseBuilder	java.lang.invoke.CallSite	jdk	java.base
br.com.sawcunhaos.organization.api.dto.GetCompanyAddressResponse$GetCompanyAddressResponseBuilder	java.lang.invoke.MethodHandles	jdk	java.base
br.com.sawcunhaos.organization.api.dto.GetCompanyAddressResponse$GetCompanyAddressResponseBuilder	java.lang.invoke.MethodHandles$Lookup	jdk	java.base
br.com.sawcunhaos.organization.api.dto.GetCompanyAddressResponse$GetCompanyAddressResponseBuilder	java.lang.invoke.MethodType	jdk	java.base
br.com.sawcunhaos.organization.api.dto.GetCompanyAddressResponse$GetCompanyAddressResponseBuilder	java.lang.invoke.StringConcatFactory	jdk	java.base
br.com.sawcunhaos.organization.api.dto.GetCompanyContactResponse	br.com.sawcunhaos.organization.api.dto.CompanyContact	interno	classes
br.com.sawcunhaos.organization.api.dto.GetCompanyContactResponse	br.com.sawcunhaos.organization.api.dto.GetCompanyContactResponse$GetCompanyContactResponseBuilder	interno	classes
br.com.sawcunhaos.organization.api.dto.GetCompanyContactResponse	com.fasterxml.jackson.annotation.JsonProperty	externo	jackson-annotations-2.22.jar
br.com.sawcunhaos.organization.api.dto.GetCompanyContactResponse	jakarta.validation.Valid	externo	jakarta.validation-api-3.1.1.jar
br.com.sawcunhaos.organization.api.dto.GetCompanyContactResponse	java.io.Serializable	jdk	java.base
br.com.sawcunhaos.organization.api.dto.GetCompanyContactResponse	java.lang.Class	jdk	java.base
br.com.sawcunhaos.organization.api.dto.GetCompanyContactResponse	java.lang.Object	jdk	java.base
br.com.sawcunhaos.organization.api.dto.GetCompanyContactResponse	java.lang.Record	jdk	java.base
br.com.sawcunhaos.organization.api.dto.GetCompanyContactResponse	java.lang.String	jdk	java.base
br.com.sawcunhaos.organization.api.dto.GetCompanyContactResponse	java.lang.invoke.MethodHandle	jdk	java.base
br.com.sawcunhaos.organization.api.dto.GetCompanyContactResponse	java.lang.invoke.MethodHandles	jdk	java.base
br.com.sawcunhaos.organization.api.dto.GetCompanyContactResponse	java.lang.invoke.MethodHandles$Lookup	jdk	java.base
br.com.sawcunhaos.organization.api.dto.GetCompanyContactResponse	java.lang.invoke.TypeDescriptor	jdk	java.base
br.com.sawcunhaos.organization.api.dto.GetCompanyContactResponse	java.lang.runtime.ObjectMethods	jdk	java.base
br.com.sawcunhaos.organization.api.dto.GetCompanyContactResponse$GetCompanyContactResponseBuilder	br.com.sawcunhaos.organization.api.dto.CompanyContact	interno	classes
br.com.sawcunhaos.organization.api.dto.GetCompanyContactResponse$GetCompanyContactResponseBuilder	br.com.sawcunhaos.organization.api.dto.GetCompanyContactResponse	interno	classes
br.com.sawcunhaos.organization.api.dto.GetCompanyContactResponse$GetCompanyContactResponseBuilder	com.fasterxml.jackson.annotation.JsonProperty	externo	jackson-annotations-2.22.jar
br.com.sawcunhaos.organization.api.dto.GetCompanyContactResponse$GetCompanyContactResponseBuilder	java.lang.Object	jdk	java.base
br.com.sawcunhaos.organization.api.dto.GetCompanyContactResponse$GetCompanyContactResponseBuilder	java.lang.String	jdk	java.base
br.com.sawcunhaos.organization.api.dto.GetCompanyContactResponse$GetCompanyContactResponseBuilder	java.lang.invoke.CallSite	jdk	java.base
br.com.sawcunhaos.organization.api.dto.GetCompanyContactResponse$GetCompanyContactResponseBuilder	java.lang.invoke.MethodHandles	jdk	java.base
br.com.sawcunhaos.organization.api.dto.GetCompanyContactResponse$GetCompanyContactResponseBuilder	java.lang.invoke.MethodHandles$Lookup	jdk	java.base
br.com.sawcunhaos.organization.api.dto.GetCompanyContactResponse$GetCompanyContactResponseBuilder	java.lang.invoke.MethodType	jdk	java.base
br.com.sawcunhaos.organization.api.dto.GetCompanyContactResponse$GetCompanyContactResponseBuilder	java.lang.invoke.StringConcatFactory	jdk	java.base
br.com.sawcunhaos.organization.api.dto.GetCompanyHierarchyResponse	br.com.sawcunhaos.organization.api.dto.CompanyHierarchyNode	interno	classes
br.com.sawcunhaos.organization.api.dto.GetCompanyHierarchyResponse	br.com.sawcunhaos.organization.api.dto.GetCompanyHierarchyResponse$GetCompanyHierarchyResponseBuilder	interno	classes
br.com.sawcunhaos.organization.api.dto.GetCompanyHierarchyResponse	com.fasterxml.jackson.annotation.JsonProperty	externo	jackson-annotations-2.22.jar
br.com.sawcunhaos.organization.api.dto.GetCompanyHierarchyResponse	jakarta.validation.Valid	externo	jakarta.validation-api-3.1.1.jar
br.com.sawcunhaos.organization.api.dto.GetCompanyHierarchyResponse	java.io.Serializable	jdk	java.base
br.com.sawcunhaos.organization.api.dto.GetCompanyHierarchyResponse	java.lang.Class	jdk	java.base
br.com.sawcunhaos.organization.api.dto.GetCompanyHierarchyResponse	java.lang.Object	jdk	java.base
br.com.sawcunhaos.organization.api.dto.GetCompanyHierarchyResponse	java.lang.Record	jdk	java.base
br.com.sawcunhaos.organization.api.dto.GetCompanyHierarchyResponse	java.lang.String	jdk	java.base
br.com.sawcunhaos.organization.api.dto.GetCompanyHierarchyResponse	java.lang.invoke.MethodHandle	jdk	java.base
br.com.sawcunhaos.organization.api.dto.GetCompanyHierarchyResponse	java.lang.invoke.MethodHandles	jdk	java.base
br.com.sawcunhaos.organization.api.dto.GetCompanyHierarchyResponse	java.lang.invoke.MethodHandles$Lookup	jdk	java.base
br.com.sawcunhaos.organization.api.dto.GetCompanyHierarchyResponse	java.lang.invoke.TypeDescriptor	jdk	java.base
br.com.sawcunhaos.organization.api.dto.GetCompanyHierarchyResponse	java.lang.runtime.ObjectMethods	jdk	java.base
br.com.sawcunhaos.organization.api.dto.GetCompanyHierarchyResponse$GetCompanyHierarchyResponseBuilder	br.com.sawcunhaos.organization.api.dto.CompanyHierarchyNode	interno	classes
br.com.sawcunhaos.organization.api.dto.GetCompanyHierarchyResponse$GetCompanyHierarchyResponseBuilder	br.com.sawcunhaos.organization.api.dto.GetCompanyHierarchyResponse	interno	classes
br.com.sawcunhaos.organization.api.dto.GetCompanyHierarchyResponse$GetCompanyHierarchyResponseBuilder	com.fasterxml.jackson.annotation.JsonProperty	externo	jackson-annotations-2.22.jar
br.com.sawcunhaos.organization.api.dto.GetCompanyHierarchyResponse$GetCompanyHierarchyResponseBuilder	java.lang.Object	jdk	java.base
br.com.sawcunhaos.organization.api.dto.GetCompanyHierarchyResponse$GetCompanyHierarchyResponseBuilder	java.lang.String	jdk	java.base
br.com.sawcunhaos.organization.api.dto.GetCompanyHierarchyResponse$GetCompanyHierarchyResponseBuilder	java.lang.invoke.CallSite	jdk	java.base
br.com.sawcunhaos.organization.api.dto.GetCompanyHierarchyResponse$GetCompanyHierarchyResponseBuilder	java.lang.invoke.MethodHandles	jdk	java.base
br.com.sawcunhaos.organization.api.dto.GetCompanyHierarchyResponse$GetCompanyHierarchyResponseBuilder	java.lang.invoke.MethodHandles$Lookup	jdk	java.base
br.com.sawcunhaos.organization.api.dto.GetCompanyHierarchyResponse$GetCompanyHierarchyResponseBuilder	java.lang.invoke.MethodType	jdk	java.base
br.com.sawcunhaos.organization.api.dto.GetCompanyHierarchyResponse$GetCompanyHierarchyResponseBuilder	java.lang.invoke.StringConcatFactory	jdk	java.base
br.com.sawcunhaos.organization.api.dto.GetCompanyResponse	br.com.sawcunhaos.organization.api.dto.Company	interno	classes
br.com.sawcunhaos.organization.api.dto.GetCompanyResponse	br.com.sawcunhaos.organization.api.dto.GetCompanyResponse$GetCompanyResponseBuilder	interno	classes
br.com.sawcunhaos.organization.api.dto.GetCompanyResponse	com.fasterxml.jackson.annotation.JsonProperty	externo	jackson-annotations-2.22.jar
br.com.sawcunhaos.organization.api.dto.GetCompanyResponse	jakarta.validation.Valid	externo	jakarta.validation-api-3.1.1.jar
br.com.sawcunhaos.organization.api.dto.GetCompanyResponse	java.io.Serializable	jdk	java.base
br.com.sawcunhaos.organization.api.dto.GetCompanyResponse	java.lang.Class	jdk	java.base
br.com.sawcunhaos.organization.api.dto.GetCompanyResponse	java.lang.Object	jdk	java.base
br.com.sawcunhaos.organization.api.dto.GetCompanyResponse	java.lang.Record	jdk	java.base
br.com.sawcunhaos.organization.api.dto.GetCompanyResponse	java.lang.String	jdk	java.base
br.com.sawcunhaos.organization.api.dto.GetCompanyResponse	java.lang.invoke.MethodHandle	jdk	java.base
br.com.sawcunhaos.organization.api.dto.GetCompanyResponse	java.lang.invoke.MethodHandles	jdk	java.base
br.com.sawcunhaos.organization.api.dto.GetCompanyResponse	java.lang.invoke.MethodHandles$Lookup	jdk	java.base
br.com.sawcunhaos.organization.api.dto.GetCompanyResponse	java.lang.invoke.TypeDescriptor	jdk	java.base
br.com.sawcunhaos.organization.api.dto.GetCompanyResponse	java.lang.runtime.ObjectMethods	jdk	java.base
br.com.sawcunhaos.organization.api.dto.GetCompanyResponse$GetCompanyResponseBuilder	br.com.sawcunhaos.organization.api.dto.Company	interno	classes
br.com.sawcunhaos.organization.api.dto.GetCompanyResponse$GetCompanyResponseBuilder	br.com.sawcunhaos.organization.api.dto.GetCompanyResponse	interno	classes
br.com.sawcunhaos.organization.api.dto.GetCompanyResponse$GetCompanyResponseBuilder	com.fasterxml.jackson.annotation.JsonProperty	externo	jackson-annotations-2.22.jar
br.com.sawcunhaos.organization.api.dto.GetCompanyResponse$GetCompanyResponseBuilder	java.lang.Object	jdk	java.base
br.com.sawcunhaos.organization.api.dto.GetCompanyResponse$GetCompanyResponseBuilder	java.lang.String	jdk	java.base
br.com.sawcunhaos.organization.api.dto.GetCompanyResponse$GetCompanyResponseBuilder	java.lang.invoke.CallSite	jdk	java.base
br.com.sawcunhaos.organization.api.dto.GetCompanyResponse$GetCompanyResponseBuilder	java.lang.invoke.MethodHandles	jdk	java.base
br.com.sawcunhaos.organization.api.dto.GetCompanyResponse$GetCompanyResponseBuilder	java.lang.invoke.MethodHandles$Lookup	jdk	java.base
br.com.sawcunhaos.organization.api.dto.GetCompanyResponse$GetCompanyResponseBuilder	java.lang.invoke.MethodType	jdk	java.base
br.com.sawcunhaos.organization.api.dto.GetCompanyResponse$GetCompanyResponseBuilder	java.lang.invoke.StringConcatFactory	jdk	java.base
br.com.sawcunhaos.organization.api.dto.GetConfigurationResponse	br.com.sawcunhaos.organization.api.dto.GetConfigurationResponse$GetConfigurationResponseBuilder	interno	classes
br.com.sawcunhaos.organization.api.dto.GetConfigurationResponse	br.com.sawcunhaos.organization.api.dto.ModelConfiguration	interno	classes
br.com.sawcunhaos.organization.api.dto.GetConfigurationResponse	com.fasterxml.jackson.annotation.JsonProperty	externo	jackson-annotations-2.22.jar
br.com.sawcunhaos.organization.api.dto.GetConfigurationResponse	jakarta.validation.Valid	externo	jakarta.validation-api-3.1.1.jar
br.com.sawcunhaos.organization.api.dto.GetConfigurationResponse	java.io.Serializable	jdk	java.base
br.com.sawcunhaos.organization.api.dto.GetConfigurationResponse	java.lang.Class	jdk	java.base
br.com.sawcunhaos.organization.api.dto.GetConfigurationResponse	java.lang.Object	jdk	java.base
br.com.sawcunhaos.organization.api.dto.GetConfigurationResponse	java.lang.Record	jdk	java.base
br.com.sawcunhaos.organization.api.dto.GetConfigurationResponse	java.lang.String	jdk	java.base
br.com.sawcunhaos.organization.api.dto.GetConfigurationResponse	java.lang.invoke.MethodHandle	jdk	java.base
br.com.sawcunhaos.organization.api.dto.GetConfigurationResponse	java.lang.invoke.MethodHandles	jdk	java.base
br.com.sawcunhaos.organization.api.dto.GetConfigurationResponse	java.lang.invoke.MethodHandles$Lookup	jdk	java.base
br.com.sawcunhaos.organization.api.dto.GetConfigurationResponse	java.lang.invoke.TypeDescriptor	jdk	java.base
br.com.sawcunhaos.organization.api.dto.GetConfigurationResponse	java.lang.runtime.ObjectMethods	jdk	java.base
br.com.sawcunhaos.organization.api.dto.GetConfigurationResponse$GetConfigurationResponseBuilder	br.com.sawcunhaos.organization.api.dto.GetConfigurationResponse	interno	classes
br.com.sawcunhaos.organization.api.dto.GetConfigurationResponse$GetConfigurationResponseBuilder	br.com.sawcunhaos.organization.api.dto.ModelConfiguration	interno	classes
br.com.sawcunhaos.organization.api.dto.GetConfigurationResponse$GetConfigurationResponseBuilder	com.fasterxml.jackson.annotation.JsonProperty	externo	jackson-annotations-2.22.jar
br.com.sawcunhaos.organization.api.dto.GetConfigurationResponse$GetConfigurationResponseBuilder	java.lang.Object	jdk	java.base
br.com.sawcunhaos.organization.api.dto.GetConfigurationResponse$GetConfigurationResponseBuilder	java.lang.String	jdk	java.base
br.com.sawcunhaos.organization.api.dto.GetConfigurationResponse$GetConfigurationResponseBuilder	java.lang.invoke.CallSite	jdk	java.base
br.com.sawcunhaos.organization.api.dto.GetConfigurationResponse$GetConfigurationResponseBuilder	java.lang.invoke.MethodHandles	jdk	java.base
br.com.sawcunhaos.organization.api.dto.GetConfigurationResponse$GetConfigurationResponseBuilder	java.lang.invoke.MethodHandles$Lookup	jdk	java.base
br.com.sawcunhaos.organization.api.dto.GetConfigurationResponse$GetConfigurationResponseBuilder	java.lang.invoke.MethodType	jdk	java.base
br.com.sawcunhaos.organization.api.dto.GetConfigurationResponse$GetConfigurationResponseBuilder	java.lang.invoke.StringConcatFactory	jdk	java.base
br.com.sawcunhaos.organization.api.dto.GetContactTypeResponse	br.com.sawcunhaos.organization.api.dto.ContactType	interno	classes
br.com.sawcunhaos.organization.api.dto.GetContactTypeResponse	br.com.sawcunhaos.organization.api.dto.GetContactTypeResponse$GetContactTypeResponseBuilder	interno	classes
br.com.sawcunhaos.organization.api.dto.GetContactTypeResponse	com.fasterxml.jackson.annotation.JsonProperty	externo	jackson-annotations-2.22.jar
br.com.sawcunhaos.organization.api.dto.GetContactTypeResponse	jakarta.validation.Valid	externo	jakarta.validation-api-3.1.1.jar
br.com.sawcunhaos.organization.api.dto.GetContactTypeResponse	java.io.Serializable	jdk	java.base
br.com.sawcunhaos.organization.api.dto.GetContactTypeResponse	java.lang.Class	jdk	java.base
br.com.sawcunhaos.organization.api.dto.GetContactTypeResponse	java.lang.Object	jdk	java.base
br.com.sawcunhaos.organization.api.dto.GetContactTypeResponse	java.lang.Record	jdk	java.base
br.com.sawcunhaos.organization.api.dto.GetContactTypeResponse	java.lang.String	jdk	java.base
br.com.sawcunhaos.organization.api.dto.GetContactTypeResponse	java.lang.invoke.MethodHandle	jdk	java.base
br.com.sawcunhaos.organization.api.dto.GetContactTypeResponse	java.lang.invoke.MethodHandles	jdk	java.base
br.com.sawcunhaos.organization.api.dto.GetContactTypeResponse	java.lang.invoke.MethodHandles$Lookup	jdk	java.base
br.com.sawcunhaos.organization.api.dto.GetContactTypeResponse	java.lang.invoke.TypeDescriptor	jdk	java.base
br.com.sawcunhaos.organization.api.dto.GetContactTypeResponse	java.lang.runtime.ObjectMethods	jdk	java.base
br.com.sawcunhaos.organization.api.dto.GetContactTypeResponse$GetContactTypeResponseBuilder	br.com.sawcunhaos.organization.api.dto.ContactType	interno	classes
br.com.sawcunhaos.organization.api.dto.GetContactTypeResponse$GetContactTypeResponseBuilder	br.com.sawcunhaos.organization.api.dto.GetContactTypeResponse	interno	classes
br.com.sawcunhaos.organization.api.dto.GetContactTypeResponse$GetContactTypeResponseBuilder	com.fasterxml.jackson.annotation.JsonProperty	externo	jackson-annotations-2.22.jar
br.com.sawcunhaos.organization.api.dto.GetContactTypeResponse$GetContactTypeResponseBuilder	java.lang.Object	jdk	java.base
br.com.sawcunhaos.organization.api.dto.GetContactTypeResponse$GetContactTypeResponseBuilder	java.lang.String	jdk	java.base
br.com.sawcunhaos.organization.api.dto.GetContactTypeResponse$GetContactTypeResponseBuilder	java.lang.invoke.CallSite	jdk	java.base
br.com.sawcunhaos.organization.api.dto.GetContactTypeResponse$GetContactTypeResponseBuilder	java.lang.invoke.MethodHandles	jdk	java.base
br.com.sawcunhaos.organization.api.dto.GetContactTypeResponse$GetContactTypeResponseBuilder	java.lang.invoke.MethodHandles$Lookup	jdk	java.base
br.com.sawcunhaos.organization.api.dto.GetContactTypeResponse$GetContactTypeResponseBuilder	java.lang.invoke.MethodType	jdk	java.base
br.com.sawcunhaos.organization.api.dto.GetContactTypeResponse$GetContactTypeResponseBuilder	java.lang.invoke.StringConcatFactory	jdk	java.base
br.com.sawcunhaos.organization.api.dto.GetDepartmentResponse	br.com.sawcunhaos.organization.api.dto.Department	interno	classes
br.com.sawcunhaos.organization.api.dto.GetDepartmentResponse	br.com.sawcunhaos.organization.api.dto.GetDepartmentResponse$GetDepartmentResponseBuilder	interno	classes
br.com.sawcunhaos.organization.api.dto.GetDepartmentResponse	com.fasterxml.jackson.annotation.JsonProperty	externo	jackson-annotations-2.22.jar
br.com.sawcunhaos.organization.api.dto.GetDepartmentResponse	jakarta.validation.Valid	externo	jakarta.validation-api-3.1.1.jar
br.com.sawcunhaos.organization.api.dto.GetDepartmentResponse	java.io.Serializable	jdk	java.base
br.com.sawcunhaos.organization.api.dto.GetDepartmentResponse	java.lang.Class	jdk	java.base
br.com.sawcunhaos.organization.api.dto.GetDepartmentResponse	java.lang.Object	jdk	java.base
br.com.sawcunhaos.organization.api.dto.GetDepartmentResponse	java.lang.Record	jdk	java.base
br.com.sawcunhaos.organization.api.dto.GetDepartmentResponse	java.lang.String	jdk	java.base
br.com.sawcunhaos.organization.api.dto.GetDepartmentResponse	java.lang.invoke.MethodHandle	jdk	java.base
br.com.sawcunhaos.organization.api.dto.GetDepartmentResponse	java.lang.invoke.MethodHandles	jdk	java.base
br.com.sawcunhaos.organization.api.dto.GetDepartmentResponse	java.lang.invoke.MethodHandles$Lookup	jdk	java.base
br.com.sawcunhaos.organization.api.dto.GetDepartmentResponse	java.lang.invoke.TypeDescriptor	jdk	java.base
br.com.sawcunhaos.organization.api.dto.GetDepartmentResponse	java.lang.runtime.ObjectMethods	jdk	java.base
br.com.sawcunhaos.organization.api.dto.GetDepartmentResponse$GetDepartmentResponseBuilder	br.com.sawcunhaos.organization.api.dto.Department	interno	classes
br.com.sawcunhaos.organization.api.dto.GetDepartmentResponse$GetDepartmentResponseBuilder	br.com.sawcunhaos.organization.api.dto.GetDepartmentResponse	interno	classes
br.com.sawcunhaos.organization.api.dto.GetDepartmentResponse$GetDepartmentResponseBuilder	com.fasterxml.jackson.annotation.JsonProperty	externo	jackson-annotations-2.22.jar
br.com.sawcunhaos.organization.api.dto.GetDepartmentResponse$GetDepartmentResponseBuilder	java.lang.Object	jdk	java.base
br.com.sawcunhaos.organization.api.dto.GetDepartmentResponse$GetDepartmentResponseBuilder	java.lang.String	jdk	java.base
br.com.sawcunhaos.organization.api.dto.GetDepartmentResponse$GetDepartmentResponseBuilder	java.lang.invoke.CallSite	jdk	java.base
br.com.sawcunhaos.organization.api.dto.GetDepartmentResponse$GetDepartmentResponseBuilder	java.lang.invoke.MethodHandles	jdk	java.base
br.com.sawcunhaos.organization.api.dto.GetDepartmentResponse$GetDepartmentResponseBuilder	java.lang.invoke.MethodHandles$Lookup	jdk	java.base
br.com.sawcunhaos.organization.api.dto.GetDepartmentResponse$GetDepartmentResponseBuilder	java.lang.invoke.MethodType	jdk	java.base
br.com.sawcunhaos.organization.api.dto.GetDepartmentResponse$GetDepartmentResponseBuilder	java.lang.invoke.StringConcatFactory	jdk	java.base
br.com.sawcunhaos.organization.api.dto.GetEmployeeAddressResponse	br.com.sawcunhaos.organization.api.dto.EmployeeAddress	interno	classes
br.com.sawcunhaos.organization.api.dto.GetEmployeeAddressResponse	br.com.sawcunhaos.organization.api.dto.GetEmployeeAddressResponse$GetEmployeeAddressResponseBuilder	interno	classes
br.com.sawcunhaos.organization.api.dto.GetEmployeeAddressResponse	com.fasterxml.jackson.annotation.JsonProperty	externo	jackson-annotations-2.22.jar
br.com.sawcunhaos.organization.api.dto.GetEmployeeAddressResponse	jakarta.validation.Valid	externo	jakarta.validation-api-3.1.1.jar
br.com.sawcunhaos.organization.api.dto.GetEmployeeAddressResponse	java.io.Serializable	jdk	java.base
br.com.sawcunhaos.organization.api.dto.GetEmployeeAddressResponse	java.lang.Class	jdk	java.base
br.com.sawcunhaos.organization.api.dto.GetEmployeeAddressResponse	java.lang.Object	jdk	java.base
br.com.sawcunhaos.organization.api.dto.GetEmployeeAddressResponse	java.lang.Record	jdk	java.base
br.com.sawcunhaos.organization.api.dto.GetEmployeeAddressResponse	java.lang.String	jdk	java.base
br.com.sawcunhaos.organization.api.dto.GetEmployeeAddressResponse	java.lang.invoke.MethodHandle	jdk	java.base
br.com.sawcunhaos.organization.api.dto.GetEmployeeAddressResponse	java.lang.invoke.MethodHandles	jdk	java.base
br.com.sawcunhaos.organization.api.dto.GetEmployeeAddressResponse	java.lang.invoke.MethodHandles$Lookup	jdk	java.base
br.com.sawcunhaos.organization.api.dto.GetEmployeeAddressResponse	java.lang.invoke.TypeDescriptor	jdk	java.base
br.com.sawcunhaos.organization.api.dto.GetEmployeeAddressResponse	java.lang.runtime.ObjectMethods	jdk	java.base
br.com.sawcunhaos.organization.api.dto.GetEmployeeAddressResponse$GetEmployeeAddressResponseBuilder	br.com.sawcunhaos.organization.api.dto.EmployeeAddress	interno	classes
br.com.sawcunhaos.organization.api.dto.GetEmployeeAddressResponse$GetEmployeeAddressResponseBuilder	br.com.sawcunhaos.organization.api.dto.GetEmployeeAddressResponse	interno	classes
br.com.sawcunhaos.organization.api.dto.GetEmployeeAddressResponse$GetEmployeeAddressResponseBuilder	com.fasterxml.jackson.annotation.JsonProperty	externo	jackson-annotations-2.22.jar
br.com.sawcunhaos.organization.api.dto.GetEmployeeAddressResponse$GetEmployeeAddressResponseBuilder	java.lang.Object	jdk	java.base
br.com.sawcunhaos.organization.api.dto.GetEmployeeAddressResponse$GetEmployeeAddressResponseBuilder	java.lang.String	jdk	java.base
br.com.sawcunhaos.organization.api.dto.GetEmployeeAddressResponse$GetEmployeeAddressResponseBuilder	java.lang.invoke.CallSite	jdk	java.base
br.com.sawcunhaos.organization.api.dto.GetEmployeeAddressResponse$GetEmployeeAddressResponseBuilder	java.lang.invoke.MethodHandles	jdk	java.base
br.com.sawcunhaos.organization.api.dto.GetEmployeeAddressResponse$GetEmployeeAddressResponseBuilder	java.lang.invoke.MethodHandles$Lookup	jdk	java.base
br.com.sawcunhaos.organization.api.dto.GetEmployeeAddressResponse$GetEmployeeAddressResponseBuilder	java.lang.invoke.MethodType	jdk	java.base
br.com.sawcunhaos.organization.api.dto.GetEmployeeAddressResponse$GetEmployeeAddressResponseBuilder	java.lang.invoke.StringConcatFactory	jdk	java.base
br.com.sawcunhaos.organization.api.dto.GetEmployeeContactResponse	br.com.sawcunhaos.organization.api.dto.EmployeeContact	interno	classes
br.com.sawcunhaos.organization.api.dto.GetEmployeeContactResponse	br.com.sawcunhaos.organization.api.dto.GetEmployeeContactResponse$GetEmployeeContactResponseBuilder	interno	classes
br.com.sawcunhaos.organization.api.dto.GetEmployeeContactResponse	com.fasterxml.jackson.annotation.JsonProperty	externo	jackson-annotations-2.22.jar
br.com.sawcunhaos.organization.api.dto.GetEmployeeContactResponse	jakarta.validation.Valid	externo	jakarta.validation-api-3.1.1.jar
br.com.sawcunhaos.organization.api.dto.GetEmployeeContactResponse	java.io.Serializable	jdk	java.base
br.com.sawcunhaos.organization.api.dto.GetEmployeeContactResponse	java.lang.Class	jdk	java.base
br.com.sawcunhaos.organization.api.dto.GetEmployeeContactResponse	java.lang.Object	jdk	java.base
br.com.sawcunhaos.organization.api.dto.GetEmployeeContactResponse	java.lang.Record	jdk	java.base
br.com.sawcunhaos.organization.api.dto.GetEmployeeContactResponse	java.lang.String	jdk	java.base
br.com.sawcunhaos.organization.api.dto.GetEmployeeContactResponse	java.lang.invoke.MethodHandle	jdk	java.base
br.com.sawcunhaos.organization.api.dto.GetEmployeeContactResponse	java.lang.invoke.MethodHandles	jdk	java.base
br.com.sawcunhaos.organization.api.dto.GetEmployeeContactResponse	java.lang.invoke.MethodHandles$Lookup	jdk	java.base
br.com.sawcunhaos.organization.api.dto.GetEmployeeContactResponse	java.lang.invoke.TypeDescriptor	jdk	java.base
br.com.sawcunhaos.organization.api.dto.GetEmployeeContactResponse	java.lang.runtime.ObjectMethods	jdk	java.base
br.com.sawcunhaos.organization.api.dto.GetEmployeeContactResponse$GetEmployeeContactResponseBuilder	br.com.sawcunhaos.organization.api.dto.EmployeeContact	interno	classes
br.com.sawcunhaos.organization.api.dto.GetEmployeeContactResponse$GetEmployeeContactResponseBuilder	br.com.sawcunhaos.organization.api.dto.GetEmployeeContactResponse	interno	classes
br.com.sawcunhaos.organization.api.dto.GetEmployeeContactResponse$GetEmployeeContactResponseBuilder	com.fasterxml.jackson.annotation.JsonProperty	externo	jackson-annotations-2.22.jar
br.com.sawcunhaos.organization.api.dto.GetEmployeeContactResponse$GetEmployeeContactResponseBuilder	java.lang.Object	jdk	java.base
br.com.sawcunhaos.organization.api.dto.GetEmployeeContactResponse$GetEmployeeContactResponseBuilder	java.lang.String	jdk	java.base
br.com.sawcunhaos.organization.api.dto.GetEmployeeContactResponse$GetEmployeeContactResponseBuilder	java.lang.invoke.CallSite	jdk	java.base
br.com.sawcunhaos.organization.api.dto.GetEmployeeContactResponse$GetEmployeeContactResponseBuilder	java.lang.invoke.MethodHandles	jdk	java.base
br.com.sawcunhaos.organization.api.dto.GetEmployeeContactResponse$GetEmployeeContactResponseBuilder	java.lang.invoke.MethodHandles$Lookup	jdk	java.base
br.com.sawcunhaos.organization.api.dto.GetEmployeeContactResponse$GetEmployeeContactResponseBuilder	java.lang.invoke.MethodType	jdk	java.base
br.com.sawcunhaos.organization.api.dto.GetEmployeeContactResponse$GetEmployeeContactResponseBuilder	java.lang.invoke.StringConcatFactory	jdk	java.base
br.com.sawcunhaos.organization.api.dto.GetEmployeeHierarchyResponse	br.com.sawcunhaos.organization.api.dto.EmployeeHierarchyNode	interno	classes
br.com.sawcunhaos.organization.api.dto.GetEmployeeHierarchyResponse	br.com.sawcunhaos.organization.api.dto.GetEmployeeHierarchyResponse$GetEmployeeHierarchyResponseBuilder	interno	classes
br.com.sawcunhaos.organization.api.dto.GetEmployeeHierarchyResponse	com.fasterxml.jackson.annotation.JsonProperty	externo	jackson-annotations-2.22.jar
br.com.sawcunhaos.organization.api.dto.GetEmployeeHierarchyResponse	jakarta.validation.Valid	externo	jakarta.validation-api-3.1.1.jar
br.com.sawcunhaos.organization.api.dto.GetEmployeeHierarchyResponse	java.io.Serializable	jdk	java.base
br.com.sawcunhaos.organization.api.dto.GetEmployeeHierarchyResponse	java.lang.Class	jdk	java.base
br.com.sawcunhaos.organization.api.dto.GetEmployeeHierarchyResponse	java.lang.Object	jdk	java.base
br.com.sawcunhaos.organization.api.dto.GetEmployeeHierarchyResponse	java.lang.Record	jdk	java.base
br.com.sawcunhaos.organization.api.dto.GetEmployeeHierarchyResponse	java.lang.String	jdk	java.base
br.com.sawcunhaos.organization.api.dto.GetEmployeeHierarchyResponse	java.lang.invoke.MethodHandle	jdk	java.base
br.com.sawcunhaos.organization.api.dto.GetEmployeeHierarchyResponse	java.lang.invoke.MethodHandles	jdk	java.base
br.com.sawcunhaos.organization.api.dto.GetEmployeeHierarchyResponse	java.lang.invoke.MethodHandles$Lookup	jdk	java.base
br.com.sawcunhaos.organization.api.dto.GetEmployeeHierarchyResponse	java.lang.invoke.TypeDescriptor	jdk	java.base
br.com.sawcunhaos.organization.api.dto.GetEmployeeHierarchyResponse	java.lang.runtime.ObjectMethods	jdk	java.base
br.com.sawcunhaos.organization.api.dto.GetEmployeeHierarchyResponse$GetEmployeeHierarchyResponseBuilder	br.com.sawcunhaos.organization.api.dto.EmployeeHierarchyNode	interno	classes
br.com.sawcunhaos.organization.api.dto.GetEmployeeHierarchyResponse$GetEmployeeHierarchyResponseBuilder	br.com.sawcunhaos.organization.api.dto.GetEmployeeHierarchyResponse	interno	classes
br.com.sawcunhaos.organization.api.dto.GetEmployeeHierarchyResponse$GetEmployeeHierarchyResponseBuilder	com.fasterxml.jackson.annotation.JsonProperty	externo	jackson-annotations-2.22.jar
br.com.sawcunhaos.organization.api.dto.GetEmployeeHierarchyResponse$GetEmployeeHierarchyResponseBuilder	java.lang.Object	jdk	java.base
br.com.sawcunhaos.organization.api.dto.GetEmployeeHierarchyResponse$GetEmployeeHierarchyResponseBuilder	java.lang.String	jdk	java.base
br.com.sawcunhaos.organization.api.dto.GetEmployeeHierarchyResponse$GetEmployeeHierarchyResponseBuilder	java.lang.invoke.CallSite	jdk	java.base
br.com.sawcunhaos.organization.api.dto.GetEmployeeHierarchyResponse$GetEmployeeHierarchyResponseBuilder	java.lang.invoke.MethodHandles	jdk	java.base
br.com.sawcunhaos.organization.api.dto.GetEmployeeHierarchyResponse$GetEmployeeHierarchyResponseBuilder	java.lang.invoke.MethodHandles$Lookup	jdk	java.base
br.com.sawcunhaos.organization.api.dto.GetEmployeeHierarchyResponse$GetEmployeeHierarchyResponseBuilder	java.lang.invoke.MethodType	jdk	java.base
br.com.sawcunhaos.organization.api.dto.GetEmployeeHierarchyResponse$GetEmployeeHierarchyResponseBuilder	java.lang.invoke.StringConcatFactory	jdk	java.base
br.com.sawcunhaos.organization.api.dto.GetEmployeeResponse	br.com.sawcunhaos.organization.api.dto.Employee	interno	classes
br.com.sawcunhaos.organization.api.dto.GetEmployeeResponse	br.com.sawcunhaos.organization.api.dto.GetEmployeeResponse$GetEmployeeResponseBuilder	interno	classes
br.com.sawcunhaos.organization.api.dto.GetEmployeeResponse	com.fasterxml.jackson.annotation.JsonProperty	externo	jackson-annotations-2.22.jar
br.com.sawcunhaos.organization.api.dto.GetEmployeeResponse	jakarta.validation.Valid	externo	jakarta.validation-api-3.1.1.jar
br.com.sawcunhaos.organization.api.dto.GetEmployeeResponse	java.io.Serializable	jdk	java.base
br.com.sawcunhaos.organization.api.dto.GetEmployeeResponse	java.lang.Class	jdk	java.base
br.com.sawcunhaos.organization.api.dto.GetEmployeeResponse	java.lang.Object	jdk	java.base
br.com.sawcunhaos.organization.api.dto.GetEmployeeResponse	java.lang.Record	jdk	java.base
br.com.sawcunhaos.organization.api.dto.GetEmployeeResponse	java.lang.String	jdk	java.base
br.com.sawcunhaos.organization.api.dto.GetEmployeeResponse	java.lang.invoke.MethodHandle	jdk	java.base
br.com.sawcunhaos.organization.api.dto.GetEmployeeResponse	java.lang.invoke.MethodHandles	jdk	java.base
br.com.sawcunhaos.organization.api.dto.GetEmployeeResponse	java.lang.invoke.MethodHandles$Lookup	jdk	java.base
br.com.sawcunhaos.organization.api.dto.GetEmployeeResponse	java.lang.invoke.TypeDescriptor	jdk	java.base
br.com.sawcunhaos.organization.api.dto.GetEmployeeResponse	java.lang.runtime.ObjectMethods	jdk	java.base
br.com.sawcunhaos.organization.api.dto.GetEmployeeResponse$GetEmployeeResponseBuilder	br.com.sawcunhaos.organization.api.dto.Employee	interno	classes
br.com.sawcunhaos.organization.api.dto.GetEmployeeResponse$GetEmployeeResponseBuilder	br.com.sawcunhaos.organization.api.dto.GetEmployeeResponse	interno	classes
br.com.sawcunhaos.organization.api.dto.GetEmployeeResponse$GetEmployeeResponseBuilder	com.fasterxml.jackson.annotation.JsonProperty	externo	jackson-annotations-2.22.jar
br.com.sawcunhaos.organization.api.dto.GetEmployeeResponse$GetEmployeeResponseBuilder	java.lang.Object	jdk	java.base
br.com.sawcunhaos.organization.api.dto.GetEmployeeResponse$GetEmployeeResponseBuilder	java.lang.String	jdk	java.base
br.com.sawcunhaos.organization.api.dto.GetEmployeeResponse$GetEmployeeResponseBuilder	java.lang.invoke.CallSite	jdk	java.base
br.com.sawcunhaos.organization.api.dto.GetEmployeeResponse$GetEmployeeResponseBuilder	java.lang.invoke.MethodHandles	jdk	java.base
br.com.sawcunhaos.organization.api.dto.GetEmployeeResponse$GetEmployeeResponseBuilder	java.lang.invoke.MethodHandles$Lookup	jdk	java.base
br.com.sawcunhaos.organization.api.dto.GetEmployeeResponse$GetEmployeeResponseBuilder	java.lang.invoke.MethodType	jdk	java.base
br.com.sawcunhaos.organization.api.dto.GetEmployeeResponse$GetEmployeeResponseBuilder	java.lang.invoke.StringConcatFactory	jdk	java.base
br.com.sawcunhaos.organization.api.dto.GetLegalNatureResponse	br.com.sawcunhaos.organization.api.dto.GetLegalNatureResponse$GetLegalNatureResponseBuilder	interno	classes
br.com.sawcunhaos.organization.api.dto.GetLegalNatureResponse	br.com.sawcunhaos.organization.api.dto.LegalNature	interno	classes
br.com.sawcunhaos.organization.api.dto.GetLegalNatureResponse	com.fasterxml.jackson.annotation.JsonProperty	externo	jackson-annotations-2.22.jar
br.com.sawcunhaos.organization.api.dto.GetLegalNatureResponse	jakarta.validation.Valid	externo	jakarta.validation-api-3.1.1.jar
br.com.sawcunhaos.organization.api.dto.GetLegalNatureResponse	java.io.Serializable	jdk	java.base
br.com.sawcunhaos.organization.api.dto.GetLegalNatureResponse	java.lang.Class	jdk	java.base
br.com.sawcunhaos.organization.api.dto.GetLegalNatureResponse	java.lang.Object	jdk	java.base
br.com.sawcunhaos.organization.api.dto.GetLegalNatureResponse	java.lang.Record	jdk	java.base
br.com.sawcunhaos.organization.api.dto.GetLegalNatureResponse	java.lang.String	jdk	java.base
br.com.sawcunhaos.organization.api.dto.GetLegalNatureResponse	java.lang.invoke.MethodHandle	jdk	java.base
br.com.sawcunhaos.organization.api.dto.GetLegalNatureResponse	java.lang.invoke.MethodHandles	jdk	java.base
br.com.sawcunhaos.organization.api.dto.GetLegalNatureResponse	java.lang.invoke.MethodHandles$Lookup	jdk	java.base
br.com.sawcunhaos.organization.api.dto.GetLegalNatureResponse	java.lang.invoke.TypeDescriptor	jdk	java.base
br.com.sawcunhaos.organization.api.dto.GetLegalNatureResponse	java.lang.runtime.ObjectMethods	jdk	java.base
br.com.sawcunhaos.organization.api.dto.GetLegalNatureResponse$GetLegalNatureResponseBuilder	br.com.sawcunhaos.organization.api.dto.GetLegalNatureResponse	interno	classes
br.com.sawcunhaos.organization.api.dto.GetLegalNatureResponse$GetLegalNatureResponseBuilder	br.com.sawcunhaos.organization.api.dto.LegalNature	interno	classes
br.com.sawcunhaos.organization.api.dto.GetLegalNatureResponse$GetLegalNatureResponseBuilder	com.fasterxml.jackson.annotation.JsonProperty	externo	jackson-annotations-2.22.jar
br.com.sawcunhaos.organization.api.dto.GetLegalNatureResponse$GetLegalNatureResponseBuilder	java.lang.Object	jdk	java.base
br.com.sawcunhaos.organization.api.dto.GetLegalNatureResponse$GetLegalNatureResponseBuilder	java.lang.String	jdk	java.base
br.com.sawcunhaos.organization.api.dto.GetLegalNatureResponse$GetLegalNatureResponseBuilder	java.lang.invoke.CallSite	jdk	java.base
br.com.sawcunhaos.organization.api.dto.GetLegalNatureResponse$GetLegalNatureResponseBuilder	java.lang.invoke.MethodHandles	jdk	java.base
br.com.sawcunhaos.organization.api.dto.GetLegalNatureResponse$GetLegalNatureResponseBuilder	java.lang.invoke.MethodHandles$Lookup	jdk	java.base
br.com.sawcunhaos.organization.api.dto.GetLegalNatureResponse$GetLegalNatureResponseBuilder	java.lang.invoke.MethodType	jdk	java.base
br.com.sawcunhaos.organization.api.dto.GetLegalNatureResponse$GetLegalNatureResponseBuilder	java.lang.invoke.StringConcatFactory	jdk	java.base
br.com.sawcunhaos.organization.api.dto.GetLoginApprovalRequestResponse	br.com.sawcunhaos.organization.api.dto.GetLoginApprovalRequestResponse$GetLoginApprovalRequestResponseBuilder	interno	classes
br.com.sawcunhaos.organization.api.dto.GetLoginApprovalRequestResponse	br.com.sawcunhaos.organization.api.dto.LoginApprovalRequest	interno	classes
br.com.sawcunhaos.organization.api.dto.GetLoginApprovalRequestResponse	com.fasterxml.jackson.annotation.JsonProperty	externo	jackson-annotations-2.22.jar
br.com.sawcunhaos.organization.api.dto.GetLoginApprovalRequestResponse	jakarta.validation.Valid	externo	jakarta.validation-api-3.1.1.jar
br.com.sawcunhaos.organization.api.dto.GetLoginApprovalRequestResponse	java.io.Serializable	jdk	java.base
br.com.sawcunhaos.organization.api.dto.GetLoginApprovalRequestResponse	java.lang.Class	jdk	java.base
br.com.sawcunhaos.organization.api.dto.GetLoginApprovalRequestResponse	java.lang.Object	jdk	java.base
br.com.sawcunhaos.organization.api.dto.GetLoginApprovalRequestResponse	java.lang.Record	jdk	java.base
br.com.sawcunhaos.organization.api.dto.GetLoginApprovalRequestResponse	java.lang.String	jdk	java.base
br.com.sawcunhaos.organization.api.dto.GetLoginApprovalRequestResponse	java.lang.invoke.MethodHandle	jdk	java.base
br.com.sawcunhaos.organization.api.dto.GetLoginApprovalRequestResponse	java.lang.invoke.MethodHandles	jdk	java.base
br.com.sawcunhaos.organization.api.dto.GetLoginApprovalRequestResponse	java.lang.invoke.MethodHandles$Lookup	jdk	java.base
br.com.sawcunhaos.organization.api.dto.GetLoginApprovalRequestResponse	java.lang.invoke.TypeDescriptor	jdk	java.base
br.com.sawcunhaos.organization.api.dto.GetLoginApprovalRequestResponse	java.lang.runtime.ObjectMethods	jdk	java.base
br.com.sawcunhaos.organization.api.dto.GetLoginApprovalRequestResponse$GetLoginApprovalRequestResponseBuilder	br.com.sawcunhaos.organization.api.dto.GetLoginApprovalRequestResponse	interno	classes
br.com.sawcunhaos.organization.api.dto.GetLoginApprovalRequestResponse$GetLoginApprovalRequestResponseBuilder	br.com.sawcunhaos.organization.api.dto.LoginApprovalRequest	interno	classes
br.com.sawcunhaos.organization.api.dto.GetLoginApprovalRequestResponse$GetLoginApprovalRequestResponseBuilder	com.fasterxml.jackson.annotation.JsonProperty	externo	jackson-annotations-2.22.jar
br.com.sawcunhaos.organization.api.dto.GetLoginApprovalRequestResponse$GetLoginApprovalRequestResponseBuilder	java.lang.Object	jdk	java.base
br.com.sawcunhaos.organization.api.dto.GetLoginApprovalRequestResponse$GetLoginApprovalRequestResponseBuilder	java.lang.String	jdk	java.base
br.com.sawcunhaos.organization.api.dto.GetLoginApprovalRequestResponse$GetLoginApprovalRequestResponseBuilder	java.lang.invoke.CallSite	jdk	java.base
br.com.sawcunhaos.organization.api.dto.GetLoginApprovalRequestResponse$GetLoginApprovalRequestResponseBuilder	java.lang.invoke.MethodHandles	jdk	java.base
br.com.sawcunhaos.organization.api.dto.GetLoginApprovalRequestResponse$GetLoginApprovalRequestResponseBuilder	java.lang.invoke.MethodHandles$Lookup	jdk	java.base
br.com.sawcunhaos.organization.api.dto.GetLoginApprovalRequestResponse$GetLoginApprovalRequestResponseBuilder	java.lang.invoke.MethodType	jdk	java.base
br.com.sawcunhaos.organization.api.dto.GetLoginApprovalRequestResponse$GetLoginApprovalRequestResponseBuilder	java.lang.invoke.StringConcatFactory	jdk	java.base
br.com.sawcunhaos.organization.api.dto.GetLoginMeResponse	br.com.sawcunhaos.organization.api.dto.GetLoginMeResponse$GetLoginMeResponseBuilder	interno	classes
br.com.sawcunhaos.organization.api.dto.GetLoginMeResponse	br.com.sawcunhaos.organization.api.dto.LoginMe	interno	classes
br.com.sawcunhaos.organization.api.dto.GetLoginMeResponse	com.fasterxml.jackson.annotation.JsonProperty	externo	jackson-annotations-2.22.jar
br.com.sawcunhaos.organization.api.dto.GetLoginMeResponse	jakarta.validation.Valid	externo	jakarta.validation-api-3.1.1.jar
br.com.sawcunhaos.organization.api.dto.GetLoginMeResponse	java.io.Serializable	jdk	java.base
br.com.sawcunhaos.organization.api.dto.GetLoginMeResponse	java.lang.Class	jdk	java.base
br.com.sawcunhaos.organization.api.dto.GetLoginMeResponse	java.lang.Object	jdk	java.base
br.com.sawcunhaos.organization.api.dto.GetLoginMeResponse	java.lang.Record	jdk	java.base
br.com.sawcunhaos.organization.api.dto.GetLoginMeResponse	java.lang.String	jdk	java.base
br.com.sawcunhaos.organization.api.dto.GetLoginMeResponse	java.lang.invoke.MethodHandle	jdk	java.base
br.com.sawcunhaos.organization.api.dto.GetLoginMeResponse	java.lang.invoke.MethodHandles	jdk	java.base
br.com.sawcunhaos.organization.api.dto.GetLoginMeResponse	java.lang.invoke.MethodHandles$Lookup	jdk	java.base
br.com.sawcunhaos.organization.api.dto.GetLoginMeResponse	java.lang.invoke.TypeDescriptor	jdk	java.base
br.com.sawcunhaos.organization.api.dto.GetLoginMeResponse	java.lang.runtime.ObjectMethods	jdk	java.base
br.com.sawcunhaos.organization.api.dto.GetLoginMeResponse$GetLoginMeResponseBuilder	br.com.sawcunhaos.organization.api.dto.GetLoginMeResponse	interno	classes
br.com.sawcunhaos.organization.api.dto.GetLoginMeResponse$GetLoginMeResponseBuilder	br.com.sawcunhaos.organization.api.dto.LoginMe	interno	classes
br.com.sawcunhaos.organization.api.dto.GetLoginMeResponse$GetLoginMeResponseBuilder	com.fasterxml.jackson.annotation.JsonProperty	externo	jackson-annotations-2.22.jar
br.com.sawcunhaos.organization.api.dto.GetLoginMeResponse$GetLoginMeResponseBuilder	java.lang.Object	jdk	java.base
br.com.sawcunhaos.organization.api.dto.GetLoginMeResponse$GetLoginMeResponseBuilder	java.lang.String	jdk	java.base
br.com.sawcunhaos.organization.api.dto.GetLoginMeResponse$GetLoginMeResponseBuilder	java.lang.invoke.CallSite	jdk	java.base
br.com.sawcunhaos.organization.api.dto.GetLoginMeResponse$GetLoginMeResponseBuilder	java.lang.invoke.MethodHandles	jdk	java.base
br.com.sawcunhaos.organization.api.dto.GetLoginMeResponse$GetLoginMeResponseBuilder	java.lang.invoke.MethodHandles$Lookup	jdk	java.base
br.com.sawcunhaos.organization.api.dto.GetLoginMeResponse$GetLoginMeResponseBuilder	java.lang.invoke.MethodType	jdk	java.base
br.com.sawcunhaos.organization.api.dto.GetLoginMeResponse$GetLoginMeResponseBuilder	java.lang.invoke.StringConcatFactory	jdk	java.base
br.com.sawcunhaos.organization.api.dto.GetLoginResponse	br.com.sawcunhaos.organization.api.dto.GetLoginResponse$GetLoginResponseBuilder	interno	classes
br.com.sawcunhaos.organization.api.dto.GetLoginResponse	br.com.sawcunhaos.organization.api.dto.Login	interno	classes
br.com.sawcunhaos.organization.api.dto.GetLoginResponse	com.fasterxml.jackson.annotation.JsonProperty	externo	jackson-annotations-2.22.jar
br.com.sawcunhaos.organization.api.dto.GetLoginResponse	jakarta.validation.Valid	externo	jakarta.validation-api-3.1.1.jar
br.com.sawcunhaos.organization.api.dto.GetLoginResponse	java.io.Serializable	jdk	java.base
br.com.sawcunhaos.organization.api.dto.GetLoginResponse	java.lang.Class	jdk	java.base
br.com.sawcunhaos.organization.api.dto.GetLoginResponse	java.lang.Object	jdk	java.base
br.com.sawcunhaos.organization.api.dto.GetLoginResponse	java.lang.Record	jdk	java.base
br.com.sawcunhaos.organization.api.dto.GetLoginResponse	java.lang.String	jdk	java.base
br.com.sawcunhaos.organization.api.dto.GetLoginResponse	java.lang.invoke.MethodHandle	jdk	java.base
br.com.sawcunhaos.organization.api.dto.GetLoginResponse	java.lang.invoke.MethodHandles	jdk	java.base
br.com.sawcunhaos.organization.api.dto.GetLoginResponse	java.lang.invoke.MethodHandles$Lookup	jdk	java.base
br.com.sawcunhaos.organization.api.dto.GetLoginResponse	java.lang.invoke.TypeDescriptor	jdk	java.base
br.com.sawcunhaos.organization.api.dto.GetLoginResponse	java.lang.runtime.ObjectMethods	jdk	java.base
br.com.sawcunhaos.organization.api.dto.GetLoginResponse$GetLoginResponseBuilder	br.com.sawcunhaos.organization.api.dto.GetLoginResponse	interno	classes
br.com.sawcunhaos.organization.api.dto.GetLoginResponse$GetLoginResponseBuilder	br.com.sawcunhaos.organization.api.dto.Login	interno	classes
br.com.sawcunhaos.organization.api.dto.GetLoginResponse$GetLoginResponseBuilder	com.fasterxml.jackson.annotation.JsonProperty	externo	jackson-annotations-2.22.jar
br.com.sawcunhaos.organization.api.dto.GetLoginResponse$GetLoginResponseBuilder	java.lang.Object	jdk	java.base
br.com.sawcunhaos.organization.api.dto.GetLoginResponse$GetLoginResponseBuilder	java.lang.String	jdk	java.base
br.com.sawcunhaos.organization.api.dto.GetLoginResponse$GetLoginResponseBuilder	java.lang.invoke.CallSite	jdk	java.base
br.com.sawcunhaos.organization.api.dto.GetLoginResponse$GetLoginResponseBuilder	java.lang.invoke.MethodHandles	jdk	java.base
br.com.sawcunhaos.organization.api.dto.GetLoginResponse$GetLoginResponseBuilder	java.lang.invoke.MethodHandles$Lookup	jdk	java.base
br.com.sawcunhaos.organization.api.dto.GetLoginResponse$GetLoginResponseBuilder	java.lang.invoke.MethodType	jdk	java.base
br.com.sawcunhaos.organization.api.dto.GetLoginResponse$GetLoginResponseBuilder	java.lang.invoke.StringConcatFactory	jdk	java.base
br.com.sawcunhaos.organization.api.dto.GetOutboxEventResponse	br.com.sawcunhaos.organization.api.dto.GetOutboxEventResponse$GetOutboxEventResponseBuilder	interno	classes
br.com.sawcunhaos.organization.api.dto.GetOutboxEventResponse	br.com.sawcunhaos.organization.api.dto.OutboxEvent	interno	classes
br.com.sawcunhaos.organization.api.dto.GetOutboxEventResponse	com.fasterxml.jackson.annotation.JsonProperty	externo	jackson-annotations-2.22.jar
br.com.sawcunhaos.organization.api.dto.GetOutboxEventResponse	jakarta.validation.Valid	externo	jakarta.validation-api-3.1.1.jar
br.com.sawcunhaos.organization.api.dto.GetOutboxEventResponse	java.io.Serializable	jdk	java.base
br.com.sawcunhaos.organization.api.dto.GetOutboxEventResponse	java.lang.Class	jdk	java.base
br.com.sawcunhaos.organization.api.dto.GetOutboxEventResponse	java.lang.Object	jdk	java.base
br.com.sawcunhaos.organization.api.dto.GetOutboxEventResponse	java.lang.Record	jdk	java.base
br.com.sawcunhaos.organization.api.dto.GetOutboxEventResponse	java.lang.String	jdk	java.base
br.com.sawcunhaos.organization.api.dto.GetOutboxEventResponse	java.lang.invoke.MethodHandle	jdk	java.base
br.com.sawcunhaos.organization.api.dto.GetOutboxEventResponse	java.lang.invoke.MethodHandles	jdk	java.base
br.com.sawcunhaos.organization.api.dto.GetOutboxEventResponse	java.lang.invoke.MethodHandles$Lookup	jdk	java.base
br.com.sawcunhaos.organization.api.dto.GetOutboxEventResponse	java.lang.invoke.TypeDescriptor	jdk	java.base
br.com.sawcunhaos.organization.api.dto.GetOutboxEventResponse	java.lang.runtime.ObjectMethods	jdk	java.base
br.com.sawcunhaos.organization.api.dto.GetOutboxEventResponse$GetOutboxEventResponseBuilder	br.com.sawcunhaos.organization.api.dto.GetOutboxEventResponse	interno	classes
br.com.sawcunhaos.organization.api.dto.GetOutboxEventResponse$GetOutboxEventResponseBuilder	br.com.sawcunhaos.organization.api.dto.OutboxEvent	interno	classes
br.com.sawcunhaos.organization.api.dto.GetOutboxEventResponse$GetOutboxEventResponseBuilder	com.fasterxml.jackson.annotation.JsonProperty	externo	jackson-annotations-2.22.jar
br.com.sawcunhaos.organization.api.dto.GetOutboxEventResponse$GetOutboxEventResponseBuilder	java.lang.Object	jdk	java.base
br.com.sawcunhaos.organization.api.dto.GetOutboxEventResponse$GetOutboxEventResponseBuilder	java.lang.String	jdk	java.base
br.com.sawcunhaos.organization.api.dto.GetOutboxEventResponse$GetOutboxEventResponseBuilder	java.lang.invoke.CallSite	jdk	java.base
br.com.sawcunhaos.organization.api.dto.GetOutboxEventResponse$GetOutboxEventResponseBuilder	java.lang.invoke.MethodHandles	jdk	java.base
br.com.sawcunhaos.organization.api.dto.GetOutboxEventResponse$GetOutboxEventResponseBuilder	java.lang.invoke.MethodHandles$Lookup	jdk	java.base
br.com.sawcunhaos.organization.api.dto.GetOutboxEventResponse$GetOutboxEventResponseBuilder	java.lang.invoke.MethodType	jdk	java.base
br.com.sawcunhaos.organization.api.dto.GetOutboxEventResponse$GetOutboxEventResponseBuilder	java.lang.invoke.StringConcatFactory	jdk	java.base
br.com.sawcunhaos.organization.api.dto.GetOutboxTopicResponse	br.com.sawcunhaos.organization.api.dto.GetOutboxTopicResponse$GetOutboxTopicResponseBuilder	interno	classes
br.com.sawcunhaos.organization.api.dto.GetOutboxTopicResponse	br.com.sawcunhaos.organization.api.dto.OutboxTopic	interno	classes
br.com.sawcunhaos.organization.api.dto.GetOutboxTopicResponse	com.fasterxml.jackson.annotation.JsonProperty	externo	jackson-annotations-2.22.jar
br.com.sawcunhaos.organization.api.dto.GetOutboxTopicResponse	jakarta.validation.Valid	externo	jakarta.validation-api-3.1.1.jar
br.com.sawcunhaos.organization.api.dto.GetOutboxTopicResponse	java.io.Serializable	jdk	java.base
br.com.sawcunhaos.organization.api.dto.GetOutboxTopicResponse	java.lang.Class	jdk	java.base
br.com.sawcunhaos.organization.api.dto.GetOutboxTopicResponse	java.lang.Object	jdk	java.base
br.com.sawcunhaos.organization.api.dto.GetOutboxTopicResponse	java.lang.Record	jdk	java.base
br.com.sawcunhaos.organization.api.dto.GetOutboxTopicResponse	java.lang.String	jdk	java.base
br.com.sawcunhaos.organization.api.dto.GetOutboxTopicResponse	java.lang.invoke.MethodHandle	jdk	java.base
br.com.sawcunhaos.organization.api.dto.GetOutboxTopicResponse	java.lang.invoke.MethodHandles	jdk	java.base
br.com.sawcunhaos.organization.api.dto.GetOutboxTopicResponse	java.lang.invoke.MethodHandles$Lookup	jdk	java.base
br.com.sawcunhaos.organization.api.dto.GetOutboxTopicResponse	java.lang.invoke.TypeDescriptor	jdk	java.base
br.com.sawcunhaos.organization.api.dto.GetOutboxTopicResponse	java.lang.runtime.ObjectMethods	jdk	java.base
br.com.sawcunhaos.organization.api.dto.GetOutboxTopicResponse$GetOutboxTopicResponseBuilder	br.com.sawcunhaos.organization.api.dto.GetOutboxTopicResponse	interno	classes
br.com.sawcunhaos.organization.api.dto.GetOutboxTopicResponse$GetOutboxTopicResponseBuilder	br.com.sawcunhaos.organization.api.dto.OutboxTopic	interno	classes
br.com.sawcunhaos.organization.api.dto.GetOutboxTopicResponse$GetOutboxTopicResponseBuilder	com.fasterxml.jackson.annotation.JsonProperty	externo	jackson-annotations-2.22.jar
br.com.sawcunhaos.organization.api.dto.GetOutboxTopicResponse$GetOutboxTopicResponseBuilder	java.lang.Object	jdk	java.base
br.com.sawcunhaos.organization.api.dto.GetOutboxTopicResponse$GetOutboxTopicResponseBuilder	java.lang.String	jdk	java.base
br.com.sawcunhaos.organization.api.dto.GetOutboxTopicResponse$GetOutboxTopicResponseBuilder	java.lang.invoke.CallSite	jdk	java.base
br.com.sawcunhaos.organization.api.dto.GetOutboxTopicResponse$GetOutboxTopicResponseBuilder	java.lang.invoke.MethodHandles	jdk	java.base
br.com.sawcunhaos.organization.api.dto.GetOutboxTopicResponse$GetOutboxTopicResponseBuilder	java.lang.invoke.MethodHandles$Lookup	jdk	java.base
br.com.sawcunhaos.organization.api.dto.GetOutboxTopicResponse$GetOutboxTopicResponseBuilder	java.lang.invoke.MethodType	jdk	java.base
br.com.sawcunhaos.organization.api.dto.GetOutboxTopicResponse$GetOutboxTopicResponseBuilder	java.lang.invoke.StringConcatFactory	jdk	java.base
br.com.sawcunhaos.organization.api.dto.GetPositionResponse	br.com.sawcunhaos.organization.api.dto.GetPositionResponse$GetPositionResponseBuilder	interno	classes
br.com.sawcunhaos.organization.api.dto.GetPositionResponse	br.com.sawcunhaos.organization.api.dto.Position	interno	classes
br.com.sawcunhaos.organization.api.dto.GetPositionResponse	com.fasterxml.jackson.annotation.JsonProperty	externo	jackson-annotations-2.22.jar
br.com.sawcunhaos.organization.api.dto.GetPositionResponse	jakarta.validation.Valid	externo	jakarta.validation-api-3.1.1.jar
br.com.sawcunhaos.organization.api.dto.GetPositionResponse	java.io.Serializable	jdk	java.base
br.com.sawcunhaos.organization.api.dto.GetPositionResponse	java.lang.Class	jdk	java.base
br.com.sawcunhaos.organization.api.dto.GetPositionResponse	java.lang.Object	jdk	java.base
br.com.sawcunhaos.organization.api.dto.GetPositionResponse	java.lang.Record	jdk	java.base
br.com.sawcunhaos.organization.api.dto.GetPositionResponse	java.lang.String	jdk	java.base
br.com.sawcunhaos.organization.api.dto.GetPositionResponse	java.lang.invoke.MethodHandle	jdk	java.base
br.com.sawcunhaos.organization.api.dto.GetPositionResponse	java.lang.invoke.MethodHandles	jdk	java.base
br.com.sawcunhaos.organization.api.dto.GetPositionResponse	java.lang.invoke.MethodHandles$Lookup	jdk	java.base
br.com.sawcunhaos.organization.api.dto.GetPositionResponse	java.lang.invoke.TypeDescriptor	jdk	java.base
br.com.sawcunhaos.organization.api.dto.GetPositionResponse	java.lang.runtime.ObjectMethods	jdk	java.base
br.com.sawcunhaos.organization.api.dto.GetPositionResponse$GetPositionResponseBuilder	br.com.sawcunhaos.organization.api.dto.GetPositionResponse	interno	classes
br.com.sawcunhaos.organization.api.dto.GetPositionResponse$GetPositionResponseBuilder	br.com.sawcunhaos.organization.api.dto.Position	interno	classes
br.com.sawcunhaos.organization.api.dto.GetPositionResponse$GetPositionResponseBuilder	com.fasterxml.jackson.annotation.JsonProperty	externo	jackson-annotations-2.22.jar
br.com.sawcunhaos.organization.api.dto.GetPositionResponse$GetPositionResponseBuilder	java.lang.Object	jdk	java.base
br.com.sawcunhaos.organization.api.dto.GetPositionResponse$GetPositionResponseBuilder	java.lang.String	jdk	java.base
br.com.sawcunhaos.organization.api.dto.GetPositionResponse$GetPositionResponseBuilder	java.lang.invoke.CallSite	jdk	java.base
br.com.sawcunhaos.organization.api.dto.GetPositionResponse$GetPositionResponseBuilder	java.lang.invoke.MethodHandles	jdk	java.base
br.com.sawcunhaos.organization.api.dto.GetPositionResponse$GetPositionResponseBuilder	java.lang.invoke.MethodHandles$Lookup	jdk	java.base
br.com.sawcunhaos.organization.api.dto.GetPositionResponse$GetPositionResponseBuilder	java.lang.invoke.MethodType	jdk	java.base
br.com.sawcunhaos.organization.api.dto.GetPositionResponse$GetPositionResponseBuilder	java.lang.invoke.StringConcatFactory	jdk	java.base
br.com.sawcunhaos.organization.api.dto.GetProfileResourcesResponse	br.com.sawcunhaos.organization.api.dto.GetProfileResourcesResponse$GetProfileResourcesResponseBuilder	interno	classes
br.com.sawcunhaos.organization.api.dto.GetProfileResourcesResponse	br.com.sawcunhaos.organization.api.dto.ResourceSummary	interno	classes
br.com.sawcunhaos.organization.api.dto.GetProfileResourcesResponse	br.com.sawcunhaos.organization.api.dto.ScosPaginated	interno	classes
br.com.sawcunhaos.organization.api.dto.GetProfileResourcesResponse	com.fasterxml.jackson.annotation.JsonProperty	externo	jackson-annotations-2.22.jar
br.com.sawcunhaos.organization.api.dto.GetProfileResourcesResponse	jakarta.validation.Valid	externo	jakarta.validation-api-3.1.1.jar
br.com.sawcunhaos.organization.api.dto.GetProfileResourcesResponse	java.io.Serializable	jdk	java.base
br.com.sawcunhaos.organization.api.dto.GetProfileResourcesResponse	java.lang.Class	jdk	java.base
br.com.sawcunhaos.organization.api.dto.GetProfileResourcesResponse	java.lang.Object	jdk	java.base
br.com.sawcunhaos.organization.api.dto.GetProfileResourcesResponse	java.lang.Record	jdk	java.base
br.com.sawcunhaos.organization.api.dto.GetProfileResourcesResponse	java.lang.String	jdk	java.base
br.com.sawcunhaos.organization.api.dto.GetProfileResourcesResponse	java.lang.invoke.MethodHandle	jdk	java.base
br.com.sawcunhaos.organization.api.dto.GetProfileResourcesResponse	java.lang.invoke.MethodHandles	jdk	java.base
br.com.sawcunhaos.organization.api.dto.GetProfileResourcesResponse	java.lang.invoke.MethodHandles$Lookup	jdk	java.base
br.com.sawcunhaos.organization.api.dto.GetProfileResourcesResponse	java.lang.invoke.TypeDescriptor	jdk	java.base
br.com.sawcunhaos.organization.api.dto.GetProfileResourcesResponse	java.lang.runtime.ObjectMethods	jdk	java.base
br.com.sawcunhaos.organization.api.dto.GetProfileResourcesResponse	java.util.List	jdk	java.base
br.com.sawcunhaos.organization.api.dto.GetProfileResourcesResponse$GetProfileResourcesResponseBuilder	br.com.sawcunhaos.organization.api.dto.GetProfileResourcesResponse	interno	classes
br.com.sawcunhaos.organization.api.dto.GetProfileResourcesResponse$GetProfileResourcesResponseBuilder	br.com.sawcunhaos.organization.api.dto.ResourceSummary	interno	classes
br.com.sawcunhaos.organization.api.dto.GetProfileResourcesResponse$GetProfileResourcesResponseBuilder	br.com.sawcunhaos.organization.api.dto.ScosPaginated	interno	classes
br.com.sawcunhaos.organization.api.dto.GetProfileResourcesResponse$GetProfileResourcesResponseBuilder	com.fasterxml.jackson.annotation.JsonProperty	externo	jackson-annotations-2.22.jar
br.com.sawcunhaos.organization.api.dto.GetProfileResourcesResponse$GetProfileResourcesResponseBuilder	java.lang.Object	jdk	java.base
br.com.sawcunhaos.organization.api.dto.GetProfileResourcesResponse$GetProfileResourcesResponseBuilder	java.lang.String	jdk	java.base
br.com.sawcunhaos.organization.api.dto.GetProfileResourcesResponse$GetProfileResourcesResponseBuilder	java.lang.invoke.CallSite	jdk	java.base
br.com.sawcunhaos.organization.api.dto.GetProfileResourcesResponse$GetProfileResourcesResponseBuilder	java.lang.invoke.MethodHandles	jdk	java.base
br.com.sawcunhaos.organization.api.dto.GetProfileResourcesResponse$GetProfileResourcesResponseBuilder	java.lang.invoke.MethodHandles$Lookup	jdk	java.base
br.com.sawcunhaos.organization.api.dto.GetProfileResourcesResponse$GetProfileResourcesResponseBuilder	java.lang.invoke.MethodType	jdk	java.base
br.com.sawcunhaos.organization.api.dto.GetProfileResourcesResponse$GetProfileResourcesResponseBuilder	java.lang.invoke.StringConcatFactory	jdk	java.base
br.com.sawcunhaos.organization.api.dto.GetProfileResourcesResponse$GetProfileResourcesResponseBuilder	java.util.List	jdk	java.base
br.com.sawcunhaos.organization.api.dto.GetProfileResponse	br.com.sawcunhaos.organization.api.dto.GetProfileResponse$GetProfileResponseBuilder	interno	classes
br.com.sawcunhaos.organization.api.dto.GetProfileResponse	br.com.sawcunhaos.organization.api.dto.Profile	interno	classes
br.com.sawcunhaos.organization.api.dto.GetProfileResponse	com.fasterxml.jackson.annotation.JsonProperty	externo	jackson-annotations-2.22.jar
br.com.sawcunhaos.organization.api.dto.GetProfileResponse	jakarta.validation.Valid	externo	jakarta.validation-api-3.1.1.jar
br.com.sawcunhaos.organization.api.dto.GetProfileResponse	java.io.Serializable	jdk	java.base
br.com.sawcunhaos.organization.api.dto.GetProfileResponse	java.lang.Class	jdk	java.base
br.com.sawcunhaos.organization.api.dto.GetProfileResponse	java.lang.Object	jdk	java.base
br.com.sawcunhaos.organization.api.dto.GetProfileResponse	java.lang.Record	jdk	java.base
br.com.sawcunhaos.organization.api.dto.GetProfileResponse	java.lang.String	jdk	java.base
br.com.sawcunhaos.organization.api.dto.GetProfileResponse	java.lang.invoke.MethodHandle	jdk	java.base
br.com.sawcunhaos.organization.api.dto.GetProfileResponse	java.lang.invoke.MethodHandles	jdk	java.base
br.com.sawcunhaos.organization.api.dto.GetProfileResponse	java.lang.invoke.MethodHandles$Lookup	jdk	java.base
br.com.sawcunhaos.organization.api.dto.GetProfileResponse	java.lang.invoke.TypeDescriptor	jdk	java.base
br.com.sawcunhaos.organization.api.dto.GetProfileResponse	java.lang.runtime.ObjectMethods	jdk	java.base
br.com.sawcunhaos.organization.api.dto.GetProfileResponse$GetProfileResponseBuilder	br.com.sawcunhaos.organization.api.dto.GetProfileResponse	interno	classes
br.com.sawcunhaos.organization.api.dto.GetProfileResponse$GetProfileResponseBuilder	br.com.sawcunhaos.organization.api.dto.Profile	interno	classes
br.com.sawcunhaos.organization.api.dto.GetProfileResponse$GetProfileResponseBuilder	com.fasterxml.jackson.annotation.JsonProperty	externo	jackson-annotations-2.22.jar
br.com.sawcunhaos.organization.api.dto.GetProfileResponse$GetProfileResponseBuilder	java.lang.Object	jdk	java.base
br.com.sawcunhaos.organization.api.dto.GetProfileResponse$GetProfileResponseBuilder	java.lang.String	jdk	java.base
br.com.sawcunhaos.organization.api.dto.GetProfileResponse$GetProfileResponseBuilder	java.lang.invoke.CallSite	jdk	java.base
br.com.sawcunhaos.organization.api.dto.GetProfileResponse$GetProfileResponseBuilder	java.lang.invoke.MethodHandles	jdk	java.base
br.com.sawcunhaos.organization.api.dto.GetProfileResponse$GetProfileResponseBuilder	java.lang.invoke.MethodHandles$Lookup	jdk	java.base
br.com.sawcunhaos.organization.api.dto.GetProfileResponse$GetProfileResponseBuilder	java.lang.invoke.MethodType	jdk	java.base
br.com.sawcunhaos.organization.api.dto.GetProfileResponse$GetProfileResponseBuilder	java.lang.invoke.StringConcatFactory	jdk	java.base
br.com.sawcunhaos.organization.api.dto.GetReasonActivateResponse	br.com.sawcunhaos.organization.api.dto.GetReasonActivateResponse$GetReasonActivateResponseBuilder	interno	classes
br.com.sawcunhaos.organization.api.dto.GetReasonActivateResponse	br.com.sawcunhaos.organization.api.dto.ReasonActivate	interno	classes
br.com.sawcunhaos.organization.api.dto.GetReasonActivateResponse	com.fasterxml.jackson.annotation.JsonProperty	externo	jackson-annotations-2.22.jar
br.com.sawcunhaos.organization.api.dto.GetReasonActivateResponse	jakarta.validation.Valid	externo	jakarta.validation-api-3.1.1.jar
br.com.sawcunhaos.organization.api.dto.GetReasonActivateResponse	java.io.Serializable	jdk	java.base
br.com.sawcunhaos.organization.api.dto.GetReasonActivateResponse	java.lang.Class	jdk	java.base
br.com.sawcunhaos.organization.api.dto.GetReasonActivateResponse	java.lang.Object	jdk	java.base
br.com.sawcunhaos.organization.api.dto.GetReasonActivateResponse	java.lang.Record	jdk	java.base
br.com.sawcunhaos.organization.api.dto.GetReasonActivateResponse	java.lang.String	jdk	java.base
br.com.sawcunhaos.organization.api.dto.GetReasonActivateResponse	java.lang.invoke.MethodHandle	jdk	java.base
br.com.sawcunhaos.organization.api.dto.GetReasonActivateResponse	java.lang.invoke.MethodHandles	jdk	java.base
br.com.sawcunhaos.organization.api.dto.GetReasonActivateResponse	java.lang.invoke.MethodHandles$Lookup	jdk	java.base
br.com.sawcunhaos.organization.api.dto.GetReasonActivateResponse	java.lang.invoke.TypeDescriptor	jdk	java.base
br.com.sawcunhaos.organization.api.dto.GetReasonActivateResponse	java.lang.runtime.ObjectMethods	jdk	java.base
br.com.sawcunhaos.organization.api.dto.GetReasonActivateResponse$GetReasonActivateResponseBuilder	br.com.sawcunhaos.organization.api.dto.GetReasonActivateResponse	interno	classes
br.com.sawcunhaos.organization.api.dto.GetReasonActivateResponse$GetReasonActivateResponseBuilder	br.com.sawcunhaos.organization.api.dto.ReasonActivate	interno	classes
br.com.sawcunhaos.organization.api.dto.GetReasonActivateResponse$GetReasonActivateResponseBuilder	com.fasterxml.jackson.annotation.JsonProperty	externo	jackson-annotations-2.22.jar
br.com.sawcunhaos.organization.api.dto.GetReasonActivateResponse$GetReasonActivateResponseBuilder	java.lang.Object	jdk	java.base
br.com.sawcunhaos.organization.api.dto.GetReasonActivateResponse$GetReasonActivateResponseBuilder	java.lang.String	jdk	java.base
br.com.sawcunhaos.organization.api.dto.GetReasonActivateResponse$GetReasonActivateResponseBuilder	java.lang.invoke.CallSite	jdk	java.base
br.com.sawcunhaos.organization.api.dto.GetReasonActivateResponse$GetReasonActivateResponseBuilder	java.lang.invoke.MethodHandles	jdk	java.base
br.com.sawcunhaos.organization.api.dto.GetReasonActivateResponse$GetReasonActivateResponseBuilder	java.lang.invoke.MethodHandles$Lookup	jdk	java.base
br.com.sawcunhaos.organization.api.dto.GetReasonActivateResponse$GetReasonActivateResponseBuilder	java.lang.invoke.MethodType	jdk	java.base
br.com.sawcunhaos.organization.api.dto.GetReasonActivateResponse$GetReasonActivateResponseBuilder	java.lang.invoke.StringConcatFactory	jdk	java.base
br.com.sawcunhaos.organization.api.dto.GetReasonDisableResponse	br.com.sawcunhaos.organization.api.dto.GetReasonDisableResponse$GetReasonDisableResponseBuilder	interno	classes
br.com.sawcunhaos.organization.api.dto.GetReasonDisableResponse	br.com.sawcunhaos.organization.api.dto.ReasonDisable	interno	classes
br.com.sawcunhaos.organization.api.dto.GetReasonDisableResponse	com.fasterxml.jackson.annotation.JsonProperty	externo	jackson-annotations-2.22.jar
br.com.sawcunhaos.organization.api.dto.GetReasonDisableResponse	jakarta.validation.Valid	externo	jakarta.validation-api-3.1.1.jar
br.com.sawcunhaos.organization.api.dto.GetReasonDisableResponse	java.io.Serializable	jdk	java.base
br.com.sawcunhaos.organization.api.dto.GetReasonDisableResponse	java.lang.Class	jdk	java.base
br.com.sawcunhaos.organization.api.dto.GetReasonDisableResponse	java.lang.Object	jdk	java.base
br.com.sawcunhaos.organization.api.dto.GetReasonDisableResponse	java.lang.Record	jdk	java.base
br.com.sawcunhaos.organization.api.dto.GetReasonDisableResponse	java.lang.String	jdk	java.base
br.com.sawcunhaos.organization.api.dto.GetReasonDisableResponse	java.lang.invoke.MethodHandle	jdk	java.base
br.com.sawcunhaos.organization.api.dto.GetReasonDisableResponse	java.lang.invoke.MethodHandles	jdk	java.base
br.com.sawcunhaos.organization.api.dto.GetReasonDisableResponse	java.lang.invoke.MethodHandles$Lookup	jdk	java.base
br.com.sawcunhaos.organization.api.dto.GetReasonDisableResponse	java.lang.invoke.TypeDescriptor	jdk	java.base
br.com.sawcunhaos.organization.api.dto.GetReasonDisableResponse	java.lang.runtime.ObjectMethods	jdk	java.base
br.com.sawcunhaos.organization.api.dto.GetReasonDisableResponse$GetReasonDisableResponseBuilder	br.com.sawcunhaos.organization.api.dto.GetReasonDisableResponse	interno	classes
br.com.sawcunhaos.organization.api.dto.GetReasonDisableResponse$GetReasonDisableResponseBuilder	br.com.sawcunhaos.organization.api.dto.ReasonDisable	interno	classes
br.com.sawcunhaos.organization.api.dto.GetReasonDisableResponse$GetReasonDisableResponseBuilder	com.fasterxml.jackson.annotation.JsonProperty	externo	jackson-annotations-2.22.jar
br.com.sawcunhaos.organization.api.dto.GetReasonDisableResponse$GetReasonDisableResponseBuilder	java.lang.Object	jdk	java.base
br.com.sawcunhaos.organization.api.dto.GetReasonDisableResponse$GetReasonDisableResponseBuilder	java.lang.String	jdk	java.base
br.com.sawcunhaos.organization.api.dto.GetReasonDisableResponse$GetReasonDisableResponseBuilder	java.lang.invoke.CallSite	jdk	java.base
br.com.sawcunhaos.organization.api.dto.GetReasonDisableResponse$GetReasonDisableResponseBuilder	java.lang.invoke.MethodHandles	jdk	java.base
br.com.sawcunhaos.organization.api.dto.GetReasonDisableResponse$GetReasonDisableResponseBuilder	java.lang.invoke.MethodHandles$Lookup	jdk	java.base
br.com.sawcunhaos.organization.api.dto.GetReasonDisableResponse$GetReasonDisableResponseBuilder	java.lang.invoke.MethodType	jdk	java.base
br.com.sawcunhaos.organization.api.dto.GetReasonDisableResponse$GetReasonDisableResponseBuilder	java.lang.invoke.StringConcatFactory	jdk	java.base
br.com.sawcunhaos.organization.api.dto.GetReasonEnableResponse	br.com.sawcunhaos.organization.api.dto.GetReasonEnableResponse$GetReasonEnableResponseBuilder	interno	classes
br.com.sawcunhaos.organization.api.dto.GetReasonEnableResponse	br.com.sawcunhaos.organization.api.dto.ReasonEnable	interno	classes
br.com.sawcunhaos.organization.api.dto.GetReasonEnableResponse	com.fasterxml.jackson.annotation.JsonProperty	externo	jackson-annotations-2.22.jar
br.com.sawcunhaos.organization.api.dto.GetReasonEnableResponse	jakarta.validation.Valid	externo	jakarta.validation-api-3.1.1.jar
br.com.sawcunhaos.organization.api.dto.GetReasonEnableResponse	java.io.Serializable	jdk	java.base
br.com.sawcunhaos.organization.api.dto.GetReasonEnableResponse	java.lang.Class	jdk	java.base
br.com.sawcunhaos.organization.api.dto.GetReasonEnableResponse	java.lang.Object	jdk	java.base
br.com.sawcunhaos.organization.api.dto.GetReasonEnableResponse	java.lang.Record	jdk	java.base
br.com.sawcunhaos.organization.api.dto.GetReasonEnableResponse	java.lang.String	jdk	java.base
br.com.sawcunhaos.organization.api.dto.GetReasonEnableResponse	java.lang.invoke.MethodHandle	jdk	java.base
br.com.sawcunhaos.organization.api.dto.GetReasonEnableResponse	java.lang.invoke.MethodHandles	jdk	java.base
br.com.sawcunhaos.organization.api.dto.GetReasonEnableResponse	java.lang.invoke.MethodHandles$Lookup	jdk	java.base
br.com.sawcunhaos.organization.api.dto.GetReasonEnableResponse	java.lang.invoke.TypeDescriptor	jdk	java.base
br.com.sawcunhaos.organization.api.dto.GetReasonEnableResponse	java.lang.runtime.ObjectMethods	jdk	java.base
br.com.sawcunhaos.organization.api.dto.GetReasonEnableResponse$GetReasonEnableResponseBuilder	br.com.sawcunhaos.organization.api.dto.GetReasonEnableResponse	interno	classes
br.com.sawcunhaos.organization.api.dto.GetReasonEnableResponse$GetReasonEnableResponseBuilder	br.com.sawcunhaos.organization.api.dto.ReasonEnable	interno	classes
br.com.sawcunhaos.organization.api.dto.GetReasonEnableResponse$GetReasonEnableResponseBuilder	com.fasterxml.jackson.annotation.JsonProperty	externo	jackson-annotations-2.22.jar
br.com.sawcunhaos.organization.api.dto.GetReasonEnableResponse$GetReasonEnableResponseBuilder	java.lang.Object	jdk	java.base
br.com.sawcunhaos.organization.api.dto.GetReasonEnableResponse$GetReasonEnableResponseBuilder	java.lang.String	jdk	java.base
br.com.sawcunhaos.organization.api.dto.GetReasonEnableResponse$GetReasonEnableResponseBuilder	java.lang.invoke.CallSite	jdk	java.base
br.com.sawcunhaos.organization.api.dto.GetReasonEnableResponse$GetReasonEnableResponseBuilder	java.lang.invoke.MethodHandles	jdk	java.base
br.com.sawcunhaos.organization.api.dto.GetReasonEnableResponse$GetReasonEnableResponseBuilder	java.lang.invoke.MethodHandles$Lookup	jdk	java.base
br.com.sawcunhaos.organization.api.dto.GetReasonEnableResponse$GetReasonEnableResponseBuilder	java.lang.invoke.MethodType	jdk	java.base
br.com.sawcunhaos.organization.api.dto.GetReasonEnableResponse$GetReasonEnableResponseBuilder	java.lang.invoke.StringConcatFactory	jdk	java.base
br.com.sawcunhaos.organization.api.dto.GetReasonInactivateResponse	br.com.sawcunhaos.organization.api.dto.GetReasonInactivateResponse$GetReasonInactivateResponseBuilder	interno	classes
br.com.sawcunhaos.organization.api.dto.GetReasonInactivateResponse	br.com.sawcunhaos.organization.api.dto.ReasonInactivate	interno	classes
br.com.sawcunhaos.organization.api.dto.GetReasonInactivateResponse	com.fasterxml.jackson.annotation.JsonProperty	externo	jackson-annotations-2.22.jar
br.com.sawcunhaos.organization.api.dto.GetReasonInactivateResponse	jakarta.validation.Valid	externo	jakarta.validation-api-3.1.1.jar
br.com.sawcunhaos.organization.api.dto.GetReasonInactivateResponse	java.io.Serializable	jdk	java.base
br.com.sawcunhaos.organization.api.dto.GetReasonInactivateResponse	java.lang.Class	jdk	java.base
br.com.sawcunhaos.organization.api.dto.GetReasonInactivateResponse	java.lang.Object	jdk	java.base
br.com.sawcunhaos.organization.api.dto.GetReasonInactivateResponse	java.lang.Record	jdk	java.base
br.com.sawcunhaos.organization.api.dto.GetReasonInactivateResponse	java.lang.String	jdk	java.base
br.com.sawcunhaos.organization.api.dto.GetReasonInactivateResponse	java.lang.invoke.MethodHandle	jdk	java.base
br.com.sawcunhaos.organization.api.dto.GetReasonInactivateResponse	java.lang.invoke.MethodHandles	jdk	java.base
br.com.sawcunhaos.organization.api.dto.GetReasonInactivateResponse	java.lang.invoke.MethodHandles$Lookup	jdk	java.base
br.com.sawcunhaos.organization.api.dto.GetReasonInactivateResponse	java.lang.invoke.TypeDescriptor	jdk	java.base
br.com.sawcunhaos.organization.api.dto.GetReasonInactivateResponse	java.lang.runtime.ObjectMethods	jdk	java.base
br.com.sawcunhaos.organization.api.dto.GetReasonInactivateResponse$GetReasonInactivateResponseBuilder	br.com.sawcunhaos.organization.api.dto.GetReasonInactivateResponse	interno	classes
br.com.sawcunhaos.organization.api.dto.GetReasonInactivateResponse$GetReasonInactivateResponseBuilder	br.com.sawcunhaos.organization.api.dto.ReasonInactivate	interno	classes
br.com.sawcunhaos.organization.api.dto.GetReasonInactivateResponse$GetReasonInactivateResponseBuilder	com.fasterxml.jackson.annotation.JsonProperty	externo	jackson-annotations-2.22.jar
br.com.sawcunhaos.organization.api.dto.GetReasonInactivateResponse$GetReasonInactivateResponseBuilder	java.lang.Object	jdk	java.base
br.com.sawcunhaos.organization.api.dto.GetReasonInactivateResponse$GetReasonInactivateResponseBuilder	java.lang.String	jdk	java.base
br.com.sawcunhaos.organization.api.dto.GetReasonInactivateResponse$GetReasonInactivateResponseBuilder	java.lang.invoke.CallSite	jdk	java.base
br.com.sawcunhaos.organization.api.dto.GetReasonInactivateResponse$GetReasonInactivateResponseBuilder	java.lang.invoke.MethodHandles	jdk	java.base
br.com.sawcunhaos.organization.api.dto.GetReasonInactivateResponse$GetReasonInactivateResponseBuilder	java.lang.invoke.MethodHandles$Lookup	jdk	java.base
br.com.sawcunhaos.organization.api.dto.GetReasonInactivateResponse$GetReasonInactivateResponseBuilder	java.lang.invoke.MethodType	jdk	java.base
br.com.sawcunhaos.organization.api.dto.GetReasonInactivateResponse$GetReasonInactivateResponseBuilder	java.lang.invoke.StringConcatFactory	jdk	java.base
br.com.sawcunhaos.organization.api.dto.GetReasonPositionChangeResponse	br.com.sawcunhaos.organization.api.dto.GetReasonPositionChangeResponse$GetReasonPositionChangeResponseBuilder	interno	classes
br.com.sawcunhaos.organization.api.dto.GetReasonPositionChangeResponse	br.com.sawcunhaos.organization.api.dto.ReasonPositionChange	interno	classes
br.com.sawcunhaos.organization.api.dto.GetReasonPositionChangeResponse	com.fasterxml.jackson.annotation.JsonProperty	externo	jackson-annotations-2.22.jar
br.com.sawcunhaos.organization.api.dto.GetReasonPositionChangeResponse	jakarta.validation.Valid	externo	jakarta.validation-api-3.1.1.jar
br.com.sawcunhaos.organization.api.dto.GetReasonPositionChangeResponse	java.io.Serializable	jdk	java.base
br.com.sawcunhaos.organization.api.dto.GetReasonPositionChangeResponse	java.lang.Class	jdk	java.base
br.com.sawcunhaos.organization.api.dto.GetReasonPositionChangeResponse	java.lang.Object	jdk	java.base
br.com.sawcunhaos.organization.api.dto.GetReasonPositionChangeResponse	java.lang.Record	jdk	java.base
br.com.sawcunhaos.organization.api.dto.GetReasonPositionChangeResponse	java.lang.String	jdk	java.base
br.com.sawcunhaos.organization.api.dto.GetReasonPositionChangeResponse	java.lang.invoke.MethodHandle	jdk	java.base
br.com.sawcunhaos.organization.api.dto.GetReasonPositionChangeResponse	java.lang.invoke.MethodHandles	jdk	java.base
br.com.sawcunhaos.organization.api.dto.GetReasonPositionChangeResponse	java.lang.invoke.MethodHandles$Lookup	jdk	java.base
br.com.sawcunhaos.organization.api.dto.GetReasonPositionChangeResponse	java.lang.invoke.TypeDescriptor	jdk	java.base
br.com.sawcunhaos.organization.api.dto.GetReasonPositionChangeResponse	java.lang.runtime.ObjectMethods	jdk	java.base
br.com.sawcunhaos.organization.api.dto.GetReasonPositionChangeResponse$GetReasonPositionChangeResponseBuilder	br.com.sawcunhaos.organization.api.dto.GetReasonPositionChangeResponse	interno	classes
br.com.sawcunhaos.organization.api.dto.GetReasonPositionChangeResponse$GetReasonPositionChangeResponseBuilder	br.com.sawcunhaos.organization.api.dto.ReasonPositionChange	interno	classes
br.com.sawcunhaos.organization.api.dto.GetReasonPositionChangeResponse$GetReasonPositionChangeResponseBuilder	com.fasterxml.jackson.annotation.JsonProperty	externo	jackson-annotations-2.22.jar
br.com.sawcunhaos.organization.api.dto.GetReasonPositionChangeResponse$GetReasonPositionChangeResponseBuilder	java.lang.Object	jdk	java.base
br.com.sawcunhaos.organization.api.dto.GetReasonPositionChangeResponse$GetReasonPositionChangeResponseBuilder	java.lang.String	jdk	java.base
br.com.sawcunhaos.organization.api.dto.GetReasonPositionChangeResponse$GetReasonPositionChangeResponseBuilder	java.lang.invoke.CallSite	jdk	java.base
br.com.sawcunhaos.organization.api.dto.GetReasonPositionChangeResponse$GetReasonPositionChangeResponseBuilder	java.lang.invoke.MethodHandles	jdk	java.base
br.com.sawcunhaos.organization.api.dto.GetReasonPositionChangeResponse$GetReasonPositionChangeResponseBuilder	java.lang.invoke.MethodHandles$Lookup	jdk	java.base
br.com.sawcunhaos.organization.api.dto.GetReasonPositionChangeResponse$GetReasonPositionChangeResponseBuilder	java.lang.invoke.MethodType	jdk	java.base
br.com.sawcunhaos.organization.api.dto.GetReasonPositionChangeResponse$GetReasonPositionChangeResponseBuilder	java.lang.invoke.StringConcatFactory	jdk	java.base
br.com.sawcunhaos.organization.api.dto.GetSystemAccessApproversResponse	br.com.sawcunhaos.organization.api.dto.GetSystemAccessApproversResponse$GetSystemAccessApproversResponseBuilder	interno	classes
br.com.sawcunhaos.organization.api.dto.GetSystemAccessApproversResponse	br.com.sawcunhaos.organization.api.dto.LoginSummary	interno	classes
br.com.sawcunhaos.organization.api.dto.GetSystemAccessApproversResponse	com.fasterxml.jackson.annotation.JsonProperty	externo	jackson-annotations-2.22.jar
br.com.sawcunhaos.organization.api.dto.GetSystemAccessApproversResponse	jakarta.validation.Valid	externo	jakarta.validation-api-3.1.1.jar
br.com.sawcunhaos.organization.api.dto.GetSystemAccessApproversResponse	java.io.Serializable	jdk	java.base
br.com.sawcunhaos.organization.api.dto.GetSystemAccessApproversResponse	java.lang.Class	jdk	java.base
br.com.sawcunhaos.organization.api.dto.GetSystemAccessApproversResponse	java.lang.Object	jdk	java.base
br.com.sawcunhaos.organization.api.dto.GetSystemAccessApproversResponse	java.lang.Record	jdk	java.base
br.com.sawcunhaos.organization.api.dto.GetSystemAccessApproversResponse	java.lang.String	jdk	java.base
br.com.sawcunhaos.organization.api.dto.GetSystemAccessApproversResponse	java.lang.invoke.MethodHandle	jdk	java.base
br.com.sawcunhaos.organization.api.dto.GetSystemAccessApproversResponse	java.lang.invoke.MethodHandles	jdk	java.base
br.com.sawcunhaos.organization.api.dto.GetSystemAccessApproversResponse	java.lang.invoke.MethodHandles$Lookup	jdk	java.base
br.com.sawcunhaos.organization.api.dto.GetSystemAccessApproversResponse	java.lang.invoke.TypeDescriptor	jdk	java.base
br.com.sawcunhaos.organization.api.dto.GetSystemAccessApproversResponse	java.lang.runtime.ObjectMethods	jdk	java.base
br.com.sawcunhaos.organization.api.dto.GetSystemAccessApproversResponse	java.util.List	jdk	java.base
br.com.sawcunhaos.organization.api.dto.GetSystemAccessApproversResponse$GetSystemAccessApproversResponseBuilder	br.com.sawcunhaos.organization.api.dto.GetSystemAccessApproversResponse	interno	classes
br.com.sawcunhaos.organization.api.dto.GetSystemAccessApproversResponse$GetSystemAccessApproversResponseBuilder	br.com.sawcunhaos.organization.api.dto.LoginSummary	interno	classes
br.com.sawcunhaos.organization.api.dto.GetSystemAccessApproversResponse$GetSystemAccessApproversResponseBuilder	com.fasterxml.jackson.annotation.JsonProperty	externo	jackson-annotations-2.22.jar
br.com.sawcunhaos.organization.api.dto.GetSystemAccessApproversResponse$GetSystemAccessApproversResponseBuilder	java.lang.Object	jdk	java.base
br.com.sawcunhaos.organization.api.dto.GetSystemAccessApproversResponse$GetSystemAccessApproversResponseBuilder	java.lang.String	jdk	java.base
br.com.sawcunhaos.organization.api.dto.GetSystemAccessApproversResponse$GetSystemAccessApproversResponseBuilder	java.lang.invoke.CallSite	jdk	java.base
br.com.sawcunhaos.organization.api.dto.GetSystemAccessApproversResponse$GetSystemAccessApproversResponseBuilder	java.lang.invoke.MethodHandles	jdk	java.base
br.com.sawcunhaos.organization.api.dto.GetSystemAccessApproversResponse$GetSystemAccessApproversResponseBuilder	java.lang.invoke.MethodHandles$Lookup	jdk	java.base
br.com.sawcunhaos.organization.api.dto.GetSystemAccessApproversResponse$GetSystemAccessApproversResponseBuilder	java.lang.invoke.MethodType	jdk	java.base
br.com.sawcunhaos.organization.api.dto.GetSystemAccessApproversResponse$GetSystemAccessApproversResponseBuilder	java.lang.invoke.StringConcatFactory	jdk	java.base
br.com.sawcunhaos.organization.api.dto.GetSystemAccessApproversResponse$GetSystemAccessApproversResponseBuilder	java.util.List	jdk	java.base
br.com.sawcunhaos.organization.api.dto.GetSystemResponse	br.com.sawcunhaos.organization.api.dto.GetSystemResponse$GetSystemResponseBuilder	interno	classes
br.com.sawcunhaos.organization.api.dto.GetSystemResponse	br.com.sawcunhaos.organization.api.dto.System	interno	classes
br.com.sawcunhaos.organization.api.dto.GetSystemResponse	com.fasterxml.jackson.annotation.JsonProperty	externo	jackson-annotations-2.22.jar
br.com.sawcunhaos.organization.api.dto.GetSystemResponse	jakarta.validation.Valid	externo	jakarta.validation-api-3.1.1.jar
br.com.sawcunhaos.organization.api.dto.GetSystemResponse	java.io.Serializable	jdk	java.base
br.com.sawcunhaos.organization.api.dto.GetSystemResponse	java.lang.Class	jdk	java.base
br.com.sawcunhaos.organization.api.dto.GetSystemResponse	java.lang.Object	jdk	java.base
br.com.sawcunhaos.organization.api.dto.GetSystemResponse	java.lang.Record	jdk	java.base
br.com.sawcunhaos.organization.api.dto.GetSystemResponse	java.lang.String	jdk	java.base
br.com.sawcunhaos.organization.api.dto.GetSystemResponse	java.lang.invoke.MethodHandle	jdk	java.base
br.com.sawcunhaos.organization.api.dto.GetSystemResponse	java.lang.invoke.MethodHandles	jdk	java.base
br.com.sawcunhaos.organization.api.dto.GetSystemResponse	java.lang.invoke.MethodHandles$Lookup	jdk	java.base
br.com.sawcunhaos.organization.api.dto.GetSystemResponse	java.lang.invoke.TypeDescriptor	jdk	java.base
br.com.sawcunhaos.organization.api.dto.GetSystemResponse	java.lang.runtime.ObjectMethods	jdk	java.base
br.com.sawcunhaos.organization.api.dto.GetSystemResponse$GetSystemResponseBuilder	br.com.sawcunhaos.organization.api.dto.GetSystemResponse	interno	classes
br.com.sawcunhaos.organization.api.dto.GetSystemResponse$GetSystemResponseBuilder	br.com.sawcunhaos.organization.api.dto.System	interno	classes
br.com.sawcunhaos.organization.api.dto.GetSystemResponse$GetSystemResponseBuilder	com.fasterxml.jackson.annotation.JsonProperty	externo	jackson-annotations-2.22.jar
br.com.sawcunhaos.organization.api.dto.GetSystemResponse$GetSystemResponseBuilder	java.lang.Object	jdk	java.base
br.com.sawcunhaos.organization.api.dto.GetSystemResponse$GetSystemResponseBuilder	java.lang.String	jdk	java.base
br.com.sawcunhaos.organization.api.dto.GetSystemResponse$GetSystemResponseBuilder	java.lang.invoke.CallSite	jdk	java.base
br.com.sawcunhaos.organization.api.dto.GetSystemResponse$GetSystemResponseBuilder	java.lang.invoke.MethodHandles	jdk	java.base
br.com.sawcunhaos.organization.api.dto.GetSystemResponse$GetSystemResponseBuilder	java.lang.invoke.MethodHandles$Lookup	jdk	java.base
br.com.sawcunhaos.organization.api.dto.GetSystemResponse$GetSystemResponseBuilder	java.lang.invoke.MethodType	jdk	java.base
br.com.sawcunhaos.organization.api.dto.GetSystemResponse$GetSystemResponseBuilder	java.lang.invoke.StringConcatFactory	jdk	java.base
br.com.sawcunhaos.organization.api.dto.KeyConfiguration	br.com.sawcunhaos.organization.api.dto.ConfigurationType	interno	classes
br.com.sawcunhaos.organization.api.dto.KeyConfiguration	br.com.sawcunhaos.organization.api.dto.KeyConfiguration$KeyConfigurationBuilder	interno	classes
br.com.sawcunhaos.organization.api.dto.KeyConfiguration	com.fasterxml.jackson.annotation.JsonProperty	externo	jackson-annotations-2.22.jar
br.com.sawcunhaos.organization.api.dto.KeyConfiguration	jakarta.validation.Valid	externo	jakarta.validation-api-3.1.1.jar
br.com.sawcunhaos.organization.api.dto.KeyConfiguration	java.io.Serializable	jdk	java.base
br.com.sawcunhaos.organization.api.dto.KeyConfiguration	java.lang.Class	jdk	java.base
br.com.sawcunhaos.organization.api.dto.KeyConfiguration	java.lang.Object	jdk	java.base
br.com.sawcunhaos.organization.api.dto.KeyConfiguration	java.lang.Record	jdk	java.base
br.com.sawcunhaos.organization.api.dto.KeyConfiguration	java.lang.String	jdk	java.base
br.com.sawcunhaos.organization.api.dto.KeyConfiguration	java.lang.invoke.MethodHandle	jdk	java.base
br.com.sawcunhaos.organization.api.dto.KeyConfiguration	java.lang.invoke.MethodHandles	jdk	java.base
br.com.sawcunhaos.organization.api.dto.KeyConfiguration	java.lang.invoke.MethodHandles$Lookup	jdk	java.base
br.com.sawcunhaos.organization.api.dto.KeyConfiguration	java.lang.invoke.TypeDescriptor	jdk	java.base
br.com.sawcunhaos.organization.api.dto.KeyConfiguration	java.lang.runtime.ObjectMethods	jdk	java.base
br.com.sawcunhaos.organization.api.dto.KeyConfiguration$KeyConfigurationBuilder	br.com.sawcunhaos.organization.api.dto.ConfigurationType	interno	classes
br.com.sawcunhaos.organization.api.dto.KeyConfiguration$KeyConfigurationBuilder	br.com.sawcunhaos.organization.api.dto.KeyConfiguration	interno	classes
br.com.sawcunhaos.organization.api.dto.KeyConfiguration$KeyConfigurationBuilder	com.fasterxml.jackson.annotation.JsonProperty	externo	jackson-annotations-2.22.jar
br.com.sawcunhaos.organization.api.dto.KeyConfiguration$KeyConfigurationBuilder	java.lang.Object	jdk	java.base
br.com.sawcunhaos.organization.api.dto.KeyConfiguration$KeyConfigurationBuilder	java.lang.String	jdk	java.base
br.com.sawcunhaos.organization.api.dto.KeyConfiguration$KeyConfigurationBuilder	java.lang.invoke.CallSite	jdk	java.base
br.com.sawcunhaos.organization.api.dto.KeyConfiguration$KeyConfigurationBuilder	java.lang.invoke.MethodHandles	jdk	java.base
br.com.sawcunhaos.organization.api.dto.KeyConfiguration$KeyConfigurationBuilder	java.lang.invoke.MethodHandles$Lookup	jdk	java.base
br.com.sawcunhaos.organization.api.dto.KeyConfiguration$KeyConfigurationBuilder	java.lang.invoke.MethodType	jdk	java.base
br.com.sawcunhaos.organization.api.dto.KeyConfiguration$KeyConfigurationBuilder	java.lang.invoke.StringConcatFactory	jdk	java.base
br.com.sawcunhaos.organization.api.dto.LegalNature	br.com.sawcunhaos.organization.api.dto.LegalNature$LegalNatureBuilder	interno	classes
br.com.sawcunhaos.organization.api.dto.LegalNature	com.fasterxml.jackson.annotation.JsonProperty	externo	jackson-annotations-2.22.jar
br.com.sawcunhaos.organization.api.dto.LegalNature	java.io.Serializable	jdk	java.base
br.com.sawcunhaos.organization.api.dto.LegalNature	java.lang.Class	jdk	java.base
br.com.sawcunhaos.organization.api.dto.LegalNature	java.lang.Long	jdk	java.base
br.com.sawcunhaos.organization.api.dto.LegalNature	java.lang.Object	jdk	java.base
br.com.sawcunhaos.organization.api.dto.LegalNature	java.lang.Record	jdk	java.base
br.com.sawcunhaos.organization.api.dto.LegalNature	java.lang.String	jdk	java.base
br.com.sawcunhaos.organization.api.dto.LegalNature	java.lang.invoke.MethodHandle	jdk	java.base
br.com.sawcunhaos.organization.api.dto.LegalNature	java.lang.invoke.MethodHandles	jdk	java.base
br.com.sawcunhaos.organization.api.dto.LegalNature	java.lang.invoke.MethodHandles$Lookup	jdk	java.base
br.com.sawcunhaos.organization.api.dto.LegalNature	java.lang.invoke.TypeDescriptor	jdk	java.base
br.com.sawcunhaos.organization.api.dto.LegalNature	java.lang.runtime.ObjectMethods	jdk	java.base
br.com.sawcunhaos.organization.api.dto.LegalNature$LegalNatureBuilder	br.com.sawcunhaos.organization.api.dto.LegalNature	interno	classes
br.com.sawcunhaos.organization.api.dto.LegalNature$LegalNatureBuilder	com.fasterxml.jackson.annotation.JsonProperty	externo	jackson-annotations-2.22.jar
br.com.sawcunhaos.organization.api.dto.LegalNature$LegalNatureBuilder	java.lang.Long	jdk	java.base
br.com.sawcunhaos.organization.api.dto.LegalNature$LegalNatureBuilder	java.lang.Object	jdk	java.base
br.com.sawcunhaos.organization.api.dto.LegalNature$LegalNatureBuilder	java.lang.String	jdk	java.base
br.com.sawcunhaos.organization.api.dto.LegalNature$LegalNatureBuilder	java.lang.invoke.CallSite	jdk	java.base
br.com.sawcunhaos.organization.api.dto.LegalNature$LegalNatureBuilder	java.lang.invoke.MethodHandles	jdk	java.base
br.com.sawcunhaos.organization.api.dto.LegalNature$LegalNatureBuilder	java.lang.invoke.MethodHandles$Lookup	jdk	java.base
br.com.sawcunhaos.organization.api.dto.LegalNature$LegalNatureBuilder	java.lang.invoke.MethodType	jdk	java.base
br.com.sawcunhaos.organization.api.dto.LegalNature$LegalNatureBuilder	java.lang.invoke.StringConcatFactory	jdk	java.base
br.com.sawcunhaos.organization.api.dto.Login	br.com.sawcunhaos.organization.api.dto.Login$LoginBuilder	interno	classes
br.com.sawcunhaos.organization.api.dto.Login	br.com.sawcunhaos.organization.api.dto.LoginEmployee	interno	classes
br.com.sawcunhaos.organization.api.dto.Login	br.com.sawcunhaos.organization.api.dto.LoginStatus	interno	classes
br.com.sawcunhaos.organization.api.dto.Login	br.com.sawcunhaos.organization.api.dto.LoginType	interno	classes
br.com.sawcunhaos.organization.api.dto.Login	br.com.sawcunhaos.organization.api.dto.ProfileSummary	interno	classes
br.com.sawcunhaos.organization.api.dto.Login	com.fasterxml.jackson.annotation.JsonProperty	externo	jackson-annotations-2.22.jar
br.com.sawcunhaos.organization.api.dto.Login	jakarta.validation.Valid	externo	jakarta.validation-api-3.1.1.jar
br.com.sawcunhaos.organization.api.dto.Login	java.io.Serializable	jdk	java.base
br.com.sawcunhaos.organization.api.dto.Login	java.lang.Class	jdk	java.base
br.com.sawcunhaos.organization.api.dto.Login	java.lang.Long	jdk	java.base
br.com.sawcunhaos.organization.api.dto.Login	java.lang.Object	jdk	java.base
br.com.sawcunhaos.organization.api.dto.Login	java.lang.Record	jdk	java.base
br.com.sawcunhaos.organization.api.dto.Login	java.lang.String	jdk	java.base
br.com.sawcunhaos.organization.api.dto.Login	java.lang.invoke.MethodHandle	jdk	java.base
br.com.sawcunhaos.organization.api.dto.Login	java.lang.invoke.MethodHandles	jdk	java.base
br.com.sawcunhaos.organization.api.dto.Login	java.lang.invoke.MethodHandles$Lookup	jdk	java.base
br.com.sawcunhaos.organization.api.dto.Login	java.lang.invoke.TypeDescriptor	jdk	java.base
br.com.sawcunhaos.organization.api.dto.Login	java.lang.runtime.ObjectMethods	jdk	java.base
br.com.sawcunhaos.organization.api.dto.Login	java.util.UUID	jdk	java.base
br.com.sawcunhaos.organization.api.dto.Login$LoginBuilder	br.com.sawcunhaos.organization.api.dto.Login	interno	classes
br.com.sawcunhaos.organization.api.dto.Login$LoginBuilder	br.com.sawcunhaos.organization.api.dto.LoginEmployee	interno	classes
br.com.sawcunhaos.organization.api.dto.Login$LoginBuilder	br.com.sawcunhaos.organization.api.dto.LoginStatus	interno	classes
br.com.sawcunhaos.organization.api.dto.Login$LoginBuilder	br.com.sawcunhaos.organization.api.dto.LoginType	interno	classes
br.com.sawcunhaos.organization.api.dto.Login$LoginBuilder	br.com.sawcunhaos.organization.api.dto.ProfileSummary	interno	classes
br.com.sawcunhaos.organization.api.dto.Login$LoginBuilder	com.fasterxml.jackson.annotation.JsonProperty	externo	jackson-annotations-2.22.jar
br.com.sawcunhaos.organization.api.dto.Login$LoginBuilder	java.lang.Long	jdk	java.base
br.com.sawcunhaos.organization.api.dto.Login$LoginBuilder	java.lang.Object	jdk	java.base
br.com.sawcunhaos.organization.api.dto.Login$LoginBuilder	java.lang.String	jdk	java.base
br.com.sawcunhaos.organization.api.dto.Login$LoginBuilder	java.lang.invoke.CallSite	jdk	java.base
br.com.sawcunhaos.organization.api.dto.Login$LoginBuilder	java.lang.invoke.MethodHandles	jdk	java.base
br.com.sawcunhaos.organization.api.dto.Login$LoginBuilder	java.lang.invoke.MethodHandles$Lookup	jdk	java.base
br.com.sawcunhaos.organization.api.dto.Login$LoginBuilder	java.lang.invoke.MethodType	jdk	java.base
br.com.sawcunhaos.organization.api.dto.Login$LoginBuilder	java.lang.invoke.StringConcatFactory	jdk	java.base
br.com.sawcunhaos.organization.api.dto.Login$LoginBuilder	java.util.UUID	jdk	java.base
br.com.sawcunhaos.organization.api.dto.LoginApprovalRequest	br.com.sawcunhaos.organization.api.dto.CurrentApprover	interno	classes
br.com.sawcunhaos.organization.api.dto.LoginApprovalRequest	br.com.sawcunhaos.organization.api.dto.LoginApprovalRequest$LoginApprovalRequestBuilder	interno	classes
br.com.sawcunhaos.organization.api.dto.LoginApprovalRequest	br.com.sawcunhaos.organization.api.dto.LoginApprovalRequestEscalationPolicy	interno	classes
br.com.sawcunhaos.organization.api.dto.LoginApprovalRequest	br.com.sawcunhaos.organization.api.dto.LoginApprovalRequestLevel	interno	classes
br.com.sawcunhaos.organization.api.dto.LoginApprovalRequest	br.com.sawcunhaos.organization.api.dto.LoginApprovalRequestStatus	interno	classes
br.com.sawcunhaos.organization.api.dto.LoginApprovalRequest	br.com.sawcunhaos.organization.api.dto.LoginApprovalRequestType	interno	classes
br.com.sawcunhaos.organization.api.dto.LoginApprovalRequest	com.fasterxml.jackson.annotation.JsonProperty	externo	jackson-annotations-2.22.jar
br.com.sawcunhaos.organization.api.dto.LoginApprovalRequest	jakarta.validation.Valid	externo	jakarta.validation-api-3.1.1.jar
br.com.sawcunhaos.organization.api.dto.LoginApprovalRequest	java.io.Serializable	jdk	java.base
br.com.sawcunhaos.organization.api.dto.LoginApprovalRequest	java.lang.Class	jdk	java.base
br.com.sawcunhaos.organization.api.dto.LoginApprovalRequest	java.lang.Long	jdk	java.base
br.com.sawcunhaos.organization.api.dto.LoginApprovalRequest	java.lang.Object	jdk	java.base
br.com.sawcunhaos.organization.api.dto.LoginApprovalRequest	java.lang.Record	jdk	java.base
br.com.sawcunhaos.organization.api.dto.LoginApprovalRequest	java.lang.String	jdk	java.base
br.com.sawcunhaos.organization.api.dto.LoginApprovalRequest	java.lang.invoke.MethodHandle	jdk	java.base
br.com.sawcunhaos.organization.api.dto.LoginApprovalRequest	java.lang.invoke.MethodHandles	jdk	java.base
br.com.sawcunhaos.organization.api.dto.LoginApprovalRequest	java.lang.invoke.MethodHandles$Lookup	jdk	java.base
br.com.sawcunhaos.organization.api.dto.LoginApprovalRequest	java.lang.invoke.TypeDescriptor	jdk	java.base
br.com.sawcunhaos.organization.api.dto.LoginApprovalRequest	java.lang.runtime.ObjectMethods	jdk	java.base
br.com.sawcunhaos.organization.api.dto.LoginApprovalRequest	java.time.OffsetDateTime	jdk	java.base
br.com.sawcunhaos.organization.api.dto.LoginApprovalRequest	org.springframework.format.annotation.DateTimeFormat	externo	spring-context-7.0.9.jar
br.com.sawcunhaos.organization.api.dto.LoginApprovalRequest	org.springframework.format.annotation.DateTimeFormat$ISO	externo	spring-context-7.0.9.jar
br.com.sawcunhaos.organization.api.dto.LoginApprovalRequest	org.springframework.lang.Nullable	externo	spring-core-7.0.9.jar
br.com.sawcunhaos.organization.api.dto.LoginApprovalRequest$LoginApprovalRequestBuilder	br.com.sawcunhaos.organization.api.dto.CurrentApprover	interno	classes
br.com.sawcunhaos.organization.api.dto.LoginApprovalRequest$LoginApprovalRequestBuilder	br.com.sawcunhaos.organization.api.dto.LoginApprovalRequest	interno	classes
br.com.sawcunhaos.organization.api.dto.LoginApprovalRequest$LoginApprovalRequestBuilder	br.com.sawcunhaos.organization.api.dto.LoginApprovalRequestEscalationPolicy	interno	classes
br.com.sawcunhaos.organization.api.dto.LoginApprovalRequest$LoginApprovalRequestBuilder	br.com.sawcunhaos.organization.api.dto.LoginApprovalRequestLevel	interno	classes
br.com.sawcunhaos.organization.api.dto.LoginApprovalRequest$LoginApprovalRequestBuilder	br.com.sawcunhaos.organization.api.dto.LoginApprovalRequestStatus	interno	classes
br.com.sawcunhaos.organization.api.dto.LoginApprovalRequest$LoginApprovalRequestBuilder	br.com.sawcunhaos.organization.api.dto.LoginApprovalRequestType	interno	classes
br.com.sawcunhaos.organization.api.dto.LoginApprovalRequest$LoginApprovalRequestBuilder	com.fasterxml.jackson.annotation.JsonProperty	externo	jackson-annotations-2.22.jar
br.com.sawcunhaos.organization.api.dto.LoginApprovalRequest$LoginApprovalRequestBuilder	java.lang.Long	jdk	java.base
br.com.sawcunhaos.organization.api.dto.LoginApprovalRequest$LoginApprovalRequestBuilder	java.lang.Object	jdk	java.base
br.com.sawcunhaos.organization.api.dto.LoginApprovalRequest$LoginApprovalRequestBuilder	java.lang.String	jdk	java.base
br.com.sawcunhaos.organization.api.dto.LoginApprovalRequest$LoginApprovalRequestBuilder	java.lang.invoke.CallSite	jdk	java.base
br.com.sawcunhaos.organization.api.dto.LoginApprovalRequest$LoginApprovalRequestBuilder	java.lang.invoke.MethodHandles	jdk	java.base
br.com.sawcunhaos.organization.api.dto.LoginApprovalRequest$LoginApprovalRequestBuilder	java.lang.invoke.MethodHandles$Lookup	jdk	java.base
br.com.sawcunhaos.organization.api.dto.LoginApprovalRequest$LoginApprovalRequestBuilder	java.lang.invoke.MethodType	jdk	java.base
br.com.sawcunhaos.organization.api.dto.LoginApprovalRequest$LoginApprovalRequestBuilder	java.lang.invoke.StringConcatFactory	jdk	java.base
br.com.sawcunhaos.organization.api.dto.LoginApprovalRequest$LoginApprovalRequestBuilder	java.time.OffsetDateTime	jdk	java.base
br.com.sawcunhaos.organization.api.dto.LoginApprovalRequest$LoginApprovalRequestBuilder	org.springframework.lang.Nullable	externo	spring-core-7.0.9.jar
br.com.sawcunhaos.organization.api.dto.LoginApprovalRequestEscalationPolicy	com.fasterxml.jackson.annotation.JsonCreator	externo	jackson-annotations-2.22.jar
br.com.sawcunhaos.organization.api.dto.LoginApprovalRequestEscalationPolicy	com.fasterxml.jackson.annotation.JsonValue	externo	jackson-annotations-2.22.jar
br.com.sawcunhaos.organization.api.dto.LoginApprovalRequestEscalationPolicy	java.io.Serializable	jdk	java.base
br.com.sawcunhaos.organization.api.dto.LoginApprovalRequestEscalationPolicy	java.lang.Class	jdk	java.base
br.com.sawcunhaos.organization.api.dto.LoginApprovalRequestEscalationPolicy	java.lang.Enum	jdk	java.base
br.com.sawcunhaos.organization.api.dto.LoginApprovalRequestEscalationPolicy	java.lang.IllegalArgumentException	jdk	java.base
br.com.sawcunhaos.organization.api.dto.LoginApprovalRequestEscalationPolicy	java.lang.Object	jdk	java.base
br.com.sawcunhaos.organization.api.dto.LoginApprovalRequestEscalationPolicy	java.lang.String	jdk	java.base
br.com.sawcunhaos.organization.api.dto.LoginApprovalRequestEscalationPolicy	java.lang.System	jdk	java.base
br.com.sawcunhaos.organization.api.dto.LoginApprovalRequestEscalationPolicy	java.lang.invoke.CallSite	jdk	java.base
br.com.sawcunhaos.organization.api.dto.LoginApprovalRequestEscalationPolicy	java.lang.invoke.MethodHandles	jdk	java.base
br.com.sawcunhaos.organization.api.dto.LoginApprovalRequestEscalationPolicy	java.lang.invoke.MethodHandles$Lookup	jdk	java.base
br.com.sawcunhaos.organization.api.dto.LoginApprovalRequestEscalationPolicy	java.lang.invoke.MethodType	jdk	java.base
br.com.sawcunhaos.organization.api.dto.LoginApprovalRequestEscalationPolicy	java.lang.invoke.StringConcatFactory	jdk	java.base
br.com.sawcunhaos.organization.api.dto.LoginApprovalRequestLevel	com.fasterxml.jackson.annotation.JsonCreator	externo	jackson-annotations-2.22.jar
br.com.sawcunhaos.organization.api.dto.LoginApprovalRequestLevel	com.fasterxml.jackson.annotation.JsonValue	externo	jackson-annotations-2.22.jar
br.com.sawcunhaos.organization.api.dto.LoginApprovalRequestLevel	java.io.Serializable	jdk	java.base
br.com.sawcunhaos.organization.api.dto.LoginApprovalRequestLevel	java.lang.Class	jdk	java.base
br.com.sawcunhaos.organization.api.dto.LoginApprovalRequestLevel	java.lang.Enum	jdk	java.base
br.com.sawcunhaos.organization.api.dto.LoginApprovalRequestLevel	java.lang.IllegalArgumentException	jdk	java.base
br.com.sawcunhaos.organization.api.dto.LoginApprovalRequestLevel	java.lang.Object	jdk	java.base
br.com.sawcunhaos.organization.api.dto.LoginApprovalRequestLevel	java.lang.String	jdk	java.base
br.com.sawcunhaos.organization.api.dto.LoginApprovalRequestLevel	java.lang.System	jdk	java.base
br.com.sawcunhaos.organization.api.dto.LoginApprovalRequestLevel	java.lang.invoke.CallSite	jdk	java.base
br.com.sawcunhaos.organization.api.dto.LoginApprovalRequestLevel	java.lang.invoke.MethodHandles	jdk	java.base
br.com.sawcunhaos.organization.api.dto.LoginApprovalRequestLevel	java.lang.invoke.MethodHandles$Lookup	jdk	java.base
br.com.sawcunhaos.organization.api.dto.LoginApprovalRequestLevel	java.lang.invoke.MethodType	jdk	java.base
br.com.sawcunhaos.organization.api.dto.LoginApprovalRequestLevel	java.lang.invoke.StringConcatFactory	jdk	java.base
br.com.sawcunhaos.organization.api.dto.LoginApprovalRequestStatus	com.fasterxml.jackson.annotation.JsonCreator	externo	jackson-annotations-2.22.jar
br.com.sawcunhaos.organization.api.dto.LoginApprovalRequestStatus	com.fasterxml.jackson.annotation.JsonValue	externo	jackson-annotations-2.22.jar
br.com.sawcunhaos.organization.api.dto.LoginApprovalRequestStatus	java.io.Serializable	jdk	java.base
br.com.sawcunhaos.organization.api.dto.LoginApprovalRequestStatus	java.lang.Class	jdk	java.base
br.com.sawcunhaos.organization.api.dto.LoginApprovalRequestStatus	java.lang.Enum	jdk	java.base
br.com.sawcunhaos.organization.api.dto.LoginApprovalRequestStatus	java.lang.IllegalArgumentException	jdk	java.base
br.com.sawcunhaos.organization.api.dto.LoginApprovalRequestStatus	java.lang.Object	jdk	java.base
br.com.sawcunhaos.organization.api.dto.LoginApprovalRequestStatus	java.lang.String	jdk	java.base
br.com.sawcunhaos.organization.api.dto.LoginApprovalRequestStatus	java.lang.System	jdk	java.base
br.com.sawcunhaos.organization.api.dto.LoginApprovalRequestStatus	java.lang.invoke.CallSite	jdk	java.base
br.com.sawcunhaos.organization.api.dto.LoginApprovalRequestStatus	java.lang.invoke.MethodHandles	jdk	java.base
br.com.sawcunhaos.organization.api.dto.LoginApprovalRequestStatus	java.lang.invoke.MethodHandles$Lookup	jdk	java.base
br.com.sawcunhaos.organization.api.dto.LoginApprovalRequestStatus	java.lang.invoke.MethodType	jdk	java.base
br.com.sawcunhaos.organization.api.dto.LoginApprovalRequestStatus	java.lang.invoke.StringConcatFactory	jdk	java.base
br.com.sawcunhaos.organization.api.dto.LoginApprovalRequestType	com.fasterxml.jackson.annotation.JsonCreator	externo	jackson-annotations-2.22.jar
br.com.sawcunhaos.organization.api.dto.LoginApprovalRequestType	com.fasterxml.jackson.annotation.JsonValue	externo	jackson-annotations-2.22.jar
br.com.sawcunhaos.organization.api.dto.LoginApprovalRequestType	java.io.Serializable	jdk	java.base
br.com.sawcunhaos.organization.api.dto.LoginApprovalRequestType	java.lang.Class	jdk	java.base
br.com.sawcunhaos.organization.api.dto.LoginApprovalRequestType	java.lang.Enum	jdk	java.base
br.com.sawcunhaos.organization.api.dto.LoginApprovalRequestType	java.lang.IllegalArgumentException	jdk	java.base
br.com.sawcunhaos.organization.api.dto.LoginApprovalRequestType	java.lang.Object	jdk	java.base
br.com.sawcunhaos.organization.api.dto.LoginApprovalRequestType	java.lang.String	jdk	java.base
br.com.sawcunhaos.organization.api.dto.LoginApprovalRequestType	java.lang.System	jdk	java.base
br.com.sawcunhaos.organization.api.dto.LoginApprovalRequestType	java.lang.invoke.CallSite	jdk	java.base
br.com.sawcunhaos.organization.api.dto.LoginApprovalRequestType	java.lang.invoke.MethodHandles	jdk	java.base
br.com.sawcunhaos.organization.api.dto.LoginApprovalRequestType	java.lang.invoke.MethodHandles$Lookup	jdk	java.base
br.com.sawcunhaos.organization.api.dto.LoginApprovalRequestType	java.lang.invoke.MethodType	jdk	java.base
br.com.sawcunhaos.organization.api.dto.LoginApprovalRequestType	java.lang.invoke.StringConcatFactory	jdk	java.base
br.com.sawcunhaos.organization.api.dto.LoginEmployee	br.com.sawcunhaos.organization.api.dto.LoginEmployee$LoginEmployeeBuilder	interno	classes
br.com.sawcunhaos.organization.api.dto.LoginEmployee	com.fasterxml.jackson.annotation.JsonProperty	externo	jackson-annotations-2.22.jar
br.com.sawcunhaos.organization.api.dto.LoginEmployee	java.io.Serializable	jdk	java.base
br.com.sawcunhaos.organization.api.dto.LoginEmployee	java.lang.Class	jdk	java.base
br.com.sawcunhaos.organization.api.dto.LoginEmployee	java.lang.Long	jdk	java.base
br.com.sawcunhaos.organization.api.dto.LoginEmployee	java.lang.Object	jdk	java.base
br.com.sawcunhaos.organization.api.dto.LoginEmployee	java.lang.Record	jdk	java.base
br.com.sawcunhaos.organization.api.dto.LoginEmployee	java.lang.String	jdk	java.base
br.com.sawcunhaos.organization.api.dto.LoginEmployee	java.lang.invoke.MethodHandle	jdk	java.base
br.com.sawcunhaos.organization.api.dto.LoginEmployee	java.lang.invoke.MethodHandles	jdk	java.base
br.com.sawcunhaos.organization.api.dto.LoginEmployee	java.lang.invoke.MethodHandles$Lookup	jdk	java.base
br.com.sawcunhaos.organization.api.dto.LoginEmployee	java.lang.invoke.TypeDescriptor	jdk	java.base
br.com.sawcunhaos.organization.api.dto.LoginEmployee	java.lang.runtime.ObjectMethods	jdk	java.base
br.com.sawcunhaos.organization.api.dto.LoginEmployee$LoginEmployeeBuilder	br.com.sawcunhaos.organization.api.dto.LoginEmployee	interno	classes
br.com.sawcunhaos.organization.api.dto.LoginEmployee$LoginEmployeeBuilder	com.fasterxml.jackson.annotation.JsonProperty	externo	jackson-annotations-2.22.jar
br.com.sawcunhaos.organization.api.dto.LoginEmployee$LoginEmployeeBuilder	java.lang.Long	jdk	java.base
br.com.sawcunhaos.organization.api.dto.LoginEmployee$LoginEmployeeBuilder	java.lang.Object	jdk	java.base
br.com.sawcunhaos.organization.api.dto.LoginEmployee$LoginEmployeeBuilder	java.lang.String	jdk	java.base
br.com.sawcunhaos.organization.api.dto.LoginEmployee$LoginEmployeeBuilder	java.lang.invoke.CallSite	jdk	java.base
br.com.sawcunhaos.organization.api.dto.LoginEmployee$LoginEmployeeBuilder	java.lang.invoke.MethodHandles	jdk	java.base
br.com.sawcunhaos.organization.api.dto.LoginEmployee$LoginEmployeeBuilder	java.lang.invoke.MethodHandles$Lookup	jdk	java.base
br.com.sawcunhaos.organization.api.dto.LoginEmployee$LoginEmployeeBuilder	java.lang.invoke.MethodType	jdk	java.base
br.com.sawcunhaos.organization.api.dto.LoginEmployee$LoginEmployeeBuilder	java.lang.invoke.StringConcatFactory	jdk	java.base
br.com.sawcunhaos.organization.api.dto.LoginMe	br.com.sawcunhaos.organization.api.dto.LoginMe$LoginMeBuilder	interno	classes
br.com.sawcunhaos.organization.api.dto.LoginMe	br.com.sawcunhaos.organization.api.dto.LoginMeCompany	interno	classes
br.com.sawcunhaos.organization.api.dto.LoginMe	br.com.sawcunhaos.organization.api.dto.LoginStatus	interno	classes
br.com.sawcunhaos.organization.api.dto.LoginMe	br.com.sawcunhaos.organization.api.dto.LoginType	interno	classes
br.com.sawcunhaos.organization.api.dto.LoginMe	br.com.sawcunhaos.organization.api.dto.ResourceSummary	interno	classes
br.com.sawcunhaos.organization.api.dto.LoginMe	com.fasterxml.jackson.annotation.JsonProperty	externo	jackson-annotations-2.22.jar
br.com.sawcunhaos.organization.api.dto.LoginMe	jakarta.validation.Valid	externo	jakarta.validation-api-3.1.1.jar
br.com.sawcunhaos.organization.api.dto.LoginMe	java.io.Serializable	jdk	java.base
br.com.sawcunhaos.organization.api.dto.LoginMe	java.lang.Class	jdk	java.base
br.com.sawcunhaos.organization.api.dto.LoginMe	java.lang.Long	jdk	java.base
br.com.sawcunhaos.organization.api.dto.LoginMe	java.lang.Object	jdk	java.base
br.com.sawcunhaos.organization.api.dto.LoginMe	java.lang.Record	jdk	java.base
br.com.sawcunhaos.organization.api.dto.LoginMe	java.lang.String	jdk	java.base
br.com.sawcunhaos.organization.api.dto.LoginMe	java.lang.invoke.MethodHandle	jdk	java.base
br.com.sawcunhaos.organization.api.dto.LoginMe	java.lang.invoke.MethodHandles	jdk	java.base
br.com.sawcunhaos.organization.api.dto.LoginMe	java.lang.invoke.MethodHandles$Lookup	jdk	java.base
br.com.sawcunhaos.organization.api.dto.LoginMe	java.lang.invoke.TypeDescriptor	jdk	java.base
br.com.sawcunhaos.organization.api.dto.LoginMe	java.lang.runtime.ObjectMethods	jdk	java.base
br.com.sawcunhaos.organization.api.dto.LoginMe	java.util.List	jdk	java.base
br.com.sawcunhaos.organization.api.dto.LoginMe$LoginMeBuilder	br.com.sawcunhaos.organization.api.dto.LoginMe	interno	classes
br.com.sawcunhaos.organization.api.dto.LoginMe$LoginMeBuilder	br.com.sawcunhaos.organization.api.dto.LoginMeCompany	interno	classes
br.com.sawcunhaos.organization.api.dto.LoginMe$LoginMeBuilder	br.com.sawcunhaos.organization.api.dto.LoginStatus	interno	classes
br.com.sawcunhaos.organization.api.dto.LoginMe$LoginMeBuilder	br.com.sawcunhaos.organization.api.dto.LoginType	interno	classes
br.com.sawcunhaos.organization.api.dto.LoginMe$LoginMeBuilder	br.com.sawcunhaos.organization.api.dto.ResourceSummary	interno	classes
br.com.sawcunhaos.organization.api.dto.LoginMe$LoginMeBuilder	com.fasterxml.jackson.annotation.JsonProperty	externo	jackson-annotations-2.22.jar
br.com.sawcunhaos.organization.api.dto.LoginMe$LoginMeBuilder	java.lang.Long	jdk	java.base
br.com.sawcunhaos.organization.api.dto.LoginMe$LoginMeBuilder	java.lang.Object	jdk	java.base
br.com.sawcunhaos.organization.api.dto.LoginMe$LoginMeBuilder	java.lang.String	jdk	java.base
br.com.sawcunhaos.organization.api.dto.LoginMe$LoginMeBuilder	java.lang.invoke.CallSite	jdk	java.base
br.com.sawcunhaos.organization.api.dto.LoginMe$LoginMeBuilder	java.lang.invoke.MethodHandles	jdk	java.base
br.com.sawcunhaos.organization.api.dto.LoginMe$LoginMeBuilder	java.lang.invoke.MethodHandles$Lookup	jdk	java.base
br.com.sawcunhaos.organization.api.dto.LoginMe$LoginMeBuilder	java.lang.invoke.MethodType	jdk	java.base
br.com.sawcunhaos.organization.api.dto.LoginMe$LoginMeBuilder	java.lang.invoke.StringConcatFactory	jdk	java.base
br.com.sawcunhaos.organization.api.dto.LoginMe$LoginMeBuilder	java.util.List	jdk	java.base
br.com.sawcunhaos.organization.api.dto.LoginMeCompany	br.com.sawcunhaos.organization.api.dto.LoginMeCompany$LoginMeCompanyBuilder	interno	classes
br.com.sawcunhaos.organization.api.dto.LoginMeCompany	com.fasterxml.jackson.annotation.JsonProperty	externo	jackson-annotations-2.22.jar
br.com.sawcunhaos.organization.api.dto.LoginMeCompany	java.io.Serializable	jdk	java.base
br.com.sawcunhaos.organization.api.dto.LoginMeCompany	java.lang.Class	jdk	java.base
br.com.sawcunhaos.organization.api.dto.LoginMeCompany	java.lang.Long	jdk	java.base
br.com.sawcunhaos.organization.api.dto.LoginMeCompany	java.lang.Object	jdk	java.base
br.com.sawcunhaos.organization.api.dto.LoginMeCompany	java.lang.Record	jdk	java.base
br.com.sawcunhaos.organization.api.dto.LoginMeCompany	java.lang.String	jdk	java.base
br.com.sawcunhaos.organization.api.dto.LoginMeCompany	java.lang.invoke.MethodHandle	jdk	java.base
br.com.sawcunhaos.organization.api.dto.LoginMeCompany	java.lang.invoke.MethodHandles	jdk	java.base
br.com.sawcunhaos.organization.api.dto.LoginMeCompany	java.lang.invoke.MethodHandles$Lookup	jdk	java.base
br.com.sawcunhaos.organization.api.dto.LoginMeCompany	java.lang.invoke.TypeDescriptor	jdk	java.base
br.com.sawcunhaos.organization.api.dto.LoginMeCompany	java.lang.runtime.ObjectMethods	jdk	java.base
br.com.sawcunhaos.organization.api.dto.LoginMeCompany$LoginMeCompanyBuilder	br.com.sawcunhaos.organization.api.dto.LoginMeCompany	interno	classes
br.com.sawcunhaos.organization.api.dto.LoginMeCompany$LoginMeCompanyBuilder	com.fasterxml.jackson.annotation.JsonProperty	externo	jackson-annotations-2.22.jar
br.com.sawcunhaos.organization.api.dto.LoginMeCompany$LoginMeCompanyBuilder	java.lang.Long	jdk	java.base
br.com.sawcunhaos.organization.api.dto.LoginMeCompany$LoginMeCompanyBuilder	java.lang.Object	jdk	java.base
br.com.sawcunhaos.organization.api.dto.LoginMeCompany$LoginMeCompanyBuilder	java.lang.String	jdk	java.base
br.com.sawcunhaos.organization.api.dto.LoginMeCompany$LoginMeCompanyBuilder	java.lang.invoke.CallSite	jdk	java.base
br.com.sawcunhaos.organization.api.dto.LoginMeCompany$LoginMeCompanyBuilder	java.lang.invoke.MethodHandles	jdk	java.base
br.com.sawcunhaos.organization.api.dto.LoginMeCompany$LoginMeCompanyBuilder	java.lang.invoke.MethodHandles$Lookup	jdk	java.base
br.com.sawcunhaos.organization.api.dto.LoginMeCompany$LoginMeCompanyBuilder	java.lang.invoke.MethodType	jdk	java.base
br.com.sawcunhaos.organization.api.dto.LoginMeCompany$LoginMeCompanyBuilder	java.lang.invoke.StringConcatFactory	jdk	java.base
br.com.sawcunhaos.organization.api.dto.LoginReactivationRequest	br.com.sawcunhaos.organization.api.dto.LoginReactivationRequest$LoginReactivationRequestBuilder	interno	classes
br.com.sawcunhaos.organization.api.dto.LoginReactivationRequest	com.fasterxml.jackson.annotation.JsonProperty	externo	jackson-annotations-2.22.jar
br.com.sawcunhaos.organization.api.dto.LoginReactivationRequest	java.io.Serializable	jdk	java.base
br.com.sawcunhaos.organization.api.dto.LoginReactivationRequest	java.lang.Class	jdk	java.base
br.com.sawcunhaos.organization.api.dto.LoginReactivationRequest	java.lang.Object	jdk	java.base
br.com.sawcunhaos.organization.api.dto.LoginReactivationRequest	java.lang.Record	jdk	java.base
br.com.sawcunhaos.organization.api.dto.LoginReactivationRequest	java.lang.String	jdk	java.base
br.com.sawcunhaos.organization.api.dto.LoginReactivationRequest	java.lang.invoke.MethodHandle	jdk	java.base
br.com.sawcunhaos.organization.api.dto.LoginReactivationRequest	java.lang.invoke.MethodHandles	jdk	java.base
br.com.sawcunhaos.organization.api.dto.LoginReactivationRequest	java.lang.invoke.MethodHandles$Lookup	jdk	java.base
br.com.sawcunhaos.organization.api.dto.LoginReactivationRequest	java.lang.invoke.TypeDescriptor	jdk	java.base
br.com.sawcunhaos.organization.api.dto.LoginReactivationRequest	java.lang.runtime.ObjectMethods	jdk	java.base
br.com.sawcunhaos.organization.api.dto.LoginReactivationRequest$LoginReactivationRequestBuilder	br.com.sawcunhaos.organization.api.dto.LoginReactivationRequest	interno	classes
br.com.sawcunhaos.organization.api.dto.LoginReactivationRequest$LoginReactivationRequestBuilder	com.fasterxml.jackson.annotation.JsonProperty	externo	jackson-annotations-2.22.jar
br.com.sawcunhaos.organization.api.dto.LoginReactivationRequest$LoginReactivationRequestBuilder	java.lang.Object	jdk	java.base
br.com.sawcunhaos.organization.api.dto.LoginReactivationRequest$LoginReactivationRequestBuilder	java.lang.String	jdk	java.base
br.com.sawcunhaos.organization.api.dto.LoginReactivationRequest$LoginReactivationRequestBuilder	java.lang.invoke.CallSite	jdk	java.base
br.com.sawcunhaos.organization.api.dto.LoginReactivationRequest$LoginReactivationRequestBuilder	java.lang.invoke.MethodHandles	jdk	java.base
br.com.sawcunhaos.organization.api.dto.LoginReactivationRequest$LoginReactivationRequestBuilder	java.lang.invoke.MethodHandles$Lookup	jdk	java.base
br.com.sawcunhaos.organization.api.dto.LoginReactivationRequest$LoginReactivationRequestBuilder	java.lang.invoke.MethodType	jdk	java.base
br.com.sawcunhaos.organization.api.dto.LoginReactivationRequest$LoginReactivationRequestBuilder	java.lang.invoke.StringConcatFactory	jdk	java.base
br.com.sawcunhaos.organization.api.dto.LoginStatus	com.fasterxml.jackson.annotation.JsonCreator	externo	jackson-annotations-2.22.jar
br.com.sawcunhaos.organization.api.dto.LoginStatus	com.fasterxml.jackson.annotation.JsonValue	externo	jackson-annotations-2.22.jar
br.com.sawcunhaos.organization.api.dto.LoginStatus	java.io.Serializable	jdk	java.base
br.com.sawcunhaos.organization.api.dto.LoginStatus	java.lang.Class	jdk	java.base
br.com.sawcunhaos.organization.api.dto.LoginStatus	java.lang.Enum	jdk	java.base
br.com.sawcunhaos.organization.api.dto.LoginStatus	java.lang.IllegalArgumentException	jdk	java.base
br.com.sawcunhaos.organization.api.dto.LoginStatus	java.lang.Object	jdk	java.base
br.com.sawcunhaos.organization.api.dto.LoginStatus	java.lang.String	jdk	java.base
br.com.sawcunhaos.organization.api.dto.LoginStatus	java.lang.System	jdk	java.base
br.com.sawcunhaos.organization.api.dto.LoginStatus	java.lang.invoke.CallSite	jdk	java.base
br.com.sawcunhaos.organization.api.dto.LoginStatus	java.lang.invoke.MethodHandles	jdk	java.base
br.com.sawcunhaos.organization.api.dto.LoginStatus	java.lang.invoke.MethodHandles$Lookup	jdk	java.base
br.com.sawcunhaos.organization.api.dto.LoginStatus	java.lang.invoke.MethodType	jdk	java.base
br.com.sawcunhaos.organization.api.dto.LoginStatus	java.lang.invoke.StringConcatFactory	jdk	java.base
br.com.sawcunhaos.organization.api.dto.LoginStatusHistory	br.com.sawcunhaos.organization.api.dto.LoginStatus	interno	classes
br.com.sawcunhaos.organization.api.dto.LoginStatusHistory	br.com.sawcunhaos.organization.api.dto.LoginStatusHistory$LoginStatusHistoryBuilder	interno	classes
br.com.sawcunhaos.organization.api.dto.LoginStatusHistory	com.fasterxml.jackson.annotation.JsonProperty	externo	jackson-annotations-2.22.jar
br.com.sawcunhaos.organization.api.dto.LoginStatusHistory	jakarta.validation.Valid	externo	jakarta.validation-api-3.1.1.jar
br.com.sawcunhaos.organization.api.dto.LoginStatusHistory	java.io.Serializable	jdk	java.base
br.com.sawcunhaos.organization.api.dto.LoginStatusHistory	java.lang.Class	jdk	java.base
br.com.sawcunhaos.organization.api.dto.LoginStatusHistory	java.lang.Long	jdk	java.base
br.com.sawcunhaos.organization.api.dto.LoginStatusHistory	java.lang.Object	jdk	java.base
br.com.sawcunhaos.organization.api.dto.LoginStatusHistory	java.lang.Record	jdk	java.base
br.com.sawcunhaos.organization.api.dto.LoginStatusHistory	java.lang.String	jdk	java.base
br.com.sawcunhaos.organization.api.dto.LoginStatusHistory	java.lang.invoke.MethodHandle	jdk	java.base
br.com.sawcunhaos.organization.api.dto.LoginStatusHistory	java.lang.invoke.MethodHandles	jdk	java.base
br.com.sawcunhaos.organization.api.dto.LoginStatusHistory	java.lang.invoke.MethodHandles$Lookup	jdk	java.base
br.com.sawcunhaos.organization.api.dto.LoginStatusHistory	java.lang.invoke.TypeDescriptor	jdk	java.base
br.com.sawcunhaos.organization.api.dto.LoginStatusHistory	java.lang.runtime.ObjectMethods	jdk	java.base
br.com.sawcunhaos.organization.api.dto.LoginStatusHistory	java.time.OffsetDateTime	jdk	java.base
br.com.sawcunhaos.organization.api.dto.LoginStatusHistory	org.springframework.format.annotation.DateTimeFormat	externo	spring-context-7.0.9.jar
br.com.sawcunhaos.organization.api.dto.LoginStatusHistory	org.springframework.format.annotation.DateTimeFormat$ISO	externo	spring-context-7.0.9.jar
br.com.sawcunhaos.organization.api.dto.LoginStatusHistory	org.springframework.lang.Nullable	externo	spring-core-7.0.9.jar
br.com.sawcunhaos.organization.api.dto.LoginStatusHistory$LoginStatusHistoryBuilder	br.com.sawcunhaos.organization.api.dto.LoginStatus	interno	classes
br.com.sawcunhaos.organization.api.dto.LoginStatusHistory$LoginStatusHistoryBuilder	br.com.sawcunhaos.organization.api.dto.LoginStatusHistory	interno	classes
br.com.sawcunhaos.organization.api.dto.LoginStatusHistory$LoginStatusHistoryBuilder	com.fasterxml.jackson.annotation.JsonProperty	externo	jackson-annotations-2.22.jar
br.com.sawcunhaos.organization.api.dto.LoginStatusHistory$LoginStatusHistoryBuilder	java.lang.Long	jdk	java.base
br.com.sawcunhaos.organization.api.dto.LoginStatusHistory$LoginStatusHistoryBuilder	java.lang.Object	jdk	java.base
br.com.sawcunhaos.organization.api.dto.LoginStatusHistory$LoginStatusHistoryBuilder	java.lang.String	jdk	java.base
br.com.sawcunhaos.organization.api.dto.LoginStatusHistory$LoginStatusHistoryBuilder	java.lang.invoke.CallSite	jdk	java.base
br.com.sawcunhaos.organization.api.dto.LoginStatusHistory$LoginStatusHistoryBuilder	java.lang.invoke.MethodHandles	jdk	java.base
br.com.sawcunhaos.organization.api.dto.LoginStatusHistory$LoginStatusHistoryBuilder	java.lang.invoke.MethodHandles$Lookup	jdk	java.base
br.com.sawcunhaos.organization.api.dto.LoginStatusHistory$LoginStatusHistoryBuilder	java.lang.invoke.MethodType	jdk	java.base
br.com.sawcunhaos.organization.api.dto.LoginStatusHistory$LoginStatusHistoryBuilder	java.lang.invoke.StringConcatFactory	jdk	java.base
br.com.sawcunhaos.organization.api.dto.LoginStatusHistory$LoginStatusHistoryBuilder	java.time.OffsetDateTime	jdk	java.base
br.com.sawcunhaos.organization.api.dto.LoginStatusHistory$LoginStatusHistoryBuilder	org.springframework.lang.Nullable	externo	spring-core-7.0.9.jar
br.com.sawcunhaos.organization.api.dto.LoginStatusTransitionRequest	br.com.sawcunhaos.organization.api.dto.LoginStatusTransitionRequest$LoginStatusTransitionRequestBuilder	interno	classes
br.com.sawcunhaos.organization.api.dto.LoginStatusTransitionRequest	com.fasterxml.jackson.annotation.JsonProperty	externo	jackson-annotations-2.22.jar
br.com.sawcunhaos.organization.api.dto.LoginStatusTransitionRequest	jakarta.validation.constraints.NotNull	externo	jakarta.validation-api-3.1.1.jar
br.com.sawcunhaos.organization.api.dto.LoginStatusTransitionRequest	java.io.Serializable	jdk	java.base
br.com.sawcunhaos.organization.api.dto.LoginStatusTransitionRequest	java.lang.Class	jdk	java.base
br.com.sawcunhaos.organization.api.dto.LoginStatusTransitionRequest	java.lang.Long	jdk	java.base
br.com.sawcunhaos.organization.api.dto.LoginStatusTransitionRequest	java.lang.Object	jdk	java.base
br.com.sawcunhaos.organization.api.dto.LoginStatusTransitionRequest	java.lang.Record	jdk	java.base
br.com.sawcunhaos.organization.api.dto.LoginStatusTransitionRequest	java.lang.String	jdk	java.base
br.com.sawcunhaos.organization.api.dto.LoginStatusTransitionRequest	java.lang.invoke.MethodHandle	jdk	java.base
br.com.sawcunhaos.organization.api.dto.LoginStatusTransitionRequest	java.lang.invoke.MethodHandles	jdk	java.base
br.com.sawcunhaos.organization.api.dto.LoginStatusTransitionRequest	java.lang.invoke.MethodHandles$Lookup	jdk	java.base
br.com.sawcunhaos.organization.api.dto.LoginStatusTransitionRequest	java.lang.invoke.TypeDescriptor	jdk	java.base
br.com.sawcunhaos.organization.api.dto.LoginStatusTransitionRequest	java.lang.runtime.ObjectMethods	jdk	java.base
br.com.sawcunhaos.organization.api.dto.LoginStatusTransitionRequest$LoginStatusTransitionRequestBuilder	br.com.sawcunhaos.organization.api.dto.LoginStatusTransitionRequest	interno	classes
br.com.sawcunhaos.organization.api.dto.LoginStatusTransitionRequest$LoginStatusTransitionRequestBuilder	com.fasterxml.jackson.annotation.JsonProperty	externo	jackson-annotations-2.22.jar
br.com.sawcunhaos.organization.api.dto.LoginStatusTransitionRequest$LoginStatusTransitionRequestBuilder	java.lang.Long	jdk	java.base
br.com.sawcunhaos.organization.api.dto.LoginStatusTransitionRequest$LoginStatusTransitionRequestBuilder	java.lang.Object	jdk	java.base
br.com.sawcunhaos.organization.api.dto.LoginStatusTransitionRequest$LoginStatusTransitionRequestBuilder	java.lang.String	jdk	java.base
br.com.sawcunhaos.organization.api.dto.LoginStatusTransitionRequest$LoginStatusTransitionRequestBuilder	java.lang.invoke.CallSite	jdk	java.base
br.com.sawcunhaos.organization.api.dto.LoginStatusTransitionRequest$LoginStatusTransitionRequestBuilder	java.lang.invoke.MethodHandles	jdk	java.base
br.com.sawcunhaos.organization.api.dto.LoginStatusTransitionRequest$LoginStatusTransitionRequestBuilder	java.lang.invoke.MethodHandles$Lookup	jdk	java.base
br.com.sawcunhaos.organization.api.dto.LoginStatusTransitionRequest$LoginStatusTransitionRequestBuilder	java.lang.invoke.MethodType	jdk	java.base
br.com.sawcunhaos.organization.api.dto.LoginStatusTransitionRequest$LoginStatusTransitionRequestBuilder	java.lang.invoke.StringConcatFactory	jdk	java.base
br.com.sawcunhaos.organization.api.dto.LoginSummary	br.com.sawcunhaos.organization.api.dto.LoginStatus	interno	classes
br.com.sawcunhaos.organization.api.dto.LoginSummary	br.com.sawcunhaos.organization.api.dto.LoginSummary$LoginSummaryBuilder	interno	classes
br.com.sawcunhaos.organization.api.dto.LoginSummary	br.com.sawcunhaos.organization.api.dto.LoginType	interno	classes
br.com.sawcunhaos.organization.api.dto.LoginSummary	com.fasterxml.jackson.annotation.JsonProperty	externo	jackson-annotations-2.22.jar
br.com.sawcunhaos.organization.api.dto.LoginSummary	jakarta.validation.Valid	externo	jakarta.validation-api-3.1.1.jar
br.com.sawcunhaos.organization.api.dto.LoginSummary	java.io.Serializable	jdk	java.base
br.com.sawcunhaos.organization.api.dto.LoginSummary	java.lang.Class	jdk	java.base
br.com.sawcunhaos.organization.api.dto.LoginSummary	java.lang.Long	jdk	java.base
br.com.sawcunhaos.organization.api.dto.LoginSummary	java.lang.Object	jdk	java.base
br.com.sawcunhaos.organization.api.dto.LoginSummary	java.lang.Record	jdk	java.base
br.com.sawcunhaos.organization.api.dto.LoginSummary	java.lang.String	jdk	java.base
br.com.sawcunhaos.organization.api.dto.LoginSummary	java.lang.invoke.MethodHandle	jdk	java.base
br.com.sawcunhaos.organization.api.dto.LoginSummary	java.lang.invoke.MethodHandles	jdk	java.base
br.com.sawcunhaos.organization.api.dto.LoginSummary	java.lang.invoke.MethodHandles$Lookup	jdk	java.base
br.com.sawcunhaos.organization.api.dto.LoginSummary	java.lang.invoke.TypeDescriptor	jdk	java.base
br.com.sawcunhaos.organization.api.dto.LoginSummary	java.lang.runtime.ObjectMethods	jdk	java.base
br.com.sawcunhaos.organization.api.dto.LoginSummary$LoginSummaryBuilder	br.com.sawcunhaos.organization.api.dto.LoginStatus	interno	classes
br.com.sawcunhaos.organization.api.dto.LoginSummary$LoginSummaryBuilder	br.com.sawcunhaos.organization.api.dto.LoginSummary	interno	classes
br.com.sawcunhaos.organization.api.dto.LoginSummary$LoginSummaryBuilder	br.com.sawcunhaos.organization.api.dto.LoginType	interno	classes
br.com.sawcunhaos.organization.api.dto.LoginSummary$LoginSummaryBuilder	com.fasterxml.jackson.annotation.JsonProperty	externo	jackson-annotations-2.22.jar
br.com.sawcunhaos.organization.api.dto.LoginSummary$LoginSummaryBuilder	java.lang.Long	jdk	java.base
br.com.sawcunhaos.organization.api.dto.LoginSummary$LoginSummaryBuilder	java.lang.Object	jdk	java.base
br.com.sawcunhaos.organization.api.dto.LoginSummary$LoginSummaryBuilder	java.lang.String	jdk	java.base
br.com.sawcunhaos.organization.api.dto.LoginSummary$LoginSummaryBuilder	java.lang.invoke.CallSite	jdk	java.base
br.com.sawcunhaos.organization.api.dto.LoginSummary$LoginSummaryBuilder	java.lang.invoke.MethodHandles	jdk	java.base
br.com.sawcunhaos.organization.api.dto.LoginSummary$LoginSummaryBuilder	java.lang.invoke.MethodHandles$Lookup	jdk	java.base
br.com.sawcunhaos.organization.api.dto.LoginSummary$LoginSummaryBuilder	java.lang.invoke.MethodType	jdk	java.base
br.com.sawcunhaos.organization.api.dto.LoginSummary$LoginSummaryBuilder	java.lang.invoke.StringConcatFactory	jdk	java.base
br.com.sawcunhaos.organization.api.dto.LoginType	com.fasterxml.jackson.annotation.JsonCreator	externo	jackson-annotations-2.22.jar
br.com.sawcunhaos.organization.api.dto.LoginType	com.fasterxml.jackson.annotation.JsonValue	externo	jackson-annotations-2.22.jar
br.com.sawcunhaos.organization.api.dto.LoginType	java.io.Serializable	jdk	java.base
br.com.sawcunhaos.organization.api.dto.LoginType	java.lang.Class	jdk	java.base
br.com.sawcunhaos.organization.api.dto.LoginType	java.lang.Enum	jdk	java.base
br.com.sawcunhaos.organization.api.dto.LoginType	java.lang.IllegalArgumentException	jdk	java.base
br.com.sawcunhaos.organization.api.dto.LoginType	java.lang.Object	jdk	java.base
br.com.sawcunhaos.organization.api.dto.LoginType	java.lang.String	jdk	java.base
br.com.sawcunhaos.organization.api.dto.LoginType	java.lang.System	jdk	java.base
br.com.sawcunhaos.organization.api.dto.LoginType	java.lang.invoke.CallSite	jdk	java.base
br.com.sawcunhaos.organization.api.dto.LoginType	java.lang.invoke.MethodHandles	jdk	java.base
br.com.sawcunhaos.organization.api.dto.LoginType	java.lang.invoke.MethodHandles$Lookup	jdk	java.base
br.com.sawcunhaos.organization.api.dto.LoginType	java.lang.invoke.MethodType	jdk	java.base
br.com.sawcunhaos.organization.api.dto.LoginType	java.lang.invoke.StringConcatFactory	jdk	java.base
br.com.sawcunhaos.organization.api.dto.ModelConfiguration	br.com.sawcunhaos.organization.api.dto.ConfigurationType	interno	classes
br.com.sawcunhaos.organization.api.dto.ModelConfiguration	br.com.sawcunhaos.organization.api.dto.ModelConfiguration$ModelConfigurationBuilder	interno	classes
br.com.sawcunhaos.organization.api.dto.ModelConfiguration	com.fasterxml.jackson.annotation.JsonProperty	externo	jackson-annotations-2.22.jar
br.com.sawcunhaos.organization.api.dto.ModelConfiguration	com.fasterxml.jackson.annotation.JsonTypeName	externo	jackson-annotations-2.22.jar
br.com.sawcunhaos.organization.api.dto.ModelConfiguration	jakarta.validation.Valid	externo	jakarta.validation-api-3.1.1.jar
br.com.sawcunhaos.organization.api.dto.ModelConfiguration	java.io.Serializable	jdk	java.base
br.com.sawcunhaos.organization.api.dto.ModelConfiguration	java.lang.Class	jdk	java.base
br.com.sawcunhaos.organization.api.dto.ModelConfiguration	java.lang.Object	jdk	java.base
br.com.sawcunhaos.organization.api.dto.ModelConfiguration	java.lang.Record	jdk	java.base
br.com.sawcunhaos.organization.api.dto.ModelConfiguration	java.lang.String	jdk	java.base
br.com.sawcunhaos.organization.api.dto.ModelConfiguration	java.lang.invoke.MethodHandle	jdk	java.base
br.com.sawcunhaos.organization.api.dto.ModelConfiguration	java.lang.invoke.MethodHandles	jdk	java.base
br.com.sawcunhaos.organization.api.dto.ModelConfiguration	java.lang.invoke.MethodHandles$Lookup	jdk	java.base
br.com.sawcunhaos.organization.api.dto.ModelConfiguration	java.lang.invoke.TypeDescriptor	jdk	java.base
br.com.sawcunhaos.organization.api.dto.ModelConfiguration	java.lang.runtime.ObjectMethods	jdk	java.base
br.com.sawcunhaos.organization.api.dto.ModelConfiguration$ModelConfigurationBuilder	br.com.sawcunhaos.organization.api.dto.ConfigurationType	interno	classes
br.com.sawcunhaos.organization.api.dto.ModelConfiguration$ModelConfigurationBuilder	br.com.sawcunhaos.organization.api.dto.ModelConfiguration	interno	classes
br.com.sawcunhaos.organization.api.dto.ModelConfiguration$ModelConfigurationBuilder	com.fasterxml.jackson.annotation.JsonProperty	externo	jackson-annotations-2.22.jar
br.com.sawcunhaos.organization.api.dto.ModelConfiguration$ModelConfigurationBuilder	java.lang.Object	jdk	java.base
br.com.sawcunhaos.organization.api.dto.ModelConfiguration$ModelConfigurationBuilder	java.lang.String	jdk	java.base
br.com.sawcunhaos.organization.api.dto.ModelConfiguration$ModelConfigurationBuilder	java.lang.invoke.CallSite	jdk	java.base
br.com.sawcunhaos.organization.api.dto.ModelConfiguration$ModelConfigurationBuilder	java.lang.invoke.MethodHandles	jdk	java.base
br.com.sawcunhaos.organization.api.dto.ModelConfiguration$ModelConfigurationBuilder	java.lang.invoke.MethodHandles$Lookup	jdk	java.base
br.com.sawcunhaos.organization.api.dto.ModelConfiguration$ModelConfigurationBuilder	java.lang.invoke.MethodType	jdk	java.base
br.com.sawcunhaos.organization.api.dto.ModelConfiguration$ModelConfigurationBuilder	java.lang.invoke.StringConcatFactory	jdk	java.base
br.com.sawcunhaos.organization.api.dto.OutboxEvent	br.com.sawcunhaos.organization.api.dto.OutboxEvent$OutboxEventBuilder	interno	classes
br.com.sawcunhaos.organization.api.dto.OutboxEvent	br.com.sawcunhaos.organization.api.dto.OutboxEventStatus	interno	classes
br.com.sawcunhaos.organization.api.dto.OutboxEvent	com.fasterxml.jackson.annotation.JsonProperty	externo	jackson-annotations-2.22.jar
br.com.sawcunhaos.organization.api.dto.OutboxEvent	jakarta.validation.Valid	externo	jakarta.validation-api-3.1.1.jar
br.com.sawcunhaos.organization.api.dto.OutboxEvent	java.io.Serializable	jdk	java.base
br.com.sawcunhaos.organization.api.dto.OutboxEvent	java.lang.Class	jdk	java.base
br.com.sawcunhaos.organization.api.dto.OutboxEvent	java.lang.Integer	jdk	java.base
br.com.sawcunhaos.organization.api.dto.OutboxEvent	java.lang.Long	jdk	java.base
br.com.sawcunhaos.organization.api.dto.OutboxEvent	java.lang.Object	jdk	java.base
br.com.sawcunhaos.organization.api.dto.OutboxEvent	java.lang.Record	jdk	java.base
br.com.sawcunhaos.organization.api.dto.OutboxEvent	java.lang.String	jdk	java.base
br.com.sawcunhaos.organization.api.dto.OutboxEvent	java.lang.invoke.MethodHandle	jdk	java.base
br.com.sawcunhaos.organization.api.dto.OutboxEvent	java.lang.invoke.MethodHandles	jdk	java.base
br.com.sawcunhaos.organization.api.dto.OutboxEvent	java.lang.invoke.MethodHandles$Lookup	jdk	java.base
br.com.sawcunhaos.organization.api.dto.OutboxEvent	java.lang.invoke.TypeDescriptor	jdk	java.base
br.com.sawcunhaos.organization.api.dto.OutboxEvent	java.lang.runtime.ObjectMethods	jdk	java.base
br.com.sawcunhaos.organization.api.dto.OutboxEvent	java.time.OffsetDateTime	jdk	java.base
br.com.sawcunhaos.organization.api.dto.OutboxEvent	org.springframework.format.annotation.DateTimeFormat	externo	spring-context-7.0.9.jar
br.com.sawcunhaos.organization.api.dto.OutboxEvent	org.springframework.format.annotation.DateTimeFormat$ISO	externo	spring-context-7.0.9.jar
br.com.sawcunhaos.organization.api.dto.OutboxEvent$OutboxEventBuilder	br.com.sawcunhaos.organization.api.dto.OutboxEvent	interno	classes
br.com.sawcunhaos.organization.api.dto.OutboxEvent$OutboxEventBuilder	br.com.sawcunhaos.organization.api.dto.OutboxEventStatus	interno	classes
br.com.sawcunhaos.organization.api.dto.OutboxEvent$OutboxEventBuilder	com.fasterxml.jackson.annotation.JsonProperty	externo	jackson-annotations-2.22.jar
br.com.sawcunhaos.organization.api.dto.OutboxEvent$OutboxEventBuilder	java.lang.Integer	jdk	java.base
br.com.sawcunhaos.organization.api.dto.OutboxEvent$OutboxEventBuilder	java.lang.Long	jdk	java.base
br.com.sawcunhaos.organization.api.dto.OutboxEvent$OutboxEventBuilder	java.lang.Object	jdk	java.base
br.com.sawcunhaos.organization.api.dto.OutboxEvent$OutboxEventBuilder	java.lang.String	jdk	java.base
br.com.sawcunhaos.organization.api.dto.OutboxEvent$OutboxEventBuilder	java.lang.invoke.CallSite	jdk	java.base
br.com.sawcunhaos.organization.api.dto.OutboxEvent$OutboxEventBuilder	java.lang.invoke.MethodHandles	jdk	java.base
br.com.sawcunhaos.organization.api.dto.OutboxEvent$OutboxEventBuilder	java.lang.invoke.MethodHandles$Lookup	jdk	java.base
br.com.sawcunhaos.organization.api.dto.OutboxEvent$OutboxEventBuilder	java.lang.invoke.MethodType	jdk	java.base
br.com.sawcunhaos.organization.api.dto.OutboxEvent$OutboxEventBuilder	java.lang.invoke.StringConcatFactory	jdk	java.base
br.com.sawcunhaos.organization.api.dto.OutboxEvent$OutboxEventBuilder	java.time.OffsetDateTime	jdk	java.base
br.com.sawcunhaos.organization.api.dto.OutboxEventDeadLetter	br.com.sawcunhaos.organization.api.dto.OutboxEventDeadLetter$OutboxEventDeadLetterBuilder	interno	classes
br.com.sawcunhaos.organization.api.dto.OutboxEventDeadLetter	com.fasterxml.jackson.annotation.JsonProperty	externo	jackson-annotations-2.22.jar
br.com.sawcunhaos.organization.api.dto.OutboxEventDeadLetter	jakarta.validation.Valid	externo	jakarta.validation-api-3.1.1.jar
br.com.sawcunhaos.organization.api.dto.OutboxEventDeadLetter	java.io.Serializable	jdk	java.base
br.com.sawcunhaos.organization.api.dto.OutboxEventDeadLetter	java.lang.Class	jdk	java.base
br.com.sawcunhaos.organization.api.dto.OutboxEventDeadLetter	java.lang.Integer	jdk	java.base
br.com.sawcunhaos.organization.api.dto.OutboxEventDeadLetter	java.lang.Long	jdk	java.base
br.com.sawcunhaos.organization.api.dto.OutboxEventDeadLetter	java.lang.Object	jdk	java.base
br.com.sawcunhaos.organization.api.dto.OutboxEventDeadLetter	java.lang.Record	jdk	java.base
br.com.sawcunhaos.organization.api.dto.OutboxEventDeadLetter	java.lang.String	jdk	java.base
br.com.sawcunhaos.organization.api.dto.OutboxEventDeadLetter	java.lang.invoke.MethodHandle	jdk	java.base
br.com.sawcunhaos.organization.api.dto.OutboxEventDeadLetter	java.lang.invoke.MethodHandles	jdk	java.base
br.com.sawcunhaos.organization.api.dto.OutboxEventDeadLetter	java.lang.invoke.MethodHandles$Lookup	jdk	java.base
br.com.sawcunhaos.organization.api.dto.OutboxEventDeadLetter	java.lang.invoke.TypeDescriptor	jdk	java.base
br.com.sawcunhaos.organization.api.dto.OutboxEventDeadLetter	java.lang.runtime.ObjectMethods	jdk	java.base
br.com.sawcunhaos.organization.api.dto.OutboxEventDeadLetter	java.time.OffsetDateTime	jdk	java.base
br.com.sawcunhaos.organization.api.dto.OutboxEventDeadLetter	org.springframework.format.annotation.DateTimeFormat	externo	spring-context-7.0.9.jar
br.com.sawcunhaos.organization.api.dto.OutboxEventDeadLetter	org.springframework.format.annotation.DateTimeFormat$ISO	externo	spring-context-7.0.9.jar
br.com.sawcunhaos.organization.api.dto.OutboxEventDeadLetter$OutboxEventDeadLetterBuilder	br.com.sawcunhaos.organization.api.dto.OutboxEventDeadLetter	interno	classes
br.com.sawcunhaos.organization.api.dto.OutboxEventDeadLetter$OutboxEventDeadLetterBuilder	com.fasterxml.jackson.annotation.JsonProperty	externo	jackson-annotations-2.22.jar
br.com.sawcunhaos.organization.api.dto.OutboxEventDeadLetter$OutboxEventDeadLetterBuilder	java.lang.Integer	jdk	java.base
br.com.sawcunhaos.organization.api.dto.OutboxEventDeadLetter$OutboxEventDeadLetterBuilder	java.lang.Long	jdk	java.base
br.com.sawcunhaos.organization.api.dto.OutboxEventDeadLetter$OutboxEventDeadLetterBuilder	java.lang.Object	jdk	java.base
br.com.sawcunhaos.organization.api.dto.OutboxEventDeadLetter$OutboxEventDeadLetterBuilder	java.lang.String	jdk	java.base
br.com.sawcunhaos.organization.api.dto.OutboxEventDeadLetter$OutboxEventDeadLetterBuilder	java.lang.invoke.CallSite	jdk	java.base
br.com.sawcunhaos.organization.api.dto.OutboxEventDeadLetter$OutboxEventDeadLetterBuilder	java.lang.invoke.MethodHandles	jdk	java.base
br.com.sawcunhaos.organization.api.dto.OutboxEventDeadLetter$OutboxEventDeadLetterBuilder	java.lang.invoke.MethodHandles$Lookup	jdk	java.base
br.com.sawcunhaos.organization.api.dto.OutboxEventDeadLetter$OutboxEventDeadLetterBuilder	java.lang.invoke.MethodType	jdk	java.base
br.com.sawcunhaos.organization.api.dto.OutboxEventDeadLetter$OutboxEventDeadLetterBuilder	java.lang.invoke.StringConcatFactory	jdk	java.base
br.com.sawcunhaos.organization.api.dto.OutboxEventDeadLetter$OutboxEventDeadLetterBuilder	java.time.OffsetDateTime	jdk	java.base
br.com.sawcunhaos.organization.api.dto.OutboxEventLog	br.com.sawcunhaos.organization.api.dto.OutboxEventLog$OutboxEventLogBuilder	interno	classes
br.com.sawcunhaos.organization.api.dto.OutboxEventLog	com.fasterxml.jackson.annotation.JsonProperty	externo	jackson-annotations-2.22.jar
br.com.sawcunhaos.organization.api.dto.OutboxEventLog	jakarta.validation.Valid	externo	jakarta.validation-api-3.1.1.jar
br.com.sawcunhaos.organization.api.dto.OutboxEventLog	java.io.Serializable	jdk	java.base
br.com.sawcunhaos.organization.api.dto.OutboxEventLog	java.lang.Boolean	jdk	java.base
br.com.sawcunhaos.organization.api.dto.OutboxEventLog	java.lang.Class	jdk	java.base
br.com.sawcunhaos.organization.api.dto.OutboxEventLog	java.lang.Long	jdk	java.base
br.com.sawcunhaos.organization.api.dto.OutboxEventLog	java.lang.Object	jdk	java.base
br.com.sawcunhaos.organization.api.dto.OutboxEventLog	java.lang.Record	jdk	java.base
br.com.sawcunhaos.organization.api.dto.OutboxEventLog	java.lang.String	jdk	java.base
br.com.sawcunhaos.organization.api.dto.OutboxEventLog	java.lang.invoke.MethodHandle	jdk	java.base
br.com.sawcunhaos.organization.api.dto.OutboxEventLog	java.lang.invoke.MethodHandles	jdk	java.base
br.com.sawcunhaos.organization.api.dto.OutboxEventLog	java.lang.invoke.MethodHandles$Lookup	jdk	java.base
br.com.sawcunhaos.organization.api.dto.OutboxEventLog	java.lang.invoke.TypeDescriptor	jdk	java.base
br.com.sawcunhaos.organization.api.dto.OutboxEventLog	java.lang.runtime.ObjectMethods	jdk	java.base
br.com.sawcunhaos.organization.api.dto.OutboxEventLog	java.time.OffsetDateTime	jdk	java.base
br.com.sawcunhaos.organization.api.dto.OutboxEventLog	org.springframework.format.annotation.DateTimeFormat	externo	spring-context-7.0.9.jar
br.com.sawcunhaos.organization.api.dto.OutboxEventLog	org.springframework.format.annotation.DateTimeFormat$ISO	externo	spring-context-7.0.9.jar
br.com.sawcunhaos.organization.api.dto.OutboxEventLog$OutboxEventLogBuilder	br.com.sawcunhaos.organization.api.dto.OutboxEventLog	interno	classes
br.com.sawcunhaos.organization.api.dto.OutboxEventLog$OutboxEventLogBuilder	com.fasterxml.jackson.annotation.JsonProperty	externo	jackson-annotations-2.22.jar
br.com.sawcunhaos.organization.api.dto.OutboxEventLog$OutboxEventLogBuilder	java.lang.Boolean	jdk	java.base
br.com.sawcunhaos.organization.api.dto.OutboxEventLog$OutboxEventLogBuilder	java.lang.Long	jdk	java.base
br.com.sawcunhaos.organization.api.dto.OutboxEventLog$OutboxEventLogBuilder	java.lang.Object	jdk	java.base
br.com.sawcunhaos.organization.api.dto.OutboxEventLog$OutboxEventLogBuilder	java.lang.String	jdk	java.base
br.com.sawcunhaos.organization.api.dto.OutboxEventLog$OutboxEventLogBuilder	java.lang.invoke.CallSite	jdk	java.base
br.com.sawcunhaos.organization.api.dto.OutboxEventLog$OutboxEventLogBuilder	java.lang.invoke.MethodHandles	jdk	java.base
br.com.sawcunhaos.organization.api.dto.OutboxEventLog$OutboxEventLogBuilder	java.lang.invoke.MethodHandles$Lookup	jdk	java.base
br.com.sawcunhaos.organization.api.dto.OutboxEventLog$OutboxEventLogBuilder	java.lang.invoke.MethodType	jdk	java.base
br.com.sawcunhaos.organization.api.dto.OutboxEventLog$OutboxEventLogBuilder	java.lang.invoke.StringConcatFactory	jdk	java.base
br.com.sawcunhaos.organization.api.dto.OutboxEventLog$OutboxEventLogBuilder	java.time.OffsetDateTime	jdk	java.base
br.com.sawcunhaos.organization.api.dto.OutboxEventStatus	com.fasterxml.jackson.annotation.JsonCreator	externo	jackson-annotations-2.22.jar
br.com.sawcunhaos.organization.api.dto.OutboxEventStatus	com.fasterxml.jackson.annotation.JsonValue	externo	jackson-annotations-2.22.jar
br.com.sawcunhaos.organization.api.dto.OutboxEventStatus	java.io.Serializable	jdk	java.base
br.com.sawcunhaos.organization.api.dto.OutboxEventStatus	java.lang.Class	jdk	java.base
br.com.sawcunhaos.organization.api.dto.OutboxEventStatus	java.lang.Enum	jdk	java.base
br.com.sawcunhaos.organization.api.dto.OutboxEventStatus	java.lang.IllegalArgumentException	jdk	java.base
br.com.sawcunhaos.organization.api.dto.OutboxEventStatus	java.lang.Object	jdk	java.base
br.com.sawcunhaos.organization.api.dto.OutboxEventStatus	java.lang.String	jdk	java.base
br.com.sawcunhaos.organization.api.dto.OutboxEventStatus	java.lang.System	jdk	java.base
br.com.sawcunhaos.organization.api.dto.OutboxEventStatus	java.lang.invoke.CallSite	jdk	java.base
br.com.sawcunhaos.organization.api.dto.OutboxEventStatus	java.lang.invoke.MethodHandles	jdk	java.base
br.com.sawcunhaos.organization.api.dto.OutboxEventStatus	java.lang.invoke.MethodHandles$Lookup	jdk	java.base
br.com.sawcunhaos.organization.api.dto.OutboxEventStatus	java.lang.invoke.MethodType	jdk	java.base
br.com.sawcunhaos.organization.api.dto.OutboxEventStatus	java.lang.invoke.StringConcatFactory	jdk	java.base
br.com.sawcunhaos.organization.api.dto.OutboxTopic	br.com.sawcunhaos.organization.api.dto.OutboxTopic$OutboxTopicBuilder	interno	classes
br.com.sawcunhaos.organization.api.dto.OutboxTopic	br.com.sawcunhaos.organization.api.dto.OutboxTopicBackend	interno	classes
br.com.sawcunhaos.organization.api.dto.OutboxTopic	com.fasterxml.jackson.annotation.JsonProperty	externo	jackson-annotations-2.22.jar
br.com.sawcunhaos.organization.api.dto.OutboxTopic	jakarta.validation.Valid	externo	jakarta.validation-api-3.1.1.jar
br.com.sawcunhaos.organization.api.dto.OutboxTopic	java.io.Serializable	jdk	java.base
br.com.sawcunhaos.organization.api.dto.OutboxTopic	java.lang.Boolean	jdk	java.base
br.com.sawcunhaos.organization.api.dto.OutboxTopic	java.lang.Class	jdk	java.base
br.com.sawcunhaos.organization.api.dto.OutboxTopic	java.lang.Integer	jdk	java.base
br.com.sawcunhaos.organization.api.dto.OutboxTopic	java.lang.Object	jdk	java.base
br.com.sawcunhaos.organization.api.dto.OutboxTopic	java.lang.Record	jdk	java.base
br.com.sawcunhaos.organization.api.dto.OutboxTopic	java.lang.String	jdk	java.base
br.com.sawcunhaos.organization.api.dto.OutboxTopic	java.lang.invoke.MethodHandle	jdk	java.base
br.com.sawcunhaos.organization.api.dto.OutboxTopic	java.lang.invoke.MethodHandles	jdk	java.base
br.com.sawcunhaos.organization.api.dto.OutboxTopic	java.lang.invoke.MethodHandles$Lookup	jdk	java.base
br.com.sawcunhaos.organization.api.dto.OutboxTopic	java.lang.invoke.TypeDescriptor	jdk	java.base
br.com.sawcunhaos.organization.api.dto.OutboxTopic	java.lang.runtime.ObjectMethods	jdk	java.base
br.com.sawcunhaos.organization.api.dto.OutboxTopic	java.time.OffsetDateTime	jdk	java.base
br.com.sawcunhaos.organization.api.dto.OutboxTopic	org.springframework.format.annotation.DateTimeFormat	externo	spring-context-7.0.9.jar
br.com.sawcunhaos.organization.api.dto.OutboxTopic	org.springframework.format.annotation.DateTimeFormat$ISO	externo	spring-context-7.0.9.jar
br.com.sawcunhaos.organization.api.dto.OutboxTopic	org.springframework.lang.Nullable	externo	spring-core-7.0.9.jar
br.com.sawcunhaos.organization.api.dto.OutboxTopic$OutboxTopicBuilder	br.com.sawcunhaos.organization.api.dto.OutboxTopic	interno	classes
br.com.sawcunhaos.organization.api.dto.OutboxTopic$OutboxTopicBuilder	br.com.sawcunhaos.organization.api.dto.OutboxTopicBackend	interno	classes
br.com.sawcunhaos.organization.api.dto.OutboxTopic$OutboxTopicBuilder	com.fasterxml.jackson.annotation.JsonProperty	externo	jackson-annotations-2.22.jar
br.com.sawcunhaos.organization.api.dto.OutboxTopic$OutboxTopicBuilder	java.lang.Boolean	jdk	java.base
br.com.sawcunhaos.organization.api.dto.OutboxTopic$OutboxTopicBuilder	java.lang.Integer	jdk	java.base
br.com.sawcunhaos.organization.api.dto.OutboxTopic$OutboxTopicBuilder	java.lang.Object	jdk	java.base
br.com.sawcunhaos.organization.api.dto.OutboxTopic$OutboxTopicBuilder	java.lang.String	jdk	java.base
br.com.sawcunhaos.organization.api.dto.OutboxTopic$OutboxTopicBuilder	java.lang.invoke.CallSite	jdk	java.base
br.com.sawcunhaos.organization.api.dto.OutboxTopic$OutboxTopicBuilder	java.lang.invoke.MethodHandles	jdk	java.base
br.com.sawcunhaos.organization.api.dto.OutboxTopic$OutboxTopicBuilder	java.lang.invoke.MethodHandles$Lookup	jdk	java.base
br.com.sawcunhaos.organization.api.dto.OutboxTopic$OutboxTopicBuilder	java.lang.invoke.MethodType	jdk	java.base
br.com.sawcunhaos.organization.api.dto.OutboxTopic$OutboxTopicBuilder	java.lang.invoke.StringConcatFactory	jdk	java.base
br.com.sawcunhaos.organization.api.dto.OutboxTopic$OutboxTopicBuilder	java.time.OffsetDateTime	jdk	java.base
br.com.sawcunhaos.organization.api.dto.OutboxTopic$OutboxTopicBuilder	org.springframework.lang.Nullable	externo	spring-core-7.0.9.jar
br.com.sawcunhaos.organization.api.dto.OutboxTopicBackend	com.fasterxml.jackson.annotation.JsonCreator	externo	jackson-annotations-2.22.jar
br.com.sawcunhaos.organization.api.dto.OutboxTopicBackend	com.fasterxml.jackson.annotation.JsonValue	externo	jackson-annotations-2.22.jar
br.com.sawcunhaos.organization.api.dto.OutboxTopicBackend	java.io.Serializable	jdk	java.base
br.com.sawcunhaos.organization.api.dto.OutboxTopicBackend	java.lang.Class	jdk	java.base
br.com.sawcunhaos.organization.api.dto.OutboxTopicBackend	java.lang.Enum	jdk	java.base
br.com.sawcunhaos.organization.api.dto.OutboxTopicBackend	java.lang.IllegalArgumentException	jdk	java.base
br.com.sawcunhaos.organization.api.dto.OutboxTopicBackend	java.lang.Object	jdk	java.base
br.com.sawcunhaos.organization.api.dto.OutboxTopicBackend	java.lang.String	jdk	java.base
br.com.sawcunhaos.organization.api.dto.OutboxTopicBackend	java.lang.System	jdk	java.base
br.com.sawcunhaos.organization.api.dto.OutboxTopicBackend	java.lang.invoke.CallSite	jdk	java.base
br.com.sawcunhaos.organization.api.dto.OutboxTopicBackend	java.lang.invoke.MethodHandles	jdk	java.base
br.com.sawcunhaos.organization.api.dto.OutboxTopicBackend	java.lang.invoke.MethodHandles$Lookup	jdk	java.base
br.com.sawcunhaos.organization.api.dto.OutboxTopicBackend	java.lang.invoke.MethodType	jdk	java.base
br.com.sawcunhaos.organization.api.dto.OutboxTopicBackend	java.lang.invoke.StringConcatFactory	jdk	java.base
br.com.sawcunhaos.organization.api.dto.PaginationFilter	br.com.sawcunhaos.organization.api.dto.Direction	interno	classes
br.com.sawcunhaos.organization.api.dto.PaginationFilter	br.com.sawcunhaos.organization.api.dto.PaginationFilter$PaginationFilterBuilder	interno	classes
br.com.sawcunhaos.organization.api.dto.PaginationFilter	com.fasterxml.jackson.annotation.JsonProperty	externo	jackson-annotations-2.22.jar
br.com.sawcunhaos.organization.api.dto.PaginationFilter	jakarta.validation.Valid	externo	jakarta.validation-api-3.1.1.jar
br.com.sawcunhaos.organization.api.dto.PaginationFilter	jakarta.validation.constraints.Max	externo	jakarta.validation-api-3.1.1.jar
br.com.sawcunhaos.organization.api.dto.PaginationFilter	jakarta.validation.constraints.Min	externo	jakarta.validation-api-3.1.1.jar
br.com.sawcunhaos.organization.api.dto.PaginationFilter	java.io.Serializable	jdk	java.base
br.com.sawcunhaos.organization.api.dto.PaginationFilter	java.lang.Class	jdk	java.base
br.com.sawcunhaos.organization.api.dto.PaginationFilter	java.lang.Integer	jdk	java.base
br.com.sawcunhaos.organization.api.dto.PaginationFilter	java.lang.Object	jdk	java.base
br.com.sawcunhaos.organization.api.dto.PaginationFilter	java.lang.Record	jdk	java.base
br.com.sawcunhaos.organization.api.dto.PaginationFilter	java.lang.String	jdk	java.base
br.com.sawcunhaos.organization.api.dto.PaginationFilter	java.lang.invoke.MethodHandle	jdk	java.base
br.com.sawcunhaos.organization.api.dto.PaginationFilter	java.lang.invoke.MethodHandles	jdk	java.base
br.com.sawcunhaos.organization.api.dto.PaginationFilter	java.lang.invoke.MethodHandles$Lookup	jdk	java.base
br.com.sawcunhaos.organization.api.dto.PaginationFilter	java.lang.invoke.TypeDescriptor	jdk	java.base
br.com.sawcunhaos.organization.api.dto.PaginationFilter	java.lang.runtime.ObjectMethods	jdk	java.base
br.com.sawcunhaos.organization.api.dto.PaginationFilter$PaginationFilterBuilder	br.com.sawcunhaos.organization.api.dto.Direction	interno	classes
br.com.sawcunhaos.organization.api.dto.PaginationFilter$PaginationFilterBuilder	br.com.sawcunhaos.organization.api.dto.PaginationFilter	interno	classes
br.com.sawcunhaos.organization.api.dto.PaginationFilter$PaginationFilterBuilder	com.fasterxml.jackson.annotation.JsonProperty	externo	jackson-annotations-2.22.jar
br.com.sawcunhaos.organization.api.dto.PaginationFilter$PaginationFilterBuilder	java.lang.Integer	jdk	java.base
br.com.sawcunhaos.organization.api.dto.PaginationFilter$PaginationFilterBuilder	java.lang.Object	jdk	java.base
br.com.sawcunhaos.organization.api.dto.PaginationFilter$PaginationFilterBuilder	java.lang.String	jdk	java.base
br.com.sawcunhaos.organization.api.dto.PaginationFilter$PaginationFilterBuilder	java.lang.invoke.CallSite	jdk	java.base
br.com.sawcunhaos.organization.api.dto.PaginationFilter$PaginationFilterBuilder	java.lang.invoke.MethodHandles	jdk	java.base
br.com.sawcunhaos.organization.api.dto.PaginationFilter$PaginationFilterBuilder	java.lang.invoke.MethodHandles$Lookup	jdk	java.base
br.com.sawcunhaos.organization.api.dto.PaginationFilter$PaginationFilterBuilder	java.lang.invoke.MethodType	jdk	java.base
br.com.sawcunhaos.organization.api.dto.PaginationFilter$PaginationFilterBuilder	java.lang.invoke.StringConcatFactory	jdk	java.base
br.com.sawcunhaos.organization.api.dto.ParentCompany	br.com.sawcunhaos.organization.api.dto.ParentCompany$ParentCompanyBuilder	interno	classes
br.com.sawcunhaos.organization.api.dto.ParentCompany	com.fasterxml.jackson.annotation.JsonProperty	externo	jackson-annotations-2.22.jar
br.com.sawcunhaos.organization.api.dto.ParentCompany	java.io.Serializable	jdk	java.base
br.com.sawcunhaos.organization.api.dto.ParentCompany	java.lang.Class	jdk	java.base
br.com.sawcunhaos.organization.api.dto.ParentCompany	java.lang.Long	jdk	java.base
br.com.sawcunhaos.organization.api.dto.ParentCompany	java.lang.Object	jdk	java.base
br.com.sawcunhaos.organization.api.dto.ParentCompany	java.lang.Record	jdk	java.base
br.com.sawcunhaos.organization.api.dto.ParentCompany	java.lang.String	jdk	java.base
br.com.sawcunhaos.organization.api.dto.ParentCompany	java.lang.invoke.MethodHandle	jdk	java.base
br.com.sawcunhaos.organization.api.dto.ParentCompany	java.lang.invoke.MethodHandles	jdk	java.base
br.com.sawcunhaos.organization.api.dto.ParentCompany	java.lang.invoke.MethodHandles$Lookup	jdk	java.base
br.com.sawcunhaos.organization.api.dto.ParentCompany	java.lang.invoke.TypeDescriptor	jdk	java.base
br.com.sawcunhaos.organization.api.dto.ParentCompany	java.lang.runtime.ObjectMethods	jdk	java.base
br.com.sawcunhaos.organization.api.dto.ParentCompany$ParentCompanyBuilder	br.com.sawcunhaos.organization.api.dto.ParentCompany	interno	classes
br.com.sawcunhaos.organization.api.dto.ParentCompany$ParentCompanyBuilder	com.fasterxml.jackson.annotation.JsonProperty	externo	jackson-annotations-2.22.jar
br.com.sawcunhaos.organization.api.dto.ParentCompany$ParentCompanyBuilder	java.lang.Long	jdk	java.base
br.com.sawcunhaos.organization.api.dto.ParentCompany$ParentCompanyBuilder	java.lang.Object	jdk	java.base
br.com.sawcunhaos.organization.api.dto.ParentCompany$ParentCompanyBuilder	java.lang.String	jdk	java.base
br.com.sawcunhaos.organization.api.dto.ParentCompany$ParentCompanyBuilder	java.lang.invoke.CallSite	jdk	java.base
br.com.sawcunhaos.organization.api.dto.ParentCompany$ParentCompanyBuilder	java.lang.invoke.MethodHandles	jdk	java.base
br.com.sawcunhaos.organization.api.dto.ParentCompany$ParentCompanyBuilder	java.lang.invoke.MethodHandles$Lookup	jdk	java.base
br.com.sawcunhaos.organization.api.dto.ParentCompany$ParentCompanyBuilder	java.lang.invoke.MethodType	jdk	java.base
br.com.sawcunhaos.organization.api.dto.ParentCompany$ParentCompanyBuilder	java.lang.invoke.StringConcatFactory	jdk	java.base
br.com.sawcunhaos.organization.api.dto.Position	br.com.sawcunhaos.organization.api.dto.Department	interno	classes
br.com.sawcunhaos.organization.api.dto.Position	br.com.sawcunhaos.organization.api.dto.Position$PositionBuilder	interno	classes
br.com.sawcunhaos.organization.api.dto.Position	com.fasterxml.jackson.annotation.JsonProperty	externo	jackson-annotations-2.22.jar
br.com.sawcunhaos.organization.api.dto.Position	jakarta.validation.Valid	externo	jakarta.validation-api-3.1.1.jar
br.com.sawcunhaos.organization.api.dto.Position	java.io.Serializable	jdk	java.base
br.com.sawcunhaos.organization.api.dto.Position	java.lang.Boolean	jdk	java.base
br.com.sawcunhaos.organization.api.dto.Position	java.lang.Class	jdk	java.base
br.com.sawcunhaos.organization.api.dto.Position	java.lang.Long	jdk	java.base
br.com.sawcunhaos.organization.api.dto.Position	java.lang.Object	jdk	java.base
br.com.sawcunhaos.organization.api.dto.Position	java.lang.Record	jdk	java.base
br.com.sawcunhaos.organization.api.dto.Position	java.lang.String	jdk	java.base
br.com.sawcunhaos.organization.api.dto.Position	java.lang.invoke.MethodHandle	jdk	java.base
br.com.sawcunhaos.organization.api.dto.Position	java.lang.invoke.MethodHandles	jdk	java.base
br.com.sawcunhaos.organization.api.dto.Position	java.lang.invoke.MethodHandles$Lookup	jdk	java.base
br.com.sawcunhaos.organization.api.dto.Position	java.lang.invoke.TypeDescriptor	jdk	java.base
br.com.sawcunhaos.organization.api.dto.Position	java.lang.runtime.ObjectMethods	jdk	java.base
br.com.sawcunhaos.organization.api.dto.Position$PositionBuilder	br.com.sawcunhaos.organization.api.dto.Department	interno	classes
br.com.sawcunhaos.organization.api.dto.Position$PositionBuilder	br.com.sawcunhaos.organization.api.dto.Position	interno	classes
br.com.sawcunhaos.organization.api.dto.Position$PositionBuilder	com.fasterxml.jackson.annotation.JsonProperty	externo	jackson-annotations-2.22.jar
br.com.sawcunhaos.organization.api.dto.Position$PositionBuilder	java.lang.Boolean	jdk	java.base
br.com.sawcunhaos.organization.api.dto.Position$PositionBuilder	java.lang.Long	jdk	java.base
br.com.sawcunhaos.organization.api.dto.Position$PositionBuilder	java.lang.Object	jdk	java.base
br.com.sawcunhaos.organization.api.dto.Position$PositionBuilder	java.lang.String	jdk	java.base
br.com.sawcunhaos.organization.api.dto.Position$PositionBuilder	java.lang.invoke.CallSite	jdk	java.base
br.com.sawcunhaos.organization.api.dto.Position$PositionBuilder	java.lang.invoke.MethodHandles	jdk	java.base
br.com.sawcunhaos.organization.api.dto.Position$PositionBuilder	java.lang.invoke.MethodHandles$Lookup	jdk	java.base
br.com.sawcunhaos.organization.api.dto.Position$PositionBuilder	java.lang.invoke.MethodType	jdk	java.base
br.com.sawcunhaos.organization.api.dto.Position$PositionBuilder	java.lang.invoke.StringConcatFactory	jdk	java.base
br.com.sawcunhaos.organization.api.dto.PositionWorkSchedule	br.com.sawcunhaos.organization.api.dto.DayOfWeek	interno	classes
br.com.sawcunhaos.organization.api.dto.PositionWorkSchedule	br.com.sawcunhaos.organization.api.dto.PositionWorkSchedule$PositionWorkScheduleBuilder	interno	classes
br.com.sawcunhaos.organization.api.dto.PositionWorkSchedule	com.fasterxml.jackson.annotation.JsonProperty	externo	jackson-annotations-2.22.jar
br.com.sawcunhaos.organization.api.dto.PositionWorkSchedule	jakarta.validation.Valid	externo	jakarta.validation-api-3.1.1.jar
br.com.sawcunhaos.organization.api.dto.PositionWorkSchedule	java.io.Serializable	jdk	java.base
br.com.sawcunhaos.organization.api.dto.PositionWorkSchedule	java.lang.Class	jdk	java.base
br.com.sawcunhaos.organization.api.dto.PositionWorkSchedule	java.lang.Object	jdk	java.base
br.com.sawcunhaos.organization.api.dto.PositionWorkSchedule	java.lang.Record	jdk	java.base
br.com.sawcunhaos.organization.api.dto.PositionWorkSchedule	java.lang.String	jdk	java.base
br.com.sawcunhaos.organization.api.dto.PositionWorkSchedule	java.lang.invoke.MethodHandle	jdk	java.base
br.com.sawcunhaos.organization.api.dto.PositionWorkSchedule	java.lang.invoke.MethodHandles	jdk	java.base
br.com.sawcunhaos.organization.api.dto.PositionWorkSchedule	java.lang.invoke.MethodHandles$Lookup	jdk	java.base
br.com.sawcunhaos.organization.api.dto.PositionWorkSchedule	java.lang.invoke.TypeDescriptor	jdk	java.base
br.com.sawcunhaos.organization.api.dto.PositionWorkSchedule	java.lang.runtime.ObjectMethods	jdk	java.base
br.com.sawcunhaos.organization.api.dto.PositionWorkSchedule	java.time.LocalTime	jdk	java.base
br.com.sawcunhaos.organization.api.dto.PositionWorkSchedule$PositionWorkScheduleBuilder	br.com.sawcunhaos.organization.api.dto.DayOfWeek	interno	classes
br.com.sawcunhaos.organization.api.dto.PositionWorkSchedule$PositionWorkScheduleBuilder	br.com.sawcunhaos.organization.api.dto.PositionWorkSchedule	interno	classes
br.com.sawcunhaos.organization.api.dto.PositionWorkSchedule$PositionWorkScheduleBuilder	com.fasterxml.jackson.annotation.JsonProperty	externo	jackson-annotations-2.22.jar
br.com.sawcunhaos.organization.api.dto.PositionWorkSchedule$PositionWorkScheduleBuilder	java.lang.Object	jdk	java.base
br.com.sawcunhaos.organization.api.dto.PositionWorkSchedule$PositionWorkScheduleBuilder	java.lang.String	jdk	java.base
br.com.sawcunhaos.organization.api.dto.PositionWorkSchedule$PositionWorkScheduleBuilder	java.lang.invoke.CallSite	jdk	java.base
br.com.sawcunhaos.organization.api.dto.PositionWorkSchedule$PositionWorkScheduleBuilder	java.lang.invoke.MethodHandles	jdk	java.base
br.com.sawcunhaos.organization.api.dto.PositionWorkSchedule$PositionWorkScheduleBuilder	java.lang.invoke.MethodHandles$Lookup	jdk	java.base
br.com.sawcunhaos.organization.api.dto.PositionWorkSchedule$PositionWorkScheduleBuilder	java.lang.invoke.MethodType	jdk	java.base
br.com.sawcunhaos.organization.api.dto.PositionWorkSchedule$PositionWorkScheduleBuilder	java.lang.invoke.StringConcatFactory	jdk	java.base
br.com.sawcunhaos.organization.api.dto.PositionWorkSchedule$PositionWorkScheduleBuilder	java.time.LocalTime	jdk	java.base
br.com.sawcunhaos.organization.api.dto.Profile	br.com.sawcunhaos.organization.api.dto.Profile$ProfileBuilder	interno	classes
br.com.sawcunhaos.organization.api.dto.Profile	br.com.sawcunhaos.organization.api.dto.ResourceSummary	interno	classes
br.com.sawcunhaos.organization.api.dto.Profile	com.fasterxml.jackson.annotation.JsonProperty	externo	jackson-annotations-2.22.jar
br.com.sawcunhaos.organization.api.dto.Profile	jakarta.validation.Valid	externo	jakarta.validation-api-3.1.1.jar
br.com.sawcunhaos.organization.api.dto.Profile	java.io.Serializable	jdk	java.base
br.com.sawcunhaos.organization.api.dto.Profile	java.lang.Boolean	jdk	java.base
br.com.sawcunhaos.organization.api.dto.Profile	java.lang.Class	jdk	java.base
br.com.sawcunhaos.organization.api.dto.Profile	java.lang.Long	jdk	java.base
br.com.sawcunhaos.organization.api.dto.Profile	java.lang.Object	jdk	java.base
br.com.sawcunhaos.organization.api.dto.Profile	java.lang.Record	jdk	java.base
br.com.sawcunhaos.organization.api.dto.Profile	java.lang.String	jdk	java.base
br.com.sawcunhaos.organization.api.dto.Profile	java.lang.invoke.MethodHandle	jdk	java.base
br.com.sawcunhaos.organization.api.dto.Profile	java.lang.invoke.MethodHandles	jdk	java.base
br.com.sawcunhaos.organization.api.dto.Profile	java.lang.invoke.MethodHandles$Lookup	jdk	java.base
br.com.sawcunhaos.organization.api.dto.Profile	java.lang.invoke.TypeDescriptor	jdk	java.base
br.com.sawcunhaos.organization.api.dto.Profile	java.lang.runtime.ObjectMethods	jdk	java.base
br.com.sawcunhaos.organization.api.dto.Profile	java.util.List	jdk	java.base
br.com.sawcunhaos.organization.api.dto.Profile$ProfileBuilder	br.com.sawcunhaos.organization.api.dto.Profile	interno	classes
br.com.sawcunhaos.organization.api.dto.Profile$ProfileBuilder	br.com.sawcunhaos.organization.api.dto.ResourceSummary	interno	classes
br.com.sawcunhaos.organization.api.dto.Profile$ProfileBuilder	com.fasterxml.jackson.annotation.JsonProperty	externo	jackson-annotations-2.22.jar
br.com.sawcunhaos.organization.api.dto.Profile$ProfileBuilder	java.lang.Boolean	jdk	java.base
br.com.sawcunhaos.organization.api.dto.Profile$ProfileBuilder	java.lang.Long	jdk	java.base
br.com.sawcunhaos.organization.api.dto.Profile$ProfileBuilder	java.lang.Object	jdk	java.base
br.com.sawcunhaos.organization.api.dto.Profile$ProfileBuilder	java.lang.String	jdk	java.base
br.com.sawcunhaos.organization.api.dto.Profile$ProfileBuilder	java.lang.invoke.CallSite	jdk	java.base
br.com.sawcunhaos.organization.api.dto.Profile$ProfileBuilder	java.lang.invoke.MethodHandles	jdk	java.base
br.com.sawcunhaos.organization.api.dto.Profile$ProfileBuilder	java.lang.invoke.MethodHandles$Lookup	jdk	java.base
br.com.sawcunhaos.organization.api.dto.Profile$ProfileBuilder	java.lang.invoke.MethodType	jdk	java.base
br.com.sawcunhaos.organization.api.dto.Profile$ProfileBuilder	java.lang.invoke.StringConcatFactory	jdk	java.base
br.com.sawcunhaos.organization.api.dto.Profile$ProfileBuilder	java.util.List	jdk	java.base
br.com.sawcunhaos.organization.api.dto.ProfileSummary	br.com.sawcunhaos.organization.api.dto.ProfileSummary$ProfileSummaryBuilder	interno	classes
br.com.sawcunhaos.organization.api.dto.ProfileSummary	com.fasterxml.jackson.annotation.JsonProperty	externo	jackson-annotations-2.22.jar
br.com.sawcunhaos.organization.api.dto.ProfileSummary	java.io.Serializable	jdk	java.base
br.com.sawcunhaos.organization.api.dto.ProfileSummary	java.lang.Class	jdk	java.base
br.com.sawcunhaos.organization.api.dto.ProfileSummary	java.lang.Long	jdk	java.base
br.com.sawcunhaos.organization.api.dto.ProfileSummary	java.lang.Object	jdk	java.base
br.com.sawcunhaos.organization.api.dto.ProfileSummary	java.lang.Record	jdk	java.base
br.com.sawcunhaos.organization.api.dto.ProfileSummary	java.lang.String	jdk	java.base
br.com.sawcunhaos.organization.api.dto.ProfileSummary	java.lang.invoke.MethodHandle	jdk	java.base
br.com.sawcunhaos.organization.api.dto.ProfileSummary	java.lang.invoke.MethodHandles	jdk	java.base
br.com.sawcunhaos.organization.api.dto.ProfileSummary	java.lang.invoke.MethodHandles$Lookup	jdk	java.base
br.com.sawcunhaos.organization.api.dto.ProfileSummary	java.lang.invoke.TypeDescriptor	jdk	java.base
br.com.sawcunhaos.organization.api.dto.ProfileSummary	java.lang.runtime.ObjectMethods	jdk	java.base
br.com.sawcunhaos.organization.api.dto.ProfileSummary$ProfileSummaryBuilder	br.com.sawcunhaos.organization.api.dto.ProfileSummary	interno	classes
br.com.sawcunhaos.organization.api.dto.ProfileSummary$ProfileSummaryBuilder	com.fasterxml.jackson.annotation.JsonProperty	externo	jackson-annotations-2.22.jar
br.com.sawcunhaos.organization.api.dto.ProfileSummary$ProfileSummaryBuilder	java.lang.Long	jdk	java.base
br.com.sawcunhaos.organization.api.dto.ProfileSummary$ProfileSummaryBuilder	java.lang.Object	jdk	java.base
br.com.sawcunhaos.organization.api.dto.ProfileSummary$ProfileSummaryBuilder	java.lang.String	jdk	java.base
br.com.sawcunhaos.organization.api.dto.ProfileSummary$ProfileSummaryBuilder	java.lang.invoke.CallSite	jdk	java.base
br.com.sawcunhaos.organization.api.dto.ProfileSummary$ProfileSummaryBuilder	java.lang.invoke.MethodHandles	jdk	java.base
br.com.sawcunhaos.organization.api.dto.ProfileSummary$ProfileSummaryBuilder	java.lang.invoke.MethodHandles$Lookup	jdk	java.base
br.com.sawcunhaos.organization.api.dto.ProfileSummary$ProfileSummaryBuilder	java.lang.invoke.MethodType	jdk	java.base
br.com.sawcunhaos.organization.api.dto.ProfileSummary$ProfileSummaryBuilder	java.lang.invoke.StringConcatFactory	jdk	java.base
br.com.sawcunhaos.organization.api.dto.ReasonActivate	br.com.sawcunhaos.organization.api.dto.ReasonActivate$ReasonActivateBuilder	interno	classes
br.com.sawcunhaos.organization.api.dto.ReasonActivate	br.com.sawcunhaos.organization.api.dto.ReasonEntityType	interno	classes
br.com.sawcunhaos.organization.api.dto.ReasonActivate	com.fasterxml.jackson.annotation.JsonProperty	externo	jackson-annotations-2.22.jar
br.com.sawcunhaos.organization.api.dto.ReasonActivate	jakarta.validation.Valid	externo	jakarta.validation-api-3.1.1.jar
br.com.sawcunhaos.organization.api.dto.ReasonActivate	java.io.Serializable	jdk	java.base
br.com.sawcunhaos.organization.api.dto.ReasonActivate	java.lang.Boolean	jdk	java.base
br.com.sawcunhaos.organization.api.dto.ReasonActivate	java.lang.Class	jdk	java.base
br.com.sawcunhaos.organization.api.dto.ReasonActivate	java.lang.Long	jdk	java.base
br.com.sawcunhaos.organization.api.dto.ReasonActivate	java.lang.Object	jdk	java.base
br.com.sawcunhaos.organization.api.dto.ReasonActivate	java.lang.Record	jdk	java.base
br.com.sawcunhaos.organization.api.dto.ReasonActivate	java.lang.String	jdk	java.base
br.com.sawcunhaos.organization.api.dto.ReasonActivate	java.lang.invoke.MethodHandle	jdk	java.base
br.com.sawcunhaos.organization.api.dto.ReasonActivate	java.lang.invoke.MethodHandles	jdk	java.base
br.com.sawcunhaos.organization.api.dto.ReasonActivate	java.lang.invoke.MethodHandles$Lookup	jdk	java.base
br.com.sawcunhaos.organization.api.dto.ReasonActivate	java.lang.invoke.TypeDescriptor	jdk	java.base
br.com.sawcunhaos.organization.api.dto.ReasonActivate	java.lang.runtime.ObjectMethods	jdk	java.base
br.com.sawcunhaos.organization.api.dto.ReasonActivate$ReasonActivateBuilder	br.com.sawcunhaos.organization.api.dto.ReasonActivate	interno	classes
br.com.sawcunhaos.organization.api.dto.ReasonActivate$ReasonActivateBuilder	br.com.sawcunhaos.organization.api.dto.ReasonEntityType	interno	classes
br.com.sawcunhaos.organization.api.dto.ReasonActivate$ReasonActivateBuilder	com.fasterxml.jackson.annotation.JsonProperty	externo	jackson-annotations-2.22.jar
br.com.sawcunhaos.organization.api.dto.ReasonActivate$ReasonActivateBuilder	java.lang.Boolean	jdk	java.base
br.com.sawcunhaos.organization.api.dto.ReasonActivate$ReasonActivateBuilder	java.lang.Long	jdk	java.base
br.com.sawcunhaos.organization.api.dto.ReasonActivate$ReasonActivateBuilder	java.lang.Object	jdk	java.base
br.com.sawcunhaos.organization.api.dto.ReasonActivate$ReasonActivateBuilder	java.lang.String	jdk	java.base
br.com.sawcunhaos.organization.api.dto.ReasonActivate$ReasonActivateBuilder	java.lang.invoke.CallSite	jdk	java.base
br.com.sawcunhaos.organization.api.dto.ReasonActivate$ReasonActivateBuilder	java.lang.invoke.MethodHandles	jdk	java.base
br.com.sawcunhaos.organization.api.dto.ReasonActivate$ReasonActivateBuilder	java.lang.invoke.MethodHandles$Lookup	jdk	java.base
br.com.sawcunhaos.organization.api.dto.ReasonActivate$ReasonActivateBuilder	java.lang.invoke.MethodType	jdk	java.base
br.com.sawcunhaos.organization.api.dto.ReasonActivate$ReasonActivateBuilder	java.lang.invoke.StringConcatFactory	jdk	java.base
br.com.sawcunhaos.organization.api.dto.ReasonDisable	br.com.sawcunhaos.organization.api.dto.ReasonDisable$ReasonDisableBuilder	interno	classes
br.com.sawcunhaos.organization.api.dto.ReasonDisable	br.com.sawcunhaos.organization.api.dto.ReasonEntityType	interno	classes
br.com.sawcunhaos.organization.api.dto.ReasonDisable	com.fasterxml.jackson.annotation.JsonProperty	externo	jackson-annotations-2.22.jar
br.com.sawcunhaos.organization.api.dto.ReasonDisable	jakarta.validation.Valid	externo	jakarta.validation-api-3.1.1.jar
br.com.sawcunhaos.organization.api.dto.ReasonDisable	java.io.Serializable	jdk	java.base
br.com.sawcunhaos.organization.api.dto.ReasonDisable	java.lang.Boolean	jdk	java.base
br.com.sawcunhaos.organization.api.dto.ReasonDisable	java.lang.Class	jdk	java.base
br.com.sawcunhaos.organization.api.dto.ReasonDisable	java.lang.Long	jdk	java.base
br.com.sawcunhaos.organization.api.dto.ReasonDisable	java.lang.Object	jdk	java.base
br.com.sawcunhaos.organization.api.dto.ReasonDisable	java.lang.Record	jdk	java.base
br.com.sawcunhaos.organization.api.dto.ReasonDisable	java.lang.String	jdk	java.base
br.com.sawcunhaos.organization.api.dto.ReasonDisable	java.lang.invoke.MethodHandle	jdk	java.base
br.com.sawcunhaos.organization.api.dto.ReasonDisable	java.lang.invoke.MethodHandles	jdk	java.base
br.com.sawcunhaos.organization.api.dto.ReasonDisable	java.lang.invoke.MethodHandles$Lookup	jdk	java.base
br.com.sawcunhaos.organization.api.dto.ReasonDisable	java.lang.invoke.TypeDescriptor	jdk	java.base
br.com.sawcunhaos.organization.api.dto.ReasonDisable	java.lang.runtime.ObjectMethods	jdk	java.base
br.com.sawcunhaos.organization.api.dto.ReasonDisable$ReasonDisableBuilder	br.com.sawcunhaos.organization.api.dto.ReasonDisable	interno	classes
br.com.sawcunhaos.organization.api.dto.ReasonDisable$ReasonDisableBuilder	br.com.sawcunhaos.organization.api.dto.ReasonEntityType	interno	classes
br.com.sawcunhaos.organization.api.dto.ReasonDisable$ReasonDisableBuilder	com.fasterxml.jackson.annotation.JsonProperty	externo	jackson-annotations-2.22.jar
br.com.sawcunhaos.organization.api.dto.ReasonDisable$ReasonDisableBuilder	java.lang.Boolean	jdk	java.base
br.com.sawcunhaos.organization.api.dto.ReasonDisable$ReasonDisableBuilder	java.lang.Long	jdk	java.base
br.com.sawcunhaos.organization.api.dto.ReasonDisable$ReasonDisableBuilder	java.lang.Object	jdk	java.base
br.com.sawcunhaos.organization.api.dto.ReasonDisable$ReasonDisableBuilder	java.lang.String	jdk	java.base
br.com.sawcunhaos.organization.api.dto.ReasonDisable$ReasonDisableBuilder	java.lang.invoke.CallSite	jdk	java.base
br.com.sawcunhaos.organization.api.dto.ReasonDisable$ReasonDisableBuilder	java.lang.invoke.MethodHandles	jdk	java.base
br.com.sawcunhaos.organization.api.dto.ReasonDisable$ReasonDisableBuilder	java.lang.invoke.MethodHandles$Lookup	jdk	java.base
br.com.sawcunhaos.organization.api.dto.ReasonDisable$ReasonDisableBuilder	java.lang.invoke.MethodType	jdk	java.base
br.com.sawcunhaos.organization.api.dto.ReasonDisable$ReasonDisableBuilder	java.lang.invoke.StringConcatFactory	jdk	java.base
br.com.sawcunhaos.organization.api.dto.ReasonEnable	br.com.sawcunhaos.organization.api.dto.ReasonEnable$ReasonEnableBuilder	interno	classes
br.com.sawcunhaos.organization.api.dto.ReasonEnable	br.com.sawcunhaos.organization.api.dto.ReasonEntityType	interno	classes
br.com.sawcunhaos.organization.api.dto.ReasonEnable	com.fasterxml.jackson.annotation.JsonProperty	externo	jackson-annotations-2.22.jar
br.com.sawcunhaos.organization.api.dto.ReasonEnable	jakarta.validation.Valid	externo	jakarta.validation-api-3.1.1.jar
br.com.sawcunhaos.organization.api.dto.ReasonEnable	java.io.Serializable	jdk	java.base
br.com.sawcunhaos.organization.api.dto.ReasonEnable	java.lang.Boolean	jdk	java.base
br.com.sawcunhaos.organization.api.dto.ReasonEnable	java.lang.Class	jdk	java.base
br.com.sawcunhaos.organization.api.dto.ReasonEnable	java.lang.Long	jdk	java.base
br.com.sawcunhaos.organization.api.dto.ReasonEnable	java.lang.Object	jdk	java.base
br.com.sawcunhaos.organization.api.dto.ReasonEnable	java.lang.Record	jdk	java.base
br.com.sawcunhaos.organization.api.dto.ReasonEnable	java.lang.String	jdk	java.base
br.com.sawcunhaos.organization.api.dto.ReasonEnable	java.lang.invoke.MethodHandle	jdk	java.base
br.com.sawcunhaos.organization.api.dto.ReasonEnable	java.lang.invoke.MethodHandles	jdk	java.base
br.com.sawcunhaos.organization.api.dto.ReasonEnable	java.lang.invoke.MethodHandles$Lookup	jdk	java.base
br.com.sawcunhaos.organization.api.dto.ReasonEnable	java.lang.invoke.TypeDescriptor	jdk	java.base
br.com.sawcunhaos.organization.api.dto.ReasonEnable	java.lang.runtime.ObjectMethods	jdk	java.base
br.com.sawcunhaos.organization.api.dto.ReasonEnable$ReasonEnableBuilder	br.com.sawcunhaos.organization.api.dto.ReasonEnable	interno	classes
br.com.sawcunhaos.organization.api.dto.ReasonEnable$ReasonEnableBuilder	br.com.sawcunhaos.organization.api.dto.ReasonEntityType	interno	classes
br.com.sawcunhaos.organization.api.dto.ReasonEnable$ReasonEnableBuilder	com.fasterxml.jackson.annotation.JsonProperty	externo	jackson-annotations-2.22.jar
br.com.sawcunhaos.organization.api.dto.ReasonEnable$ReasonEnableBuilder	java.lang.Boolean	jdk	java.base
br.com.sawcunhaos.organization.api.dto.ReasonEnable$ReasonEnableBuilder	java.lang.Long	jdk	java.base
br.com.sawcunhaos.organization.api.dto.ReasonEnable$ReasonEnableBuilder	java.lang.Object	jdk	java.base
br.com.sawcunhaos.organization.api.dto.ReasonEnable$ReasonEnableBuilder	java.lang.String	jdk	java.base
br.com.sawcunhaos.organization.api.dto.ReasonEnable$ReasonEnableBuilder	java.lang.invoke.CallSite	jdk	java.base
br.com.sawcunhaos.organization.api.dto.ReasonEnable$ReasonEnableBuilder	java.lang.invoke.MethodHandles	jdk	java.base
br.com.sawcunhaos.organization.api.dto.ReasonEnable$ReasonEnableBuilder	java.lang.invoke.MethodHandles$Lookup	jdk	java.base
br.com.sawcunhaos.organization.api.dto.ReasonEnable$ReasonEnableBuilder	java.lang.invoke.MethodType	jdk	java.base
br.com.sawcunhaos.organization.api.dto.ReasonEnable$ReasonEnableBuilder	java.lang.invoke.StringConcatFactory	jdk	java.base
br.com.sawcunhaos.organization.api.dto.ReasonEntityType	com.fasterxml.jackson.annotation.JsonCreator	externo	jackson-annotations-2.22.jar
br.com.sawcunhaos.organization.api.dto.ReasonEntityType	com.fasterxml.jackson.annotation.JsonValue	externo	jackson-annotations-2.22.jar
br.com.sawcunhaos.organization.api.dto.ReasonEntityType	java.io.Serializable	jdk	java.base
br.com.sawcunhaos.organization.api.dto.ReasonEntityType	java.lang.Class	jdk	java.base
br.com.sawcunhaos.organization.api.dto.ReasonEntityType	java.lang.Enum	jdk	java.base
br.com.sawcunhaos.organization.api.dto.ReasonEntityType	java.lang.IllegalArgumentException	jdk	java.base
br.com.sawcunhaos.organization.api.dto.ReasonEntityType	java.lang.Object	jdk	java.base
br.com.sawcunhaos.organization.api.dto.ReasonEntityType	java.lang.String	jdk	java.base
br.com.sawcunhaos.organization.api.dto.ReasonEntityType	java.lang.System	jdk	java.base
br.com.sawcunhaos.organization.api.dto.ReasonEntityType	java.lang.invoke.CallSite	jdk	java.base
br.com.sawcunhaos.organization.api.dto.ReasonEntityType	java.lang.invoke.MethodHandles	jdk	java.base
br.com.sawcunhaos.organization.api.dto.ReasonEntityType	java.lang.invoke.MethodHandles$Lookup	jdk	java.base
br.com.sawcunhaos.organization.api.dto.ReasonEntityType	java.lang.invoke.MethodType	jdk	java.base
br.com.sawcunhaos.organization.api.dto.ReasonEntityType	java.lang.invoke.StringConcatFactory	jdk	java.base
br.com.sawcunhaos.organization.api.dto.ReasonInactivate	br.com.sawcunhaos.organization.api.dto.ReasonEntityType	interno	classes
br.com.sawcunhaos.organization.api.dto.ReasonInactivate	br.com.sawcunhaos.organization.api.dto.ReasonInactivate$ReasonInactivateBuilder	interno	classes
br.com.sawcunhaos.organization.api.dto.ReasonInactivate	com.fasterxml.jackson.annotation.JsonProperty	externo	jackson-annotations-2.22.jar
br.com.sawcunhaos.organization.api.dto.ReasonInactivate	jakarta.validation.Valid	externo	jakarta.validation-api-3.1.1.jar
br.com.sawcunhaos.organization.api.dto.ReasonInactivate	java.io.Serializable	jdk	java.base
br.com.sawcunhaos.organization.api.dto.ReasonInactivate	java.lang.Boolean	jdk	java.base
br.com.sawcunhaos.organization.api.dto.ReasonInactivate	java.lang.Class	jdk	java.base
br.com.sawcunhaos.organization.api.dto.ReasonInactivate	java.lang.Long	jdk	java.base
br.com.sawcunhaos.organization.api.dto.ReasonInactivate	java.lang.Object	jdk	java.base
br.com.sawcunhaos.organization.api.dto.ReasonInactivate	java.lang.Record	jdk	java.base
br.com.sawcunhaos.organization.api.dto.ReasonInactivate	java.lang.String	jdk	java.base
br.com.sawcunhaos.organization.api.dto.ReasonInactivate	java.lang.invoke.MethodHandle	jdk	java.base
br.com.sawcunhaos.organization.api.dto.ReasonInactivate	java.lang.invoke.MethodHandles	jdk	java.base
br.com.sawcunhaos.organization.api.dto.ReasonInactivate	java.lang.invoke.MethodHandles$Lookup	jdk	java.base
br.com.sawcunhaos.organization.api.dto.ReasonInactivate	java.lang.invoke.TypeDescriptor	jdk	java.base
br.com.sawcunhaos.organization.api.dto.ReasonInactivate	java.lang.runtime.ObjectMethods	jdk	java.base
br.com.sawcunhaos.organization.api.dto.ReasonInactivate$ReasonInactivateBuilder	br.com.sawcunhaos.organization.api.dto.ReasonEntityType	interno	classes
br.com.sawcunhaos.organization.api.dto.ReasonInactivate$ReasonInactivateBuilder	br.com.sawcunhaos.organization.api.dto.ReasonInactivate	interno	classes
br.com.sawcunhaos.organization.api.dto.ReasonInactivate$ReasonInactivateBuilder	com.fasterxml.jackson.annotation.JsonProperty	externo	jackson-annotations-2.22.jar
br.com.sawcunhaos.organization.api.dto.ReasonInactivate$ReasonInactivateBuilder	java.lang.Boolean	jdk	java.base
br.com.sawcunhaos.organization.api.dto.ReasonInactivate$ReasonInactivateBuilder	java.lang.Long	jdk	java.base
br.com.sawcunhaos.organization.api.dto.ReasonInactivate$ReasonInactivateBuilder	java.lang.Object	jdk	java.base
br.com.sawcunhaos.organization.api.dto.ReasonInactivate$ReasonInactivateBuilder	java.lang.String	jdk	java.base
br.com.sawcunhaos.organization.api.dto.ReasonInactivate$ReasonInactivateBuilder	java.lang.invoke.CallSite	jdk	java.base
br.com.sawcunhaos.organization.api.dto.ReasonInactivate$ReasonInactivateBuilder	java.lang.invoke.MethodHandles	jdk	java.base
br.com.sawcunhaos.organization.api.dto.ReasonInactivate$ReasonInactivateBuilder	java.lang.invoke.MethodHandles$Lookup	jdk	java.base
br.com.sawcunhaos.organization.api.dto.ReasonInactivate$ReasonInactivateBuilder	java.lang.invoke.MethodType	jdk	java.base
br.com.sawcunhaos.organization.api.dto.ReasonInactivate$ReasonInactivateBuilder	java.lang.invoke.StringConcatFactory	jdk	java.base
br.com.sawcunhaos.organization.api.dto.ReasonPositionChange	br.com.sawcunhaos.organization.api.dto.ReasonPositionChange$ReasonPositionChangeBuilder	interno	classes
br.com.sawcunhaos.organization.api.dto.ReasonPositionChange	com.fasterxml.jackson.annotation.JsonProperty	externo	jackson-annotations-2.22.jar
br.com.sawcunhaos.organization.api.dto.ReasonPositionChange	java.io.Serializable	jdk	java.base
br.com.sawcunhaos.organization.api.dto.ReasonPositionChange	java.lang.Boolean	jdk	java.base
br.com.sawcunhaos.organization.api.dto.ReasonPositionChange	java.lang.Class	jdk	java.base
br.com.sawcunhaos.organization.api.dto.ReasonPositionChange	java.lang.Long	jdk	java.base
br.com.sawcunhaos.organization.api.dto.ReasonPositionChange	java.lang.Object	jdk	java.base
br.com.sawcunhaos.organization.api.dto.ReasonPositionChange	java.lang.Record	jdk	java.base
br.com.sawcunhaos.organization.api.dto.ReasonPositionChange	java.lang.String	jdk	java.base
br.com.sawcunhaos.organization.api.dto.ReasonPositionChange	java.lang.invoke.MethodHandle	jdk	java.base
br.com.sawcunhaos.organization.api.dto.ReasonPositionChange	java.lang.invoke.MethodHandles	jdk	java.base
br.com.sawcunhaos.organization.api.dto.ReasonPositionChange	java.lang.invoke.MethodHandles$Lookup	jdk	java.base
br.com.sawcunhaos.organization.api.dto.ReasonPositionChange	java.lang.invoke.TypeDescriptor	jdk	java.base
br.com.sawcunhaos.organization.api.dto.ReasonPositionChange	java.lang.runtime.ObjectMethods	jdk	java.base
br.com.sawcunhaos.organization.api.dto.ReasonPositionChange$ReasonPositionChangeBuilder	br.com.sawcunhaos.organization.api.dto.ReasonPositionChange	interno	classes
br.com.sawcunhaos.organization.api.dto.ReasonPositionChange$ReasonPositionChangeBuilder	com.fasterxml.jackson.annotation.JsonProperty	externo	jackson-annotations-2.22.jar
br.com.sawcunhaos.organization.api.dto.ReasonPositionChange$ReasonPositionChangeBuilder	java.lang.Boolean	jdk	java.base
br.com.sawcunhaos.organization.api.dto.ReasonPositionChange$ReasonPositionChangeBuilder	java.lang.Long	jdk	java.base
br.com.sawcunhaos.organization.api.dto.ReasonPositionChange$ReasonPositionChangeBuilder	java.lang.Object	jdk	java.base
br.com.sawcunhaos.organization.api.dto.ReasonPositionChange$ReasonPositionChangeBuilder	java.lang.String	jdk	java.base
br.com.sawcunhaos.organization.api.dto.ReasonPositionChange$ReasonPositionChangeBuilder	java.lang.invoke.CallSite	jdk	java.base
br.com.sawcunhaos.organization.api.dto.ReasonPositionChange$ReasonPositionChangeBuilder	java.lang.invoke.MethodHandles	jdk	java.base
br.com.sawcunhaos.organization.api.dto.ReasonPositionChange$ReasonPositionChangeBuilder	java.lang.invoke.MethodHandles$Lookup	jdk	java.base
br.com.sawcunhaos.organization.api.dto.ReasonPositionChange$ReasonPositionChangeBuilder	java.lang.invoke.MethodType	jdk	java.base
br.com.sawcunhaos.organization.api.dto.ReasonPositionChange$ReasonPositionChangeBuilder	java.lang.invoke.StringConcatFactory	jdk	java.base
br.com.sawcunhaos.organization.api.dto.RehireEmployeeRequest	br.com.sawcunhaos.foundation.validation.api.CPF	externo	scos-foundation-validation-api-1.2.0-SNAPSHOT.jar
br.com.sawcunhaos.organization.api.dto.RehireEmployeeRequest	br.com.sawcunhaos.organization.api.dto.EmployeeContractType	interno	classes
br.com.sawcunhaos.organization.api.dto.RehireEmployeeRequest	br.com.sawcunhaos.organization.api.dto.RehireEmployeeRequest$RehireEmployeeRequestBuilder	interno	classes
br.com.sawcunhaos.organization.api.dto.RehireEmployeeRequest	com.fasterxml.jackson.annotation.JsonProperty	externo	jackson-annotations-2.22.jar
br.com.sawcunhaos.organization.api.dto.RehireEmployeeRequest	jakarta.validation.Valid	externo	jakarta.validation-api-3.1.1.jar
br.com.sawcunhaos.organization.api.dto.RehireEmployeeRequest	jakarta.validation.constraints.NotEmpty	externo	jakarta.validation-api-3.1.1.jar
br.com.sawcunhaos.organization.api.dto.RehireEmployeeRequest	jakarta.validation.constraints.NotNull	externo	jakarta.validation-api-3.1.1.jar
br.com.sawcunhaos.organization.api.dto.RehireEmployeeRequest	java.io.Serializable	jdk	java.base
br.com.sawcunhaos.organization.api.dto.RehireEmployeeRequest	java.lang.Class	jdk	java.base
br.com.sawcunhaos.organization.api.dto.RehireEmployeeRequest	java.lang.Long	jdk	java.base
br.com.sawcunhaos.organization.api.dto.RehireEmployeeRequest	java.lang.Object	jdk	java.base
br.com.sawcunhaos.organization.api.dto.RehireEmployeeRequest	java.lang.Record	jdk	java.base
br.com.sawcunhaos.organization.api.dto.RehireEmployeeRequest	java.lang.String	jdk	java.base
br.com.sawcunhaos.organization.api.dto.RehireEmployeeRequest	java.lang.invoke.MethodHandle	jdk	java.base
br.com.sawcunhaos.organization.api.dto.RehireEmployeeRequest	java.lang.invoke.MethodHandles	jdk	java.base
br.com.sawcunhaos.organization.api.dto.RehireEmployeeRequest	java.lang.invoke.MethodHandles$Lookup	jdk	java.base
br.com.sawcunhaos.organization.api.dto.RehireEmployeeRequest	java.lang.invoke.TypeDescriptor	jdk	java.base
br.com.sawcunhaos.organization.api.dto.RehireEmployeeRequest	java.lang.runtime.ObjectMethods	jdk	java.base
br.com.sawcunhaos.organization.api.dto.RehireEmployeeRequest	java.time.LocalDate	jdk	java.base
br.com.sawcunhaos.organization.api.dto.RehireEmployeeRequest	org.springframework.format.annotation.DateTimeFormat	externo	spring-context-7.0.9.jar
br.com.sawcunhaos.organization.api.dto.RehireEmployeeRequest$RehireEmployeeRequestBuilder	br.com.sawcunhaos.organization.api.dto.EmployeeContractType	interno	classes
br.com.sawcunhaos.organization.api.dto.RehireEmployeeRequest$RehireEmployeeRequestBuilder	br.com.sawcunhaos.organization.api.dto.RehireEmployeeRequest	interno	classes
br.com.sawcunhaos.organization.api.dto.RehireEmployeeRequest$RehireEmployeeRequestBuilder	com.fasterxml.jackson.annotation.JsonProperty	externo	jackson-annotations-2.22.jar
br.com.sawcunhaos.organization.api.dto.RehireEmployeeRequest$RehireEmployeeRequestBuilder	java.lang.Long	jdk	java.base
br.com.sawcunhaos.organization.api.dto.RehireEmployeeRequest$RehireEmployeeRequestBuilder	java.lang.Object	jdk	java.base
br.com.sawcunhaos.organization.api.dto.RehireEmployeeRequest$RehireEmployeeRequestBuilder	java.lang.String	jdk	java.base
br.com.sawcunhaos.organization.api.dto.RehireEmployeeRequest$RehireEmployeeRequestBuilder	java.lang.invoke.CallSite	jdk	java.base
br.com.sawcunhaos.organization.api.dto.RehireEmployeeRequest$RehireEmployeeRequestBuilder	java.lang.invoke.MethodHandles	jdk	java.base
br.com.sawcunhaos.organization.api.dto.RehireEmployeeRequest$RehireEmployeeRequestBuilder	java.lang.invoke.MethodHandles$Lookup	jdk	java.base
br.com.sawcunhaos.organization.api.dto.RehireEmployeeRequest$RehireEmployeeRequestBuilder	java.lang.invoke.MethodType	jdk	java.base
br.com.sawcunhaos.organization.api.dto.RehireEmployeeRequest$RehireEmployeeRequestBuilder	java.lang.invoke.StringConcatFactory	jdk	java.base
br.com.sawcunhaos.organization.api.dto.RehireEmployeeRequest$RehireEmployeeRequestBuilder	java.time.LocalDate	jdk	java.base
br.com.sawcunhaos.organization.api.dto.RejectLoginApprovalRequestRequest	br.com.sawcunhaos.organization.api.dto.RejectLoginApprovalRequestRequest$RejectLoginApprovalRequestRequestBuilder	interno	classes
br.com.sawcunhaos.organization.api.dto.RejectLoginApprovalRequestRequest	com.fasterxml.jackson.annotation.JsonProperty	externo	jackson-annotations-2.22.jar
br.com.sawcunhaos.organization.api.dto.RejectLoginApprovalRequestRequest	jakarta.validation.constraints.NotNull	externo	jakarta.validation-api-3.1.1.jar
br.com.sawcunhaos.organization.api.dto.RejectLoginApprovalRequestRequest	java.io.Serializable	jdk	java.base
br.com.sawcunhaos.organization.api.dto.RejectLoginApprovalRequestRequest	java.lang.Class	jdk	java.base
br.com.sawcunhaos.organization.api.dto.RejectLoginApprovalRequestRequest	java.lang.Long	jdk	java.base
br.com.sawcunhaos.organization.api.dto.RejectLoginApprovalRequestRequest	java.lang.Object	jdk	java.base
br.com.sawcunhaos.organization.api.dto.RejectLoginApprovalRequestRequest	java.lang.Record	jdk	java.base
br.com.sawcunhaos.organization.api.dto.RejectLoginApprovalRequestRequest	java.lang.String	jdk	java.base
br.com.sawcunhaos.organization.api.dto.RejectLoginApprovalRequestRequest	java.lang.invoke.MethodHandle	jdk	java.base
br.com.sawcunhaos.organization.api.dto.RejectLoginApprovalRequestRequest	java.lang.invoke.MethodHandles	jdk	java.base
br.com.sawcunhaos.organization.api.dto.RejectLoginApprovalRequestRequest	java.lang.invoke.MethodHandles$Lookup	jdk	java.base
br.com.sawcunhaos.organization.api.dto.RejectLoginApprovalRequestRequest	java.lang.invoke.TypeDescriptor	jdk	java.base
br.com.sawcunhaos.organization.api.dto.RejectLoginApprovalRequestRequest	java.lang.runtime.ObjectMethods	jdk	java.base
br.com.sawcunhaos.organization.api.dto.RejectLoginApprovalRequestRequest$RejectLoginApprovalRequestRequestBuilder	br.com.sawcunhaos.organization.api.dto.RejectLoginApprovalRequestRequest	interno	classes
br.com.sawcunhaos.organization.api.dto.RejectLoginApprovalRequestRequest$RejectLoginApprovalRequestRequestBuilder	com.fasterxml.jackson.annotation.JsonProperty	externo	jackson-annotations-2.22.jar
br.com.sawcunhaos.organization.api.dto.RejectLoginApprovalRequestRequest$RejectLoginApprovalRequestRequestBuilder	java.lang.Long	jdk	java.base
br.com.sawcunhaos.organization.api.dto.RejectLoginApprovalRequestRequest$RejectLoginApprovalRequestRequestBuilder	java.lang.Object	jdk	java.base
br.com.sawcunhaos.organization.api.dto.RejectLoginApprovalRequestRequest$RejectLoginApprovalRequestRequestBuilder	java.lang.String	jdk	java.base
br.com.sawcunhaos.organization.api.dto.RejectLoginApprovalRequestRequest$RejectLoginApprovalRequestRequestBuilder	java.lang.invoke.CallSite	jdk	java.base
br.com.sawcunhaos.organization.api.dto.RejectLoginApprovalRequestRequest$RejectLoginApprovalRequestRequestBuilder	java.lang.invoke.MethodHandles	jdk	java.base
br.com.sawcunhaos.organization.api.dto.RejectLoginApprovalRequestRequest$RejectLoginApprovalRequestRequestBuilder	java.lang.invoke.MethodHandles$Lookup	jdk	java.base
br.com.sawcunhaos.organization.api.dto.RejectLoginApprovalRequestRequest$RejectLoginApprovalRequestRequestBuilder	java.lang.invoke.MethodType	jdk	java.base
br.com.sawcunhaos.organization.api.dto.RejectLoginApprovalRequestRequest$RejectLoginApprovalRequestRequestBuilder	java.lang.invoke.StringConcatFactory	jdk	java.base
br.com.sawcunhaos.organization.api.dto.ResourceSummary	br.com.sawcunhaos.organization.api.dto.ResourceSummary$ResourceSummaryBuilder	interno	classes
br.com.sawcunhaos.organization.api.dto.ResourceSummary	com.fasterxml.jackson.annotation.JsonProperty	externo	jackson-annotations-2.22.jar
br.com.sawcunhaos.organization.api.dto.ResourceSummary	jakarta.validation.Valid	externo	jakarta.validation-api-3.1.1.jar
br.com.sawcunhaos.organization.api.dto.ResourceSummary	java.io.Serializable	jdk	java.base
br.com.sawcunhaos.organization.api.dto.ResourceSummary	java.lang.Class	jdk	java.base
br.com.sawcunhaos.organization.api.dto.ResourceSummary	java.lang.Object	jdk	java.base
br.com.sawcunhaos.organization.api.dto.ResourceSummary	java.lang.Record	jdk	java.base
br.com.sawcunhaos.organization.api.dto.ResourceSummary	java.lang.String	jdk	java.base
br.com.sawcunhaos.organization.api.dto.ResourceSummary	java.lang.invoke.MethodHandle	jdk	java.base
br.com.sawcunhaos.organization.api.dto.ResourceSummary	java.lang.invoke.MethodHandles	jdk	java.base
br.com.sawcunhaos.organization.api.dto.ResourceSummary	java.lang.invoke.MethodHandles$Lookup	jdk	java.base
br.com.sawcunhaos.organization.api.dto.ResourceSummary	java.lang.invoke.TypeDescriptor	jdk	java.base
br.com.sawcunhaos.organization.api.dto.ResourceSummary	java.lang.runtime.ObjectMethods	jdk	java.base
br.com.sawcunhaos.organization.api.dto.ResourceSummary	java.util.UUID	jdk	java.base
br.com.sawcunhaos.organization.api.dto.ResourceSummary$ResourceSummaryBuilder	br.com.sawcunhaos.organization.api.dto.ResourceSummary	interno	classes
br.com.sawcunhaos.organization.api.dto.ResourceSummary$ResourceSummaryBuilder	com.fasterxml.jackson.annotation.JsonProperty	externo	jackson-annotations-2.22.jar
br.com.sawcunhaos.organization.api.dto.ResourceSummary$ResourceSummaryBuilder	java.lang.Object	jdk	java.base
br.com.sawcunhaos.organization.api.dto.ResourceSummary$ResourceSummaryBuilder	java.lang.String	jdk	java.base
br.com.sawcunhaos.organization.api.dto.ResourceSummary$ResourceSummaryBuilder	java.lang.invoke.CallSite	jdk	java.base
br.com.sawcunhaos.organization.api.dto.ResourceSummary$ResourceSummaryBuilder	java.lang.invoke.MethodHandles	jdk	java.base
br.com.sawcunhaos.organization.api.dto.ResourceSummary$ResourceSummaryBuilder	java.lang.invoke.MethodHandles$Lookup	jdk	java.base
br.com.sawcunhaos.organization.api.dto.ResourceSummary$ResourceSummaryBuilder	java.lang.invoke.MethodType	jdk	java.base
br.com.sawcunhaos.organization.api.dto.ResourceSummary$ResourceSummaryBuilder	java.lang.invoke.StringConcatFactory	jdk	java.base
br.com.sawcunhaos.organization.api.dto.ResourceSummary$ResourceSummaryBuilder	java.util.UUID	jdk	java.base
br.com.sawcunhaos.organization.api.dto.ScosPaginated	br.com.sawcunhaos.organization.api.dto.ScosPaginated$ScosPaginatedBuilder	interno	classes
br.com.sawcunhaos.organization.api.dto.ScosPaginated	com.fasterxml.jackson.annotation.JsonProperty	externo	jackson-annotations-2.22.jar
br.com.sawcunhaos.organization.api.dto.ScosPaginated	java.io.Serializable	jdk	java.base
br.com.sawcunhaos.organization.api.dto.ScosPaginated	java.lang.Class	jdk	java.base
br.com.sawcunhaos.organization.api.dto.ScosPaginated	java.lang.Integer	jdk	java.base
br.com.sawcunhaos.organization.api.dto.ScosPaginated	java.lang.Long	jdk	java.base
br.com.sawcunhaos.organization.api.dto.ScosPaginated	java.lang.Object	jdk	java.base
br.com.sawcunhaos.organization.api.dto.ScosPaginated	java.lang.Record	jdk	java.base
br.com.sawcunhaos.organization.api.dto.ScosPaginated	java.lang.String	jdk	java.base
br.com.sawcunhaos.organization.api.dto.ScosPaginated	java.lang.invoke.MethodHandle	jdk	java.base
br.com.sawcunhaos.organization.api.dto.ScosPaginated	java.lang.invoke.MethodHandles	jdk	java.base
br.com.sawcunhaos.organization.api.dto.ScosPaginated	java.lang.invoke.MethodHandles$Lookup	jdk	java.base
br.com.sawcunhaos.organization.api.dto.ScosPaginated	java.lang.invoke.TypeDescriptor	jdk	java.base
br.com.sawcunhaos.organization.api.dto.ScosPaginated	java.lang.runtime.ObjectMethods	jdk	java.base
br.com.sawcunhaos.organization.api.dto.ScosPaginated$ScosPaginatedBuilder	br.com.sawcunhaos.organization.api.dto.ScosPaginated	interno	classes
br.com.sawcunhaos.organization.api.dto.ScosPaginated$ScosPaginatedBuilder	com.fasterxml.jackson.annotation.JsonProperty	externo	jackson-annotations-2.22.jar
br.com.sawcunhaos.organization.api.dto.ScosPaginated$ScosPaginatedBuilder	java.lang.Integer	jdk	java.base
br.com.sawcunhaos.organization.api.dto.ScosPaginated$ScosPaginatedBuilder	java.lang.Long	jdk	java.base
br.com.sawcunhaos.organization.api.dto.ScosPaginated$ScosPaginatedBuilder	java.lang.Object	jdk	java.base
br.com.sawcunhaos.organization.api.dto.ScosPaginated$ScosPaginatedBuilder	java.lang.String	jdk	java.base
br.com.sawcunhaos.organization.api.dto.ScosPaginated$ScosPaginatedBuilder	java.lang.invoke.CallSite	jdk	java.base
br.com.sawcunhaos.organization.api.dto.ScosPaginated$ScosPaginatedBuilder	java.lang.invoke.MethodHandles	jdk	java.base
br.com.sawcunhaos.organization.api.dto.ScosPaginated$ScosPaginatedBuilder	java.lang.invoke.MethodHandles$Lookup	jdk	java.base
br.com.sawcunhaos.organization.api.dto.ScosPaginated$ScosPaginatedBuilder	java.lang.invoke.MethodType	jdk	java.base
br.com.sawcunhaos.organization.api.dto.ScosPaginated$ScosPaginatedBuilder	java.lang.invoke.StringConcatFactory	jdk	java.base
br.com.sawcunhaos.organization.api.dto.StatusCompany	com.fasterxml.jackson.annotation.JsonCreator	externo	jackson-annotations-2.22.jar
br.com.sawcunhaos.organization.api.dto.StatusCompany	com.fasterxml.jackson.annotation.JsonValue	externo	jackson-annotations-2.22.jar
br.com.sawcunhaos.organization.api.dto.StatusCompany	java.io.Serializable	jdk	java.base
br.com.sawcunhaos.organization.api.dto.StatusCompany	java.lang.Class	jdk	java.base
br.com.sawcunhaos.organization.api.dto.StatusCompany	java.lang.Enum	jdk	java.base
br.com.sawcunhaos.organization.api.dto.StatusCompany	java.lang.IllegalArgumentException	jdk	java.base
br.com.sawcunhaos.organization.api.dto.StatusCompany	java.lang.Object	jdk	java.base
br.com.sawcunhaos.organization.api.dto.StatusCompany	java.lang.String	jdk	java.base
br.com.sawcunhaos.organization.api.dto.StatusCompany	java.lang.System	jdk	java.base
br.com.sawcunhaos.organization.api.dto.StatusCompany	java.lang.invoke.CallSite	jdk	java.base
br.com.sawcunhaos.organization.api.dto.StatusCompany	java.lang.invoke.MethodHandles	jdk	java.base
br.com.sawcunhaos.organization.api.dto.StatusCompany	java.lang.invoke.MethodHandles$Lookup	jdk	java.base
br.com.sawcunhaos.organization.api.dto.StatusCompany	java.lang.invoke.MethodType	jdk	java.base
br.com.sawcunhaos.organization.api.dto.StatusCompany	java.lang.invoke.StringConcatFactory	jdk	java.base
br.com.sawcunhaos.organization.api.dto.Supervisor	br.com.sawcunhaos.organization.api.dto.Supervisor$SupervisorBuilder	interno	classes
br.com.sawcunhaos.organization.api.dto.Supervisor	com.fasterxml.jackson.annotation.JsonProperty	externo	jackson-annotations-2.22.jar
br.com.sawcunhaos.organization.api.dto.Supervisor	java.io.Serializable	jdk	java.base
br.com.sawcunhaos.organization.api.dto.Supervisor	java.lang.Class	jdk	java.base
br.com.sawcunhaos.organization.api.dto.Supervisor	java.lang.Long	jdk	java.base
br.com.sawcunhaos.organization.api.dto.Supervisor	java.lang.Object	jdk	java.base
br.com.sawcunhaos.organization.api.dto.Supervisor	java.lang.Record	jdk	java.base
br.com.sawcunhaos.organization.api.dto.Supervisor	java.lang.String	jdk	java.base
br.com.sawcunhaos.organization.api.dto.Supervisor	java.lang.invoke.MethodHandle	jdk	java.base
br.com.sawcunhaos.organization.api.dto.Supervisor	java.lang.invoke.MethodHandles	jdk	java.base
br.com.sawcunhaos.organization.api.dto.Supervisor	java.lang.invoke.MethodHandles$Lookup	jdk	java.base
br.com.sawcunhaos.organization.api.dto.Supervisor	java.lang.invoke.TypeDescriptor	jdk	java.base
br.com.sawcunhaos.organization.api.dto.Supervisor	java.lang.runtime.ObjectMethods	jdk	java.base
br.com.sawcunhaos.organization.api.dto.Supervisor$SupervisorBuilder	br.com.sawcunhaos.organization.api.dto.Supervisor	interno	classes
br.com.sawcunhaos.organization.api.dto.Supervisor$SupervisorBuilder	com.fasterxml.jackson.annotation.JsonProperty	externo	jackson-annotations-2.22.jar
br.com.sawcunhaos.organization.api.dto.Supervisor$SupervisorBuilder	java.lang.Long	jdk	java.base
br.com.sawcunhaos.organization.api.dto.Supervisor$SupervisorBuilder	java.lang.Object	jdk	java.base
br.com.sawcunhaos.organization.api.dto.Supervisor$SupervisorBuilder	java.lang.String	jdk	java.base
br.com.sawcunhaos.organization.api.dto.Supervisor$SupervisorBuilder	java.lang.invoke.CallSite	jdk	java.base
br.com.sawcunhaos.organization.api.dto.Supervisor$SupervisorBuilder	java.lang.invoke.MethodHandles	jdk	java.base
br.com.sawcunhaos.organization.api.dto.Supervisor$SupervisorBuilder	java.lang.invoke.MethodHandles$Lookup	jdk	java.base
br.com.sawcunhaos.organization.api.dto.Supervisor$SupervisorBuilder	java.lang.invoke.MethodType	jdk	java.base
br.com.sawcunhaos.organization.api.dto.Supervisor$SupervisorBuilder	java.lang.invoke.StringConcatFactory	jdk	java.base
br.com.sawcunhaos.organization.api.dto.System	br.com.sawcunhaos.organization.api.dto.System$SystemBuilder	interno	classes
br.com.sawcunhaos.organization.api.dto.System	br.com.sawcunhaos.organization.api.dto.SystemStatus	interno	classes
br.com.sawcunhaos.organization.api.dto.System	com.fasterxml.jackson.annotation.JsonProperty	externo	jackson-annotations-2.22.jar
br.com.sawcunhaos.organization.api.dto.System	jakarta.validation.Valid	externo	jakarta.validation-api-3.1.1.jar
br.com.sawcunhaos.organization.api.dto.System	java.io.Serializable	jdk	java.base
br.com.sawcunhaos.organization.api.dto.System	java.lang.Class	jdk	java.base
br.com.sawcunhaos.organization.api.dto.System	java.lang.Object	jdk	java.base
br.com.sawcunhaos.organization.api.dto.System	java.lang.Record	jdk	java.base
br.com.sawcunhaos.organization.api.dto.System	java.lang.String	jdk	java.base
br.com.sawcunhaos.organization.api.dto.System	java.lang.invoke.MethodHandle	jdk	java.base
br.com.sawcunhaos.organization.api.dto.System	java.lang.invoke.MethodHandles	jdk	java.base
br.com.sawcunhaos.organization.api.dto.System	java.lang.invoke.MethodHandles$Lookup	jdk	java.base
br.com.sawcunhaos.organization.api.dto.System	java.lang.invoke.TypeDescriptor	jdk	java.base
br.com.sawcunhaos.organization.api.dto.System	java.lang.runtime.ObjectMethods	jdk	java.base
br.com.sawcunhaos.organization.api.dto.System	java.time.OffsetDateTime	jdk	java.base
br.com.sawcunhaos.organization.api.dto.System	java.util.UUID	jdk	java.base
br.com.sawcunhaos.organization.api.dto.System	org.springframework.format.annotation.DateTimeFormat	externo	spring-context-7.0.9.jar
br.com.sawcunhaos.organization.api.dto.System	org.springframework.format.annotation.DateTimeFormat$ISO	externo	spring-context-7.0.9.jar
br.com.sawcunhaos.organization.api.dto.System$SystemBuilder	br.com.sawcunhaos.organization.api.dto.System	interno	classes
br.com.sawcunhaos.organization.api.dto.System$SystemBuilder	br.com.sawcunhaos.organization.api.dto.SystemStatus	interno	classes
br.com.sawcunhaos.organization.api.dto.System$SystemBuilder	com.fasterxml.jackson.annotation.JsonProperty	externo	jackson-annotations-2.22.jar
br.com.sawcunhaos.organization.api.dto.System$SystemBuilder	java.lang.Object	jdk	java.base
br.com.sawcunhaos.organization.api.dto.System$SystemBuilder	java.lang.String	jdk	java.base
br.com.sawcunhaos.organization.api.dto.System$SystemBuilder	java.lang.invoke.CallSite	jdk	java.base
br.com.sawcunhaos.organization.api.dto.System$SystemBuilder	java.lang.invoke.MethodHandles	jdk	java.base
br.com.sawcunhaos.organization.api.dto.System$SystemBuilder	java.lang.invoke.MethodHandles$Lookup	jdk	java.base
br.com.sawcunhaos.organization.api.dto.System$SystemBuilder	java.lang.invoke.MethodType	jdk	java.base
br.com.sawcunhaos.organization.api.dto.System$SystemBuilder	java.lang.invoke.StringConcatFactory	jdk	java.base
br.com.sawcunhaos.organization.api.dto.System$SystemBuilder	java.time.OffsetDateTime	jdk	java.base
br.com.sawcunhaos.organization.api.dto.System$SystemBuilder	java.util.UUID	jdk	java.base
br.com.sawcunhaos.organization.api.dto.SystemStatus	com.fasterxml.jackson.annotation.JsonCreator	externo	jackson-annotations-2.22.jar
br.com.sawcunhaos.organization.api.dto.SystemStatus	com.fasterxml.jackson.annotation.JsonValue	externo	jackson-annotations-2.22.jar
br.com.sawcunhaos.organization.api.dto.SystemStatus	java.io.Serializable	jdk	java.base
br.com.sawcunhaos.organization.api.dto.SystemStatus	java.lang.Class	jdk	java.base
br.com.sawcunhaos.organization.api.dto.SystemStatus	java.lang.Enum	jdk	java.base
br.com.sawcunhaos.organization.api.dto.SystemStatus	java.lang.IllegalArgumentException	jdk	java.base
br.com.sawcunhaos.organization.api.dto.SystemStatus	java.lang.Object	jdk	java.base
br.com.sawcunhaos.organization.api.dto.SystemStatus	java.lang.String	jdk	java.base
br.com.sawcunhaos.organization.api.dto.SystemStatus	java.lang.System	jdk	java.base
br.com.sawcunhaos.organization.api.dto.SystemStatus	java.lang.invoke.CallSite	jdk	java.base
br.com.sawcunhaos.organization.api.dto.SystemStatus	java.lang.invoke.MethodHandles	jdk	java.base
br.com.sawcunhaos.organization.api.dto.SystemStatus	java.lang.invoke.MethodHandles$Lookup	jdk	java.base
br.com.sawcunhaos.organization.api.dto.SystemStatus	java.lang.invoke.MethodType	jdk	java.base
br.com.sawcunhaos.organization.api.dto.SystemStatus	java.lang.invoke.StringConcatFactory	jdk	java.base
br.com.sawcunhaos.organization.api.dto.TransferEmployeeRequest	br.com.sawcunhaos.organization.api.dto.TransferEmployeeRequest$TransferEmployeeRequestBuilder	interno	classes
br.com.sawcunhaos.organization.api.dto.TransferEmployeeRequest	com.fasterxml.jackson.annotation.JsonProperty	externo	jackson-annotations-2.22.jar
br.com.sawcunhaos.organization.api.dto.TransferEmployeeRequest	jakarta.validation.Valid	externo	jakarta.validation-api-3.1.1.jar
br.com.sawcunhaos.organization.api.dto.TransferEmployeeRequest	jakarta.validation.constraints.NotNull	externo	jakarta.validation-api-3.1.1.jar
br.com.sawcunhaos.organization.api.dto.TransferEmployeeRequest	java.io.Serializable	jdk	java.base
br.com.sawcunhaos.organization.api.dto.TransferEmployeeRequest	java.lang.Class	jdk	java.base
br.com.sawcunhaos.organization.api.dto.TransferEmployeeRequest	java.lang.Long	jdk	java.base
br.com.sawcunhaos.organization.api.dto.TransferEmployeeRequest	java.lang.Object	jdk	java.base
br.com.sawcunhaos.organization.api.dto.TransferEmployeeRequest	java.lang.Record	jdk	java.base
br.com.sawcunhaos.organization.api.dto.TransferEmployeeRequest	java.lang.String	jdk	java.base
br.com.sawcunhaos.organization.api.dto.TransferEmployeeRequest	java.lang.invoke.MethodHandle	jdk	java.base
br.com.sawcunhaos.organization.api.dto.TransferEmployeeRequest	java.lang.invoke.MethodHandles	jdk	java.base
br.com.sawcunhaos.organization.api.dto.TransferEmployeeRequest	java.lang.invoke.MethodHandles$Lookup	jdk	java.base
br.com.sawcunhaos.organization.api.dto.TransferEmployeeRequest	java.lang.invoke.TypeDescriptor	jdk	java.base
br.com.sawcunhaos.organization.api.dto.TransferEmployeeRequest	java.lang.runtime.ObjectMethods	jdk	java.base
br.com.sawcunhaos.organization.api.dto.TransferEmployeeRequest	java.time.LocalDate	jdk	java.base
br.com.sawcunhaos.organization.api.dto.TransferEmployeeRequest	org.springframework.format.annotation.DateTimeFormat	externo	spring-context-7.0.9.jar
br.com.sawcunhaos.organization.api.dto.TransferEmployeeRequest$TransferEmployeeRequestBuilder	br.com.sawcunhaos.organization.api.dto.TransferEmployeeRequest	interno	classes
br.com.sawcunhaos.organization.api.dto.TransferEmployeeRequest$TransferEmployeeRequestBuilder	com.fasterxml.jackson.annotation.JsonProperty	externo	jackson-annotations-2.22.jar
br.com.sawcunhaos.organization.api.dto.TransferEmployeeRequest$TransferEmployeeRequestBuilder	java.lang.Long	jdk	java.base
br.com.sawcunhaos.organization.api.dto.TransferEmployeeRequest$TransferEmployeeRequestBuilder	java.lang.Object	jdk	java.base
br.com.sawcunhaos.organization.api.dto.TransferEmployeeRequest$TransferEmployeeRequestBuilder	java.lang.String	jdk	java.base
br.com.sawcunhaos.organization.api.dto.TransferEmployeeRequest$TransferEmployeeRequestBuilder	java.lang.invoke.CallSite	jdk	java.base
br.com.sawcunhaos.organization.api.dto.TransferEmployeeRequest$TransferEmployeeRequestBuilder	java.lang.invoke.MethodHandles	jdk	java.base
br.com.sawcunhaos.organization.api.dto.TransferEmployeeRequest$TransferEmployeeRequestBuilder	java.lang.invoke.MethodHandles$Lookup	jdk	java.base
br.com.sawcunhaos.organization.api.dto.TransferEmployeeRequest$TransferEmployeeRequestBuilder	java.lang.invoke.MethodType	jdk	java.base
br.com.sawcunhaos.organization.api.dto.TransferEmployeeRequest$TransferEmployeeRequestBuilder	java.lang.invoke.StringConcatFactory	jdk	java.base
br.com.sawcunhaos.organization.api.dto.TransferEmployeeRequest$TransferEmployeeRequestBuilder	java.time.LocalDate	jdk	java.base
br.com.sawcunhaos.organization.api.dto.UpdateAddressTypeRequest	br.com.sawcunhaos.organization.api.dto.CatalogEntityType	interno	classes
br.com.sawcunhaos.organization.api.dto.UpdateAddressTypeRequest	br.com.sawcunhaos.organization.api.dto.UpdateAddressTypeRequest$UpdateAddressTypeRequestBuilder	interno	classes
br.com.sawcunhaos.organization.api.dto.UpdateAddressTypeRequest	com.fasterxml.jackson.annotation.JsonProperty	externo	jackson-annotations-2.22.jar
br.com.sawcunhaos.organization.api.dto.UpdateAddressTypeRequest	jakarta.validation.Valid	externo	jakarta.validation-api-3.1.1.jar
br.com.sawcunhaos.organization.api.dto.UpdateAddressTypeRequest	jakarta.validation.constraints.NotEmpty	externo	jakarta.validation-api-3.1.1.jar
br.com.sawcunhaos.organization.api.dto.UpdateAddressTypeRequest	jakarta.validation.constraints.NotNull	externo	jakarta.validation-api-3.1.1.jar
br.com.sawcunhaos.organization.api.dto.UpdateAddressTypeRequest	java.io.Serializable	jdk	java.base
br.com.sawcunhaos.organization.api.dto.UpdateAddressTypeRequest	java.lang.Class	jdk	java.base
br.com.sawcunhaos.organization.api.dto.UpdateAddressTypeRequest	java.lang.Object	jdk	java.base
br.com.sawcunhaos.organization.api.dto.UpdateAddressTypeRequest	java.lang.Record	jdk	java.base
br.com.sawcunhaos.organization.api.dto.UpdateAddressTypeRequest	java.lang.String	jdk	java.base
br.com.sawcunhaos.organization.api.dto.UpdateAddressTypeRequest	java.lang.invoke.MethodHandle	jdk	java.base
br.com.sawcunhaos.organization.api.dto.UpdateAddressTypeRequest	java.lang.invoke.MethodHandles	jdk	java.base
br.com.sawcunhaos.organization.api.dto.UpdateAddressTypeRequest	java.lang.invoke.MethodHandles$Lookup	jdk	java.base
br.com.sawcunhaos.organization.api.dto.UpdateAddressTypeRequest	java.lang.invoke.TypeDescriptor	jdk	java.base
br.com.sawcunhaos.organization.api.dto.UpdateAddressTypeRequest	java.lang.runtime.ObjectMethods	jdk	java.base
br.com.sawcunhaos.organization.api.dto.UpdateAddressTypeRequest$UpdateAddressTypeRequestBuilder	br.com.sawcunhaos.organization.api.dto.CatalogEntityType	interno	classes
br.com.sawcunhaos.organization.api.dto.UpdateAddressTypeRequest$UpdateAddressTypeRequestBuilder	br.com.sawcunhaos.organization.api.dto.UpdateAddressTypeRequest	interno	classes
br.com.sawcunhaos.organization.api.dto.UpdateAddressTypeRequest$UpdateAddressTypeRequestBuilder	com.fasterxml.jackson.annotation.JsonProperty	externo	jackson-annotations-2.22.jar
br.com.sawcunhaos.organization.api.dto.UpdateAddressTypeRequest$UpdateAddressTypeRequestBuilder	java.lang.Object	jdk	java.base
br.com.sawcunhaos.organization.api.dto.UpdateAddressTypeRequest$UpdateAddressTypeRequestBuilder	java.lang.String	jdk	java.base
br.com.sawcunhaos.organization.api.dto.UpdateAddressTypeRequest$UpdateAddressTypeRequestBuilder	java.lang.invoke.CallSite	jdk	java.base
br.com.sawcunhaos.organization.api.dto.UpdateAddressTypeRequest$UpdateAddressTypeRequestBuilder	java.lang.invoke.MethodHandles	jdk	java.base
br.com.sawcunhaos.organization.api.dto.UpdateAddressTypeRequest$UpdateAddressTypeRequestBuilder	java.lang.invoke.MethodHandles$Lookup	jdk	java.base
br.com.sawcunhaos.organization.api.dto.UpdateAddressTypeRequest$UpdateAddressTypeRequestBuilder	java.lang.invoke.MethodType	jdk	java.base
br.com.sawcunhaos.organization.api.dto.UpdateAddressTypeRequest$UpdateAddressTypeRequestBuilder	java.lang.invoke.StringConcatFactory	jdk	java.base
br.com.sawcunhaos.organization.api.dto.UpdateCnaeRequest	br.com.sawcunhaos.organization.api.dto.UpdateCnaeRequest$UpdateCnaeRequestBuilder	interno	classes
br.com.sawcunhaos.organization.api.dto.UpdateCnaeRequest	com.fasterxml.jackson.annotation.JsonProperty	externo	jackson-annotations-2.22.jar
br.com.sawcunhaos.organization.api.dto.UpdateCnaeRequest	jakarta.validation.constraints.NotEmpty	externo	jakarta.validation-api-3.1.1.jar
br.com.sawcunhaos.organization.api.dto.UpdateCnaeRequest	jakarta.validation.constraints.NotNull	externo	jakarta.validation-api-3.1.1.jar
br.com.sawcunhaos.organization.api.dto.UpdateCnaeRequest	jakarta.validation.constraints.Size	externo	jakarta.validation-api-3.1.1.jar
br.com.sawcunhaos.organization.api.dto.UpdateCnaeRequest	java.io.Serializable	jdk	java.base
br.com.sawcunhaos.organization.api.dto.UpdateCnaeRequest	java.lang.Class	jdk	java.base
br.com.sawcunhaos.organization.api.dto.UpdateCnaeRequest	java.lang.Object	jdk	java.base
br.com.sawcunhaos.organization.api.dto.UpdateCnaeRequest	java.lang.Record	jdk	java.base
br.com.sawcunhaos.organization.api.dto.UpdateCnaeRequest	java.lang.String	jdk	java.base
br.com.sawcunhaos.organization.api.dto.UpdateCnaeRequest	java.lang.invoke.MethodHandle	jdk	java.base
br.com.sawcunhaos.organization.api.dto.UpdateCnaeRequest	java.lang.invoke.MethodHandles	jdk	java.base
br.com.sawcunhaos.organization.api.dto.UpdateCnaeRequest	java.lang.invoke.MethodHandles$Lookup	jdk	java.base
br.com.sawcunhaos.organization.api.dto.UpdateCnaeRequest	java.lang.invoke.TypeDescriptor	jdk	java.base
br.com.sawcunhaos.organization.api.dto.UpdateCnaeRequest	java.lang.runtime.ObjectMethods	jdk	java.base
br.com.sawcunhaos.organization.api.dto.UpdateCnaeRequest$UpdateCnaeRequestBuilder	br.com.sawcunhaos.organization.api.dto.UpdateCnaeRequest	interno	classes
br.com.sawcunhaos.organization.api.dto.UpdateCnaeRequest$UpdateCnaeRequestBuilder	com.fasterxml.jackson.annotation.JsonProperty	externo	jackson-annotations-2.22.jar
br.com.sawcunhaos.organization.api.dto.UpdateCnaeRequest$UpdateCnaeRequestBuilder	java.lang.Object	jdk	java.base
br.com.sawcunhaos.organization.api.dto.UpdateCnaeRequest$UpdateCnaeRequestBuilder	java.lang.String	jdk	java.base
br.com.sawcunhaos.organization.api.dto.UpdateCnaeRequest$UpdateCnaeRequestBuilder	java.lang.invoke.CallSite	jdk	java.base
br.com.sawcunhaos.organization.api.dto.UpdateCnaeRequest$UpdateCnaeRequestBuilder	java.lang.invoke.MethodHandles	jdk	java.base
br.com.sawcunhaos.organization.api.dto.UpdateCnaeRequest$UpdateCnaeRequestBuilder	java.lang.invoke.MethodHandles$Lookup	jdk	java.base
br.com.sawcunhaos.organization.api.dto.UpdateCnaeRequest$UpdateCnaeRequestBuilder	java.lang.invoke.MethodType	jdk	java.base
br.com.sawcunhaos.organization.api.dto.UpdateCnaeRequest$UpdateCnaeRequestBuilder	java.lang.invoke.StringConcatFactory	jdk	java.base
br.com.sawcunhaos.organization.api.dto.UpdateCompanyAddressRequest	br.com.sawcunhaos.organization.api.dto.UpdateCompanyAddressRequest$UpdateCompanyAddressRequestBuilder	interno	classes
br.com.sawcunhaos.organization.api.dto.UpdateCompanyAddressRequest	com.fasterxml.jackson.annotation.JsonProperty	externo	jackson-annotations-2.22.jar
br.com.sawcunhaos.organization.api.dto.UpdateCompanyAddressRequest	jakarta.validation.Valid	externo	jakarta.validation-api-3.1.1.jar
br.com.sawcunhaos.organization.api.dto.UpdateCompanyAddressRequest	jakarta.validation.constraints.NotNull	externo	jakarta.validation-api-3.1.1.jar
br.com.sawcunhaos.organization.api.dto.UpdateCompanyAddressRequest	jakarta.validation.constraints.Size	externo	jakarta.validation-api-3.1.1.jar
br.com.sawcunhaos.organization.api.dto.UpdateCompanyAddressRequest	java.io.Serializable	jdk	java.base
br.com.sawcunhaos.organization.api.dto.UpdateCompanyAddressRequest	java.lang.Class	jdk	java.base
br.com.sawcunhaos.organization.api.dto.UpdateCompanyAddressRequest	java.lang.Long	jdk	java.base
br.com.sawcunhaos.organization.api.dto.UpdateCompanyAddressRequest	java.lang.Object	jdk	java.base
br.com.sawcunhaos.organization.api.dto.UpdateCompanyAddressRequest	java.lang.Record	jdk	java.base
br.com.sawcunhaos.organization.api.dto.UpdateCompanyAddressRequest	java.lang.String	jdk	java.base
br.com.sawcunhaos.organization.api.dto.UpdateCompanyAddressRequest	java.lang.invoke.MethodHandle	jdk	java.base
br.com.sawcunhaos.organization.api.dto.UpdateCompanyAddressRequest	java.lang.invoke.MethodHandles	jdk	java.base
br.com.sawcunhaos.organization.api.dto.UpdateCompanyAddressRequest	java.lang.invoke.MethodHandles$Lookup	jdk	java.base
br.com.sawcunhaos.organization.api.dto.UpdateCompanyAddressRequest	java.lang.invoke.TypeDescriptor	jdk	java.base
br.com.sawcunhaos.organization.api.dto.UpdateCompanyAddressRequest	java.lang.runtime.ObjectMethods	jdk	java.base
br.com.sawcunhaos.organization.api.dto.UpdateCompanyAddressRequest	java.math.BigDecimal	jdk	java.base
br.com.sawcunhaos.organization.api.dto.UpdateCompanyAddressRequest$UpdateCompanyAddressRequestBuilder	br.com.sawcunhaos.organization.api.dto.UpdateCompanyAddressRequest	interno	classes
br.com.sawcunhaos.organization.api.dto.UpdateCompanyAddressRequest$UpdateCompanyAddressRequestBuilder	com.fasterxml.jackson.annotation.JsonProperty	externo	jackson-annotations-2.22.jar
br.com.sawcunhaos.organization.api.dto.UpdateCompanyAddressRequest$UpdateCompanyAddressRequestBuilder	java.lang.Long	jdk	java.base
br.com.sawcunhaos.organization.api.dto.UpdateCompanyAddressRequest$UpdateCompanyAddressRequestBuilder	java.lang.Object	jdk	java.base
br.com.sawcunhaos.organization.api.dto.UpdateCompanyAddressRequest$UpdateCompanyAddressRequestBuilder	java.lang.String	jdk	java.base
br.com.sawcunhaos.organization.api.dto.UpdateCompanyAddressRequest$UpdateCompanyAddressRequestBuilder	java.lang.invoke.CallSite	jdk	java.base
br.com.sawcunhaos.organization.api.dto.UpdateCompanyAddressRequest$UpdateCompanyAddressRequestBuilder	java.lang.invoke.MethodHandles	jdk	java.base
br.com.sawcunhaos.organization.api.dto.UpdateCompanyAddressRequest$UpdateCompanyAddressRequestBuilder	java.lang.invoke.MethodHandles$Lookup	jdk	java.base
br.com.sawcunhaos.organization.api.dto.UpdateCompanyAddressRequest$UpdateCompanyAddressRequestBuilder	java.lang.invoke.MethodType	jdk	java.base
br.com.sawcunhaos.organization.api.dto.UpdateCompanyAddressRequest$UpdateCompanyAddressRequestBuilder	java.lang.invoke.StringConcatFactory	jdk	java.base
br.com.sawcunhaos.organization.api.dto.UpdateCompanyAddressRequest$UpdateCompanyAddressRequestBuilder	java.math.BigDecimal	jdk	java.base
br.com.sawcunhaos.organization.api.dto.UpdateCompanyContactRequest	br.com.sawcunhaos.organization.api.dto.UpdateCompanyContactRequest$UpdateCompanyContactRequestBuilder	interno	classes
br.com.sawcunhaos.organization.api.dto.UpdateCompanyContactRequest	com.fasterxml.jackson.annotation.JsonProperty	externo	jackson-annotations-2.22.jar
br.com.sawcunhaos.organization.api.dto.UpdateCompanyContactRequest	jakarta.validation.constraints.NotEmpty	externo	jakarta.validation-api-3.1.1.jar
br.com.sawcunhaos.organization.api.dto.UpdateCompanyContactRequest	jakarta.validation.constraints.NotNull	externo	jakarta.validation-api-3.1.1.jar
br.com.sawcunhaos.organization.api.dto.UpdateCompanyContactRequest	jakarta.validation.constraints.Pattern	externo	jakarta.validation-api-3.1.1.jar
br.com.sawcunhaos.organization.api.dto.UpdateCompanyContactRequest	jakarta.validation.constraints.Size	externo	jakarta.validation-api-3.1.1.jar
br.com.sawcunhaos.organization.api.dto.UpdateCompanyContactRequest	java.io.Serializable	jdk	java.base
br.com.sawcunhaos.organization.api.dto.UpdateCompanyContactRequest	java.lang.Class	jdk	java.base
br.com.sawcunhaos.organization.api.dto.UpdateCompanyContactRequest	java.lang.Long	jdk	java.base
br.com.sawcunhaos.organization.api.dto.UpdateCompanyContactRequest	java.lang.Object	jdk	java.base
br.com.sawcunhaos.organization.api.dto.UpdateCompanyContactRequest	java.lang.Record	jdk	java.base
br.com.sawcunhaos.organization.api.dto.UpdateCompanyContactRequest	java.lang.String	jdk	java.base
br.com.sawcunhaos.organization.api.dto.UpdateCompanyContactRequest	java.lang.invoke.MethodHandle	jdk	java.base
br.com.sawcunhaos.organization.api.dto.UpdateCompanyContactRequest	java.lang.invoke.MethodHandles	jdk	java.base
br.com.sawcunhaos.organization.api.dto.UpdateCompanyContactRequest	java.lang.invoke.MethodHandles$Lookup	jdk	java.base
br.com.sawcunhaos.organization.api.dto.UpdateCompanyContactRequest	java.lang.invoke.TypeDescriptor	jdk	java.base
br.com.sawcunhaos.organization.api.dto.UpdateCompanyContactRequest	java.lang.runtime.ObjectMethods	jdk	java.base
br.com.sawcunhaos.organization.api.dto.UpdateCompanyContactRequest$UpdateCompanyContactRequestBuilder	br.com.sawcunhaos.organization.api.dto.UpdateCompanyContactRequest	interno	classes
br.com.sawcunhaos.organization.api.dto.UpdateCompanyContactRequest$UpdateCompanyContactRequestBuilder	com.fasterxml.jackson.annotation.JsonProperty	externo	jackson-annotations-2.22.jar
br.com.sawcunhaos.organization.api.dto.UpdateCompanyContactRequest$UpdateCompanyContactRequestBuilder	java.lang.Long	jdk	java.base
br.com.sawcunhaos.organization.api.dto.UpdateCompanyContactRequest$UpdateCompanyContactRequestBuilder	java.lang.Object	jdk	java.base
br.com.sawcunhaos.organization.api.dto.UpdateCompanyContactRequest$UpdateCompanyContactRequestBuilder	java.lang.String	jdk	java.base
br.com.sawcunhaos.organization.api.dto.UpdateCompanyContactRequest$UpdateCompanyContactRequestBuilder	java.lang.invoke.CallSite	jdk	java.base
br.com.sawcunhaos.organization.api.dto.UpdateCompanyContactRequest$UpdateCompanyContactRequestBuilder	java.lang.invoke.MethodHandles	jdk	java.base
br.com.sawcunhaos.organization.api.dto.UpdateCompanyContactRequest$UpdateCompanyContactRequestBuilder	java.lang.invoke.MethodHandles$Lookup	jdk	java.base
br.com.sawcunhaos.organization.api.dto.UpdateCompanyContactRequest$UpdateCompanyContactRequestBuilder	java.lang.invoke.MethodType	jdk	java.base
br.com.sawcunhaos.organization.api.dto.UpdateCompanyContactRequest$UpdateCompanyContactRequestBuilder	java.lang.invoke.StringConcatFactory	jdk	java.base
br.com.sawcunhaos.organization.api.dto.UpdateCompanyRequest	br.com.sawcunhaos.organization.api.dto.UpdateCompanyRequest$UpdateCompanyRequestBuilder	interno	classes
br.com.sawcunhaos.organization.api.dto.UpdateCompanyRequest	com.fasterxml.jackson.annotation.JsonProperty	externo	jackson-annotations-2.22.jar
br.com.sawcunhaos.organization.api.dto.UpdateCompanyRequest	jakarta.validation.Valid	externo	jakarta.validation-api-3.1.1.jar
br.com.sawcunhaos.organization.api.dto.UpdateCompanyRequest	jakarta.validation.constraints.NotEmpty	externo	jakarta.validation-api-3.1.1.jar
br.com.sawcunhaos.organization.api.dto.UpdateCompanyRequest	jakarta.validation.constraints.NotNull	externo	jakarta.validation-api-3.1.1.jar
br.com.sawcunhaos.organization.api.dto.UpdateCompanyRequest	jakarta.validation.constraints.Size	externo	jakarta.validation-api-3.1.1.jar
br.com.sawcunhaos.organization.api.dto.UpdateCompanyRequest	java.io.Serializable	jdk	java.base
br.com.sawcunhaos.organization.api.dto.UpdateCompanyRequest	java.lang.Class	jdk	java.base
br.com.sawcunhaos.organization.api.dto.UpdateCompanyRequest	java.lang.Long	jdk	java.base
br.com.sawcunhaos.organization.api.dto.UpdateCompanyRequest	java.lang.Object	jdk	java.base
br.com.sawcunhaos.organization.api.dto.UpdateCompanyRequest	java.lang.Record	jdk	java.base
br.com.sawcunhaos.organization.api.dto.UpdateCompanyRequest	java.lang.String	jdk	java.base
br.com.sawcunhaos.organization.api.dto.UpdateCompanyRequest	java.lang.invoke.MethodHandle	jdk	java.base
br.com.sawcunhaos.organization.api.dto.UpdateCompanyRequest	java.lang.invoke.MethodHandles	jdk	java.base
br.com.sawcunhaos.organization.api.dto.UpdateCompanyRequest	java.lang.invoke.MethodHandles$Lookup	jdk	java.base
br.com.sawcunhaos.organization.api.dto.UpdateCompanyRequest	java.lang.invoke.TypeDescriptor	jdk	java.base
br.com.sawcunhaos.organization.api.dto.UpdateCompanyRequest	java.lang.runtime.ObjectMethods	jdk	java.base
br.com.sawcunhaos.organization.api.dto.UpdateCompanyRequest	java.time.LocalDate	jdk	java.base
br.com.sawcunhaos.organization.api.dto.UpdateCompanyRequest	org.springframework.format.annotation.DateTimeFormat	externo	spring-context-7.0.9.jar
br.com.sawcunhaos.organization.api.dto.UpdateCompanyRequest	org.springframework.lang.Nullable	externo	spring-core-7.0.9.jar
br.com.sawcunhaos.organization.api.dto.UpdateCompanyRequest$UpdateCompanyRequestBuilder	br.com.sawcunhaos.organization.api.dto.UpdateCompanyRequest	interno	classes
br.com.sawcunhaos.organization.api.dto.UpdateCompanyRequest$UpdateCompanyRequestBuilder	com.fasterxml.jackson.annotation.JsonProperty	externo	jackson-annotations-2.22.jar
br.com.sawcunhaos.organization.api.dto.UpdateCompanyRequest$UpdateCompanyRequestBuilder	java.lang.Long	jdk	java.base
br.com.sawcunhaos.organization.api.dto.UpdateCompanyRequest$UpdateCompanyRequestBuilder	java.lang.Object	jdk	java.base
br.com.sawcunhaos.organization.api.dto.UpdateCompanyRequest$UpdateCompanyRequestBuilder	java.lang.String	jdk	java.base
br.com.sawcunhaos.organization.api.dto.UpdateCompanyRequest$UpdateCompanyRequestBuilder	java.lang.invoke.CallSite	jdk	java.base
br.com.sawcunhaos.organization.api.dto.UpdateCompanyRequest$UpdateCompanyRequestBuilder	java.lang.invoke.MethodHandles	jdk	java.base
br.com.sawcunhaos.organization.api.dto.UpdateCompanyRequest$UpdateCompanyRequestBuilder	java.lang.invoke.MethodHandles$Lookup	jdk	java.base
br.com.sawcunhaos.organization.api.dto.UpdateCompanyRequest$UpdateCompanyRequestBuilder	java.lang.invoke.MethodType	jdk	java.base
br.com.sawcunhaos.organization.api.dto.UpdateCompanyRequest$UpdateCompanyRequestBuilder	java.lang.invoke.StringConcatFactory	jdk	java.base
br.com.sawcunhaos.organization.api.dto.UpdateCompanyRequest$UpdateCompanyRequestBuilder	java.time.LocalDate	jdk	java.base
br.com.sawcunhaos.organization.api.dto.UpdateCompanyRequest$UpdateCompanyRequestBuilder	org.springframework.lang.Nullable	externo	spring-core-7.0.9.jar
br.com.sawcunhaos.organization.api.dto.UpdateConfigurationRequest	br.com.sawcunhaos.organization.api.dto.UpdateConfigurationRequest$UpdateConfigurationRequestBuilder	interno	classes
br.com.sawcunhaos.organization.api.dto.UpdateConfigurationRequest	com.fasterxml.jackson.annotation.JsonProperty	externo	jackson-annotations-2.22.jar
br.com.sawcunhaos.organization.api.dto.UpdateConfigurationRequest	jakarta.validation.constraints.NotEmpty	externo	jakarta.validation-api-3.1.1.jar
br.com.sawcunhaos.organization.api.dto.UpdateConfigurationRequest	jakarta.validation.constraints.NotNull	externo	jakarta.validation-api-3.1.1.jar
br.com.sawcunhaos.organization.api.dto.UpdateConfigurationRequest	java.io.Serializable	jdk	java.base
br.com.sawcunhaos.organization.api.dto.UpdateConfigurationRequest	java.lang.Class	jdk	java.base
br.com.sawcunhaos.organization.api.dto.UpdateConfigurationRequest	java.lang.Object	jdk	java.base
br.com.sawcunhaos.organization.api.dto.UpdateConfigurationRequest	java.lang.Record	jdk	java.base
br.com.sawcunhaos.organization.api.dto.UpdateConfigurationRequest	java.lang.String	jdk	java.base
br.com.sawcunhaos.organization.api.dto.UpdateConfigurationRequest	java.lang.invoke.MethodHandle	jdk	java.base
br.com.sawcunhaos.organization.api.dto.UpdateConfigurationRequest	java.lang.invoke.MethodHandles	jdk	java.base
br.com.sawcunhaos.organization.api.dto.UpdateConfigurationRequest	java.lang.invoke.MethodHandles$Lookup	jdk	java.base
br.com.sawcunhaos.organization.api.dto.UpdateConfigurationRequest	java.lang.invoke.TypeDescriptor	jdk	java.base
br.com.sawcunhaos.organization.api.dto.UpdateConfigurationRequest	java.lang.runtime.ObjectMethods	jdk	java.base
br.com.sawcunhaos.organization.api.dto.UpdateConfigurationRequest$UpdateConfigurationRequestBuilder	br.com.sawcunhaos.organization.api.dto.UpdateConfigurationRequest	interno	classes
br.com.sawcunhaos.organization.api.dto.UpdateConfigurationRequest$UpdateConfigurationRequestBuilder	com.fasterxml.jackson.annotation.JsonProperty	externo	jackson-annotations-2.22.jar
br.com.sawcunhaos.organization.api.dto.UpdateConfigurationRequest$UpdateConfigurationRequestBuilder	java.lang.Object	jdk	java.base
br.com.sawcunhaos.organization.api.dto.UpdateConfigurationRequest$UpdateConfigurationRequestBuilder	java.lang.String	jdk	java.base
br.com.sawcunhaos.organization.api.dto.UpdateConfigurationRequest$UpdateConfigurationRequestBuilder	java.lang.invoke.CallSite	jdk	java.base
br.com.sawcunhaos.organization.api.dto.UpdateConfigurationRequest$UpdateConfigurationRequestBuilder	java.lang.invoke.MethodHandles	jdk	java.base
br.com.sawcunhaos.organization.api.dto.UpdateConfigurationRequest$UpdateConfigurationRequestBuilder	java.lang.invoke.MethodHandles$Lookup	jdk	java.base
br.com.sawcunhaos.organization.api.dto.UpdateConfigurationRequest$UpdateConfigurationRequestBuilder	java.lang.invoke.MethodType	jdk	java.base
br.com.sawcunhaos.organization.api.dto.UpdateConfigurationRequest$UpdateConfigurationRequestBuilder	java.lang.invoke.StringConcatFactory	jdk	java.base
br.com.sawcunhaos.organization.api.dto.UpdateContactTypeRequest	br.com.sawcunhaos.organization.api.dto.CatalogEntityType	interno	classes
br.com.sawcunhaos.organization.api.dto.UpdateContactTypeRequest	br.com.sawcunhaos.organization.api.dto.UpdateContactTypeRequest$UpdateContactTypeRequestBuilder	interno	classes
br.com.sawcunhaos.organization.api.dto.UpdateContactTypeRequest	com.fasterxml.jackson.annotation.JsonProperty	externo	jackson-annotations-2.22.jar
br.com.sawcunhaos.organization.api.dto.UpdateContactTypeRequest	jakarta.validation.Valid	externo	jakarta.validation-api-3.1.1.jar
br.com.sawcunhaos.organization.api.dto.UpdateContactTypeRequest	jakarta.validation.constraints.NotEmpty	externo	jakarta.validation-api-3.1.1.jar
br.com.sawcunhaos.organization.api.dto.UpdateContactTypeRequest	jakarta.validation.constraints.NotNull	externo	jakarta.validation-api-3.1.1.jar
br.com.sawcunhaos.organization.api.dto.UpdateContactTypeRequest	java.io.Serializable	jdk	java.base
br.com.sawcunhaos.organization.api.dto.UpdateContactTypeRequest	java.lang.Class	jdk	java.base
br.com.sawcunhaos.organization.api.dto.UpdateContactTypeRequest	java.lang.Object	jdk	java.base
br.com.sawcunhaos.organization.api.dto.UpdateContactTypeRequest	java.lang.Record	jdk	java.base
br.com.sawcunhaos.organization.api.dto.UpdateContactTypeRequest	java.lang.String	jdk	java.base
br.com.sawcunhaos.organization.api.dto.UpdateContactTypeRequest	java.lang.invoke.MethodHandle	jdk	java.base
br.com.sawcunhaos.organization.api.dto.UpdateContactTypeRequest	java.lang.invoke.MethodHandles	jdk	java.base
br.com.sawcunhaos.organization.api.dto.UpdateContactTypeRequest	java.lang.invoke.MethodHandles$Lookup	jdk	java.base
br.com.sawcunhaos.organization.api.dto.UpdateContactTypeRequest	java.lang.invoke.TypeDescriptor	jdk	java.base
br.com.sawcunhaos.organization.api.dto.UpdateContactTypeRequest	java.lang.runtime.ObjectMethods	jdk	java.base
br.com.sawcunhaos.organization.api.dto.UpdateContactTypeRequest$UpdateContactTypeRequestBuilder	br.com.sawcunhaos.organization.api.dto.CatalogEntityType	interno	classes
br.com.sawcunhaos.organization.api.dto.UpdateContactTypeRequest$UpdateContactTypeRequestBuilder	br.com.sawcunhaos.organization.api.dto.UpdateContactTypeRequest	interno	classes
br.com.sawcunhaos.organization.api.dto.UpdateContactTypeRequest$UpdateContactTypeRequestBuilder	com.fasterxml.jackson.annotation.JsonProperty	externo	jackson-annotations-2.22.jar
br.com.sawcunhaos.organization.api.dto.UpdateContactTypeRequest$UpdateContactTypeRequestBuilder	java.lang.Object	jdk	java.base
br.com.sawcunhaos.organization.api.dto.UpdateContactTypeRequest$UpdateContactTypeRequestBuilder	java.lang.String	jdk	java.base
br.com.sawcunhaos.organization.api.dto.UpdateContactTypeRequest$UpdateContactTypeRequestBuilder	java.lang.invoke.CallSite	jdk	java.base
br.com.sawcunhaos.organization.api.dto.UpdateContactTypeRequest$UpdateContactTypeRequestBuilder	java.lang.invoke.MethodHandles	jdk	java.base
br.com.sawcunhaos.organization.api.dto.UpdateContactTypeRequest$UpdateContactTypeRequestBuilder	java.lang.invoke.MethodHandles$Lookup	jdk	java.base
br.com.sawcunhaos.organization.api.dto.UpdateContactTypeRequest$UpdateContactTypeRequestBuilder	java.lang.invoke.MethodType	jdk	java.base
br.com.sawcunhaos.organization.api.dto.UpdateContactTypeRequest$UpdateContactTypeRequestBuilder	java.lang.invoke.StringConcatFactory	jdk	java.base
br.com.sawcunhaos.organization.api.dto.UpdateDepartmentRequest	br.com.sawcunhaos.organization.api.dto.UpdateDepartmentRequest$UpdateDepartmentRequestBuilder	interno	classes
br.com.sawcunhaos.organization.api.dto.UpdateDepartmentRequest	com.fasterxml.jackson.annotation.JsonProperty	externo	jackson-annotations-2.22.jar
br.com.sawcunhaos.organization.api.dto.UpdateDepartmentRequest	jakarta.validation.constraints.NotEmpty	externo	jakarta.validation-api-3.1.1.jar
br.com.sawcunhaos.organization.api.dto.UpdateDepartmentRequest	jakarta.validation.constraints.NotNull	externo	jakarta.validation-api-3.1.1.jar
br.com.sawcunhaos.organization.api.dto.UpdateDepartmentRequest	java.io.Serializable	jdk	java.base
br.com.sawcunhaos.organization.api.dto.UpdateDepartmentRequest	java.lang.Class	jdk	java.base
br.com.sawcunhaos.organization.api.dto.UpdateDepartmentRequest	java.lang.Long	jdk	java.base
br.com.sawcunhaos.organization.api.dto.UpdateDepartmentRequest	java.lang.Object	jdk	java.base
br.com.sawcunhaos.organization.api.dto.UpdateDepartmentRequest	java.lang.Record	jdk	java.base
br.com.sawcunhaos.organization.api.dto.UpdateDepartmentRequest	java.lang.String	jdk	java.base
br.com.sawcunhaos.organization.api.dto.UpdateDepartmentRequest	java.lang.invoke.MethodHandle	jdk	java.base
br.com.sawcunhaos.organization.api.dto.UpdateDepartmentRequest	java.lang.invoke.MethodHandles	jdk	java.base
br.com.sawcunhaos.organization.api.dto.UpdateDepartmentRequest	java.lang.invoke.MethodHandles$Lookup	jdk	java.base
br.com.sawcunhaos.organization.api.dto.UpdateDepartmentRequest	java.lang.invoke.TypeDescriptor	jdk	java.base
br.com.sawcunhaos.organization.api.dto.UpdateDepartmentRequest	java.lang.runtime.ObjectMethods	jdk	java.base
br.com.sawcunhaos.organization.api.dto.UpdateDepartmentRequest	org.springframework.lang.Nullable	externo	spring-core-7.0.9.jar
br.com.sawcunhaos.organization.api.dto.UpdateDepartmentRequest$UpdateDepartmentRequestBuilder	br.com.sawcunhaos.organization.api.dto.UpdateDepartmentRequest	interno	classes
br.com.sawcunhaos.organization.api.dto.UpdateDepartmentRequest$UpdateDepartmentRequestBuilder	com.fasterxml.jackson.annotation.JsonProperty	externo	jackson-annotations-2.22.jar
br.com.sawcunhaos.organization.api.dto.UpdateDepartmentRequest$UpdateDepartmentRequestBuilder	java.lang.Long	jdk	java.base
br.com.sawcunhaos.organization.api.dto.UpdateDepartmentRequest$UpdateDepartmentRequestBuilder	java.lang.Object	jdk	java.base
br.com.sawcunhaos.organization.api.dto.UpdateDepartmentRequest$UpdateDepartmentRequestBuilder	java.lang.String	jdk	java.base
br.com.sawcunhaos.organization.api.dto.UpdateDepartmentRequest$UpdateDepartmentRequestBuilder	java.lang.invoke.CallSite	jdk	java.base
br.com.sawcunhaos.organization.api.dto.UpdateDepartmentRequest$UpdateDepartmentRequestBuilder	java.lang.invoke.MethodHandles	jdk	java.base
br.com.sawcunhaos.organization.api.dto.UpdateDepartmentRequest$UpdateDepartmentRequestBuilder	java.lang.invoke.MethodHandles$Lookup	jdk	java.base
br.com.sawcunhaos.organization.api.dto.UpdateDepartmentRequest$UpdateDepartmentRequestBuilder	java.lang.invoke.MethodType	jdk	java.base
br.com.sawcunhaos.organization.api.dto.UpdateDepartmentRequest$UpdateDepartmentRequestBuilder	java.lang.invoke.StringConcatFactory	jdk	java.base
br.com.sawcunhaos.organization.api.dto.UpdateDepartmentRequest$UpdateDepartmentRequestBuilder	org.springframework.lang.Nullable	externo	spring-core-7.0.9.jar
br.com.sawcunhaos.organization.api.dto.UpdateEmployeeAddressRequest	br.com.sawcunhaos.organization.api.dto.UpdateEmployeeAddressRequest$UpdateEmployeeAddressRequestBuilder	interno	classes
br.com.sawcunhaos.organization.api.dto.UpdateEmployeeAddressRequest	com.fasterxml.jackson.annotation.JsonProperty	externo	jackson-annotations-2.22.jar
br.com.sawcunhaos.organization.api.dto.UpdateEmployeeAddressRequest	jakarta.validation.constraints.NotNull	externo	jakarta.validation-api-3.1.1.jar
br.com.sawcunhaos.organization.api.dto.UpdateEmployeeAddressRequest	java.io.Serializable	jdk	java.base
br.com.sawcunhaos.organization.api.dto.UpdateEmployeeAddressRequest	java.lang.Class	jdk	java.base
br.com.sawcunhaos.organization.api.dto.UpdateEmployeeAddressRequest	java.lang.Long	jdk	java.base
br.com.sawcunhaos.organization.api.dto.UpdateEmployeeAddressRequest	java.lang.Object	jdk	java.base
br.com.sawcunhaos.organization.api.dto.UpdateEmployeeAddressRequest	java.lang.Record	jdk	java.base
br.com.sawcunhaos.organization.api.dto.UpdateEmployeeAddressRequest	java.lang.String	jdk	java.base
br.com.sawcunhaos.organization.api.dto.UpdateEmployeeAddressRequest	java.lang.invoke.MethodHandle	jdk	java.base
br.com.sawcunhaos.organization.api.dto.UpdateEmployeeAddressRequest	java.lang.invoke.MethodHandles	jdk	java.base
br.com.sawcunhaos.organization.api.dto.UpdateEmployeeAddressRequest	java.lang.invoke.MethodHandles$Lookup	jdk	java.base
br.com.sawcunhaos.organization.api.dto.UpdateEmployeeAddressRequest	java.lang.invoke.TypeDescriptor	jdk	java.base
br.com.sawcunhaos.organization.api.dto.UpdateEmployeeAddressRequest	java.lang.runtime.ObjectMethods	jdk	java.base
br.com.sawcunhaos.organization.api.dto.UpdateEmployeeAddressRequest$UpdateEmployeeAddressRequestBuilder	br.com.sawcunhaos.organization.api.dto.UpdateEmployeeAddressRequest	interno	classes
br.com.sawcunhaos.organization.api.dto.UpdateEmployeeAddressRequest$UpdateEmployeeAddressRequestBuilder	com.fasterxml.jackson.annotation.JsonProperty	externo	jackson-annotations-2.22.jar
br.com.sawcunhaos.organization.api.dto.UpdateEmployeeAddressRequest$UpdateEmployeeAddressRequestBuilder	java.lang.Long	jdk	java.base
br.com.sawcunhaos.organization.api.dto.UpdateEmployeeAddressRequest$UpdateEmployeeAddressRequestBuilder	java.lang.Object	jdk	java.base
br.com.sawcunhaos.organization.api.dto.UpdateEmployeeAddressRequest$UpdateEmployeeAddressRequestBuilder	java.lang.String	jdk	java.base
br.com.sawcunhaos.organization.api.dto.UpdateEmployeeAddressRequest$UpdateEmployeeAddressRequestBuilder	java.lang.invoke.CallSite	jdk	java.base
br.com.sawcunhaos.organization.api.dto.UpdateEmployeeAddressRequest$UpdateEmployeeAddressRequestBuilder	java.lang.invoke.MethodHandles	jdk	java.base
br.com.sawcunhaos.organization.api.dto.UpdateEmployeeAddressRequest$UpdateEmployeeAddressRequestBuilder	java.lang.invoke.MethodHandles$Lookup	jdk	java.base
br.com.sawcunhaos.organization.api.dto.UpdateEmployeeAddressRequest$UpdateEmployeeAddressRequestBuilder	java.lang.invoke.MethodType	jdk	java.base
br.com.sawcunhaos.organization.api.dto.UpdateEmployeeAddressRequest$UpdateEmployeeAddressRequestBuilder	java.lang.invoke.StringConcatFactory	jdk	java.base
br.com.sawcunhaos.organization.api.dto.UpdateEmployeeContactRequest	br.com.sawcunhaos.organization.api.dto.UpdateEmployeeContactRequest$UpdateEmployeeContactRequestBuilder	interno	classes
br.com.sawcunhaos.organization.api.dto.UpdateEmployeeContactRequest	com.fasterxml.jackson.annotation.JsonProperty	externo	jackson-annotations-2.22.jar
br.com.sawcunhaos.organization.api.dto.UpdateEmployeeContactRequest	jakarta.validation.constraints.NotEmpty	externo	jakarta.validation-api-3.1.1.jar
br.com.sawcunhaos.organization.api.dto.UpdateEmployeeContactRequest	jakarta.validation.constraints.NotNull	externo	jakarta.validation-api-3.1.1.jar
br.com.sawcunhaos.organization.api.dto.UpdateEmployeeContactRequest	java.io.Serializable	jdk	java.base
br.com.sawcunhaos.organization.api.dto.UpdateEmployeeContactRequest	java.lang.Class	jdk	java.base
br.com.sawcunhaos.organization.api.dto.UpdateEmployeeContactRequest	java.lang.Long	jdk	java.base
br.com.sawcunhaos.organization.api.dto.UpdateEmployeeContactRequest	java.lang.Object	jdk	java.base
br.com.sawcunhaos.organization.api.dto.UpdateEmployeeContactRequest	java.lang.Record	jdk	java.base
br.com.sawcunhaos.organization.api.dto.UpdateEmployeeContactRequest	java.lang.String	jdk	java.base
br.com.sawcunhaos.organization.api.dto.UpdateEmployeeContactRequest	java.lang.invoke.MethodHandle	jdk	java.base
br.com.sawcunhaos.organization.api.dto.UpdateEmployeeContactRequest	java.lang.invoke.MethodHandles	jdk	java.base
br.com.sawcunhaos.organization.api.dto.UpdateEmployeeContactRequest	java.lang.invoke.MethodHandles$Lookup	jdk	java.base
br.com.sawcunhaos.organization.api.dto.UpdateEmployeeContactRequest	java.lang.invoke.TypeDescriptor	jdk	java.base
br.com.sawcunhaos.organization.api.dto.UpdateEmployeeContactRequest	java.lang.runtime.ObjectMethods	jdk	java.base
br.com.sawcunhaos.organization.api.dto.UpdateEmployeeContactRequest$UpdateEmployeeContactRequestBuilder	br.com.sawcunhaos.organization.api.dto.UpdateEmployeeContactRequest	interno	classes
br.com.sawcunhaos.organization.api.dto.UpdateEmployeeContactRequest$UpdateEmployeeContactRequestBuilder	com.fasterxml.jackson.annotation.JsonProperty	externo	jackson-annotations-2.22.jar
br.com.sawcunhaos.organization.api.dto.UpdateEmployeeContactRequest$UpdateEmployeeContactRequestBuilder	java.lang.Long	jdk	java.base
br.com.sawcunhaos.organization.api.dto.UpdateEmployeeContactRequest$UpdateEmployeeContactRequestBuilder	java.lang.Object	jdk	java.base
br.com.sawcunhaos.organization.api.dto.UpdateEmployeeContactRequest$UpdateEmployeeContactRequestBuilder	java.lang.String	jdk	java.base
br.com.sawcunhaos.organization.api.dto.UpdateEmployeeContactRequest$UpdateEmployeeContactRequestBuilder	java.lang.invoke.CallSite	jdk	java.base
br.com.sawcunhaos.organization.api.dto.UpdateEmployeeContactRequest$UpdateEmployeeContactRequestBuilder	java.lang.invoke.MethodHandles	jdk	java.base
br.com.sawcunhaos.organization.api.dto.UpdateEmployeeContactRequest$UpdateEmployeeContactRequestBuilder	java.lang.invoke.MethodHandles$Lookup	jdk	java.base
br.com.sawcunhaos.organization.api.dto.UpdateEmployeeContactRequest$UpdateEmployeeContactRequestBuilder	java.lang.invoke.MethodType	jdk	java.base
br.com.sawcunhaos.organization.api.dto.UpdateEmployeeContactRequest$UpdateEmployeeContactRequestBuilder	java.lang.invoke.StringConcatFactory	jdk	java.base
br.com.sawcunhaos.organization.api.dto.UpdateEmployeeRequest	br.com.sawcunhaos.organization.api.dto.EmployeeContractType	interno	classes
br.com.sawcunhaos.organization.api.dto.UpdateEmployeeRequest	br.com.sawcunhaos.organization.api.dto.UpdateEmployeeRequest$UpdateEmployeeRequestBuilder	interno	classes
br.com.sawcunhaos.organization.api.dto.UpdateEmployeeRequest	com.fasterxml.jackson.annotation.JsonProperty	externo	jackson-annotations-2.22.jar
br.com.sawcunhaos.organization.api.dto.UpdateEmployeeRequest	jakarta.validation.Valid	externo	jakarta.validation-api-3.1.1.jar
br.com.sawcunhaos.organization.api.dto.UpdateEmployeeRequest	jakarta.validation.constraints.NotEmpty	externo	jakarta.validation-api-3.1.1.jar
br.com.sawcunhaos.organization.api.dto.UpdateEmployeeRequest	jakarta.validation.constraints.NotNull	externo	jakarta.validation-api-3.1.1.jar
br.com.sawcunhaos.organization.api.dto.UpdateEmployeeRequest	java.io.Serializable	jdk	java.base
br.com.sawcunhaos.organization.api.dto.UpdateEmployeeRequest	java.lang.Class	jdk	java.base
br.com.sawcunhaos.organization.api.dto.UpdateEmployeeRequest	java.lang.Object	jdk	java.base
br.com.sawcunhaos.organization.api.dto.UpdateEmployeeRequest	java.lang.Record	jdk	java.base
br.com.sawcunhaos.organization.api.dto.UpdateEmployeeRequest	java.lang.String	jdk	java.base
br.com.sawcunhaos.organization.api.dto.UpdateEmployeeRequest	java.lang.invoke.MethodHandle	jdk	java.base
br.com.sawcunhaos.organization.api.dto.UpdateEmployeeRequest	java.lang.invoke.MethodHandles	jdk	java.base
br.com.sawcunhaos.organization.api.dto.UpdateEmployeeRequest	java.lang.invoke.MethodHandles$Lookup	jdk	java.base
br.com.sawcunhaos.organization.api.dto.UpdateEmployeeRequest	java.lang.invoke.TypeDescriptor	jdk	java.base
br.com.sawcunhaos.organization.api.dto.UpdateEmployeeRequest	java.lang.runtime.ObjectMethods	jdk	java.base
br.com.sawcunhaos.organization.api.dto.UpdateEmployeeRequest	java.time.LocalDate	jdk	java.base
br.com.sawcunhaos.organization.api.dto.UpdateEmployeeRequest	org.springframework.format.annotation.DateTimeFormat	externo	spring-context-7.0.9.jar
br.com.sawcunhaos.organization.api.dto.UpdateEmployeeRequest$UpdateEmployeeRequestBuilder	br.com.sawcunhaos.organization.api.dto.EmployeeContractType	interno	classes
br.com.sawcunhaos.organization.api.dto.UpdateEmployeeRequest$UpdateEmployeeRequestBuilder	br.com.sawcunhaos.organization.api.dto.UpdateEmployeeRequest	interno	classes
br.com.sawcunhaos.organization.api.dto.UpdateEmployeeRequest$UpdateEmployeeRequestBuilder	com.fasterxml.jackson.annotation.JsonProperty	externo	jackson-annotations-2.22.jar
br.com.sawcunhaos.organization.api.dto.UpdateEmployeeRequest$UpdateEmployeeRequestBuilder	java.lang.Object	jdk	java.base
br.com.sawcunhaos.organization.api.dto.UpdateEmployeeRequest$UpdateEmployeeRequestBuilder	java.lang.String	jdk	java.base
br.com.sawcunhaos.organization.api.dto.UpdateEmployeeRequest$UpdateEmployeeRequestBuilder	java.lang.invoke.CallSite	jdk	java.base
br.com.sawcunhaos.organization.api.dto.UpdateEmployeeRequest$UpdateEmployeeRequestBuilder	java.lang.invoke.MethodHandles	jdk	java.base
br.com.sawcunhaos.organization.api.dto.UpdateEmployeeRequest$UpdateEmployeeRequestBuilder	java.lang.invoke.MethodHandles$Lookup	jdk	java.base
br.com.sawcunhaos.organization.api.dto.UpdateEmployeeRequest$UpdateEmployeeRequestBuilder	java.lang.invoke.MethodType	jdk	java.base
br.com.sawcunhaos.organization.api.dto.UpdateEmployeeRequest$UpdateEmployeeRequestBuilder	java.lang.invoke.StringConcatFactory	jdk	java.base
br.com.sawcunhaos.organization.api.dto.UpdateEmployeeRequest$UpdateEmployeeRequestBuilder	java.time.LocalDate	jdk	java.base
br.com.sawcunhaos.organization.api.dto.UpdateEmployeeWorkScheduleRequest	br.com.sawcunhaos.organization.api.dto.UpdateEmployeeWorkScheduleRequest$UpdateEmployeeWorkScheduleRequestBuilder	interno	classes
br.com.sawcunhaos.organization.api.dto.UpdateEmployeeWorkScheduleRequest	com.fasterxml.jackson.annotation.JsonProperty	externo	jackson-annotations-2.22.jar
br.com.sawcunhaos.organization.api.dto.UpdateEmployeeWorkScheduleRequest	jakarta.validation.Valid	externo	jakarta.validation-api-3.1.1.jar
br.com.sawcunhaos.organization.api.dto.UpdateEmployeeWorkScheduleRequest	jakarta.validation.constraints.NotNull	externo	jakarta.validation-api-3.1.1.jar
br.com.sawcunhaos.organization.api.dto.UpdateEmployeeWorkScheduleRequest	java.io.Serializable	jdk	java.base
br.com.sawcunhaos.organization.api.dto.UpdateEmployeeWorkScheduleRequest	java.lang.Class	jdk	java.base
br.com.sawcunhaos.organization.api.dto.UpdateEmployeeWorkScheduleRequest	java.lang.Object	jdk	java.base
br.com.sawcunhaos.organization.api.dto.UpdateEmployeeWorkScheduleRequest	java.lang.Record	jdk	java.base
br.com.sawcunhaos.organization.api.dto.UpdateEmployeeWorkScheduleRequest	java.lang.String	jdk	java.base
br.com.sawcunhaos.organization.api.dto.UpdateEmployeeWorkScheduleRequest	java.lang.invoke.MethodHandle	jdk	java.base
br.com.sawcunhaos.organization.api.dto.UpdateEmployeeWorkScheduleRequest	java.lang.invoke.MethodHandles	jdk	java.base
br.com.sawcunhaos.organization.api.dto.UpdateEmployeeWorkScheduleRequest	java.lang.invoke.MethodHandles$Lookup	jdk	java.base
br.com.sawcunhaos.organization.api.dto.UpdateEmployeeWorkScheduleRequest	java.lang.invoke.TypeDescriptor	jdk	java.base
br.com.sawcunhaos.organization.api.dto.UpdateEmployeeWorkScheduleRequest	java.lang.runtime.ObjectMethods	jdk	java.base
br.com.sawcunhaos.organization.api.dto.UpdateEmployeeWorkScheduleRequest	java.time.LocalTime	jdk	java.base
br.com.sawcunhaos.organization.api.dto.UpdateEmployeeWorkScheduleRequest$UpdateEmployeeWorkScheduleRequestBuilder	br.com.sawcunhaos.organization.api.dto.UpdateEmployeeWorkScheduleRequest	interno	classes
br.com.sawcunhaos.organization.api.dto.UpdateEmployeeWorkScheduleRequest$UpdateEmployeeWorkScheduleRequestBuilder	com.fasterxml.jackson.annotation.JsonProperty	externo	jackson-annotations-2.22.jar
br.com.sawcunhaos.organization.api.dto.UpdateEmployeeWorkScheduleRequest$UpdateEmployeeWorkScheduleRequestBuilder	java.lang.Object	jdk	java.base
br.com.sawcunhaos.organization.api.dto.UpdateEmployeeWorkScheduleRequest$UpdateEmployeeWorkScheduleRequestBuilder	java.lang.String	jdk	java.base
br.com.sawcunhaos.organization.api.dto.UpdateEmployeeWorkScheduleRequest$UpdateEmployeeWorkScheduleRequestBuilder	java.lang.invoke.CallSite	jdk	java.base
br.com.sawcunhaos.organization.api.dto.UpdateEmployeeWorkScheduleRequest$UpdateEmployeeWorkScheduleRequestBuilder	java.lang.invoke.MethodHandles	jdk	java.base
br.com.sawcunhaos.organization.api.dto.UpdateEmployeeWorkScheduleRequest$UpdateEmployeeWorkScheduleRequestBuilder	java.lang.invoke.MethodHandles$Lookup	jdk	java.base
br.com.sawcunhaos.organization.api.dto.UpdateEmployeeWorkScheduleRequest$UpdateEmployeeWorkScheduleRequestBuilder	java.lang.invoke.MethodType	jdk	java.base
br.com.sawcunhaos.organization.api.dto.UpdateEmployeeWorkScheduleRequest$UpdateEmployeeWorkScheduleRequestBuilder	java.lang.invoke.StringConcatFactory	jdk	java.base
br.com.sawcunhaos.organization.api.dto.UpdateEmployeeWorkScheduleRequest$UpdateEmployeeWorkScheduleRequestBuilder	java.time.LocalTime	jdk	java.base
br.com.sawcunhaos.organization.api.dto.UpdateLegalNatureRequest	br.com.sawcunhaos.organization.api.dto.UpdateLegalNatureRequest$UpdateLegalNatureRequestBuilder	interno	classes
br.com.sawcunhaos.organization.api.dto.UpdateLegalNatureRequest	com.fasterxml.jackson.annotation.JsonProperty	externo	jackson-annotations-2.22.jar
br.com.sawcunhaos.organization.api.dto.UpdateLegalNatureRequest	jakarta.validation.constraints.NotEmpty	externo	jakarta.validation-api-3.1.1.jar
br.com.sawcunhaos.organization.api.dto.UpdateLegalNatureRequest	jakarta.validation.constraints.NotNull	externo	jakarta.validation-api-3.1.1.jar
br.com.sawcunhaos.organization.api.dto.UpdateLegalNatureRequest	jakarta.validation.constraints.Size	externo	jakarta.validation-api-3.1.1.jar
br.com.sawcunhaos.organization.api.dto.UpdateLegalNatureRequest	java.io.Serializable	jdk	java.base
br.com.sawcunhaos.organization.api.dto.UpdateLegalNatureRequest	java.lang.Class	jdk	java.base
br.com.sawcunhaos.organization.api.dto.UpdateLegalNatureRequest	java.lang.Object	jdk	java.base
br.com.sawcunhaos.organization.api.dto.UpdateLegalNatureRequest	java.lang.Record	jdk	java.base
br.com.sawcunhaos.organization.api.dto.UpdateLegalNatureRequest	java.lang.String	jdk	java.base
br.com.sawcunhaos.organization.api.dto.UpdateLegalNatureRequest	java.lang.invoke.MethodHandle	jdk	java.base
br.com.sawcunhaos.organization.api.dto.UpdateLegalNatureRequest	java.lang.invoke.MethodHandles	jdk	java.base
br.com.sawcunhaos.organization.api.dto.UpdateLegalNatureRequest	java.lang.invoke.MethodHandles$Lookup	jdk	java.base
br.com.sawcunhaos.organization.api.dto.UpdateLegalNatureRequest	java.lang.invoke.TypeDescriptor	jdk	java.base
br.com.sawcunhaos.organization.api.dto.UpdateLegalNatureRequest	java.lang.runtime.ObjectMethods	jdk	java.base
br.com.sawcunhaos.organization.api.dto.UpdateLegalNatureRequest$UpdateLegalNatureRequestBuilder	br.com.sawcunhaos.organization.api.dto.UpdateLegalNatureRequest	interno	classes
br.com.sawcunhaos.organization.api.dto.UpdateLegalNatureRequest$UpdateLegalNatureRequestBuilder	com.fasterxml.jackson.annotation.JsonProperty	externo	jackson-annotations-2.22.jar
br.com.sawcunhaos.organization.api.dto.UpdateLegalNatureRequest$UpdateLegalNatureRequestBuilder	java.lang.Object	jdk	java.base
br.com.sawcunhaos.organization.api.dto.UpdateLegalNatureRequest$UpdateLegalNatureRequestBuilder	java.lang.String	jdk	java.base
br.com.sawcunhaos.organization.api.dto.UpdateLegalNatureRequest$UpdateLegalNatureRequestBuilder	java.lang.invoke.CallSite	jdk	java.base
br.com.sawcunhaos.organization.api.dto.UpdateLegalNatureRequest$UpdateLegalNatureRequestBuilder	java.lang.invoke.MethodHandles	jdk	java.base
br.com.sawcunhaos.organization.api.dto.UpdateLegalNatureRequest$UpdateLegalNatureRequestBuilder	java.lang.invoke.MethodHandles$Lookup	jdk	java.base
br.com.sawcunhaos.organization.api.dto.UpdateLegalNatureRequest$UpdateLegalNatureRequestBuilder	java.lang.invoke.MethodType	jdk	java.base
br.com.sawcunhaos.organization.api.dto.UpdateLegalNatureRequest$UpdateLegalNatureRequestBuilder	java.lang.invoke.StringConcatFactory	jdk	java.base
br.com.sawcunhaos.organization.api.dto.UpdateLoginRequest	br.com.sawcunhaos.organization.api.dto.UpdateLoginRequest$UpdateLoginRequestBuilder	interno	classes
br.com.sawcunhaos.organization.api.dto.UpdateLoginRequest	com.fasterxml.jackson.annotation.JsonProperty	externo	jackson-annotations-2.22.jar
br.com.sawcunhaos.organization.api.dto.UpdateLoginRequest	jakarta.validation.constraints.NotEmpty	externo	jakarta.validation-api-3.1.1.jar
br.com.sawcunhaos.organization.api.dto.UpdateLoginRequest	jakarta.validation.constraints.NotNull	externo	jakarta.validation-api-3.1.1.jar
br.com.sawcunhaos.organization.api.dto.UpdateLoginRequest	java.io.Serializable	jdk	java.base
br.com.sawcunhaos.organization.api.dto.UpdateLoginRequest	java.lang.Class	jdk	java.base
br.com.sawcunhaos.organization.api.dto.UpdateLoginRequest	java.lang.Object	jdk	java.base
br.com.sawcunhaos.organization.api.dto.UpdateLoginRequest	java.lang.Record	jdk	java.base
br.com.sawcunhaos.organization.api.dto.UpdateLoginRequest	java.lang.String	jdk	java.base
br.com.sawcunhaos.organization.api.dto.UpdateLoginRequest	java.lang.invoke.MethodHandle	jdk	java.base
br.com.sawcunhaos.organization.api.dto.UpdateLoginRequest	java.lang.invoke.MethodHandles	jdk	java.base
br.com.sawcunhaos.organization.api.dto.UpdateLoginRequest	java.lang.invoke.MethodHandles$Lookup	jdk	java.base
br.com.sawcunhaos.organization.api.dto.UpdateLoginRequest	java.lang.invoke.TypeDescriptor	jdk	java.base
br.com.sawcunhaos.organization.api.dto.UpdateLoginRequest	java.lang.runtime.ObjectMethods	jdk	java.base
br.com.sawcunhaos.organization.api.dto.UpdateLoginRequest$UpdateLoginRequestBuilder	br.com.sawcunhaos.organization.api.dto.UpdateLoginRequest	interno	classes
br.com.sawcunhaos.organization.api.dto.UpdateLoginRequest$UpdateLoginRequestBuilder	com.fasterxml.jackson.annotation.JsonProperty	externo	jackson-annotations-2.22.jar
br.com.sawcunhaos.organization.api.dto.UpdateLoginRequest$UpdateLoginRequestBuilder	java.lang.Object	jdk	java.base
br.com.sawcunhaos.organization.api.dto.UpdateLoginRequest$UpdateLoginRequestBuilder	java.lang.String	jdk	java.base
br.com.sawcunhaos.organization.api.dto.UpdateLoginRequest$UpdateLoginRequestBuilder	java.lang.invoke.CallSite	jdk	java.base
br.com.sawcunhaos.organization.api.dto.UpdateLoginRequest$UpdateLoginRequestBuilder	java.lang.invoke.MethodHandles	jdk	java.base
br.com.sawcunhaos.organization.api.dto.UpdateLoginRequest$UpdateLoginRequestBuilder	java.lang.invoke.MethodHandles$Lookup	jdk	java.base
br.com.sawcunhaos.organization.api.dto.UpdateLoginRequest$UpdateLoginRequestBuilder	java.lang.invoke.MethodType	jdk	java.base
br.com.sawcunhaos.organization.api.dto.UpdateLoginRequest$UpdateLoginRequestBuilder	java.lang.invoke.StringConcatFactory	jdk	java.base
br.com.sawcunhaos.organization.api.dto.UpdatePositionRequest	br.com.sawcunhaos.organization.api.dto.UpdatePositionRequest$UpdatePositionRequestBuilder	interno	classes
br.com.sawcunhaos.organization.api.dto.UpdatePositionRequest	com.fasterxml.jackson.annotation.JsonProperty	externo	jackson-annotations-2.22.jar
br.com.sawcunhaos.organization.api.dto.UpdatePositionRequest	jakarta.validation.constraints.NotEmpty	externo	jakarta.validation-api-3.1.1.jar
br.com.sawcunhaos.organization.api.dto.UpdatePositionRequest	jakarta.validation.constraints.NotNull	externo	jakarta.validation-api-3.1.1.jar
br.com.sawcunhaos.organization.api.dto.UpdatePositionRequest	java.io.Serializable	jdk	java.base
br.com.sawcunhaos.organization.api.dto.UpdatePositionRequest	java.lang.Boolean	jdk	java.base
br.com.sawcunhaos.organization.api.dto.UpdatePositionRequest	java.lang.Class	jdk	java.base
br.com.sawcunhaos.organization.api.dto.UpdatePositionRequest	java.lang.Long	jdk	java.base
br.com.sawcunhaos.organization.api.dto.UpdatePositionRequest	java.lang.Object	jdk	java.base
br.com.sawcunhaos.organization.api.dto.UpdatePositionRequest	java.lang.Record	jdk	java.base
br.com.sawcunhaos.organization.api.dto.UpdatePositionRequest	java.lang.String	jdk	java.base
br.com.sawcunhaos.organization.api.dto.UpdatePositionRequest	java.lang.invoke.MethodHandle	jdk	java.base
br.com.sawcunhaos.organization.api.dto.UpdatePositionRequest	java.lang.invoke.MethodHandles	jdk	java.base
br.com.sawcunhaos.organization.api.dto.UpdatePositionRequest	java.lang.invoke.MethodHandles$Lookup	jdk	java.base
br.com.sawcunhaos.organization.api.dto.UpdatePositionRequest	java.lang.invoke.TypeDescriptor	jdk	java.base
br.com.sawcunhaos.organization.api.dto.UpdatePositionRequest	java.lang.runtime.ObjectMethods	jdk	java.base
br.com.sawcunhaos.organization.api.dto.UpdatePositionRequest$UpdatePositionRequestBuilder	br.com.sawcunhaos.organization.api.dto.UpdatePositionRequest	interno	classes
br.com.sawcunhaos.organization.api.dto.UpdatePositionRequest$UpdatePositionRequestBuilder	com.fasterxml.jackson.annotation.JsonProperty	externo	jackson-annotations-2.22.jar
br.com.sawcunhaos.organization.api.dto.UpdatePositionRequest$UpdatePositionRequestBuilder	java.lang.Boolean	jdk	java.base
br.com.sawcunhaos.organization.api.dto.UpdatePositionRequest$UpdatePositionRequestBuilder	java.lang.Long	jdk	java.base
br.com.sawcunhaos.organization.api.dto.UpdatePositionRequest$UpdatePositionRequestBuilder	java.lang.Object	jdk	java.base
br.com.sawcunhaos.organization.api.dto.UpdatePositionRequest$UpdatePositionRequestBuilder	java.lang.String	jdk	java.base
br.com.sawcunhaos.organization.api.dto.UpdatePositionRequest$UpdatePositionRequestBuilder	java.lang.invoke.CallSite	jdk	java.base
br.com.sawcunhaos.organization.api.dto.UpdatePositionRequest$UpdatePositionRequestBuilder	java.lang.invoke.MethodHandles	jdk	java.base
br.com.sawcunhaos.organization.api.dto.UpdatePositionRequest$UpdatePositionRequestBuilder	java.lang.invoke.MethodHandles$Lookup	jdk	java.base
br.com.sawcunhaos.organization.api.dto.UpdatePositionRequest$UpdatePositionRequestBuilder	java.lang.invoke.MethodType	jdk	java.base
br.com.sawcunhaos.organization.api.dto.UpdatePositionRequest$UpdatePositionRequestBuilder	java.lang.invoke.StringConcatFactory	jdk	java.base
br.com.sawcunhaos.organization.api.dto.UpdatePositionWorkScheduleRequest	br.com.sawcunhaos.organization.api.dto.UpdatePositionWorkScheduleRequest$UpdatePositionWorkScheduleRequestBuilder	interno	classes
br.com.sawcunhaos.organization.api.dto.UpdatePositionWorkScheduleRequest	com.fasterxml.jackson.annotation.JsonProperty	externo	jackson-annotations-2.22.jar
br.com.sawcunhaos.organization.api.dto.UpdatePositionWorkScheduleRequest	jakarta.validation.Valid	externo	jakarta.validation-api-3.1.1.jar
br.com.sawcunhaos.organization.api.dto.UpdatePositionWorkScheduleRequest	jakarta.validation.constraints.NotNull	externo	jakarta.validation-api-3.1.1.jar
br.com.sawcunhaos.organization.api.dto.UpdatePositionWorkScheduleRequest	java.io.Serializable	jdk	java.base
br.com.sawcunhaos.organization.api.dto.UpdatePositionWorkScheduleRequest	java.lang.Class	jdk	java.base
br.com.sawcunhaos.organization.api.dto.UpdatePositionWorkScheduleRequest	java.lang.Object	jdk	java.base
br.com.sawcunhaos.organization.api.dto.UpdatePositionWorkScheduleRequest	java.lang.Record	jdk	java.base
br.com.sawcunhaos.organization.api.dto.UpdatePositionWorkScheduleRequest	java.lang.String	jdk	java.base
br.com.sawcunhaos.organization.api.dto.UpdatePositionWorkScheduleRequest	java.lang.invoke.MethodHandle	jdk	java.base
br.com.sawcunhaos.organization.api.dto.UpdatePositionWorkScheduleRequest	java.lang.invoke.MethodHandles	jdk	java.base
br.com.sawcunhaos.organization.api.dto.UpdatePositionWorkScheduleRequest	java.lang.invoke.MethodHandles$Lookup	jdk	java.base
br.com.sawcunhaos.organization.api.dto.UpdatePositionWorkScheduleRequest	java.lang.invoke.TypeDescriptor	jdk	java.base
br.com.sawcunhaos.organization.api.dto.UpdatePositionWorkScheduleRequest	java.lang.runtime.ObjectMethods	jdk	java.base
br.com.sawcunhaos.organization.api.dto.UpdatePositionWorkScheduleRequest	java.time.LocalTime	jdk	java.base
br.com.sawcunhaos.organization.api.dto.UpdatePositionWorkScheduleRequest$UpdatePositionWorkScheduleRequestBuilder	br.com.sawcunhaos.organization.api.dto.UpdatePositionWorkScheduleRequest	interno	classes
br.com.sawcunhaos.organization.api.dto.UpdatePositionWorkScheduleRequest$UpdatePositionWorkScheduleRequestBuilder	com.fasterxml.jackson.annotation.JsonProperty	externo	jackson-annotations-2.22.jar
br.com.sawcunhaos.organization.api.dto.UpdatePositionWorkScheduleRequest$UpdatePositionWorkScheduleRequestBuilder	java.lang.Object	jdk	java.base
br.com.sawcunhaos.organization.api.dto.UpdatePositionWorkScheduleRequest$UpdatePositionWorkScheduleRequestBuilder	java.lang.String	jdk	java.base
br.com.sawcunhaos.organization.api.dto.UpdatePositionWorkScheduleRequest$UpdatePositionWorkScheduleRequestBuilder	java.lang.invoke.CallSite	jdk	java.base
br.com.sawcunhaos.organization.api.dto.UpdatePositionWorkScheduleRequest$UpdatePositionWorkScheduleRequestBuilder	java.lang.invoke.MethodHandles	jdk	java.base
br.com.sawcunhaos.organization.api.dto.UpdatePositionWorkScheduleRequest$UpdatePositionWorkScheduleRequestBuilder	java.lang.invoke.MethodHandles$Lookup	jdk	java.base
br.com.sawcunhaos.organization.api.dto.UpdatePositionWorkScheduleRequest$UpdatePositionWorkScheduleRequestBuilder	java.lang.invoke.MethodType	jdk	java.base
br.com.sawcunhaos.organization.api.dto.UpdatePositionWorkScheduleRequest$UpdatePositionWorkScheduleRequestBuilder	java.lang.invoke.StringConcatFactory	jdk	java.base
br.com.sawcunhaos.organization.api.dto.UpdatePositionWorkScheduleRequest$UpdatePositionWorkScheduleRequestBuilder	java.time.LocalTime	jdk	java.base
br.com.sawcunhaos.organization.api.dto.UpdateProfileRequest	br.com.sawcunhaos.organization.api.dto.UpdateProfileRequest$UpdateProfileRequestBuilder	interno	classes
br.com.sawcunhaos.organization.api.dto.UpdateProfileRequest	com.fasterxml.jackson.annotation.JsonProperty	externo	jackson-annotations-2.22.jar
br.com.sawcunhaos.organization.api.dto.UpdateProfileRequest	jakarta.validation.constraints.NotEmpty	externo	jakarta.validation-api-3.1.1.jar
br.com.sawcunhaos.organization.api.dto.UpdateProfileRequest	jakarta.validation.constraints.NotNull	externo	jakarta.validation-api-3.1.1.jar
br.com.sawcunhaos.organization.api.dto.UpdateProfileRequest	java.io.Serializable	jdk	java.base
br.com.sawcunhaos.organization.api.dto.UpdateProfileRequest	java.lang.Class	jdk	java.base
br.com.sawcunhaos.organization.api.dto.UpdateProfileRequest	java.lang.Object	jdk	java.base
br.com.sawcunhaos.organization.api.dto.UpdateProfileRequest	java.lang.Record	jdk	java.base
br.com.sawcunhaos.organization.api.dto.UpdateProfileRequest	java.lang.String	jdk	java.base
br.com.sawcunhaos.organization.api.dto.UpdateProfileRequest	java.lang.invoke.MethodHandle	jdk	java.base
br.com.sawcunhaos.organization.api.dto.UpdateProfileRequest	java.lang.invoke.MethodHandles	jdk	java.base
br.com.sawcunhaos.organization.api.dto.UpdateProfileRequest	java.lang.invoke.MethodHandles$Lookup	jdk	java.base
br.com.sawcunhaos.organization.api.dto.UpdateProfileRequest	java.lang.invoke.TypeDescriptor	jdk	java.base
br.com.sawcunhaos.organization.api.dto.UpdateProfileRequest	java.lang.runtime.ObjectMethods	jdk	java.base
br.com.sawcunhaos.organization.api.dto.UpdateProfileRequest$UpdateProfileRequestBuilder	br.com.sawcunhaos.organization.api.dto.UpdateProfileRequest	interno	classes
br.com.sawcunhaos.organization.api.dto.UpdateProfileRequest$UpdateProfileRequestBuilder	com.fasterxml.jackson.annotation.JsonProperty	externo	jackson-annotations-2.22.jar
br.com.sawcunhaos.organization.api.dto.UpdateProfileRequest$UpdateProfileRequestBuilder	java.lang.Object	jdk	java.base
br.com.sawcunhaos.organization.api.dto.UpdateProfileRequest$UpdateProfileRequestBuilder	java.lang.String	jdk	java.base
br.com.sawcunhaos.organization.api.dto.UpdateProfileRequest$UpdateProfileRequestBuilder	java.lang.invoke.CallSite	jdk	java.base
br.com.sawcunhaos.organization.api.dto.UpdateProfileRequest$UpdateProfileRequestBuilder	java.lang.invoke.MethodHandles	jdk	java.base
br.com.sawcunhaos.organization.api.dto.UpdateProfileRequest$UpdateProfileRequestBuilder	java.lang.invoke.MethodHandles$Lookup	jdk	java.base
br.com.sawcunhaos.organization.api.dto.UpdateProfileRequest$UpdateProfileRequestBuilder	java.lang.invoke.MethodType	jdk	java.base
br.com.sawcunhaos.organization.api.dto.UpdateProfileRequest$UpdateProfileRequestBuilder	java.lang.invoke.StringConcatFactory	jdk	java.base
br.com.sawcunhaos.organization.api.dto.UpdateProfileResourcesRequest	br.com.sawcunhaos.organization.api.dto.UpdateProfileResourcesRequest$UpdateProfileResourcesRequestBuilder	interno	classes
br.com.sawcunhaos.organization.api.dto.UpdateProfileResourcesRequest	com.fasterxml.jackson.annotation.JsonProperty	externo	jackson-annotations-2.22.jar
br.com.sawcunhaos.organization.api.dto.UpdateProfileResourcesRequest	jakarta.validation.Valid	externo	jakarta.validation-api-3.1.1.jar
br.com.sawcunhaos.organization.api.dto.UpdateProfileResourcesRequest	jakarta.validation.constraints.NotNull	externo	jakarta.validation-api-3.1.1.jar
br.com.sawcunhaos.organization.api.dto.UpdateProfileResourcesRequest	java.io.Serializable	jdk	java.base
br.com.sawcunhaos.organization.api.dto.UpdateProfileResourcesRequest	java.lang.Class	jdk	java.base
br.com.sawcunhaos.organization.api.dto.UpdateProfileResourcesRequest	java.lang.Object	jdk	java.base
br.com.sawcunhaos.organization.api.dto.UpdateProfileResourcesRequest	java.lang.Record	jdk	java.base
br.com.sawcunhaos.organization.api.dto.UpdateProfileResourcesRequest	java.lang.String	jdk	java.base
br.com.sawcunhaos.organization.api.dto.UpdateProfileResourcesRequest	java.lang.invoke.MethodHandle	jdk	java.base
br.com.sawcunhaos.organization.api.dto.UpdateProfileResourcesRequest	java.lang.invoke.MethodHandles	jdk	java.base
br.com.sawcunhaos.organization.api.dto.UpdateProfileResourcesRequest	java.lang.invoke.MethodHandles$Lookup	jdk	java.base
br.com.sawcunhaos.organization.api.dto.UpdateProfileResourcesRequest	java.lang.invoke.TypeDescriptor	jdk	java.base
br.com.sawcunhaos.organization.api.dto.UpdateProfileResourcesRequest	java.lang.runtime.ObjectMethods	jdk	java.base
br.com.sawcunhaos.organization.api.dto.UpdateProfileResourcesRequest	java.util.List	jdk	java.base
br.com.sawcunhaos.organization.api.dto.UpdateProfileResourcesRequest	java.util.UUID	jdk	java.base
br.com.sawcunhaos.organization.api.dto.UpdateProfileResourcesRequest$UpdateProfileResourcesRequestBuilder	br.com.sawcunhaos.organization.api.dto.UpdateProfileResourcesRequest	interno	classes
br.com.sawcunhaos.organization.api.dto.UpdateProfileResourcesRequest$UpdateProfileResourcesRequestBuilder	com.fasterxml.jackson.annotation.JsonProperty	externo	jackson-annotations-2.22.jar
br.com.sawcunhaos.organization.api.dto.UpdateProfileResourcesRequest$UpdateProfileResourcesRequestBuilder	java.lang.Object	jdk	java.base
br.com.sawcunhaos.organization.api.dto.UpdateProfileResourcesRequest$UpdateProfileResourcesRequestBuilder	java.lang.String	jdk	java.base
br.com.sawcunhaos.organization.api.dto.UpdateProfileResourcesRequest$UpdateProfileResourcesRequestBuilder	java.lang.invoke.CallSite	jdk	java.base
br.com.sawcunhaos.organization.api.dto.UpdateProfileResourcesRequest$UpdateProfileResourcesRequestBuilder	java.lang.invoke.MethodHandles	jdk	java.base
br.com.sawcunhaos.organization.api.dto.UpdateProfileResourcesRequest$UpdateProfileResourcesRequestBuilder	java.lang.invoke.MethodHandles$Lookup	jdk	java.base
br.com.sawcunhaos.organization.api.dto.UpdateProfileResourcesRequest$UpdateProfileResourcesRequestBuilder	java.lang.invoke.MethodType	jdk	java.base
br.com.sawcunhaos.organization.api.dto.UpdateProfileResourcesRequest$UpdateProfileResourcesRequestBuilder	java.lang.invoke.StringConcatFactory	jdk	java.base
br.com.sawcunhaos.organization.api.dto.UpdateProfileResourcesRequest$UpdateProfileResourcesRequestBuilder	java.util.List	jdk	java.base
br.com.sawcunhaos.organization.api.dto.UpdateProfileResourcesRequest$UpdateProfileResourcesRequestBuilder	java.util.UUID	jdk	java.base
br.com.sawcunhaos.organization.api.dto.UpdateReasonActivateRequest	br.com.sawcunhaos.organization.api.dto.ReasonEntityType	interno	classes
br.com.sawcunhaos.organization.api.dto.UpdateReasonActivateRequest	br.com.sawcunhaos.organization.api.dto.UpdateReasonActivateRequest$UpdateReasonActivateRequestBuilder	interno	classes
br.com.sawcunhaos.organization.api.dto.UpdateReasonActivateRequest	com.fasterxml.jackson.annotation.JsonProperty	externo	jackson-annotations-2.22.jar
br.com.sawcunhaos.organization.api.dto.UpdateReasonActivateRequest	jakarta.validation.Valid	externo	jakarta.validation-api-3.1.1.jar
br.com.sawcunhaos.organization.api.dto.UpdateReasonActivateRequest	jakarta.validation.constraints.NotEmpty	externo	jakarta.validation-api-3.1.1.jar
br.com.sawcunhaos.organization.api.dto.UpdateReasonActivateRequest	jakarta.validation.constraints.NotNull	externo	jakarta.validation-api-3.1.1.jar
br.com.sawcunhaos.organization.api.dto.UpdateReasonActivateRequest	java.io.Serializable	jdk	java.base
br.com.sawcunhaos.organization.api.dto.UpdateReasonActivateRequest	java.lang.Class	jdk	java.base
br.com.sawcunhaos.organization.api.dto.UpdateReasonActivateRequest	java.lang.Object	jdk	java.base
br.com.sawcunhaos.organization.api.dto.UpdateReasonActivateRequest	java.lang.Record	jdk	java.base
br.com.sawcunhaos.organization.api.dto.UpdateReasonActivateRequest	java.lang.String	jdk	java.base
br.com.sawcunhaos.organization.api.dto.UpdateReasonActivateRequest	java.lang.invoke.MethodHandle	jdk	java.base
br.com.sawcunhaos.organization.api.dto.UpdateReasonActivateRequest	java.lang.invoke.MethodHandles	jdk	java.base
br.com.sawcunhaos.organization.api.dto.UpdateReasonActivateRequest	java.lang.invoke.MethodHandles$Lookup	jdk	java.base
br.com.sawcunhaos.organization.api.dto.UpdateReasonActivateRequest	java.lang.invoke.TypeDescriptor	jdk	java.base
br.com.sawcunhaos.organization.api.dto.UpdateReasonActivateRequest	java.lang.runtime.ObjectMethods	jdk	java.base
br.com.sawcunhaos.organization.api.dto.UpdateReasonActivateRequest$UpdateReasonActivateRequestBuilder	br.com.sawcunhaos.organization.api.dto.ReasonEntityType	interno	classes
br.com.sawcunhaos.organization.api.dto.UpdateReasonActivateRequest$UpdateReasonActivateRequestBuilder	br.com.sawcunhaos.organization.api.dto.UpdateReasonActivateRequest	interno	classes
br.com.sawcunhaos.organization.api.dto.UpdateReasonActivateRequest$UpdateReasonActivateRequestBuilder	com.fasterxml.jackson.annotation.JsonProperty	externo	jackson-annotations-2.22.jar
br.com.sawcunhaos.organization.api.dto.UpdateReasonActivateRequest$UpdateReasonActivateRequestBuilder	java.lang.Object	jdk	java.base
br.com.sawcunhaos.organization.api.dto.UpdateReasonActivateRequest$UpdateReasonActivateRequestBuilder	java.lang.String	jdk	java.base
br.com.sawcunhaos.organization.api.dto.UpdateReasonActivateRequest$UpdateReasonActivateRequestBuilder	java.lang.invoke.CallSite	jdk	java.base
br.com.sawcunhaos.organization.api.dto.UpdateReasonActivateRequest$UpdateReasonActivateRequestBuilder	java.lang.invoke.MethodHandles	jdk	java.base
br.com.sawcunhaos.organization.api.dto.UpdateReasonActivateRequest$UpdateReasonActivateRequestBuilder	java.lang.invoke.MethodHandles$Lookup	jdk	java.base
br.com.sawcunhaos.organization.api.dto.UpdateReasonActivateRequest$UpdateReasonActivateRequestBuilder	java.lang.invoke.MethodType	jdk	java.base
br.com.sawcunhaos.organization.api.dto.UpdateReasonActivateRequest$UpdateReasonActivateRequestBuilder	java.lang.invoke.StringConcatFactory	jdk	java.base
br.com.sawcunhaos.organization.api.dto.UpdateReasonDisableRequest	br.com.sawcunhaos.organization.api.dto.ReasonEntityType	interno	classes
br.com.sawcunhaos.organization.api.dto.UpdateReasonDisableRequest	br.com.sawcunhaos.organization.api.dto.UpdateReasonDisableRequest$UpdateReasonDisableRequestBuilder	interno	classes
br.com.sawcunhaos.organization.api.dto.UpdateReasonDisableRequest	com.fasterxml.jackson.annotation.JsonProperty	externo	jackson-annotations-2.22.jar
br.com.sawcunhaos.organization.api.dto.UpdateReasonDisableRequest	jakarta.validation.Valid	externo	jakarta.validation-api-3.1.1.jar
br.com.sawcunhaos.organization.api.dto.UpdateReasonDisableRequest	jakarta.validation.constraints.NotEmpty	externo	jakarta.validation-api-3.1.1.jar
br.com.sawcunhaos.organization.api.dto.UpdateReasonDisableRequest	jakarta.validation.constraints.NotNull	externo	jakarta.validation-api-3.1.1.jar
br.com.sawcunhaos.organization.api.dto.UpdateReasonDisableRequest	java.io.Serializable	jdk	java.base
br.com.sawcunhaos.organization.api.dto.UpdateReasonDisableRequest	java.lang.Class	jdk	java.base
br.com.sawcunhaos.organization.api.dto.UpdateReasonDisableRequest	java.lang.Object	jdk	java.base
br.com.sawcunhaos.organization.api.dto.UpdateReasonDisableRequest	java.lang.Record	jdk	java.base
br.com.sawcunhaos.organization.api.dto.UpdateReasonDisableRequest	java.lang.String	jdk	java.base
br.com.sawcunhaos.organization.api.dto.UpdateReasonDisableRequest	java.lang.invoke.MethodHandle	jdk	java.base
br.com.sawcunhaos.organization.api.dto.UpdateReasonDisableRequest	java.lang.invoke.MethodHandles	jdk	java.base
br.com.sawcunhaos.organization.api.dto.UpdateReasonDisableRequest	java.lang.invoke.MethodHandles$Lookup	jdk	java.base
br.com.sawcunhaos.organization.api.dto.UpdateReasonDisableRequest	java.lang.invoke.TypeDescriptor	jdk	java.base
br.com.sawcunhaos.organization.api.dto.UpdateReasonDisableRequest	java.lang.runtime.ObjectMethods	jdk	java.base
br.com.sawcunhaos.organization.api.dto.UpdateReasonDisableRequest$UpdateReasonDisableRequestBuilder	br.com.sawcunhaos.organization.api.dto.ReasonEntityType	interno	classes
br.com.sawcunhaos.organization.api.dto.UpdateReasonDisableRequest$UpdateReasonDisableRequestBuilder	br.com.sawcunhaos.organization.api.dto.UpdateReasonDisableRequest	interno	classes
br.com.sawcunhaos.organization.api.dto.UpdateReasonDisableRequest$UpdateReasonDisableRequestBuilder	com.fasterxml.jackson.annotation.JsonProperty	externo	jackson-annotations-2.22.jar
br.com.sawcunhaos.organization.api.dto.UpdateReasonDisableRequest$UpdateReasonDisableRequestBuilder	java.lang.Object	jdk	java.base
br.com.sawcunhaos.organization.api.dto.UpdateReasonDisableRequest$UpdateReasonDisableRequestBuilder	java.lang.String	jdk	java.base
br.com.sawcunhaos.organization.api.dto.UpdateReasonDisableRequest$UpdateReasonDisableRequestBuilder	java.lang.invoke.CallSite	jdk	java.base
br.com.sawcunhaos.organization.api.dto.UpdateReasonDisableRequest$UpdateReasonDisableRequestBuilder	java.lang.invoke.MethodHandles	jdk	java.base
br.com.sawcunhaos.organization.api.dto.UpdateReasonDisableRequest$UpdateReasonDisableRequestBuilder	java.lang.invoke.MethodHandles$Lookup	jdk	java.base
br.com.sawcunhaos.organization.api.dto.UpdateReasonDisableRequest$UpdateReasonDisableRequestBuilder	java.lang.invoke.MethodType	jdk	java.base
br.com.sawcunhaos.organization.api.dto.UpdateReasonDisableRequest$UpdateReasonDisableRequestBuilder	java.lang.invoke.StringConcatFactory	jdk	java.base
br.com.sawcunhaos.organization.api.dto.UpdateReasonEnableRequest	br.com.sawcunhaos.organization.api.dto.ReasonEntityType	interno	classes
br.com.sawcunhaos.organization.api.dto.UpdateReasonEnableRequest	br.com.sawcunhaos.organization.api.dto.UpdateReasonEnableRequest$UpdateReasonEnableRequestBuilder	interno	classes
br.com.sawcunhaos.organization.api.dto.UpdateReasonEnableRequest	com.fasterxml.jackson.annotation.JsonProperty	externo	jackson-annotations-2.22.jar
br.com.sawcunhaos.organization.api.dto.UpdateReasonEnableRequest	jakarta.validation.Valid	externo	jakarta.validation-api-3.1.1.jar
br.com.sawcunhaos.organization.api.dto.UpdateReasonEnableRequest	jakarta.validation.constraints.NotEmpty	externo	jakarta.validation-api-3.1.1.jar
br.com.sawcunhaos.organization.api.dto.UpdateReasonEnableRequest	jakarta.validation.constraints.NotNull	externo	jakarta.validation-api-3.1.1.jar
br.com.sawcunhaos.organization.api.dto.UpdateReasonEnableRequest	java.io.Serializable	jdk	java.base
br.com.sawcunhaos.organization.api.dto.UpdateReasonEnableRequest	java.lang.Class	jdk	java.base
br.com.sawcunhaos.organization.api.dto.UpdateReasonEnableRequest	java.lang.Object	jdk	java.base
br.com.sawcunhaos.organization.api.dto.UpdateReasonEnableRequest	java.lang.Record	jdk	java.base
br.com.sawcunhaos.organization.api.dto.UpdateReasonEnableRequest	java.lang.String	jdk	java.base
br.com.sawcunhaos.organization.api.dto.UpdateReasonEnableRequest	java.lang.invoke.MethodHandle	jdk	java.base
br.com.sawcunhaos.organization.api.dto.UpdateReasonEnableRequest	java.lang.invoke.MethodHandles	jdk	java.base
br.com.sawcunhaos.organization.api.dto.UpdateReasonEnableRequest	java.lang.invoke.MethodHandles$Lookup	jdk	java.base
br.com.sawcunhaos.organization.api.dto.UpdateReasonEnableRequest	java.lang.invoke.TypeDescriptor	jdk	java.base
br.com.sawcunhaos.organization.api.dto.UpdateReasonEnableRequest	java.lang.runtime.ObjectMethods	jdk	java.base
br.com.sawcunhaos.organization.api.dto.UpdateReasonEnableRequest$UpdateReasonEnableRequestBuilder	br.com.sawcunhaos.organization.api.dto.ReasonEntityType	interno	classes
br.com.sawcunhaos.organization.api.dto.UpdateReasonEnableRequest$UpdateReasonEnableRequestBuilder	br.com.sawcunhaos.organization.api.dto.UpdateReasonEnableRequest	interno	classes
br.com.sawcunhaos.organization.api.dto.UpdateReasonEnableRequest$UpdateReasonEnableRequestBuilder	com.fasterxml.jackson.annotation.JsonProperty	externo	jackson-annotations-2.22.jar
br.com.sawcunhaos.organization.api.dto.UpdateReasonEnableRequest$UpdateReasonEnableRequestBuilder	java.lang.Object	jdk	java.base
br.com.sawcunhaos.organization.api.dto.UpdateReasonEnableRequest$UpdateReasonEnableRequestBuilder	java.lang.String	jdk	java.base
br.com.sawcunhaos.organization.api.dto.UpdateReasonEnableRequest$UpdateReasonEnableRequestBuilder	java.lang.invoke.CallSite	jdk	java.base
br.com.sawcunhaos.organization.api.dto.UpdateReasonEnableRequest$UpdateReasonEnableRequestBuilder	java.lang.invoke.MethodHandles	jdk	java.base
br.com.sawcunhaos.organization.api.dto.UpdateReasonEnableRequest$UpdateReasonEnableRequestBuilder	java.lang.invoke.MethodHandles$Lookup	jdk	java.base
br.com.sawcunhaos.organization.api.dto.UpdateReasonEnableRequest$UpdateReasonEnableRequestBuilder	java.lang.invoke.MethodType	jdk	java.base
br.com.sawcunhaos.organization.api.dto.UpdateReasonEnableRequest$UpdateReasonEnableRequestBuilder	java.lang.invoke.StringConcatFactory	jdk	java.base
br.com.sawcunhaos.organization.api.dto.UpdateReasonInactivateRequest	br.com.sawcunhaos.organization.api.dto.ReasonEntityType	interno	classes
br.com.sawcunhaos.organization.api.dto.UpdateReasonInactivateRequest	br.com.sawcunhaos.organization.api.dto.UpdateReasonInactivateRequest$UpdateReasonInactivateRequestBuilder	interno	classes
br.com.sawcunhaos.organization.api.dto.UpdateReasonInactivateRequest	com.fasterxml.jackson.annotation.JsonProperty	externo	jackson-annotations-2.22.jar
br.com.sawcunhaos.organization.api.dto.UpdateReasonInactivateRequest	jakarta.validation.Valid	externo	jakarta.validation-api-3.1.1.jar
br.com.sawcunhaos.organization.api.dto.UpdateReasonInactivateRequest	jakarta.validation.constraints.NotEmpty	externo	jakarta.validation-api-3.1.1.jar
br.com.sawcunhaos.organization.api.dto.UpdateReasonInactivateRequest	jakarta.validation.constraints.NotNull	externo	jakarta.validation-api-3.1.1.jar
br.com.sawcunhaos.organization.api.dto.UpdateReasonInactivateRequest	java.io.Serializable	jdk	java.base
br.com.sawcunhaos.organization.api.dto.UpdateReasonInactivateRequest	java.lang.Class	jdk	java.base
br.com.sawcunhaos.organization.api.dto.UpdateReasonInactivateRequest	java.lang.Object	jdk	java.base
br.com.sawcunhaos.organization.api.dto.UpdateReasonInactivateRequest	java.lang.Record	jdk	java.base
br.com.sawcunhaos.organization.api.dto.UpdateReasonInactivateRequest	java.lang.String	jdk	java.base
br.com.sawcunhaos.organization.api.dto.UpdateReasonInactivateRequest	java.lang.invoke.MethodHandle	jdk	java.base
br.com.sawcunhaos.organization.api.dto.UpdateReasonInactivateRequest	java.lang.invoke.MethodHandles	jdk	java.base
br.com.sawcunhaos.organization.api.dto.UpdateReasonInactivateRequest	java.lang.invoke.MethodHandles$Lookup	jdk	java.base
br.com.sawcunhaos.organization.api.dto.UpdateReasonInactivateRequest	java.lang.invoke.TypeDescriptor	jdk	java.base
br.com.sawcunhaos.organization.api.dto.UpdateReasonInactivateRequest	java.lang.runtime.ObjectMethods	jdk	java.base
br.com.sawcunhaos.organization.api.dto.UpdateReasonInactivateRequest$UpdateReasonInactivateRequestBuilder	br.com.sawcunhaos.organization.api.dto.ReasonEntityType	interno	classes
br.com.sawcunhaos.organization.api.dto.UpdateReasonInactivateRequest$UpdateReasonInactivateRequestBuilder	br.com.sawcunhaos.organization.api.dto.UpdateReasonInactivateRequest	interno	classes
br.com.sawcunhaos.organization.api.dto.UpdateReasonInactivateRequest$UpdateReasonInactivateRequestBuilder	com.fasterxml.jackson.annotation.JsonProperty	externo	jackson-annotations-2.22.jar
br.com.sawcunhaos.organization.api.dto.UpdateReasonInactivateRequest$UpdateReasonInactivateRequestBuilder	java.lang.Object	jdk	java.base
br.com.sawcunhaos.organization.api.dto.UpdateReasonInactivateRequest$UpdateReasonInactivateRequestBuilder	java.lang.String	jdk	java.base
br.com.sawcunhaos.organization.api.dto.UpdateReasonInactivateRequest$UpdateReasonInactivateRequestBuilder	java.lang.invoke.CallSite	jdk	java.base
br.com.sawcunhaos.organization.api.dto.UpdateReasonInactivateRequest$UpdateReasonInactivateRequestBuilder	java.lang.invoke.MethodHandles	jdk	java.base
br.com.sawcunhaos.organization.api.dto.UpdateReasonInactivateRequest$UpdateReasonInactivateRequestBuilder	java.lang.invoke.MethodHandles$Lookup	jdk	java.base
br.com.sawcunhaos.organization.api.dto.UpdateReasonInactivateRequest$UpdateReasonInactivateRequestBuilder	java.lang.invoke.MethodType	jdk	java.base
br.com.sawcunhaos.organization.api.dto.UpdateReasonInactivateRequest$UpdateReasonInactivateRequestBuilder	java.lang.invoke.StringConcatFactory	jdk	java.base
br.com.sawcunhaos.organization.api.dto.UpdateReasonPositionChangeRequest	br.com.sawcunhaos.organization.api.dto.UpdateReasonPositionChangeRequest$UpdateReasonPositionChangeRequestBuilder	interno	classes
br.com.sawcunhaos.organization.api.dto.UpdateReasonPositionChangeRequest	com.fasterxml.jackson.annotation.JsonProperty	externo	jackson-annotations-2.22.jar
br.com.sawcunhaos.organization.api.dto.UpdateReasonPositionChangeRequest	jakarta.validation.constraints.NotEmpty	externo	jakarta.validation-api-3.1.1.jar
br.com.sawcunhaos.organization.api.dto.UpdateReasonPositionChangeRequest	jakarta.validation.constraints.NotNull	externo	jakarta.validation-api-3.1.1.jar
br.com.sawcunhaos.organization.api.dto.UpdateReasonPositionChangeRequest	java.io.Serializable	jdk	java.base
br.com.sawcunhaos.organization.api.dto.UpdateReasonPositionChangeRequest	java.lang.Class	jdk	java.base
br.com.sawcunhaos.organization.api.dto.UpdateReasonPositionChangeRequest	java.lang.Object	jdk	java.base
br.com.sawcunhaos.organization.api.dto.UpdateReasonPositionChangeRequest	java.lang.Record	jdk	java.base
br.com.sawcunhaos.organization.api.dto.UpdateReasonPositionChangeRequest	java.lang.String	jdk	java.base
br.com.sawcunhaos.organization.api.dto.UpdateReasonPositionChangeRequest	java.lang.invoke.MethodHandle	jdk	java.base
br.com.sawcunhaos.organization.api.dto.UpdateReasonPositionChangeRequest	java.lang.invoke.MethodHandles	jdk	java.base
br.com.sawcunhaos.organization.api.dto.UpdateReasonPositionChangeRequest	java.lang.invoke.MethodHandles$Lookup	jdk	java.base
br.com.sawcunhaos.organization.api.dto.UpdateReasonPositionChangeRequest	java.lang.invoke.TypeDescriptor	jdk	java.base
br.com.sawcunhaos.organization.api.dto.UpdateReasonPositionChangeRequest	java.lang.runtime.ObjectMethods	jdk	java.base
br.com.sawcunhaos.organization.api.dto.UpdateReasonPositionChangeRequest$UpdateReasonPositionChangeRequestBuilder	br.com.sawcunhaos.organization.api.dto.UpdateReasonPositionChangeRequest	interno	classes
br.com.sawcunhaos.organization.api.dto.UpdateReasonPositionChangeRequest$UpdateReasonPositionChangeRequestBuilder	com.fasterxml.jackson.annotation.JsonProperty	externo	jackson-annotations-2.22.jar
br.com.sawcunhaos.organization.api.dto.UpdateReasonPositionChangeRequest$UpdateReasonPositionChangeRequestBuilder	java.lang.Object	jdk	java.base
br.com.sawcunhaos.organization.api.dto.UpdateReasonPositionChangeRequest$UpdateReasonPositionChangeRequestBuilder	java.lang.String	jdk	java.base
br.com.sawcunhaos.organization.api.dto.UpdateReasonPositionChangeRequest$UpdateReasonPositionChangeRequestBuilder	java.lang.invoke.CallSite	jdk	java.base
br.com.sawcunhaos.organization.api.dto.UpdateReasonPositionChangeRequest$UpdateReasonPositionChangeRequestBuilder	java.lang.invoke.MethodHandles	jdk	java.base
br.com.sawcunhaos.organization.api.dto.UpdateReasonPositionChangeRequest$UpdateReasonPositionChangeRequestBuilder	java.lang.invoke.MethodHandles$Lookup	jdk	java.base
br.com.sawcunhaos.organization.api.dto.UpdateReasonPositionChangeRequest$UpdateReasonPositionChangeRequestBuilder	java.lang.invoke.MethodType	jdk	java.base
br.com.sawcunhaos.organization.api.dto.UpdateReasonPositionChangeRequest$UpdateReasonPositionChangeRequestBuilder	java.lang.invoke.StringConcatFactory	jdk	java.base
br.com.sawcunhaos.organization.application.usecase.access.authority.validate.ValidateAuthorityOutput	br.com.sawcunhaos.organization.application.usecase.access.authority.validate.ValidateAuthorityOutput$ValidateAuthorityOutputBuilder	interno	classes
br.com.sawcunhaos.organization.application.usecase.access.authority.validate.ValidateAuthorityOutput	java.lang.Class	jdk	java.base
br.com.sawcunhaos.organization.application.usecase.access.authority.validate.ValidateAuthorityOutput	java.lang.Long	jdk	java.base
br.com.sawcunhaos.organization.application.usecase.access.authority.validate.ValidateAuthorityOutput	java.lang.Object	jdk	java.base
br.com.sawcunhaos.organization.application.usecase.access.authority.validate.ValidateAuthorityOutput	java.lang.Record	jdk	java.base
br.com.sawcunhaos.organization.application.usecase.access.authority.validate.ValidateAuthorityOutput	java.lang.String	jdk	java.base
br.com.sawcunhaos.organization.application.usecase.access.authority.validate.ValidateAuthorityOutput	java.lang.invoke.MethodHandle	jdk	java.base
br.com.sawcunhaos.organization.application.usecase.access.authority.validate.ValidateAuthorityOutput	java.lang.invoke.MethodHandles	jdk	java.base
br.com.sawcunhaos.organization.application.usecase.access.authority.validate.ValidateAuthorityOutput	java.lang.invoke.MethodHandles$Lookup	jdk	java.base
br.com.sawcunhaos.organization.application.usecase.access.authority.validate.ValidateAuthorityOutput	java.lang.invoke.TypeDescriptor	jdk	java.base
br.com.sawcunhaos.organization.application.usecase.access.authority.validate.ValidateAuthorityOutput	java.lang.runtime.ObjectMethods	jdk	java.base
br.com.sawcunhaos.organization.application.usecase.access.authority.validate.ValidateAuthorityOutput	java.util.List	jdk	java.base
br.com.sawcunhaos.organization.application.usecase.access.authority.validate.ValidateAuthorityOutput$ValidateAuthorityOutputBuilder	br.com.sawcunhaos.organization.application.usecase.access.authority.validate.ValidateAuthorityOutput	interno	classes
br.com.sawcunhaos.organization.application.usecase.access.authority.validate.ValidateAuthorityOutput$ValidateAuthorityOutputBuilder	java.lang.Long	jdk	java.base
br.com.sawcunhaos.organization.application.usecase.access.authority.validate.ValidateAuthorityOutput$ValidateAuthorityOutputBuilder	java.lang.Object	jdk	java.base
br.com.sawcunhaos.organization.application.usecase.access.authority.validate.ValidateAuthorityOutput$ValidateAuthorityOutputBuilder	java.lang.String	jdk	java.base
br.com.sawcunhaos.organization.application.usecase.access.authority.validate.ValidateAuthorityOutput$ValidateAuthorityOutputBuilder	java.lang.invoke.CallSite	jdk	java.base
br.com.sawcunhaos.organization.application.usecase.access.authority.validate.ValidateAuthorityOutput$ValidateAuthorityOutputBuilder	java.lang.invoke.MethodHandles	jdk	java.base
br.com.sawcunhaos.organization.application.usecase.access.authority.validate.ValidateAuthorityOutput$ValidateAuthorityOutputBuilder	java.lang.invoke.MethodHandles$Lookup	jdk	java.base
br.com.sawcunhaos.organization.application.usecase.access.authority.validate.ValidateAuthorityOutput$ValidateAuthorityOutputBuilder	java.lang.invoke.MethodType	jdk	java.base
br.com.sawcunhaos.organization.application.usecase.access.authority.validate.ValidateAuthorityOutput$ValidateAuthorityOutputBuilder	java.lang.invoke.StringConcatFactory	jdk	java.base
br.com.sawcunhaos.organization.application.usecase.access.authority.validate.ValidateAuthorityOutput$ValidateAuthorityOutputBuilder	java.util.List	jdk	java.base
br.com.sawcunhaos.organization.application.usecase.access.authority.validate.ValidateAuthorityUseCase	br.com.sawcunhaos.organization.application.usecase.access.authority.validate.ValidateAuthorityOutput	interno	classes
br.com.sawcunhaos.organization.application.usecase.access.authority.validate.ValidateAuthorityUseCase	java.lang.Object	jdk	java.base
br.com.sawcunhaos.organization.application.usecase.access.authority.validate.ValidateAuthorityUseCase	java.lang.String	jdk	java.base
br.com.sawcunhaos.organization.application.usecase.access.authority.validate.ValidateAuthorityUseCaseBean	br.com.sawcunhaos.organization.application.usecase.access.authority.validate.ValidateAuthorityOutput	interno	classes
br.com.sawcunhaos.organization.application.usecase.access.authority.validate.ValidateAuthorityUseCaseBean	br.com.sawcunhaos.organization.application.usecase.access.authority.validate.ValidateAuthorityOutput$ValidateAuthorityOutputBuilder	interno	classes
br.com.sawcunhaos.organization.application.usecase.access.authority.validate.ValidateAuthorityUseCaseBean	br.com.sawcunhaos.organization.application.usecase.access.authority.validate.ValidateAuthorityUseCase	interno	classes
br.com.sawcunhaos.organization.application.usecase.access.authority.validate.ValidateAuthorityUseCaseBean	br.com.sawcunhaos.organization.domain.access.login.dto.AuthorityResponseOutput	externo	flow-organization-domain-1.0.0-SNAPSHOT.jar
br.com.sawcunhaos.organization.application.usecase.access.authority.validate.ValidateAuthorityUseCaseBean	br.com.sawcunhaos.organization.domain.access.login.specification.AuthorityResponseService	externo	flow-organization-domain-1.0.0-SNAPSHOT.jar
br.com.sawcunhaos.organization.application.usecase.access.authority.validate.ValidateAuthorityUseCaseBean	java.lang.Class	jdk	java.base
br.com.sawcunhaos.organization.application.usecase.access.authority.validate.ValidateAuthorityUseCaseBean	java.lang.Long	jdk	java.base
br.com.sawcunhaos.organization.application.usecase.access.authority.validate.ValidateAuthorityUseCaseBean	java.lang.Object	jdk	java.base
br.com.sawcunhaos.organization.application.usecase.access.authority.validate.ValidateAuthorityUseCaseBean	java.lang.String	jdk	java.base
br.com.sawcunhaos.organization.application.usecase.access.authority.validate.ValidateAuthorityUseCaseBean	java.util.List	jdk	java.base
br.com.sawcunhaos.organization.application.usecase.access.authority.validate.ValidateAuthorityUseCaseBean	org.slf4j.Logger	externo	slf4j-api-2.0.18.jar
br.com.sawcunhaos.organization.application.usecase.access.authority.validate.ValidateAuthorityUseCaseBean	org.slf4j.LoggerFactory	externo	slf4j-api-2.0.18.jar
br.com.sawcunhaos.organization.application.usecase.access.authority.validate.ValidateAuthorityUseCaseBean	org.springframework.stereotype.Service	externo	spring-context-7.0.9.jar
br.com.sawcunhaos.organization.application.usecase.access.authority.validate.ValidateAuthorityUseCaseBean	org.springframework.transaction.annotation.Transactional	externo	spring-tx-7.0.9.jar
br.com.sawcunhaos.organization.application.usecase.access.login.CreateEmployeeLoginUseCase	br.com.sawcunhaos.organization.api.dto.CreateEmployeeLoginRequest	interno	classes
br.com.sawcunhaos.organization.application.usecase.access.login.CreateEmployeeLoginUseCase	br.com.sawcunhaos.organization.api.dto.Login	interno	classes
br.com.sawcunhaos.organization.application.usecase.access.login.CreateEmployeeLoginUseCase	java.lang.Long	jdk	java.base
br.com.sawcunhaos.organization.application.usecase.access.login.CreateEmployeeLoginUseCase	java.lang.Object	jdk	java.base
br.com.sawcunhaos.organization.application.usecase.access.login.CreateEmployeeLoginUseCaseBean	br.com.sawcunhaos.foundation.core.exception.ScosException	externo	scos-foundation-core-1.2.0-SNAPSHOT.jar
br.com.sawcunhaos.organization.application.usecase.access.login.CreateEmployeeLoginUseCaseBean	br.com.sawcunhaos.foundation.core.specification.ExceptionCode	externo	scos-foundation-core-1.2.0-SNAPSHOT.jar
br.com.sawcunhaos.organization.application.usecase.access.login.CreateEmployeeLoginUseCaseBean	br.com.sawcunhaos.organization.api.dto.CreateEmployeeLoginRequest	interno	classes
br.com.sawcunhaos.organization.application.usecase.access.login.CreateEmployeeLoginUseCaseBean	br.com.sawcunhaos.organization.api.dto.Login	interno	classes
br.com.sawcunhaos.organization.application.usecase.access.login.CreateEmployeeLoginUseCaseBean	br.com.sawcunhaos.organization.application.usecase.access.login.CreateEmployeeLoginUseCase	interno	classes
br.com.sawcunhaos.organization.application.usecase.access.login.CreateEmployeeLoginUseCaseBean	br.com.sawcunhaos.organization.application.usecase.access.login.LoginApiMapper	interno	classes
br.com.sawcunhaos.organization.application.usecase.access.login.CreateEmployeeLoginUseCaseBean	br.com.sawcunhaos.organization.domain.access.login.dto.LoginInput	externo	flow-organization-domain-1.0.0-SNAPSHOT.jar
br.com.sawcunhaos.organization.application.usecase.access.login.CreateEmployeeLoginUseCaseBean	br.com.sawcunhaos.organization.domain.access.login.dto.LoginInput$LoginInputBuilder	externo	flow-organization-domain-1.0.0-SNAPSHOT.jar
br.com.sawcunhaos.organization.application.usecase.access.login.CreateEmployeeLoginUseCaseBean	br.com.sawcunhaos.organization.domain.access.login.dto.LoginOutput	externo	flow-organization-domain-1.0.0-SNAPSHOT.jar
br.com.sawcunhaos.organization.application.usecase.access.login.CreateEmployeeLoginUseCaseBean	br.com.sawcunhaos.organization.domain.access.login.internal.LoginType	externo	flow-organization-domain-1.0.0-SNAPSHOT.jar
br.com.sawcunhaos.organization.application.usecase.access.login.CreateEmployeeLoginUseCaseBean	br.com.sawcunhaos.organization.domain.access.login.specification.LoginService	externo	flow-organization-domain-1.0.0-SNAPSHOT.jar
br.com.sawcunhaos.organization.application.usecase.access.login.CreateEmployeeLoginUseCaseBean	br.com.sawcunhaos.organization.domain.corporate.employee.dto.EmployeeOutput	externo	flow-organization-domain-1.0.0-SNAPSHOT.jar
br.com.sawcunhaos.organization.application.usecase.access.login.CreateEmployeeLoginUseCaseBean	br.com.sawcunhaos.organization.domain.corporate.employee.internal.StatusEmployee	externo	flow-organization-domain-1.0.0-SNAPSHOT.jar
br.com.sawcunhaos.organization.application.usecase.access.login.CreateEmployeeLoginUseCaseBean	br.com.sawcunhaos.organization.domain.corporate.employee.specification.EmployeeService	externo	flow-organization-domain-1.0.0-SNAPSHOT.jar
br.com.sawcunhaos.organization.application.usecase.access.login.CreateEmployeeLoginUseCaseBean	br.com.sawcunhaos.organization.shared.exception.ExceptionCodeError	externo	flow-organization-shared-1.0.0-SNAPSHOT.jar
br.com.sawcunhaos.organization.application.usecase.access.login.CreateEmployeeLoginUseCaseBean	java.lang.Class	jdk	java.base
br.com.sawcunhaos.organization.application.usecase.access.login.CreateEmployeeLoginUseCaseBean	java.lang.Long	jdk	java.base
br.com.sawcunhaos.organization.application.usecase.access.login.CreateEmployeeLoginUseCaseBean	java.lang.Object	jdk	java.base
br.com.sawcunhaos.organization.application.usecase.access.login.CreateEmployeeLoginUseCaseBean	java.lang.String	jdk	java.base
br.com.sawcunhaos.organization.application.usecase.access.login.CreateEmployeeLoginUseCaseBean	org.slf4j.Logger	externo	slf4j-api-2.0.18.jar
br.com.sawcunhaos.organization.application.usecase.access.login.CreateEmployeeLoginUseCaseBean	org.slf4j.LoggerFactory	externo	slf4j-api-2.0.18.jar
br.com.sawcunhaos.organization.application.usecase.access.login.CreateEmployeeLoginUseCaseBean	org.springframework.stereotype.Service	externo	spring-context-7.0.9.jar
br.com.sawcunhaos.organization.application.usecase.access.login.CreateEmployeeLoginUseCaseBean	org.springframework.transaction.annotation.Transactional	externo	spring-tx-7.0.9.jar
br.com.sawcunhaos.organization.application.usecase.access.login.DecideLoginApprovalRequestUseCase	br.com.sawcunhaos.organization.application.usecase.access.login.DecisionType	interno	classes
br.com.sawcunhaos.organization.application.usecase.access.login.DecideLoginApprovalRequestUseCase	java.lang.Long	jdk	java.base
br.com.sawcunhaos.organization.application.usecase.access.login.DecideLoginApprovalRequestUseCase	java.lang.Object	jdk	java.base
br.com.sawcunhaos.organization.application.usecase.access.login.DecideLoginApprovalRequestUseCase	java.lang.String	jdk	java.base
br.com.sawcunhaos.organization.application.usecase.access.login.DecideLoginApprovalRequestUseCaseBean	br.com.sawcunhaos.organization.application.usecase.access.login.DecideLoginApprovalRequestUseCase	interno	classes
br.com.sawcunhaos.organization.application.usecase.access.login.DecideLoginApprovalRequestUseCaseBean	br.com.sawcunhaos.organization.application.usecase.access.login.DecisionType	interno	classes
br.com.sawcunhaos.organization.application.usecase.access.login.DecideLoginApprovalRequestUseCaseBean	br.com.sawcunhaos.organization.domain.access.login.internal.LoginApprovalRequestStatus	externo	flow-organization-domain-1.0.0-SNAPSHOT.jar
br.com.sawcunhaos.organization.application.usecase.access.login.DecideLoginApprovalRequestUseCaseBean	br.com.sawcunhaos.organization.domain.access.login.specification.LoginApprovalRequestService	externo	flow-organization-domain-1.0.0-SNAPSHOT.jar
br.com.sawcunhaos.organization.application.usecase.access.login.DecideLoginApprovalRequestUseCaseBean	java.lang.Class	jdk	java.base
br.com.sawcunhaos.organization.application.usecase.access.login.DecideLoginApprovalRequestUseCaseBean	java.lang.Long	jdk	java.base
br.com.sawcunhaos.organization.application.usecase.access.login.DecideLoginApprovalRequestUseCaseBean	java.lang.Object	jdk	java.base
br.com.sawcunhaos.organization.application.usecase.access.login.DecideLoginApprovalRequestUseCaseBean	java.lang.String	jdk	java.base
br.com.sawcunhaos.organization.application.usecase.access.login.DecideLoginApprovalRequestUseCaseBean	java.lang.invoke.CallSite	jdk	java.base
br.com.sawcunhaos.organization.application.usecase.access.login.DecideLoginApprovalRequestUseCaseBean	java.lang.invoke.LambdaMetafactory	jdk	java.base
br.com.sawcunhaos.organization.application.usecase.access.login.DecideLoginApprovalRequestUseCaseBean	java.lang.invoke.MethodHandle	jdk	java.base
br.com.sawcunhaos.organization.application.usecase.access.login.DecideLoginApprovalRequestUseCaseBean	java.lang.invoke.MethodHandles	jdk	java.base
br.com.sawcunhaos.organization.application.usecase.access.login.DecideLoginApprovalRequestUseCaseBean	java.lang.invoke.MethodHandles$Lookup	jdk	java.base
br.com.sawcunhaos.organization.application.usecase.access.login.DecideLoginApprovalRequestUseCaseBean	java.lang.invoke.MethodType	jdk	java.base
br.com.sawcunhaos.organization.application.usecase.access.login.DecideLoginApprovalRequestUseCaseBean	java.util.Collection	jdk	java.base
br.com.sawcunhaos.organization.application.usecase.access.login.DecideLoginApprovalRequestUseCaseBean	java.util.function.Function	jdk	java.base
br.com.sawcunhaos.organization.application.usecase.access.login.DecideLoginApprovalRequestUseCaseBean	java.util.function.Predicate	jdk	java.base
br.com.sawcunhaos.organization.application.usecase.access.login.DecideLoginApprovalRequestUseCaseBean	java.util.stream.Stream	jdk	java.base
br.com.sawcunhaos.organization.application.usecase.access.login.DecideLoginApprovalRequestUseCaseBean	org.slf4j.Logger	externo	slf4j-api-2.0.18.jar
br.com.sawcunhaos.organization.application.usecase.access.login.DecideLoginApprovalRequestUseCaseBean	org.slf4j.LoggerFactory	externo	slf4j-api-2.0.18.jar
br.com.sawcunhaos.organization.application.usecase.access.login.DecideLoginApprovalRequestUseCaseBean	org.springframework.security.core.Authentication	externo	spring-security-core-7.1.1.jar
br.com.sawcunhaos.organization.application.usecase.access.login.DecideLoginApprovalRequestUseCaseBean	org.springframework.security.core.GrantedAuthority	externo	spring-security-core-7.1.1.jar
br.com.sawcunhaos.organization.application.usecase.access.login.DecideLoginApprovalRequestUseCaseBean	org.springframework.security.core.context.SecurityContext	externo	spring-security-core-7.1.1.jar
br.com.sawcunhaos.organization.application.usecase.access.login.DecideLoginApprovalRequestUseCaseBean	org.springframework.security.core.context.SecurityContextHolder	externo	spring-security-core-7.1.1.jar
br.com.sawcunhaos.organization.application.usecase.access.login.DecideLoginApprovalRequestUseCaseBean	org.springframework.stereotype.Service	externo	spring-context-7.0.9.jar
br.com.sawcunhaos.organization.application.usecase.access.login.DecideLoginApprovalRequestUseCaseBean	org.springframework.transaction.annotation.Transactional	externo	spring-tx-7.0.9.jar
br.com.sawcunhaos.organization.application.usecase.access.login.DecisionType	java.lang.Class	jdk	java.base
br.com.sawcunhaos.organization.application.usecase.access.login.DecisionType	java.lang.Enum	jdk	java.base
br.com.sawcunhaos.organization.application.usecase.access.login.DecisionType	java.lang.Object	jdk	java.base
br.com.sawcunhaos.organization.application.usecase.access.login.DecisionType	java.lang.String	jdk	java.base
br.com.sawcunhaos.organization.application.usecase.access.login.DecisionType	java.lang.System	jdk	java.base
br.com.sawcunhaos.organization.application.usecase.access.login.FindAllEmployeeLoginUseCase	br.com.sawcunhaos.organization.api.dto.GetAllLoginsResponse	interno	classes
br.com.sawcunhaos.organization.application.usecase.access.login.FindAllEmployeeLoginUseCase	br.com.sawcunhaos.organization.api.dto.PaginationFilter	interno	classes
br.com.sawcunhaos.organization.application.usecase.access.login.FindAllEmployeeLoginUseCase	java.lang.Long	jdk	java.base
br.com.sawcunhaos.organization.application.usecase.access.login.FindAllEmployeeLoginUseCase	java.lang.Object	jdk	java.base
br.com.sawcunhaos.organization.application.usecase.access.login.FindAllEmployeeLoginUseCaseBean	br.com.sawcunhaos.organization.api.dto.GetAllLoginsResponse	interno	classes
br.com.sawcunhaos.organization.application.usecase.access.login.FindAllEmployeeLoginUseCaseBean	br.com.sawcunhaos.organization.api.dto.LoginStatus	interno	classes
br.com.sawcunhaos.organization.application.usecase.access.login.FindAllEmployeeLoginUseCaseBean	br.com.sawcunhaos.organization.api.dto.LoginType	interno	classes
br.com.sawcunhaos.organization.application.usecase.access.login.FindAllEmployeeLoginUseCaseBean	br.com.sawcunhaos.organization.api.dto.PaginationFilter	interno	classes
br.com.sawcunhaos.organization.application.usecase.access.login.FindAllEmployeeLoginUseCaseBean	br.com.sawcunhaos.organization.application.usecase.access.login.FindAllEmployeeLoginUseCase	interno	classes
br.com.sawcunhaos.organization.application.usecase.access.login.FindAllEmployeeLoginUseCaseBean	br.com.sawcunhaos.organization.application.usecase.access.login.FindAllLoginUseCase	interno	classes
br.com.sawcunhaos.organization.application.usecase.access.login.FindAllEmployeeLoginUseCaseBean	java.lang.Class	jdk	java.base
br.com.sawcunhaos.organization.application.usecase.access.login.FindAllEmployeeLoginUseCaseBean	java.lang.Long	jdk	java.base
br.com.sawcunhaos.organization.application.usecase.access.login.FindAllEmployeeLoginUseCaseBean	java.lang.Object	jdk	java.base
br.com.sawcunhaos.organization.application.usecase.access.login.FindAllEmployeeLoginUseCaseBean	java.lang.String	jdk	java.base
br.com.sawcunhaos.organization.application.usecase.access.login.FindAllEmployeeLoginUseCaseBean	org.slf4j.Logger	externo	slf4j-api-2.0.18.jar
br.com.sawcunhaos.organization.application.usecase.access.login.FindAllEmployeeLoginUseCaseBean	org.slf4j.LoggerFactory	externo	slf4j-api-2.0.18.jar
br.com.sawcunhaos.organization.application.usecase.access.login.FindAllEmployeeLoginUseCaseBean	org.springframework.stereotype.Service	externo	spring-context-7.0.9.jar
br.com.sawcunhaos.organization.application.usecase.access.login.FindAllEmployeeLoginUseCaseBean	org.springframework.transaction.annotation.Transactional	externo	spring-tx-7.0.9.jar
br.com.sawcunhaos.organization.application.usecase.access.login.FindAllLoginApprovalRequestUseCase	br.com.sawcunhaos.organization.api.dto.GetAllLoginApprovalRequestsResponse	interno	classes
br.com.sawcunhaos.organization.application.usecase.access.login.FindAllLoginApprovalRequestUseCase	br.com.sawcunhaos.organization.api.dto.LoginApprovalRequestStatus	interno	classes
br.com.sawcunhaos.organization.application.usecase.access.login.FindAllLoginApprovalRequestUseCase	br.com.sawcunhaos.organization.api.dto.PaginationFilter	interno	classes
br.com.sawcunhaos.organization.application.usecase.access.login.FindAllLoginApprovalRequestUseCase	java.lang.Long	jdk	java.base
br.com.sawcunhaos.organization.application.usecase.access.login.FindAllLoginApprovalRequestUseCase	java.lang.Object	jdk	java.base
br.com.sawcunhaos.organization.application.usecase.access.login.FindAllLoginApprovalRequestUseCaseBean	br.com.sawcunhaos.organization.api.dto.GetAllLoginApprovalRequestsResponse	interno	classes
br.com.sawcunhaos.organization.application.usecase.access.login.FindAllLoginApprovalRequestUseCaseBean	br.com.sawcunhaos.organization.api.dto.GetAllLoginApprovalRequestsResponse$GetAllLoginApprovalRequestsResponseBuilder	interno	classes
br.com.sawcunhaos.organization.application.usecase.access.login.FindAllLoginApprovalRequestUseCaseBean	br.com.sawcunhaos.organization.api.dto.LoginApprovalRequest	interno	classes
br.com.sawcunhaos.organization.application.usecase.access.login.FindAllLoginApprovalRequestUseCaseBean	br.com.sawcunhaos.organization.api.dto.LoginApprovalRequestStatus	interno	classes
br.com.sawcunhaos.organization.application.usecase.access.login.FindAllLoginApprovalRequestUseCaseBean	br.com.sawcunhaos.organization.api.dto.PaginationFilter	interno	classes
br.com.sawcunhaos.organization.application.usecase.access.login.FindAllLoginApprovalRequestUseCaseBean	br.com.sawcunhaos.organization.api.dto.ScosPaginated	interno	classes
br.com.sawcunhaos.organization.application.usecase.access.login.FindAllLoginApprovalRequestUseCaseBean	br.com.sawcunhaos.organization.application.usecase.access.login.FindAllLoginApprovalRequestUseCase	interno	classes
br.com.sawcunhaos.organization.application.usecase.access.login.FindAllLoginApprovalRequestUseCaseBean	br.com.sawcunhaos.organization.application.usecase.access.login.LoginApprovalRequestApiMapper	interno	classes
br.com.sawcunhaos.organization.application.usecase.access.login.FindAllLoginApprovalRequestUseCaseBean	br.com.sawcunhaos.organization.application.usecase.utils.PaginatioUtils	interno	classes
br.com.sawcunhaos.organization.application.usecase.access.login.FindAllLoginApprovalRequestUseCaseBean	br.com.sawcunhaos.organization.domain.access.login.dto.LoginApprovalRequestOutput	externo	flow-organization-domain-1.0.0-SNAPSHOT.jar
br.com.sawcunhaos.organization.application.usecase.access.login.FindAllLoginApprovalRequestUseCaseBean	br.com.sawcunhaos.organization.domain.access.login.internal.LoginApprovalRequestStatus	externo	flow-organization-domain-1.0.0-SNAPSHOT.jar
br.com.sawcunhaos.organization.application.usecase.access.login.FindAllLoginApprovalRequestUseCaseBean	br.com.sawcunhaos.organization.domain.access.login.specification.LoginApprovalRequestService	externo	flow-organization-domain-1.0.0-SNAPSHOT.jar
br.com.sawcunhaos.organization.application.usecase.access.login.FindAllLoginApprovalRequestUseCaseBean	java.lang.Class	jdk	java.base
br.com.sawcunhaos.organization.application.usecase.access.login.FindAllLoginApprovalRequestUseCaseBean	java.lang.Long	jdk	java.base
br.com.sawcunhaos.organization.application.usecase.access.login.FindAllLoginApprovalRequestUseCaseBean	java.lang.Object	jdk	java.base
br.com.sawcunhaos.organization.application.usecase.access.login.FindAllLoginApprovalRequestUseCaseBean	java.lang.String	jdk	java.base
br.com.sawcunhaos.organization.application.usecase.access.login.FindAllLoginApprovalRequestUseCaseBean	java.lang.invoke.CallSite	jdk	java.base
br.com.sawcunhaos.organization.application.usecase.access.login.FindAllLoginApprovalRequestUseCaseBean	java.lang.invoke.LambdaMetafactory	jdk	java.base
br.com.sawcunhaos.organization.application.usecase.access.login.FindAllLoginApprovalRequestUseCaseBean	java.lang.invoke.MethodHandle	jdk	java.base
br.com.sawcunhaos.organization.application.usecase.access.login.FindAllLoginApprovalRequestUseCaseBean	java.lang.invoke.MethodHandles	jdk	java.base
br.com.sawcunhaos.organization.application.usecase.access.login.FindAllLoginApprovalRequestUseCaseBean	java.lang.invoke.MethodHandles$Lookup	jdk	java.base
br.com.sawcunhaos.organization.application.usecase.access.login.FindAllLoginApprovalRequestUseCaseBean	java.lang.invoke.MethodType	jdk	java.base
br.com.sawcunhaos.organization.application.usecase.access.login.FindAllLoginApprovalRequestUseCaseBean	java.util.List	jdk	java.base
br.com.sawcunhaos.organization.application.usecase.access.login.FindAllLoginApprovalRequestUseCaseBean	java.util.function.Function	jdk	java.base
br.com.sawcunhaos.organization.application.usecase.access.login.FindAllLoginApprovalRequestUseCaseBean	java.util.stream.Stream	jdk	java.base
br.com.sawcunhaos.organization.application.usecase.access.login.FindAllLoginApprovalRequestUseCaseBean	org.slf4j.Logger	externo	slf4j-api-2.0.18.jar
br.com.sawcunhaos.organization.application.usecase.access.login.FindAllLoginApprovalRequestUseCaseBean	org.slf4j.LoggerFactory	externo	slf4j-api-2.0.18.jar
br.com.sawcunhaos.organization.application.usecase.access.login.FindAllLoginApprovalRequestUseCaseBean	org.springframework.data.domain.Page	externo	spring-data-commons-4.1.1.jar
br.com.sawcunhaos.organization.application.usecase.access.login.FindAllLoginApprovalRequestUseCaseBean	org.springframework.data.domain.Pageable	externo	spring-data-commons-4.1.1.jar
br.com.sawcunhaos.organization.application.usecase.access.login.FindAllLoginApprovalRequestUseCaseBean	org.springframework.stereotype.Service	externo	spring-context-7.0.9.jar
br.com.sawcunhaos.organization.application.usecase.access.login.FindAllLoginApprovalRequestUseCaseBean	org.springframework.transaction.annotation.Transactional	externo	spring-tx-7.0.9.jar
br.com.sawcunhaos.organization.application.usecase.access.login.FindAllLoginUseCase	br.com.sawcunhaos.organization.api.dto.GetAllLoginsResponse	interno	classes
br.com.sawcunhaos.organization.application.usecase.access.login.FindAllLoginUseCase	br.com.sawcunhaos.organization.api.dto.LoginStatus	interno	classes
br.com.sawcunhaos.organization.application.usecase.access.login.FindAllLoginUseCase	br.com.sawcunhaos.organization.api.dto.LoginType	interno	classes
br.com.sawcunhaos.organization.application.usecase.access.login.FindAllLoginUseCase	br.com.sawcunhaos.organization.api.dto.PaginationFilter	interno	classes
br.com.sawcunhaos.organization.application.usecase.access.login.FindAllLoginUseCase	java.lang.Long	jdk	java.base
br.com.sawcunhaos.organization.application.usecase.access.login.FindAllLoginUseCase	java.lang.Object	jdk	java.base
br.com.sawcunhaos.organization.application.usecase.access.login.FindAllLoginUseCaseBean	br.com.sawcunhaos.organization.api.dto.GetAllLoginsResponse	interno	classes
br.com.sawcunhaos.organization.application.usecase.access.login.FindAllLoginUseCaseBean	br.com.sawcunhaos.organization.api.dto.GetAllLoginsResponse$GetAllLoginsResponseBuilder	interno	classes
br.com.sawcunhaos.organization.application.usecase.access.login.FindAllLoginUseCaseBean	br.com.sawcunhaos.organization.api.dto.LoginStatus	interno	classes
br.com.sawcunhaos.organization.application.usecase.access.login.FindAllLoginUseCaseBean	br.com.sawcunhaos.organization.api.dto.LoginSummary	interno	classes
br.com.sawcunhaos.organization.application.usecase.access.login.FindAllLoginUseCaseBean	br.com.sawcunhaos.organization.api.dto.LoginType	interno	classes
br.com.sawcunhaos.organization.application.usecase.access.login.FindAllLoginUseCaseBean	br.com.sawcunhaos.organization.api.dto.PaginationFilter	interno	classes
br.com.sawcunhaos.organization.application.usecase.access.login.FindAllLoginUseCaseBean	br.com.sawcunhaos.organization.api.dto.ScosPaginated	interno	classes
br.com.sawcunhaos.organization.application.usecase.access.login.FindAllLoginUseCaseBean	br.com.sawcunhaos.organization.application.usecase.access.login.FindAllLoginUseCase	interno	classes
br.com.sawcunhaos.organization.application.usecase.access.login.FindAllLoginUseCaseBean	br.com.sawcunhaos.organization.application.usecase.access.login.LoginApiMapper	interno	classes
br.com.sawcunhaos.organization.application.usecase.access.login.FindAllLoginUseCaseBean	br.com.sawcunhaos.organization.application.usecase.utils.PaginatioUtils	interno	classes
br.com.sawcunhaos.organization.application.usecase.access.login.FindAllLoginUseCaseBean	br.com.sawcunhaos.organization.domain.access.login.dto.LoginOutput	externo	flow-organization-domain-1.0.0-SNAPSHOT.jar
br.com.sawcunhaos.organization.application.usecase.access.login.FindAllLoginUseCaseBean	br.com.sawcunhaos.organization.domain.access.login.internal.LoginStatus	externo	flow-organization-domain-1.0.0-SNAPSHOT.jar
br.com.sawcunhaos.organization.application.usecase.access.login.FindAllLoginUseCaseBean	br.com.sawcunhaos.organization.domain.access.login.internal.LoginType	externo	flow-organization-domain-1.0.0-SNAPSHOT.jar
br.com.sawcunhaos.organization.application.usecase.access.login.FindAllLoginUseCaseBean	br.com.sawcunhaos.organization.domain.access.login.specification.LoginService	externo	flow-organization-domain-1.0.0-SNAPSHOT.jar
br.com.sawcunhaos.organization.application.usecase.access.login.FindAllLoginUseCaseBean	java.lang.Class	jdk	java.base
br.com.sawcunhaos.organization.application.usecase.access.login.FindAllLoginUseCaseBean	java.lang.Long	jdk	java.base
br.com.sawcunhaos.organization.application.usecase.access.login.FindAllLoginUseCaseBean	java.lang.Object	jdk	java.base
br.com.sawcunhaos.organization.application.usecase.access.login.FindAllLoginUseCaseBean	java.lang.String	jdk	java.base
br.com.sawcunhaos.organization.application.usecase.access.login.FindAllLoginUseCaseBean	java.lang.invoke.CallSite	jdk	java.base
br.com.sawcunhaos.organization.application.usecase.access.login.FindAllLoginUseCaseBean	java.lang.invoke.LambdaMetafactory	jdk	java.base
br.com.sawcunhaos.organization.application.usecase.access.login.FindAllLoginUseCaseBean	java.lang.invoke.MethodHandle	jdk	java.base
br.com.sawcunhaos.organization.application.usecase.access.login.FindAllLoginUseCaseBean	java.lang.invoke.MethodHandles	jdk	java.base
br.com.sawcunhaos.organization.application.usecase.access.login.FindAllLoginUseCaseBean	java.lang.invoke.MethodHandles$Lookup	jdk	java.base
br.com.sawcunhaos.organization.application.usecase.access.login.FindAllLoginUseCaseBean	java.lang.invoke.MethodType	jdk	java.base
br.com.sawcunhaos.organization.application.usecase.access.login.FindAllLoginUseCaseBean	java.util.List	jdk	java.base
br.com.sawcunhaos.organization.application.usecase.access.login.FindAllLoginUseCaseBean	java.util.function.Function	jdk	java.base
br.com.sawcunhaos.organization.application.usecase.access.login.FindAllLoginUseCaseBean	java.util.stream.Stream	jdk	java.base
br.com.sawcunhaos.organization.application.usecase.access.login.FindAllLoginUseCaseBean	org.slf4j.Logger	externo	slf4j-api-2.0.18.jar
br.com.sawcunhaos.organization.application.usecase.access.login.FindAllLoginUseCaseBean	org.slf4j.LoggerFactory	externo	slf4j-api-2.0.18.jar
br.com.sawcunhaos.organization.application.usecase.access.login.FindAllLoginUseCaseBean	org.springframework.data.domain.Page	externo	spring-data-commons-4.1.1.jar
br.com.sawcunhaos.organization.application.usecase.access.login.FindAllLoginUseCaseBean	org.springframework.data.domain.Pageable	externo	spring-data-commons-4.1.1.jar
br.com.sawcunhaos.organization.application.usecase.access.login.FindAllLoginUseCaseBean	org.springframework.stereotype.Service	externo	spring-context-7.0.9.jar
br.com.sawcunhaos.organization.application.usecase.access.login.FindAllLoginUseCaseBean	org.springframework.transaction.annotation.Transactional	externo	spring-tx-7.0.9.jar
br.com.sawcunhaos.organization.application.usecase.access.login.FindLoginApprovalRequestUseCase	br.com.sawcunhaos.organization.api.dto.GetLoginApprovalRequestResponse	interno	classes
br.com.sawcunhaos.organization.application.usecase.access.login.FindLoginApprovalRequestUseCase	java.lang.Long	jdk	java.base
br.com.sawcunhaos.organization.application.usecase.access.login.FindLoginApprovalRequestUseCase	java.lang.Object	jdk	java.base
br.com.sawcunhaos.organization.application.usecase.access.login.FindLoginApprovalRequestUseCaseBean	br.com.sawcunhaos.organization.api.dto.GetLoginApprovalRequestResponse	interno	classes
br.com.sawcunhaos.organization.application.usecase.access.login.FindLoginApprovalRequestUseCaseBean	br.com.sawcunhaos.organization.api.dto.GetLoginApprovalRequestResponse$GetLoginApprovalRequestResponseBuilder	interno	classes
br.com.sawcunhaos.organization.application.usecase.access.login.FindLoginApprovalRequestUseCaseBean	br.com.sawcunhaos.organization.api.dto.LoginApprovalRequest	interno	classes
br.com.sawcunhaos.organization.application.usecase.access.login.FindLoginApprovalRequestUseCaseBean	br.com.sawcunhaos.organization.application.usecase.access.login.FindLoginApprovalRequestUseCase	interno	classes
br.com.sawcunhaos.organization.application.usecase.access.login.FindLoginApprovalRequestUseCaseBean	br.com.sawcunhaos.organization.application.usecase.access.login.LoginApprovalRequestApiMapper	interno	classes
br.com.sawcunhaos.organization.application.usecase.access.login.FindLoginApprovalRequestUseCaseBean	br.com.sawcunhaos.organization.domain.access.login.dto.LoginApprovalRequestOutput	externo	flow-organization-domain-1.0.0-SNAPSHOT.jar
br.com.sawcunhaos.organization.application.usecase.access.login.FindLoginApprovalRequestUseCaseBean	br.com.sawcunhaos.organization.domain.access.login.specification.LoginApprovalRequestService	externo	flow-organization-domain-1.0.0-SNAPSHOT.jar
br.com.sawcunhaos.organization.application.usecase.access.login.FindLoginApprovalRequestUseCaseBean	java.lang.Class	jdk	java.base
br.com.sawcunhaos.organization.application.usecase.access.login.FindLoginApprovalRequestUseCaseBean	java.lang.Long	jdk	java.base
br.com.sawcunhaos.organization.application.usecase.access.login.FindLoginApprovalRequestUseCaseBean	java.lang.Object	jdk	java.base
br.com.sawcunhaos.organization.application.usecase.access.login.FindLoginApprovalRequestUseCaseBean	java.lang.String	jdk	java.base
br.com.sawcunhaos.organization.application.usecase.access.login.FindLoginApprovalRequestUseCaseBean	org.slf4j.Logger	externo	slf4j-api-2.0.18.jar
br.com.sawcunhaos.organization.application.usecase.access.login.FindLoginApprovalRequestUseCaseBean	org.slf4j.LoggerFactory	externo	slf4j-api-2.0.18.jar
br.com.sawcunhaos.organization.application.usecase.access.login.FindLoginApprovalRequestUseCaseBean	org.springframework.stereotype.Service	externo	spring-context-7.0.9.jar
br.com.sawcunhaos.organization.application.usecase.access.login.FindLoginApprovalRequestUseCaseBean	org.springframework.transaction.annotation.Transactional	externo	spring-tx-7.0.9.jar
br.com.sawcunhaos.organization.application.usecase.access.login.FindLoginUseCase	br.com.sawcunhaos.organization.api.dto.Login	interno	classes
br.com.sawcunhaos.organization.application.usecase.access.login.FindLoginUseCase	java.lang.Long	jdk	java.base
br.com.sawcunhaos.organization.application.usecase.access.login.FindLoginUseCase	java.lang.Object	jdk	java.base
br.com.sawcunhaos.organization.application.usecase.access.login.FindLoginUseCaseBean	br.com.sawcunhaos.organization.api.dto.Login	interno	classes
br.com.sawcunhaos.organization.application.usecase.access.login.FindLoginUseCaseBean	br.com.sawcunhaos.organization.application.usecase.access.login.FindLoginUseCase	interno	classes
br.com.sawcunhaos.organization.application.usecase.access.login.FindLoginUseCaseBean	br.com.sawcunhaos.organization.application.usecase.access.login.LoginApiMapper	interno	classes
br.com.sawcunhaos.organization.application.usecase.access.login.FindLoginUseCaseBean	br.com.sawcunhaos.organization.domain.access.login.dto.LoginOutput	externo	flow-organization-domain-1.0.0-SNAPSHOT.jar
br.com.sawcunhaos.organization.application.usecase.access.login.FindLoginUseCaseBean	br.com.sawcunhaos.organization.domain.access.login.specification.LoginService	externo	flow-organization-domain-1.0.0-SNAPSHOT.jar
br.com.sawcunhaos.organization.application.usecase.access.login.FindLoginUseCaseBean	java.lang.Class	jdk	java.base
br.com.sawcunhaos.organization.application.usecase.access.login.FindLoginUseCaseBean	java.lang.Long	jdk	java.base
br.com.sawcunhaos.organization.application.usecase.access.login.FindLoginUseCaseBean	java.lang.Object	jdk	java.base
br.com.sawcunhaos.organization.application.usecase.access.login.FindLoginUseCaseBean	java.lang.String	jdk	java.base
br.com.sawcunhaos.organization.application.usecase.access.login.FindLoginUseCaseBean	org.slf4j.Logger	externo	slf4j-api-2.0.18.jar
br.com.sawcunhaos.organization.application.usecase.access.login.FindLoginUseCaseBean	org.slf4j.LoggerFactory	externo	slf4j-api-2.0.18.jar
br.com.sawcunhaos.organization.application.usecase.access.login.FindLoginUseCaseBean	org.springframework.stereotype.Service	externo	spring-context-7.0.9.jar
br.com.sawcunhaos.organization.application.usecase.access.login.FindLoginUseCaseBean	org.springframework.transaction.annotation.Transactional	externo	spring-tx-7.0.9.jar
br.com.sawcunhaos.organization.application.usecase.access.login.FindSystemAccessApproversUseCase	br.com.sawcunhaos.organization.api.dto.GetSystemAccessApproversResponse	interno	classes
br.com.sawcunhaos.organization.application.usecase.access.login.FindSystemAccessApproversUseCase	java.lang.Object	jdk	java.base
br.com.sawcunhaos.organization.application.usecase.access.login.FindSystemAccessApproversUseCaseBean	br.com.sawcunhaos.organization.api.dto.GetSystemAccessApproversResponse	interno	classes
br.com.sawcunhaos.organization.application.usecase.access.login.FindSystemAccessApproversUseCaseBean	br.com.sawcunhaos.organization.api.dto.GetSystemAccessApproversResponse$GetSystemAccessApproversResponseBuilder	interno	classes
br.com.sawcunhaos.organization.application.usecase.access.login.FindSystemAccessApproversUseCaseBean	br.com.sawcunhaos.organization.api.dto.LoginStatus	interno	classes
br.com.sawcunhaos.organization.application.usecase.access.login.FindSystemAccessApproversUseCaseBean	br.com.sawcunhaos.organization.api.dto.LoginSummary	interno	classes
br.com.sawcunhaos.organization.application.usecase.access.login.FindSystemAccessApproversUseCaseBean	br.com.sawcunhaos.organization.api.dto.LoginSummary$LoginSummaryBuilder	interno	classes
br.com.sawcunhaos.organization.application.usecase.access.login.FindSystemAccessApproversUseCaseBean	br.com.sawcunhaos.organization.api.dto.LoginType	interno	classes
br.com.sawcunhaos.organization.application.usecase.access.login.FindSystemAccessApproversUseCaseBean	br.com.sawcunhaos.organization.application.usecase.access.login.FindSystemAccessApproversUseCase	interno	classes
br.com.sawcunhaos.organization.application.usecase.access.login.FindSystemAccessApproversUseCaseBean	br.com.sawcunhaos.organization.domain.access.login.dto.AuthorityResponseOutput	externo	flow-organization-domain-1.0.0-SNAPSHOT.jar
br.com.sawcunhaos.organization.application.usecase.access.login.FindSystemAccessApproversUseCaseBean	br.com.sawcunhaos.organization.domain.access.login.specification.AuthorityResponseService	externo	flow-organization-domain-1.0.0-SNAPSHOT.jar
br.com.sawcunhaos.organization.application.usecase.access.login.FindSystemAccessApproversUseCaseBean	java.lang.Class	jdk	java.base
br.com.sawcunhaos.organization.application.usecase.access.login.FindSystemAccessApproversUseCaseBean	java.lang.Long	jdk	java.base
br.com.sawcunhaos.organization.application.usecase.access.login.FindSystemAccessApproversUseCaseBean	java.lang.Object	jdk	java.base
br.com.sawcunhaos.organization.application.usecase.access.login.FindSystemAccessApproversUseCaseBean	java.lang.String	jdk	java.base
br.com.sawcunhaos.organization.application.usecase.access.login.FindSystemAccessApproversUseCaseBean	java.lang.invoke.CallSite	jdk	java.base
br.com.sawcunhaos.organization.application.usecase.access.login.FindSystemAccessApproversUseCaseBean	java.lang.invoke.LambdaMetafactory	jdk	java.base
br.com.sawcunhaos.organization.application.usecase.access.login.FindSystemAccessApproversUseCaseBean	java.lang.invoke.MethodHandle	jdk	java.base
br.com.sawcunhaos.organization.application.usecase.access.login.FindSystemAccessApproversUseCaseBean	java.lang.invoke.MethodHandles	jdk	java.base
br.com.sawcunhaos.organization.application.usecase.access.login.FindSystemAccessApproversUseCaseBean	java.lang.invoke.MethodHandles$Lookup	jdk	java.base
br.com.sawcunhaos.organization.application.usecase.access.login.FindSystemAccessApproversUseCaseBean	java.lang.invoke.MethodType	jdk	java.base
br.com.sawcunhaos.organization.application.usecase.access.login.FindSystemAccessApproversUseCaseBean	java.util.List	jdk	java.base
br.com.sawcunhaos.organization.application.usecase.access.login.FindSystemAccessApproversUseCaseBean	java.util.function.Function	jdk	java.base
br.com.sawcunhaos.organization.application.usecase.access.login.FindSystemAccessApproversUseCaseBean	java.util.stream.Stream	jdk	java.base
br.com.sawcunhaos.organization.application.usecase.access.login.FindSystemAccessApproversUseCaseBean	org.slf4j.Logger	externo	slf4j-api-2.0.18.jar
br.com.sawcunhaos.organization.application.usecase.access.login.FindSystemAccessApproversUseCaseBean	org.slf4j.LoggerFactory	externo	slf4j-api-2.0.18.jar
br.com.sawcunhaos.organization.application.usecase.access.login.FindSystemAccessApproversUseCaseBean	org.springframework.stereotype.Service	externo	spring-context-7.0.9.jar
br.com.sawcunhaos.organization.application.usecase.access.login.FindSystemAccessApproversUseCaseBean	org.springframework.transaction.annotation.Transactional	externo	spring-tx-7.0.9.jar
br.com.sawcunhaos.organization.application.usecase.access.login.LoginApiMapper	br.com.sawcunhaos.organization.api.dto.Login	interno	classes
br.com.sawcunhaos.organization.application.usecase.access.login.LoginApiMapper	br.com.sawcunhaos.organization.api.dto.Login$LoginBuilder	interno	classes
br.com.sawcunhaos.organization.application.usecase.access.login.LoginApiMapper	br.com.sawcunhaos.organization.api.dto.LoginEmployee	interno	classes
br.com.sawcunhaos.organization.application.usecase.access.login.LoginApiMapper	br.com.sawcunhaos.organization.api.dto.LoginEmployee$LoginEmployeeBuilder	interno	classes
br.com.sawcunhaos.organization.application.usecase.access.login.LoginApiMapper	br.com.sawcunhaos.organization.api.dto.LoginStatus	interno	classes
br.com.sawcunhaos.organization.application.usecase.access.login.LoginApiMapper	br.com.sawcunhaos.organization.api.dto.LoginSummary	interno	classes
br.com.sawcunhaos.organization.application.usecase.access.login.LoginApiMapper	br.com.sawcunhaos.organization.api.dto.LoginSummary$LoginSummaryBuilder	interno	classes
br.com.sawcunhaos.organization.application.usecase.access.login.LoginApiMapper	br.com.sawcunhaos.organization.api.dto.LoginType	interno	classes
br.com.sawcunhaos.organization.application.usecase.access.login.LoginApiMapper	br.com.sawcunhaos.organization.api.dto.ProfileSummary	interno	classes
br.com.sawcunhaos.organization.application.usecase.access.login.LoginApiMapper	br.com.sawcunhaos.organization.api.dto.ProfileSummary$ProfileSummaryBuilder	interno	classes
br.com.sawcunhaos.organization.application.usecase.access.login.LoginApiMapper	br.com.sawcunhaos.organization.domain.access.login.dto.LoginOutput	externo	flow-organization-domain-1.0.0-SNAPSHOT.jar
br.com.sawcunhaos.organization.application.usecase.access.login.LoginApiMapper	br.com.sawcunhaos.organization.domain.access.login.internal.LoginStatus	externo	flow-organization-domain-1.0.0-SNAPSHOT.jar
br.com.sawcunhaos.organization.application.usecase.access.login.LoginApiMapper	br.com.sawcunhaos.organization.domain.access.login.internal.LoginType	externo	flow-organization-domain-1.0.0-SNAPSHOT.jar
br.com.sawcunhaos.organization.application.usecase.access.login.LoginApiMapper	java.lang.Long	jdk	java.base
br.com.sawcunhaos.organization.application.usecase.access.login.LoginApiMapper	java.lang.Object	jdk	java.base
br.com.sawcunhaos.organization.application.usecase.access.login.LoginApiMapper	java.lang.String	jdk	java.base
br.com.sawcunhaos.organization.application.usecase.access.login.LoginApiMapper	java.util.UUID	jdk	java.base
br.com.sawcunhaos.organization.application.usecase.access.login.LoginApprovalRequestApiMapper	br.com.sawcunhaos.organization.api.dto.CurrentApprover	interno	classes
br.com.sawcunhaos.organization.application.usecase.access.login.LoginApprovalRequestApiMapper	br.com.sawcunhaos.organization.api.dto.CurrentApprover$CurrentApproverBuilder	interno	classes
br.com.sawcunhaos.organization.application.usecase.access.login.LoginApprovalRequestApiMapper	br.com.sawcunhaos.organization.api.dto.LoginApprovalRequest	interno	classes
br.com.sawcunhaos.organization.application.usecase.access.login.LoginApprovalRequestApiMapper	br.com.sawcunhaos.organization.api.dto.LoginApprovalRequest$LoginApprovalRequestBuilder	interno	classes
br.com.sawcunhaos.organization.application.usecase.access.login.LoginApprovalRequestApiMapper	br.com.sawcunhaos.organization.api.dto.LoginApprovalRequestEscalationPolicy	interno	classes
br.com.sawcunhaos.organization.application.usecase.access.login.LoginApprovalRequestApiMapper	br.com.sawcunhaos.organization.api.dto.LoginApprovalRequestLevel	interno	classes
br.com.sawcunhaos.organization.application.usecase.access.login.LoginApprovalRequestApiMapper	br.com.sawcunhaos.organization.api.dto.LoginApprovalRequestStatus	interno	classes
br.com.sawcunhaos.organization.application.usecase.access.login.LoginApprovalRequestApiMapper	br.com.sawcunhaos.organization.api.dto.LoginApprovalRequestType	interno	classes
br.com.sawcunhaos.organization.application.usecase.access.login.LoginApprovalRequestApiMapper	br.com.sawcunhaos.organization.domain.access.login.dto.LoginApprovalRequestOutput	externo	flow-organization-domain-1.0.0-SNAPSHOT.jar
br.com.sawcunhaos.organization.application.usecase.access.login.LoginApprovalRequestApiMapper	br.com.sawcunhaos.organization.domain.access.login.internal.LoginApprovalRequestEscalationPolicy	externo	flow-organization-domain-1.0.0-SNAPSHOT.jar
br.com.sawcunhaos.organization.application.usecase.access.login.LoginApprovalRequestApiMapper	br.com.sawcunhaos.organization.domain.access.login.internal.LoginApprovalRequestLevel	externo	flow-organization-domain-1.0.0-SNAPSHOT.jar
br.com.sawcunhaos.organization.application.usecase.access.login.LoginApprovalRequestApiMapper	br.com.sawcunhaos.organization.domain.access.login.internal.LoginApprovalRequestStatus	externo	flow-organization-domain-1.0.0-SNAPSHOT.jar
br.com.sawcunhaos.organization.application.usecase.access.login.LoginApprovalRequestApiMapper	br.com.sawcunhaos.organization.domain.access.login.internal.LoginApprovalRequestType	externo	flow-organization-domain-1.0.0-SNAPSHOT.jar
br.com.sawcunhaos.organization.application.usecase.access.login.LoginApprovalRequestApiMapper	java.lang.Long	jdk	java.base
br.com.sawcunhaos.organization.application.usecase.access.login.LoginApprovalRequestApiMapper	java.lang.Object	jdk	java.base
br.com.sawcunhaos.organization.application.usecase.access.login.LoginApprovalRequestApiMapper	java.lang.String	jdk	java.base
br.com.sawcunhaos.organization.application.usecase.access.login.LoginApprovalRequestApiMapper	java.time.Instant	jdk	java.base
br.com.sawcunhaos.organization.application.usecase.access.login.LoginApprovalRequestApiMapper	java.time.LocalDateTime	jdk	java.base
br.com.sawcunhaos.organization.application.usecase.access.login.LoginApprovalRequestApiMapper	java.time.OffsetDateTime	jdk	java.base
br.com.sawcunhaos.organization.application.usecase.access.login.LoginApprovalRequestApiMapper	java.time.ZoneOffset	jdk	java.base
br.com.sawcunhaos.organization.application.usecase.access.login.ProfileChangeKind	java.lang.Class	jdk	java.base
br.com.sawcunhaos.organization.application.usecase.access.login.ProfileChangeKind	java.lang.Enum	jdk	java.base
br.com.sawcunhaos.organization.application.usecase.access.login.ProfileChangeKind	java.lang.Object	jdk	java.base
br.com.sawcunhaos.organization.application.usecase.access.login.ProfileChangeKind	java.lang.String	jdk	java.base
br.com.sawcunhaos.organization.application.usecase.access.login.ProfileChangeKind	java.lang.System	jdk	java.base
br.com.sawcunhaos.organization.application.usecase.access.login.RequestLoginProfileChangeUseCase	br.com.sawcunhaos.organization.application.usecase.access.login.ProfileChangeKind	interno	classes
br.com.sawcunhaos.organization.application.usecase.access.login.RequestLoginProfileChangeUseCase	java.lang.Long	jdk	java.base
br.com.sawcunhaos.organization.application.usecase.access.login.RequestLoginProfileChangeUseCase	java.lang.Object	jdk	java.base
br.com.sawcunhaos.organization.application.usecase.access.login.RequestLoginProfileChangeUseCaseBean	br.com.sawcunhaos.organization.application.usecase.access.login.ProfileChangeKind	interno	classes
br.com.sawcunhaos.organization.application.usecase.access.login.RequestLoginProfileChangeUseCaseBean	br.com.sawcunhaos.organization.application.usecase.access.login.RequestLoginProfileChangeUseCase	interno	classes
br.com.sawcunhaos.organization.application.usecase.access.login.RequestLoginProfileChangeUseCaseBean	br.com.sawcunhaos.organization.domain.access.login.internal.LoginApprovalRequestProfileChangeKind	externo	flow-organization-domain-1.0.0-SNAPSHOT.jar
br.com.sawcunhaos.organization.application.usecase.access.login.RequestLoginProfileChangeUseCaseBean	br.com.sawcunhaos.organization.domain.access.login.specification.LoginService	externo	flow-organization-domain-1.0.0-SNAPSHOT.jar
br.com.sawcunhaos.organization.application.usecase.access.login.RequestLoginProfileChangeUseCaseBean	java.lang.Class	jdk	java.base
br.com.sawcunhaos.organization.application.usecase.access.login.RequestLoginProfileChangeUseCaseBean	java.lang.Long	jdk	java.base
br.com.sawcunhaos.organization.application.usecase.access.login.RequestLoginProfileChangeUseCaseBean	java.lang.Object	jdk	java.base
br.com.sawcunhaos.organization.application.usecase.access.login.RequestLoginProfileChangeUseCaseBean	java.lang.String	jdk	java.base
br.com.sawcunhaos.organization.application.usecase.access.login.RequestLoginProfileChangeUseCaseBean	org.slf4j.Logger	externo	slf4j-api-2.0.18.jar
br.com.sawcunhaos.organization.application.usecase.access.login.RequestLoginProfileChangeUseCaseBean	org.slf4j.LoggerFactory	externo	slf4j-api-2.0.18.jar
br.com.sawcunhaos.organization.application.usecase.access.login.RequestLoginProfileChangeUseCaseBean	org.springframework.stereotype.Service	externo	spring-context-7.0.9.jar
br.com.sawcunhaos.organization.application.usecase.access.login.RequestLoginProfileChangeUseCaseBean	org.springframework.transaction.annotation.Transactional	externo	spring-tx-7.0.9.jar
br.com.sawcunhaos.organization.application.usecase.access.login.RequestLoginReactivationUseCase	java.lang.Long	jdk	java.base
br.com.sawcunhaos.organization.application.usecase.access.login.RequestLoginReactivationUseCase	java.lang.Object	jdk	java.base
br.com.sawcunhaos.organization.application.usecase.access.login.RequestLoginReactivationUseCaseBean	br.com.sawcunhaos.organization.application.usecase.access.login.RequestLoginReactivationUseCase	interno	classes
br.com.sawcunhaos.organization.application.usecase.access.login.RequestLoginReactivationUseCaseBean	br.com.sawcunhaos.organization.domain.access.login.specification.LoginService	externo	flow-organization-domain-1.0.0-SNAPSHOT.jar
br.com.sawcunhaos.organization.application.usecase.access.login.RequestLoginReactivationUseCaseBean	java.lang.Class	jdk	java.base
br.com.sawcunhaos.organization.application.usecase.access.login.RequestLoginReactivationUseCaseBean	java.lang.Long	jdk	java.base
br.com.sawcunhaos.organization.application.usecase.access.login.RequestLoginReactivationUseCaseBean	java.lang.Object	jdk	java.base
br.com.sawcunhaos.organization.application.usecase.access.login.RequestLoginReactivationUseCaseBean	java.lang.String	jdk	java.base
br.com.sawcunhaos.organization.application.usecase.access.login.RequestLoginReactivationUseCaseBean	org.slf4j.Logger	externo	slf4j-api-2.0.18.jar
br.com.sawcunhaos.organization.application.usecase.access.login.RequestLoginReactivationUseCaseBean	org.slf4j.LoggerFactory	externo	slf4j-api-2.0.18.jar
br.com.sawcunhaos.organization.application.usecase.access.login.RequestLoginReactivationUseCaseBean	org.springframework.stereotype.Service	externo	spring-context-7.0.9.jar
br.com.sawcunhaos.organization.application.usecase.access.login.RequestLoginReactivationUseCaseBean	org.springframework.transaction.annotation.Transactional	externo	spring-tx-7.0.9.jar
br.com.sawcunhaos.organization.application.usecase.access.resource.registry.RegistryResourceInput	br.com.sawcunhaos.organization.application.usecase.access.resource.registry.RegistryResourceInput$RegistryResourceInputBuilder	interno	classes
br.com.sawcunhaos.organization.application.usecase.access.resource.registry.RegistryResourceInput	java.lang.Class	jdk	java.base
br.com.sawcunhaos.organization.application.usecase.access.resource.registry.RegistryResourceInput	java.lang.Object	jdk	java.base
br.com.sawcunhaos.organization.application.usecase.access.resource.registry.RegistryResourceInput	java.lang.Record	jdk	java.base
br.com.sawcunhaos.organization.application.usecase.access.resource.registry.RegistryResourceInput	java.lang.String	jdk	java.base
br.com.sawcunhaos.organization.application.usecase.access.resource.registry.RegistryResourceInput	java.lang.invoke.MethodHandle	jdk	java.base
br.com.sawcunhaos.organization.application.usecase.access.resource.registry.RegistryResourceInput	java.lang.invoke.MethodHandles	jdk	java.base
br.com.sawcunhaos.organization.application.usecase.access.resource.registry.RegistryResourceInput	java.lang.invoke.MethodHandles$Lookup	jdk	java.base
br.com.sawcunhaos.organization.application.usecase.access.resource.registry.RegistryResourceInput	java.lang.invoke.TypeDescriptor	jdk	java.base
br.com.sawcunhaos.organization.application.usecase.access.resource.registry.RegistryResourceInput	java.lang.runtime.ObjectMethods	jdk	java.base
br.com.sawcunhaos.organization.application.usecase.access.resource.registry.RegistryResourceInput	java.time.Instant	jdk	java.base
br.com.sawcunhaos.organization.application.usecase.access.resource.registry.RegistryResourceInput$RegistryResourceInputBuilder	br.com.sawcunhaos.organization.application.usecase.access.resource.registry.RegistryResourceInput	interno	classes
br.com.sawcunhaos.organization.application.usecase.access.resource.registry.RegistryResourceInput$RegistryResourceInputBuilder	java.lang.Object	jdk	java.base
br.com.sawcunhaos.organization.application.usecase.access.resource.registry.RegistryResourceInput$RegistryResourceInputBuilder	java.lang.String	jdk	java.base
br.com.sawcunhaos.organization.application.usecase.access.resource.registry.RegistryResourceInput$RegistryResourceInputBuilder	java.lang.invoke.CallSite	jdk	java.base
br.com.sawcunhaos.organization.application.usecase.access.resource.registry.RegistryResourceInput$RegistryResourceInputBuilder	java.lang.invoke.MethodHandles	jdk	java.base
br.com.sawcunhaos.organization.application.usecase.access.resource.registry.RegistryResourceInput$RegistryResourceInputBuilder	java.lang.invoke.MethodHandles$Lookup	jdk	java.base
br.com.sawcunhaos.organization.application.usecase.access.resource.registry.RegistryResourceInput$RegistryResourceInputBuilder	java.lang.invoke.MethodType	jdk	java.base
br.com.sawcunhaos.organization.application.usecase.access.resource.registry.RegistryResourceInput$RegistryResourceInputBuilder	java.lang.invoke.StringConcatFactory	jdk	java.base
br.com.sawcunhaos.organization.application.usecase.access.resource.registry.RegistryResourceInput$RegistryResourceInputBuilder	java.time.Instant	jdk	java.base
br.com.sawcunhaos.organization.application.usecase.access.resource.registry.RegistryResourcesUseCase	br.com.sawcunhaos.organization.application.usecase.access.resource.registry.RegistryResourceInput	interno	classes
br.com.sawcunhaos.organization.application.usecase.access.resource.registry.RegistryResourcesUseCase	java.lang.Object	jdk	java.base
br.com.sawcunhaos.organization.application.usecase.access.resource.registry.RegistryResourcesUseCase	java.util.List	jdk	java.base
br.com.sawcunhaos.organization.application.usecase.access.resource.registry.RegistryResourcesUseCaseBean	br.com.sawcunhaos.organization.application.usecase.access.resource.registry.RegistryResourceInput	interno	classes
br.com.sawcunhaos.organization.application.usecase.access.resource.registry.RegistryResourcesUseCaseBean	br.com.sawcunhaos.organization.application.usecase.access.resource.registry.RegistryResourcesUseCase	interno	classes
br.com.sawcunhaos.organization.application.usecase.access.resource.registry.RegistryResourcesUseCaseBean	br.com.sawcunhaos.organization.domain.access.resource.dto.RegisterResourceInput	externo	flow-organization-domain-1.0.0-SNAPSHOT.jar
br.com.sawcunhaos.organization.application.usecase.access.resource.registry.RegistryResourcesUseCaseBean	br.com.sawcunhaos.organization.domain.access.resource.dto.RegisterResourceInput$RegisterResourceInputBuilder	externo	flow-organization-domain-1.0.0-SNAPSHOT.jar
br.com.sawcunhaos.organization.application.usecase.access.resource.registry.RegistryResourcesUseCaseBean	br.com.sawcunhaos.organization.domain.access.resource.specification.ResourceService	externo	flow-organization-domain-1.0.0-SNAPSHOT.jar
br.com.sawcunhaos.organization.application.usecase.access.resource.registry.RegistryResourcesUseCaseBean	java.lang.Boolean	jdk	java.base
br.com.sawcunhaos.organization.application.usecase.access.resource.registry.RegistryResourcesUseCaseBean	java.lang.Class	jdk	java.base
br.com.sawcunhaos.organization.application.usecase.access.resource.registry.RegistryResourcesUseCaseBean	java.lang.Integer	jdk	java.base
br.com.sawcunhaos.organization.application.usecase.access.resource.registry.RegistryResourcesUseCaseBean	java.lang.Object	jdk	java.base
br.com.sawcunhaos.organization.application.usecase.access.resource.registry.RegistryResourcesUseCaseBean	java.lang.String	jdk	java.base
br.com.sawcunhaos.organization.application.usecase.access.resource.registry.RegistryResourcesUseCaseBean	java.lang.invoke.CallSite	jdk	java.base
br.com.sawcunhaos.organization.application.usecase.access.resource.registry.RegistryResourcesUseCaseBean	java.lang.invoke.LambdaMetafactory	jdk	java.base
br.com.sawcunhaos.organization.application.usecase.access.resource.registry.RegistryResourcesUseCaseBean	java.lang.invoke.MethodHandle	jdk	java.base
br.com.sawcunhaos.organization.application.usecase.access.resource.registry.RegistryResourcesUseCaseBean	java.lang.invoke.MethodHandles	jdk	java.base
br.com.sawcunhaos.organization.application.usecase.access.resource.registry.RegistryResourcesUseCaseBean	java.lang.invoke.MethodHandles$Lookup	jdk	java.base
br.com.sawcunhaos.organization.application.usecase.access.resource.registry.RegistryResourcesUseCaseBean	java.lang.invoke.MethodType	jdk	java.base
br.com.sawcunhaos.organization.application.usecase.access.resource.registry.RegistryResourcesUseCaseBean	java.time.Instant	jdk	java.base
br.com.sawcunhaos.organization.application.usecase.access.resource.registry.RegistryResourcesUseCaseBean	java.util.List	jdk	java.base
br.com.sawcunhaos.organization.application.usecase.access.resource.registry.RegistryResourcesUseCaseBean	java.util.Objects	jdk	java.base
br.com.sawcunhaos.organization.application.usecase.access.resource.registry.RegistryResourcesUseCaseBean	java.util.function.Consumer	jdk	java.base
br.com.sawcunhaos.organization.application.usecase.access.resource.registry.RegistryResourcesUseCaseBean	org.slf4j.Logger	externo	slf4j-api-2.0.18.jar
br.com.sawcunhaos.organization.application.usecase.access.resource.registry.RegistryResourcesUseCaseBean	org.slf4j.LoggerFactory	externo	slf4j-api-2.0.18.jar
br.com.sawcunhaos.organization.application.usecase.access.resource.registry.RegistryResourcesUseCaseBean	org.springframework.security.core.Authentication	externo	spring-security-core-7.1.1.jar
br.com.sawcunhaos.organization.application.usecase.access.resource.registry.RegistryResourcesUseCaseBean	org.springframework.security.core.context.SecurityContext	externo	spring-security-core-7.1.1.jar
br.com.sawcunhaos.organization.application.usecase.access.resource.registry.RegistryResourcesUseCaseBean	org.springframework.security.core.context.SecurityContextHolder	externo	spring-security-core-7.1.1.jar
br.com.sawcunhaos.organization.application.usecase.access.resource.registry.RegistryResourcesUseCaseBean	org.springframework.stereotype.Service	externo	spring-context-7.0.9.jar
br.com.sawcunhaos.organization.application.usecase.access.resource.registry.RegistryResourcesUseCaseBean	org.springframework.transaction.annotation.Transactional	externo	spring-tx-7.0.9.jar
br.com.sawcunhaos.organization.application.usecase.access.status.reasonactivate.CreateReasonActivateUseCase	br.com.sawcunhaos.organization.api.dto.CreateReasonActivateRequest	interno	classes
br.com.sawcunhaos.organization.application.usecase.access.status.reasonactivate.CreateReasonActivateUseCase	br.com.sawcunhaos.organization.api.dto.ReasonActivate	interno	classes
br.com.sawcunhaos.organization.application.usecase.access.status.reasonactivate.CreateReasonActivateUseCase	java.lang.Object	jdk	java.base
br.com.sawcunhaos.organization.application.usecase.access.status.reasonactivate.CreateReasonActivateUseCaseBean	br.com.sawcunhaos.organization.api.dto.CreateReasonActivateRequest	interno	classes
br.com.sawcunhaos.organization.application.usecase.access.status.reasonactivate.CreateReasonActivateUseCaseBean	br.com.sawcunhaos.organization.api.dto.ReasonActivate	interno	classes
br.com.sawcunhaos.organization.application.usecase.access.status.reasonactivate.CreateReasonActivateUseCaseBean	br.com.sawcunhaos.organization.api.dto.ReasonEntityType	interno	classes
br.com.sawcunhaos.organization.application.usecase.access.status.reasonactivate.CreateReasonActivateUseCaseBean	br.com.sawcunhaos.organization.application.usecase.access.status.reasonactivate.CreateReasonActivateUseCase	interno	classes
br.com.sawcunhaos.organization.application.usecase.access.status.reasonactivate.CreateReasonActivateUseCaseBean	br.com.sawcunhaos.organization.application.usecase.access.status.reasonactivate.ReasonActivateApiMapper	interno	classes
br.com.sawcunhaos.organization.application.usecase.access.status.reasonactivate.CreateReasonActivateUseCaseBean	br.com.sawcunhaos.organization.domain.access.status.dto.ReasonActivateInput	externo	flow-organization-domain-1.0.0-SNAPSHOT.jar
br.com.sawcunhaos.organization.application.usecase.access.status.reasonactivate.CreateReasonActivateUseCaseBean	br.com.sawcunhaos.organization.domain.access.status.dto.ReasonActivateInput$ReasonActivateInputBuilder	externo	flow-organization-domain-1.0.0-SNAPSHOT.jar
br.com.sawcunhaos.organization.application.usecase.access.status.reasonactivate.CreateReasonActivateUseCaseBean	br.com.sawcunhaos.organization.domain.access.status.dto.ReasonActivateOutput	externo	flow-organization-domain-1.0.0-SNAPSHOT.jar
br.com.sawcunhaos.organization.application.usecase.access.status.reasonactivate.CreateReasonActivateUseCaseBean	br.com.sawcunhaos.organization.domain.access.status.internal.EntityType	externo	flow-organization-domain-1.0.0-SNAPSHOT.jar
br.com.sawcunhaos.organization.application.usecase.access.status.reasonactivate.CreateReasonActivateUseCaseBean	br.com.sawcunhaos.organization.domain.access.status.specification.ReasonActivateService	externo	flow-organization-domain-1.0.0-SNAPSHOT.jar
br.com.sawcunhaos.organization.application.usecase.access.status.reasonactivate.CreateReasonActivateUseCaseBean	java.lang.Class	jdk	java.base
br.com.sawcunhaos.organization.application.usecase.access.status.reasonactivate.CreateReasonActivateUseCaseBean	java.lang.Object	jdk	java.base
br.com.sawcunhaos.organization.application.usecase.access.status.reasonactivate.CreateReasonActivateUseCaseBean	java.lang.String	jdk	java.base
br.com.sawcunhaos.organization.application.usecase.access.status.reasonactivate.CreateReasonActivateUseCaseBean	org.slf4j.Logger	externo	slf4j-api-2.0.18.jar
br.com.sawcunhaos.organization.application.usecase.access.status.reasonactivate.CreateReasonActivateUseCaseBean	org.slf4j.LoggerFactory	externo	slf4j-api-2.0.18.jar
br.com.sawcunhaos.organization.application.usecase.access.status.reasonactivate.CreateReasonActivateUseCaseBean	org.springframework.stereotype.Service	externo	spring-context-7.0.9.jar
br.com.sawcunhaos.organization.application.usecase.access.status.reasonactivate.CreateReasonActivateUseCaseBean	org.springframework.transaction.annotation.Transactional	externo	spring-tx-7.0.9.jar
br.com.sawcunhaos.organization.application.usecase.access.status.reasonactivate.DisableReasonActivateUseCase	java.lang.Long	jdk	java.base
br.com.sawcunhaos.organization.application.usecase.access.status.reasonactivate.DisableReasonActivateUseCase	java.lang.Object	jdk	java.base
br.com.sawcunhaos.organization.application.usecase.access.status.reasonactivate.DisableReasonActivateUseCaseBean	br.com.sawcunhaos.organization.application.usecase.access.status.reasonactivate.DisableReasonActivateUseCase	interno	classes
br.com.sawcunhaos.organization.application.usecase.access.status.reasonactivate.DisableReasonActivateUseCaseBean	br.com.sawcunhaos.organization.domain.access.status.specification.ReasonActivateService	externo	flow-organization-domain-1.0.0-SNAPSHOT.jar
br.com.sawcunhaos.organization.application.usecase.access.status.reasonactivate.DisableReasonActivateUseCaseBean	java.lang.Class	jdk	java.base
br.com.sawcunhaos.organization.application.usecase.access.status.reasonactivate.DisableReasonActivateUseCaseBean	java.lang.Long	jdk	java.base
br.com.sawcunhaos.organization.application.usecase.access.status.reasonactivate.DisableReasonActivateUseCaseBean	java.lang.Object	jdk	java.base
br.com.sawcunhaos.organization.application.usecase.access.status.reasonactivate.DisableReasonActivateUseCaseBean	java.lang.String	jdk	java.base
br.com.sawcunhaos.organization.application.usecase.access.status.reasonactivate.DisableReasonActivateUseCaseBean	org.slf4j.Logger	externo	slf4j-api-2.0.18.jar
br.com.sawcunhaos.organization.application.usecase.access.status.reasonactivate.DisableReasonActivateUseCaseBean	org.slf4j.LoggerFactory	externo	slf4j-api-2.0.18.jar
br.com.sawcunhaos.organization.application.usecase.access.status.reasonactivate.DisableReasonActivateUseCaseBean	org.springframework.stereotype.Service	externo	spring-context-7.0.9.jar
br.com.sawcunhaos.organization.application.usecase.access.status.reasonactivate.DisableReasonActivateUseCaseBean	org.springframework.transaction.annotation.Transactional	externo	spring-tx-7.0.9.jar
br.com.sawcunhaos.organization.application.usecase.access.status.reasonactivate.EnableReasonActivateUseCase	java.lang.Long	jdk	java.base
br.com.sawcunhaos.organization.application.usecase.access.status.reasonactivate.EnableReasonActivateUseCase	java.lang.Object	jdk	java.base
br.com.sawcunhaos.organization.application.usecase.access.status.reasonactivate.EnableReasonActivateUseCaseBean	br.com.sawcunhaos.organization.application.usecase.access.status.reasonactivate.EnableReasonActivateUseCase	interno	classes
br.com.sawcunhaos.organization.application.usecase.access.status.reasonactivate.EnableReasonActivateUseCaseBean	br.com.sawcunhaos.organization.domain.access.status.specification.ReasonActivateService	externo	flow-organization-domain-1.0.0-SNAPSHOT.jar
br.com.sawcunhaos.organization.application.usecase.access.status.reasonactivate.EnableReasonActivateUseCaseBean	java.lang.Class	jdk	java.base
br.com.sawcunhaos.organization.application.usecase.access.status.reasonactivate.EnableReasonActivateUseCaseBean	java.lang.Long	jdk	java.base
br.com.sawcunhaos.organization.application.usecase.access.status.reasonactivate.EnableReasonActivateUseCaseBean	java.lang.Object	jdk	java.base
br.com.sawcunhaos.organization.application.usecase.access.status.reasonactivate.EnableReasonActivateUseCaseBean	java.lang.String	jdk	java.base
br.com.sawcunhaos.organization.application.usecase.access.status.reasonactivate.EnableReasonActivateUseCaseBean	org.slf4j.Logger	externo	slf4j-api-2.0.18.jar
br.com.sawcunhaos.organization.application.usecase.access.status.reasonactivate.EnableReasonActivateUseCaseBean	org.slf4j.LoggerFactory	externo	slf4j-api-2.0.18.jar
br.com.sawcunhaos.organization.application.usecase.access.status.reasonactivate.EnableReasonActivateUseCaseBean	org.springframework.stereotype.Service	externo	spring-context-7.0.9.jar
br.com.sawcunhaos.organization.application.usecase.access.status.reasonactivate.EnableReasonActivateUseCaseBean	org.springframework.transaction.annotation.Transactional	externo	spring-tx-7.0.9.jar
br.com.sawcunhaos.organization.application.usecase.access.status.reasonactivate.FindAllReasonActivateUseCase	br.com.sawcunhaos.organization.api.dto.GetAllReasonActivateResponse	interno	classes
br.com.sawcunhaos.organization.application.usecase.access.status.reasonactivate.FindAllReasonActivateUseCase	br.com.sawcunhaos.organization.api.dto.PaginationFilter	interno	classes
br.com.sawcunhaos.organization.application.usecase.access.status.reasonactivate.FindAllReasonActivateUseCase	br.com.sawcunhaos.organization.api.dto.ReasonEntityType	interno	classes
br.com.sawcunhaos.organization.application.usecase.access.status.reasonactivate.FindAllReasonActivateUseCase	java.lang.Boolean	jdk	java.base
br.com.sawcunhaos.organization.application.usecase.access.status.reasonactivate.FindAllReasonActivateUseCase	java.lang.Object	jdk	java.base
br.com.sawcunhaos.organization.application.usecase.access.status.reasonactivate.FindAllReasonActivateUseCaseBean	br.com.sawcunhaos.organization.api.dto.Direction	interno	classes
br.com.sawcunhaos.organization.application.usecase.access.status.reasonactivate.FindAllReasonActivateUseCaseBean	br.com.sawcunhaos.organization.api.dto.GetAllReasonActivateResponse	interno	classes
br.com.sawcunhaos.organization.application.usecase.access.status.reasonactivate.FindAllReasonActivateUseCaseBean	br.com.sawcunhaos.organization.api.dto.GetAllReasonActivateResponse$GetAllReasonActivateResponseBuilder	interno	classes
br.com.sawcunhaos.organization.application.usecase.access.status.reasonactivate.FindAllReasonActivateUseCaseBean	br.com.sawcunhaos.organization.api.dto.PaginationFilter	interno	classes
br.com.sawcunhaos.organization.application.usecase.access.status.reasonactivate.FindAllReasonActivateUseCaseBean	br.com.sawcunhaos.organization.api.dto.ReasonActivate	interno	classes
br.com.sawcunhaos.organization.application.usecase.access.status.reasonactivate.FindAllReasonActivateUseCaseBean	br.com.sawcunhaos.organization.api.dto.ReasonEntityType	interno	classes
br.com.sawcunhaos.organization.application.usecase.access.status.reasonactivate.FindAllReasonActivateUseCaseBean	br.com.sawcunhaos.organization.api.dto.ScosPaginated	interno	classes
br.com.sawcunhaos.organization.application.usecase.access.status.reasonactivate.FindAllReasonActivateUseCaseBean	br.com.sawcunhaos.organization.application.usecase.access.status.reasonactivate.FindAllReasonActivateUseCase	interno	classes
br.com.sawcunhaos.organization.application.usecase.access.status.reasonactivate.FindAllReasonActivateUseCaseBean	br.com.sawcunhaos.organization.application.usecase.access.status.reasonactivate.ReasonActivateApiMapper	interno	classes
br.com.sawcunhaos.organization.application.usecase.access.status.reasonactivate.FindAllReasonActivateUseCaseBean	br.com.sawcunhaos.organization.application.usecase.utils.PaginatioUtils	interno	classes
br.com.sawcunhaos.organization.application.usecase.access.status.reasonactivate.FindAllReasonActivateUseCaseBean	br.com.sawcunhaos.organization.domain.access.status.dto.ReasonActivateOutput	externo	flow-organization-domain-1.0.0-SNAPSHOT.jar
br.com.sawcunhaos.organization.application.usecase.access.status.reasonactivate.FindAllReasonActivateUseCaseBean	br.com.sawcunhaos.organization.domain.access.status.internal.EntityType	externo	flow-organization-domain-1.0.0-SNAPSHOT.jar
br.com.sawcunhaos.organization.application.usecase.access.status.reasonactivate.FindAllReasonActivateUseCaseBean	br.com.sawcunhaos.organization.domain.access.status.specification.ReasonActivateService	externo	flow-organization-domain-1.0.0-SNAPSHOT.jar
br.com.sawcunhaos.organization.application.usecase.access.status.reasonactivate.FindAllReasonActivateUseCaseBean	java.lang.Boolean	jdk	java.base
br.com.sawcunhaos.organization.application.usecase.access.status.reasonactivate.FindAllReasonActivateUseCaseBean	java.lang.Class	jdk	java.base
br.com.sawcunhaos.organization.application.usecase.access.status.reasonactivate.FindAllReasonActivateUseCaseBean	java.lang.Integer	jdk	java.base
br.com.sawcunhaos.organization.application.usecase.access.status.reasonactivate.FindAllReasonActivateUseCaseBean	java.lang.Object	jdk	java.base
br.com.sawcunhaos.organization.application.usecase.access.status.reasonactivate.FindAllReasonActivateUseCaseBean	java.lang.String	jdk	java.base
br.com.sawcunhaos.organization.application.usecase.access.status.reasonactivate.FindAllReasonActivateUseCaseBean	java.lang.invoke.CallSite	jdk	java.base
br.com.sawcunhaos.organization.application.usecase.access.status.reasonactivate.FindAllReasonActivateUseCaseBean	java.lang.invoke.LambdaMetafactory	jdk	java.base
br.com.sawcunhaos.organization.application.usecase.access.status.reasonactivate.FindAllReasonActivateUseCaseBean	java.lang.invoke.MethodHandle	jdk	java.base
br.com.sawcunhaos.organization.application.usecase.access.status.reasonactivate.FindAllReasonActivateUseCaseBean	java.lang.invoke.MethodHandles	jdk	java.base
br.com.sawcunhaos.organization.application.usecase.access.status.reasonactivate.FindAllReasonActivateUseCaseBean	java.lang.invoke.MethodHandles$Lookup	jdk	java.base
br.com.sawcunhaos.organization.application.usecase.access.status.reasonactivate.FindAllReasonActivateUseCaseBean	java.lang.invoke.MethodType	jdk	java.base
br.com.sawcunhaos.organization.application.usecase.access.status.reasonactivate.FindAllReasonActivateUseCaseBean	java.util.List	jdk	java.base
br.com.sawcunhaos.organization.application.usecase.access.status.reasonactivate.FindAllReasonActivateUseCaseBean	java.util.function.Function	jdk	java.base
br.com.sawcunhaos.organization.application.usecase.access.status.reasonactivate.FindAllReasonActivateUseCaseBean	java.util.stream.Stream	jdk	java.base
br.com.sawcunhaos.organization.application.usecase.access.status.reasonactivate.FindAllReasonActivateUseCaseBean	org.slf4j.Logger	externo	slf4j-api-2.0.18.jar
br.com.sawcunhaos.organization.application.usecase.access.status.reasonactivate.FindAllReasonActivateUseCaseBean	org.slf4j.LoggerFactory	externo	slf4j-api-2.0.18.jar
br.com.sawcunhaos.organization.application.usecase.access.status.reasonactivate.FindAllReasonActivateUseCaseBean	org.springframework.data.domain.Page	externo	spring-data-commons-4.1.1.jar
br.com.sawcunhaos.organization.application.usecase.access.status.reasonactivate.FindAllReasonActivateUseCaseBean	org.springframework.data.domain.Pageable	externo	spring-data-commons-4.1.1.jar
br.com.sawcunhaos.organization.application.usecase.access.status.reasonactivate.FindAllReasonActivateUseCaseBean	org.springframework.stereotype.Service	externo	spring-context-7.0.9.jar
br.com.sawcunhaos.organization.application.usecase.access.status.reasonactivate.FindAllReasonActivateUseCaseBean	org.springframework.transaction.annotation.Transactional	externo	spring-tx-7.0.9.jar
br.com.sawcunhaos.organization.application.usecase.access.status.reasonactivate.FindReasonActivateUseCase	br.com.sawcunhaos.organization.api.dto.ReasonActivate	interno	classes
br.com.sawcunhaos.organization.application.usecase.access.status.reasonactivate.FindReasonActivateUseCase	java.lang.Long	jdk	java.base
br.com.sawcunhaos.organization.application.usecase.access.status.reasonactivate.FindReasonActivateUseCase	java.lang.Object	jdk	java.base
br.com.sawcunhaos.organization.application.usecase.access.status.reasonactivate.FindReasonActivateUseCaseBean	br.com.sawcunhaos.organization.api.dto.ReasonActivate	interno	classes
br.com.sawcunhaos.organization.application.usecase.access.status.reasonactivate.FindReasonActivateUseCaseBean	br.com.sawcunhaos.organization.application.usecase.access.status.reasonactivate.FindReasonActivateUseCase	interno	classes
br.com.sawcunhaos.organization.application.usecase.access.status.reasonactivate.FindReasonActivateUseCaseBean	br.com.sawcunhaos.organization.application.usecase.access.status.reasonactivate.ReasonActivateApiMapper	interno	classes
br.com.sawcunhaos.organization.application.usecase.access.status.reasonactivate.FindReasonActivateUseCaseBean	br.com.sawcunhaos.organization.domain.access.status.dto.ReasonActivateOutput	externo	flow-organization-domain-1.0.0-SNAPSHOT.jar
br.com.sawcunhaos.organization.application.usecase.access.status.reasonactivate.FindReasonActivateUseCaseBean	br.com.sawcunhaos.organization.domain.access.status.specification.ReasonActivateService	externo	flow-organization-domain-1.0.0-SNAPSHOT.jar
br.com.sawcunhaos.organization.application.usecase.access.status.reasonactivate.FindReasonActivateUseCaseBean	java.lang.Class	jdk	java.base
br.com.sawcunhaos.organization.application.usecase.access.status.reasonactivate.FindReasonActivateUseCaseBean	java.lang.Long	jdk	java.base
br.com.sawcunhaos.organization.application.usecase.access.status.reasonactivate.FindReasonActivateUseCaseBean	java.lang.Object	jdk	java.base
br.com.sawcunhaos.organization.application.usecase.access.status.reasonactivate.FindReasonActivateUseCaseBean	java.lang.String	jdk	java.base
br.com.sawcunhaos.organization.application.usecase.access.status.reasonactivate.FindReasonActivateUseCaseBean	org.slf4j.Logger	externo	slf4j-api-2.0.18.jar
br.com.sawcunhaos.organization.application.usecase.access.status.reasonactivate.FindReasonActivateUseCaseBean	org.slf4j.LoggerFactory	externo	slf4j-api-2.0.18.jar
br.com.sawcunhaos.organization.application.usecase.access.status.reasonactivate.FindReasonActivateUseCaseBean	org.springframework.stereotype.Service	externo	spring-context-7.0.9.jar
br.com.sawcunhaos.organization.application.usecase.access.status.reasonactivate.FindReasonActivateUseCaseBean	org.springframework.transaction.annotation.Transactional	externo	spring-tx-7.0.9.jar
br.com.sawcunhaos.organization.application.usecase.access.status.reasonactivate.ReasonActivateApiMapper	br.com.sawcunhaos.organization.api.dto.ReasonActivate	interno	classes
br.com.sawcunhaos.organization.application.usecase.access.status.reasonactivate.ReasonActivateApiMapper	br.com.sawcunhaos.organization.api.dto.ReasonActivate$ReasonActivateBuilder	interno	classes
br.com.sawcunhaos.organization.application.usecase.access.status.reasonactivate.ReasonActivateApiMapper	br.com.sawcunhaos.organization.api.dto.ReasonEntityType	interno	classes
br.com.sawcunhaos.organization.application.usecase.access.status.reasonactivate.ReasonActivateApiMapper	br.com.sawcunhaos.organization.domain.access.status.dto.ReasonActivateOutput	externo	flow-organization-domain-1.0.0-SNAPSHOT.jar
br.com.sawcunhaos.organization.application.usecase.access.status.reasonactivate.ReasonActivateApiMapper	br.com.sawcunhaos.organization.domain.access.status.internal.EntityType	externo	flow-organization-domain-1.0.0-SNAPSHOT.jar
br.com.sawcunhaos.organization.application.usecase.access.status.reasonactivate.ReasonActivateApiMapper	java.lang.Boolean	jdk	java.base
br.com.sawcunhaos.organization.application.usecase.access.status.reasonactivate.ReasonActivateApiMapper	java.lang.Long	jdk	java.base
br.com.sawcunhaos.organization.application.usecase.access.status.reasonactivate.ReasonActivateApiMapper	java.lang.Object	jdk	java.base
br.com.sawcunhaos.organization.application.usecase.access.status.reasonactivate.ReasonActivateApiMapper	java.lang.String	jdk	java.base
br.com.sawcunhaos.organization.application.usecase.access.status.reasonactivate.UpdateReasonActivateUseCase	br.com.sawcunhaos.organization.api.dto.UpdateReasonActivateRequest	interno	classes
br.com.sawcunhaos.organization.application.usecase.access.status.reasonactivate.UpdateReasonActivateUseCase	java.lang.Long	jdk	java.base
br.com.sawcunhaos.organization.application.usecase.access.status.reasonactivate.UpdateReasonActivateUseCase	java.lang.Object	jdk	java.base
br.com.sawcunhaos.organization.application.usecase.access.status.reasonactivate.UpdateReasonActivateUseCaseBean	br.com.sawcunhaos.organization.api.dto.ReasonEntityType	interno	classes
br.com.sawcunhaos.organization.application.usecase.access.status.reasonactivate.UpdateReasonActivateUseCaseBean	br.com.sawcunhaos.organization.api.dto.UpdateReasonActivateRequest	interno	classes
br.com.sawcunhaos.organization.application.usecase.access.status.reasonactivate.UpdateReasonActivateUseCaseBean	br.com.sawcunhaos.organization.application.usecase.access.status.reasonactivate.ReasonActivateApiMapper	interno	classes
br.com.sawcunhaos.organization.application.usecase.access.status.reasonactivate.UpdateReasonActivateUseCaseBean	br.com.sawcunhaos.organization.application.usecase.access.status.reasonactivate.UpdateReasonActivateUseCase	interno	classes
br.com.sawcunhaos.organization.application.usecase.access.status.reasonactivate.UpdateReasonActivateUseCaseBean	br.com.sawcunhaos.organization.domain.access.status.dto.ReasonActivateInput	externo	flow-organization-domain-1.0.0-SNAPSHOT.jar
br.com.sawcunhaos.organization.application.usecase.access.status.reasonactivate.UpdateReasonActivateUseCaseBean	br.com.sawcunhaos.organization.domain.access.status.dto.ReasonActivateInput$ReasonActivateInputBuilder	externo	flow-organization-domain-1.0.0-SNAPSHOT.jar
br.com.sawcunhaos.organization.application.usecase.access.status.reasonactivate.UpdateReasonActivateUseCaseBean	br.com.sawcunhaos.organization.domain.access.status.internal.EntityType	externo	flow-organization-domain-1.0.0-SNAPSHOT.jar
br.com.sawcunhaos.organization.application.usecase.access.status.reasonactivate.UpdateReasonActivateUseCaseBean	br.com.sawcunhaos.organization.domain.access.status.specification.ReasonActivateService	externo	flow-organization-domain-1.0.0-SNAPSHOT.jar
br.com.sawcunhaos.organization.application.usecase.access.status.reasonactivate.UpdateReasonActivateUseCaseBean	java.lang.Class	jdk	java.base
br.com.sawcunhaos.organization.application.usecase.access.status.reasonactivate.UpdateReasonActivateUseCaseBean	java.lang.Long	jdk	java.base
br.com.sawcunhaos.organization.application.usecase.access.status.reasonactivate.UpdateReasonActivateUseCaseBean	java.lang.Object	jdk	java.base
br.com.sawcunhaos.organization.application.usecase.access.status.reasonactivate.UpdateReasonActivateUseCaseBean	java.lang.String	jdk	java.base
br.com.sawcunhaos.organization.application.usecase.access.status.reasonactivate.UpdateReasonActivateUseCaseBean	org.slf4j.Logger	externo	slf4j-api-2.0.18.jar
br.com.sawcunhaos.organization.application.usecase.access.status.reasonactivate.UpdateReasonActivateUseCaseBean	org.slf4j.LoggerFactory	externo	slf4j-api-2.0.18.jar
br.com.sawcunhaos.organization.application.usecase.access.status.reasonactivate.UpdateReasonActivateUseCaseBean	org.springframework.stereotype.Service	externo	spring-context-7.0.9.jar
br.com.sawcunhaos.organization.application.usecase.access.status.reasonactivate.UpdateReasonActivateUseCaseBean	org.springframework.transaction.annotation.Transactional	externo	spring-tx-7.0.9.jar
br.com.sawcunhaos.organization.application.usecase.access.status.reasondisable.CreateReasonDisableUseCase	br.com.sawcunhaos.organization.api.dto.CreateReasonDisableRequest	interno	classes
br.com.sawcunhaos.organization.application.usecase.access.status.reasondisable.CreateReasonDisableUseCase	br.com.sawcunhaos.organization.api.dto.ReasonDisable	interno	classes
br.com.sawcunhaos.organization.application.usecase.access.status.reasondisable.CreateReasonDisableUseCase	java.lang.Object	jdk	java.base
br.com.sawcunhaos.organization.application.usecase.access.status.reasondisable.CreateReasonDisableUseCaseBean	br.com.sawcunhaos.organization.api.dto.CreateReasonDisableRequest	interno	classes
br.com.sawcunhaos.organization.application.usecase.access.status.reasondisable.CreateReasonDisableUseCaseBean	br.com.sawcunhaos.organization.api.dto.ReasonDisable	interno	classes
br.com.sawcunhaos.organization.application.usecase.access.status.reasondisable.CreateReasonDisableUseCaseBean	br.com.sawcunhaos.organization.api.dto.ReasonEntityType	interno	classes
br.com.sawcunhaos.organization.application.usecase.access.status.reasondisable.CreateReasonDisableUseCaseBean	br.com.sawcunhaos.organization.application.usecase.access.status.reasondisable.CreateReasonDisableUseCase	interno	classes
br.com.sawcunhaos.organization.application.usecase.access.status.reasondisable.CreateReasonDisableUseCaseBean	br.com.sawcunhaos.organization.application.usecase.access.status.reasondisable.ReasonDisableApiMapper	interno	classes
br.com.sawcunhaos.organization.application.usecase.access.status.reasondisable.CreateReasonDisableUseCaseBean	br.com.sawcunhaos.organization.domain.access.status.dto.ReasonDisableInput	externo	flow-organization-domain-1.0.0-SNAPSHOT.jar
br.com.sawcunhaos.organization.application.usecase.access.status.reasondisable.CreateReasonDisableUseCaseBean	br.com.sawcunhaos.organization.domain.access.status.dto.ReasonDisableInput$ReasonDisableInputBuilder	externo	flow-organization-domain-1.0.0-SNAPSHOT.jar
br.com.sawcunhaos.organization.application.usecase.access.status.reasondisable.CreateReasonDisableUseCaseBean	br.com.sawcunhaos.organization.domain.access.status.dto.ReasonDisableOutput	externo	flow-organization-domain-1.0.0-SNAPSHOT.jar
br.com.sawcunhaos.organization.application.usecase.access.status.reasondisable.CreateReasonDisableUseCaseBean	br.com.sawcunhaos.organization.domain.access.status.internal.EntityType	externo	flow-organization-domain-1.0.0-SNAPSHOT.jar
br.com.sawcunhaos.organization.application.usecase.access.status.reasondisable.CreateReasonDisableUseCaseBean	br.com.sawcunhaos.organization.domain.access.status.specification.ReasonDisableService	externo	flow-organization-domain-1.0.0-SNAPSHOT.jar
br.com.sawcunhaos.organization.application.usecase.access.status.reasondisable.CreateReasonDisableUseCaseBean	java.lang.Class	jdk	java.base
br.com.sawcunhaos.organization.application.usecase.access.status.reasondisable.CreateReasonDisableUseCaseBean	java.lang.Object	jdk	java.base
br.com.sawcunhaos.organization.application.usecase.access.status.reasondisable.CreateReasonDisableUseCaseBean	java.lang.String	jdk	java.base
br.com.sawcunhaos.organization.application.usecase.access.status.reasondisable.CreateReasonDisableUseCaseBean	org.slf4j.Logger	externo	slf4j-api-2.0.18.jar
br.com.sawcunhaos.organization.application.usecase.access.status.reasondisable.CreateReasonDisableUseCaseBean	org.slf4j.LoggerFactory	externo	slf4j-api-2.0.18.jar
br.com.sawcunhaos.organization.application.usecase.access.status.reasondisable.CreateReasonDisableUseCaseBean	org.springframework.stereotype.Service	externo	spring-context-7.0.9.jar
br.com.sawcunhaos.organization.application.usecase.access.status.reasondisable.CreateReasonDisableUseCaseBean	org.springframework.transaction.annotation.Transactional	externo	spring-tx-7.0.9.jar
br.com.sawcunhaos.organization.application.usecase.access.status.reasondisable.DisableReasonDisableUseCase	java.lang.Long	jdk	java.base
br.com.sawcunhaos.organization.application.usecase.access.status.reasondisable.DisableReasonDisableUseCase	java.lang.Object	jdk	java.base
br.com.sawcunhaos.organization.application.usecase.access.status.reasondisable.DisableReasonDisableUseCaseBean	br.com.sawcunhaos.organization.application.usecase.access.status.reasondisable.DisableReasonDisableUseCase	interno	classes
br.com.sawcunhaos.organization.application.usecase.access.status.reasondisable.DisableReasonDisableUseCaseBean	br.com.sawcunhaos.organization.domain.access.status.specification.ReasonDisableService	externo	flow-organization-domain-1.0.0-SNAPSHOT.jar
br.com.sawcunhaos.organization.application.usecase.access.status.reasondisable.DisableReasonDisableUseCaseBean	java.lang.Class	jdk	java.base
br.com.sawcunhaos.organization.application.usecase.access.status.reasondisable.DisableReasonDisableUseCaseBean	java.lang.Long	jdk	java.base
br.com.sawcunhaos.organization.application.usecase.access.status.reasondisable.DisableReasonDisableUseCaseBean	java.lang.Object	jdk	java.base
br.com.sawcunhaos.organization.application.usecase.access.status.reasondisable.DisableReasonDisableUseCaseBean	java.lang.String	jdk	java.base
br.com.sawcunhaos.organization.application.usecase.access.status.reasondisable.DisableReasonDisableUseCaseBean	org.slf4j.Logger	externo	slf4j-api-2.0.18.jar
br.com.sawcunhaos.organization.application.usecase.access.status.reasondisable.DisableReasonDisableUseCaseBean	org.slf4j.LoggerFactory	externo	slf4j-api-2.0.18.jar
br.com.sawcunhaos.organization.application.usecase.access.status.reasondisable.DisableReasonDisableUseCaseBean	org.springframework.stereotype.Service	externo	spring-context-7.0.9.jar
br.com.sawcunhaos.organization.application.usecase.access.status.reasondisable.DisableReasonDisableUseCaseBean	org.springframework.transaction.annotation.Transactional	externo	spring-tx-7.0.9.jar
br.com.sawcunhaos.organization.application.usecase.access.status.reasondisable.EnableReasonDisableUseCase	java.lang.Long	jdk	java.base
br.com.sawcunhaos.organization.application.usecase.access.status.reasondisable.EnableReasonDisableUseCase	java.lang.Object	jdk	java.base
br.com.sawcunhaos.organization.application.usecase.access.status.reasondisable.EnableReasonDisableUseCaseBean	br.com.sawcunhaos.organization.application.usecase.access.status.reasondisable.EnableReasonDisableUseCase	interno	classes
br.com.sawcunhaos.organization.application.usecase.access.status.reasondisable.EnableReasonDisableUseCaseBean	br.com.sawcunhaos.organization.domain.access.status.specification.ReasonDisableService	externo	flow-organization-domain-1.0.0-SNAPSHOT.jar
br.com.sawcunhaos.organization.application.usecase.access.status.reasondisable.EnableReasonDisableUseCaseBean	java.lang.Class	jdk	java.base
br.com.sawcunhaos.organization.application.usecase.access.status.reasondisable.EnableReasonDisableUseCaseBean	java.lang.Long	jdk	java.base
br.com.sawcunhaos.organization.application.usecase.access.status.reasondisable.EnableReasonDisableUseCaseBean	java.lang.Object	jdk	java.base
br.com.sawcunhaos.organization.application.usecase.access.status.reasondisable.EnableReasonDisableUseCaseBean	java.lang.String	jdk	java.base
br.com.sawcunhaos.organization.application.usecase.access.status.reasondisable.EnableReasonDisableUseCaseBean	org.slf4j.Logger	externo	slf4j-api-2.0.18.jar
br.com.sawcunhaos.organization.application.usecase.access.status.reasondisable.EnableReasonDisableUseCaseBean	org.slf4j.LoggerFactory	externo	slf4j-api-2.0.18.jar
br.com.sawcunhaos.organization.application.usecase.access.status.reasondisable.EnableReasonDisableUseCaseBean	org.springframework.stereotype.Service	externo	spring-context-7.0.9.jar
br.com.sawcunhaos.organization.application.usecase.access.status.reasondisable.EnableReasonDisableUseCaseBean	org.springframework.transaction.annotation.Transactional	externo	spring-tx-7.0.9.jar
br.com.sawcunhaos.organization.application.usecase.access.status.reasondisable.FindAllReasonDisableUseCase	br.com.sawcunhaos.organization.api.dto.GetAllReasonDisableResponse	interno	classes
br.com.sawcunhaos.organization.application.usecase.access.status.reasondisable.FindAllReasonDisableUseCase	br.com.sawcunhaos.organization.api.dto.PaginationFilter	interno	classes
br.com.sawcunhaos.organization.application.usecase.access.status.reasondisable.FindAllReasonDisableUseCase	br.com.sawcunhaos.organization.api.dto.ReasonEntityType	interno	classes
br.com.sawcunhaos.organization.application.usecase.access.status.reasondisable.FindAllReasonDisableUseCase	java.lang.Boolean	jdk	java.base
br.com.sawcunhaos.organization.application.usecase.access.status.reasondisable.FindAllReasonDisableUseCase	java.lang.Object	jdk	java.base
br.com.sawcunhaos.organization.application.usecase.access.status.reasondisable.FindAllReasonDisableUseCaseBean	br.com.sawcunhaos.organization.api.dto.Direction	interno	classes
br.com.sawcunhaos.organization.application.usecase.access.status.reasondisable.FindAllReasonDisableUseCaseBean	br.com.sawcunhaos.organization.api.dto.GetAllReasonDisableResponse	interno	classes
br.com.sawcunhaos.organization.application.usecase.access.status.reasondisable.FindAllReasonDisableUseCaseBean	br.com.sawcunhaos.organization.api.dto.GetAllReasonDisableResponse$GetAllReasonDisableResponseBuilder	interno	classes
br.com.sawcunhaos.organization.application.usecase.access.status.reasondisable.FindAllReasonDisableUseCaseBean	br.com.sawcunhaos.organization.api.dto.PaginationFilter	interno	classes
br.com.sawcunhaos.organization.application.usecase.access.status.reasondisable.FindAllReasonDisableUseCaseBean	br.com.sawcunhaos.organization.api.dto.ReasonDisable	interno	classes
br.com.sawcunhaos.organization.application.usecase.access.status.reasondisable.FindAllReasonDisableUseCaseBean	br.com.sawcunhaos.organization.api.dto.ReasonEntityType	interno	classes
br.com.sawcunhaos.organization.application.usecase.access.status.reasondisable.FindAllReasonDisableUseCaseBean	br.com.sawcunhaos.organization.api.dto.ScosPaginated	interno	classes
br.com.sawcunhaos.organization.application.usecase.access.status.reasondisable.FindAllReasonDisableUseCaseBean	br.com.sawcunhaos.organization.application.usecase.access.status.reasondisable.FindAllReasonDisableUseCase	interno	classes
br.com.sawcunhaos.organization.application.usecase.access.status.reasondisable.FindAllReasonDisableUseCaseBean	br.com.sawcunhaos.organization.application.usecase.access.status.reasondisable.ReasonDisableApiMapper	interno	classes
br.com.sawcunhaos.organization.application.usecase.access.status.reasondisable.FindAllReasonDisableUseCaseBean	br.com.sawcunhaos.organization.application.usecase.utils.PaginatioUtils	interno	classes
br.com.sawcunhaos.organization.application.usecase.access.status.reasondisable.FindAllReasonDisableUseCaseBean	br.com.sawcunhaos.organization.domain.access.status.dto.ReasonDisableOutput	externo	flow-organization-domain-1.0.0-SNAPSHOT.jar
br.com.sawcunhaos.organization.application.usecase.access.status.reasondisable.FindAllReasonDisableUseCaseBean	br.com.sawcunhaos.organization.domain.access.status.internal.EntityType	externo	flow-organization-domain-1.0.0-SNAPSHOT.jar
br.com.sawcunhaos.organization.application.usecase.access.status.reasondisable.FindAllReasonDisableUseCaseBean	br.com.sawcunhaos.organization.domain.access.status.specification.ReasonDisableService	externo	flow-organization-domain-1.0.0-SNAPSHOT.jar
br.com.sawcunhaos.organization.application.usecase.access.status.reasondisable.FindAllReasonDisableUseCaseBean	java.lang.Boolean	jdk	java.base
br.com.sawcunhaos.organization.application.usecase.access.status.reasondisable.FindAllReasonDisableUseCaseBean	java.lang.Class	jdk	java.base
br.com.sawcunhaos.organization.application.usecase.access.status.reasondisable.FindAllReasonDisableUseCaseBean	java.lang.Integer	jdk	java.base
br.com.sawcunhaos.organization.application.usecase.access.status.reasondisable.FindAllReasonDisableUseCaseBean	java.lang.Object	jdk	java.base
br.com.sawcunhaos.organization.application.usecase.access.status.reasondisable.FindAllReasonDisableUseCaseBean	java.lang.String	jdk	java.base
br.com.sawcunhaos.organization.application.usecase.access.status.reasondisable.FindAllReasonDisableUseCaseBean	java.lang.invoke.CallSite	jdk	java.base
br.com.sawcunhaos.organization.application.usecase.access.status.reasondisable.FindAllReasonDisableUseCaseBean	java.lang.invoke.LambdaMetafactory	jdk	java.base
br.com.sawcunhaos.organization.application.usecase.access.status.reasondisable.FindAllReasonDisableUseCaseBean	java.lang.invoke.MethodHandle	jdk	java.base
br.com.sawcunhaos.organization.application.usecase.access.status.reasondisable.FindAllReasonDisableUseCaseBean	java.lang.invoke.MethodHandles	jdk	java.base
br.com.sawcunhaos.organization.application.usecase.access.status.reasondisable.FindAllReasonDisableUseCaseBean	java.lang.invoke.MethodHandles$Lookup	jdk	java.base
br.com.sawcunhaos.organization.application.usecase.access.status.reasondisable.FindAllReasonDisableUseCaseBean	java.lang.invoke.MethodType	jdk	java.base
br.com.sawcunhaos.organization.application.usecase.access.status.reasondisable.FindAllReasonDisableUseCaseBean	java.util.List	jdk	java.base
br.com.sawcunhaos.organization.application.usecase.access.status.reasondisable.FindAllReasonDisableUseCaseBean	java.util.function.Function	jdk	java.base
br.com.sawcunhaos.organization.application.usecase.access.status.reasondisable.FindAllReasonDisableUseCaseBean	java.util.stream.Stream	jdk	java.base
br.com.sawcunhaos.organization.application.usecase.access.status.reasondisable.FindAllReasonDisableUseCaseBean	org.slf4j.Logger	externo	slf4j-api-2.0.18.jar
br.com.sawcunhaos.organization.application.usecase.access.status.reasondisable.FindAllReasonDisableUseCaseBean	org.slf4j.LoggerFactory	externo	slf4j-api-2.0.18.jar
br.com.sawcunhaos.organization.application.usecase.access.status.reasondisable.FindAllReasonDisableUseCaseBean	org.springframework.data.domain.Page	externo	spring-data-commons-4.1.1.jar
br.com.sawcunhaos.organization.application.usecase.access.status.reasondisable.FindAllReasonDisableUseCaseBean	org.springframework.data.domain.Pageable	externo	spring-data-commons-4.1.1.jar
br.com.sawcunhaos.organization.application.usecase.access.status.reasondisable.FindAllReasonDisableUseCaseBean	org.springframework.stereotype.Service	externo	spring-context-7.0.9.jar
br.com.sawcunhaos.organization.application.usecase.access.status.reasondisable.FindAllReasonDisableUseCaseBean	org.springframework.transaction.annotation.Transactional	externo	spring-tx-7.0.9.jar
br.com.sawcunhaos.organization.application.usecase.access.status.reasondisable.FindReasonDisableUseCase	br.com.sawcunhaos.organization.api.dto.ReasonDisable	interno	classes
br.com.sawcunhaos.organization.application.usecase.access.status.reasondisable.FindReasonDisableUseCase	java.lang.Long	jdk	java.base
br.com.sawcunhaos.organization.application.usecase.access.status.reasondisable.FindReasonDisableUseCase	java.lang.Object	jdk	java.base
br.com.sawcunhaos.organization.application.usecase.access.status.reasondisable.FindReasonDisableUseCaseBean	br.com.sawcunhaos.organization.api.dto.ReasonDisable	interno	classes
br.com.sawcunhaos.organization.application.usecase.access.status.reasondisable.FindReasonDisableUseCaseBean	br.com.sawcunhaos.organization.application.usecase.access.status.reasondisable.FindReasonDisableUseCase	interno	classes
br.com.sawcunhaos.organization.application.usecase.access.status.reasondisable.FindReasonDisableUseCaseBean	br.com.sawcunhaos.organization.application.usecase.access.status.reasondisable.ReasonDisableApiMapper	interno	classes
br.com.sawcunhaos.organization.application.usecase.access.status.reasondisable.FindReasonDisableUseCaseBean	br.com.sawcunhaos.organization.domain.access.status.dto.ReasonDisableOutput	externo	flow-organization-domain-1.0.0-SNAPSHOT.jar
br.com.sawcunhaos.organization.application.usecase.access.status.reasondisable.FindReasonDisableUseCaseBean	br.com.sawcunhaos.organization.domain.access.status.specification.ReasonDisableService	externo	flow-organization-domain-1.0.0-SNAPSHOT.jar
br.com.sawcunhaos.organization.application.usecase.access.status.reasondisable.FindReasonDisableUseCaseBean	java.lang.Class	jdk	java.base
br.com.sawcunhaos.organization.application.usecase.access.status.reasondisable.FindReasonDisableUseCaseBean	java.lang.Long	jdk	java.base
br.com.sawcunhaos.organization.application.usecase.access.status.reasondisable.FindReasonDisableUseCaseBean	java.lang.Object	jdk	java.base
br.com.sawcunhaos.organization.application.usecase.access.status.reasondisable.FindReasonDisableUseCaseBean	java.lang.String	jdk	java.base
br.com.sawcunhaos.organization.application.usecase.access.status.reasondisable.FindReasonDisableUseCaseBean	org.slf4j.Logger	externo	slf4j-api-2.0.18.jar
br.com.sawcunhaos.organization.application.usecase.access.status.reasondisable.FindReasonDisableUseCaseBean	org.slf4j.LoggerFactory	externo	slf4j-api-2.0.18.jar
br.com.sawcunhaos.organization.application.usecase.access.status.reasondisable.FindReasonDisableUseCaseBean	org.springframework.stereotype.Service	externo	spring-context-7.0.9.jar
br.com.sawcunhaos.organization.application.usecase.access.status.reasondisable.FindReasonDisableUseCaseBean	org.springframework.transaction.annotation.Transactional	externo	spring-tx-7.0.9.jar
br.com.sawcunhaos.organization.application.usecase.access.status.reasondisable.ReasonDisableApiMapper	br.com.sawcunhaos.organization.api.dto.ReasonDisable	interno	classes
br.com.sawcunhaos.organization.application.usecase.access.status.reasondisable.ReasonDisableApiMapper	br.com.sawcunhaos.organization.api.dto.ReasonDisable$ReasonDisableBuilder	interno	classes
br.com.sawcunhaos.organization.application.usecase.access.status.reasondisable.ReasonDisableApiMapper	br.com.sawcunhaos.organization.api.dto.ReasonEntityType	interno	classes
br.com.sawcunhaos.organization.application.usecase.access.status.reasondisable.ReasonDisableApiMapper	br.com.sawcunhaos.organization.domain.access.status.dto.ReasonDisableOutput	externo	flow-organization-domain-1.0.0-SNAPSHOT.jar
br.com.sawcunhaos.organization.application.usecase.access.status.reasondisable.ReasonDisableApiMapper	br.com.sawcunhaos.organization.domain.access.status.internal.EntityType	externo	flow-organization-domain-1.0.0-SNAPSHOT.jar
br.com.sawcunhaos.organization.application.usecase.access.status.reasondisable.ReasonDisableApiMapper	java.lang.Boolean	jdk	java.base
br.com.sawcunhaos.organization.application.usecase.access.status.reasondisable.ReasonDisableApiMapper	java.lang.Long	jdk	java.base
br.com.sawcunhaos.organization.application.usecase.access.status.reasondisable.ReasonDisableApiMapper	java.lang.Object	jdk	java.base
br.com.sawcunhaos.organization.application.usecase.access.status.reasondisable.ReasonDisableApiMapper	java.lang.String	jdk	java.base
br.com.sawcunhaos.organization.application.usecase.access.status.reasondisable.UpdateReasonDisableUseCase	br.com.sawcunhaos.organization.api.dto.UpdateReasonDisableRequest	interno	classes
br.com.sawcunhaos.organization.application.usecase.access.status.reasondisable.UpdateReasonDisableUseCase	java.lang.Long	jdk	java.base
br.com.sawcunhaos.organization.application.usecase.access.status.reasondisable.UpdateReasonDisableUseCase	java.lang.Object	jdk	java.base
br.com.sawcunhaos.organization.application.usecase.access.status.reasondisable.UpdateReasonDisableUseCaseBean	br.com.sawcunhaos.organization.api.dto.ReasonEntityType	interno	classes
br.com.sawcunhaos.organization.application.usecase.access.status.reasondisable.UpdateReasonDisableUseCaseBean	br.com.sawcunhaos.organization.api.dto.UpdateReasonDisableRequest	interno	classes
br.com.sawcunhaos.organization.application.usecase.access.status.reasondisable.UpdateReasonDisableUseCaseBean	br.com.sawcunhaos.organization.application.usecase.access.status.reasondisable.ReasonDisableApiMapper	interno	classes
br.com.sawcunhaos.organization.application.usecase.access.status.reasondisable.UpdateReasonDisableUseCaseBean	br.com.sawcunhaos.organization.application.usecase.access.status.reasondisable.UpdateReasonDisableUseCase	interno	classes
br.com.sawcunhaos.organization.application.usecase.access.status.reasondisable.UpdateReasonDisableUseCaseBean	br.com.sawcunhaos.organization.domain.access.status.dto.ReasonDisableInput	externo	flow-organization-domain-1.0.0-SNAPSHOT.jar
br.com.sawcunhaos.organization.application.usecase.access.status.reasondisable.UpdateReasonDisableUseCaseBean	br.com.sawcunhaos.organization.domain.access.status.dto.ReasonDisableInput$ReasonDisableInputBuilder	externo	flow-organization-domain-1.0.0-SNAPSHOT.jar
br.com.sawcunhaos.organization.application.usecase.access.status.reasondisable.UpdateReasonDisableUseCaseBean	br.com.sawcunhaos.organization.domain.access.status.internal.EntityType	externo	flow-organization-domain-1.0.0-SNAPSHOT.jar
br.com.sawcunhaos.organization.application.usecase.access.status.reasondisable.UpdateReasonDisableUseCaseBean	br.com.sawcunhaos.organization.domain.access.status.specification.ReasonDisableService	externo	flow-organization-domain-1.0.0-SNAPSHOT.jar
br.com.sawcunhaos.organization.application.usecase.access.status.reasondisable.UpdateReasonDisableUseCaseBean	java.lang.Class	jdk	java.base
br.com.sawcunhaos.organization.application.usecase.access.status.reasondisable.UpdateReasonDisableUseCaseBean	java.lang.Long	jdk	java.base
br.com.sawcunhaos.organization.application.usecase.access.status.reasondisable.UpdateReasonDisableUseCaseBean	java.lang.Object	jdk	java.base
br.com.sawcunhaos.organization.application.usecase.access.status.reasondisable.UpdateReasonDisableUseCaseBean	java.lang.String	jdk	java.base
br.com.sawcunhaos.organization.application.usecase.access.status.reasondisable.UpdateReasonDisableUseCaseBean	org.slf4j.Logger	externo	slf4j-api-2.0.18.jar
br.com.sawcunhaos.organization.application.usecase.access.status.reasondisable.UpdateReasonDisableUseCaseBean	org.slf4j.LoggerFactory	externo	slf4j-api-2.0.18.jar
br.com.sawcunhaos.organization.application.usecase.access.status.reasondisable.UpdateReasonDisableUseCaseBean	org.springframework.stereotype.Service	externo	spring-context-7.0.9.jar
br.com.sawcunhaos.organization.application.usecase.access.status.reasondisable.UpdateReasonDisableUseCaseBean	org.springframework.transaction.annotation.Transactional	externo	spring-tx-7.0.9.jar
br.com.sawcunhaos.organization.application.usecase.access.status.reasonenable.CreateReasonEnableUseCase	br.com.sawcunhaos.organization.api.dto.CreateReasonEnableRequest	interno	classes
br.com.sawcunhaos.organization.application.usecase.access.status.reasonenable.CreateReasonEnableUseCase	br.com.sawcunhaos.organization.api.dto.ReasonEnable	interno	classes
br.com.sawcunhaos.organization.application.usecase.access.status.reasonenable.CreateReasonEnableUseCase	java.lang.Object	jdk	java.base
br.com.sawcunhaos.organization.application.usecase.access.status.reasonenable.CreateReasonEnableUseCaseBean	br.com.sawcunhaos.organization.api.dto.CreateReasonEnableRequest	interno	classes
br.com.sawcunhaos.organization.application.usecase.access.status.reasonenable.CreateReasonEnableUseCaseBean	br.com.sawcunhaos.organization.api.dto.ReasonEnable	interno	classes
br.com.sawcunhaos.organization.application.usecase.access.status.reasonenable.CreateReasonEnableUseCaseBean	br.com.sawcunhaos.organization.api.dto.ReasonEntityType	interno	classes
br.com.sawcunhaos.organization.application.usecase.access.status.reasonenable.CreateReasonEnableUseCaseBean	br.com.sawcunhaos.organization.application.usecase.access.status.reasonenable.CreateReasonEnableUseCase	interno	classes
br.com.sawcunhaos.organization.application.usecase.access.status.reasonenable.CreateReasonEnableUseCaseBean	br.com.sawcunhaos.organization.application.usecase.access.status.reasonenable.ReasonEnableApiMapper	interno	classes
br.com.sawcunhaos.organization.application.usecase.access.status.reasonenable.CreateReasonEnableUseCaseBean	br.com.sawcunhaos.organization.domain.access.status.dto.ReasonEnableInput	externo	flow-organization-domain-1.0.0-SNAPSHOT.jar
br.com.sawcunhaos.organization.application.usecase.access.status.reasonenable.CreateReasonEnableUseCaseBean	br.com.sawcunhaos.organization.domain.access.status.dto.ReasonEnableInput$ReasonEnableInputBuilder	externo	flow-organization-domain-1.0.0-SNAPSHOT.jar
br.com.sawcunhaos.organization.application.usecase.access.status.reasonenable.CreateReasonEnableUseCaseBean	br.com.sawcunhaos.organization.domain.access.status.dto.ReasonEnableOutput	externo	flow-organization-domain-1.0.0-SNAPSHOT.jar
br.com.sawcunhaos.organization.application.usecase.access.status.reasonenable.CreateReasonEnableUseCaseBean	br.com.sawcunhaos.organization.domain.access.status.internal.EntityType	externo	flow-organization-domain-1.0.0-SNAPSHOT.jar
br.com.sawcunhaos.organization.application.usecase.access.status.reasonenable.CreateReasonEnableUseCaseBean	br.com.sawcunhaos.organization.domain.access.status.specification.ReasonEnableService	externo	flow-organization-domain-1.0.0-SNAPSHOT.jar
br.com.sawcunhaos.organization.application.usecase.access.status.reasonenable.CreateReasonEnableUseCaseBean	java.lang.Class	jdk	java.base
br.com.sawcunhaos.organization.application.usecase.access.status.reasonenable.CreateReasonEnableUseCaseBean	java.lang.Object	jdk	java.base
br.com.sawcunhaos.organization.application.usecase.access.status.reasonenable.CreateReasonEnableUseCaseBean	java.lang.String	jdk	java.base
br.com.sawcunhaos.organization.application.usecase.access.status.reasonenable.CreateReasonEnableUseCaseBean	org.slf4j.Logger	externo	slf4j-api-2.0.18.jar
br.com.sawcunhaos.organization.application.usecase.access.status.reasonenable.CreateReasonEnableUseCaseBean	org.slf4j.LoggerFactory	externo	slf4j-api-2.0.18.jar
br.com.sawcunhaos.organization.application.usecase.access.status.reasonenable.CreateReasonEnableUseCaseBean	org.springframework.stereotype.Service	externo	spring-context-7.0.9.jar
br.com.sawcunhaos.organization.application.usecase.access.status.reasonenable.CreateReasonEnableUseCaseBean	org.springframework.transaction.annotation.Transactional	externo	spring-tx-7.0.9.jar
br.com.sawcunhaos.organization.application.usecase.access.status.reasonenable.DisableReasonEnableUseCase	java.lang.Long	jdk	java.base
br.com.sawcunhaos.organization.application.usecase.access.status.reasonenable.DisableReasonEnableUseCase	java.lang.Object	jdk	java.base
br.com.sawcunhaos.organization.application.usecase.access.status.reasonenable.DisableReasonEnableUseCaseBean	br.com.sawcunhaos.organization.application.usecase.access.status.reasonenable.DisableReasonEnableUseCase	interno	classes
br.com.sawcunhaos.organization.application.usecase.access.status.reasonenable.DisableReasonEnableUseCaseBean	br.com.sawcunhaos.organization.domain.access.status.specification.ReasonEnableService	externo	flow-organization-domain-1.0.0-SNAPSHOT.jar
br.com.sawcunhaos.organization.application.usecase.access.status.reasonenable.DisableReasonEnableUseCaseBean	java.lang.Class	jdk	java.base
br.com.sawcunhaos.organization.application.usecase.access.status.reasonenable.DisableReasonEnableUseCaseBean	java.lang.Long	jdk	java.base
br.com.sawcunhaos.organization.application.usecase.access.status.reasonenable.DisableReasonEnableUseCaseBean	java.lang.Object	jdk	java.base
br.com.sawcunhaos.organization.application.usecase.access.status.reasonenable.DisableReasonEnableUseCaseBean	java.lang.String	jdk	java.base
br.com.sawcunhaos.organization.application.usecase.access.status.reasonenable.DisableReasonEnableUseCaseBean	org.slf4j.Logger	externo	slf4j-api-2.0.18.jar
br.com.sawcunhaos.organization.application.usecase.access.status.reasonenable.DisableReasonEnableUseCaseBean	org.slf4j.LoggerFactory	externo	slf4j-api-2.0.18.jar
br.com.sawcunhaos.organization.application.usecase.access.status.reasonenable.DisableReasonEnableUseCaseBean	org.springframework.stereotype.Service	externo	spring-context-7.0.9.jar
br.com.sawcunhaos.organization.application.usecase.access.status.reasonenable.DisableReasonEnableUseCaseBean	org.springframework.transaction.annotation.Transactional	externo	spring-tx-7.0.9.jar
br.com.sawcunhaos.organization.application.usecase.access.status.reasonenable.EnableReasonEnableUseCase	java.lang.Long	jdk	java.base
br.com.sawcunhaos.organization.application.usecase.access.status.reasonenable.EnableReasonEnableUseCase	java.lang.Object	jdk	java.base
br.com.sawcunhaos.organization.application.usecase.access.status.reasonenable.EnableReasonEnableUseCaseBean	br.com.sawcunhaos.organization.application.usecase.access.status.reasonenable.EnableReasonEnableUseCase	interno	classes
br.com.sawcunhaos.organization.application.usecase.access.status.reasonenable.EnableReasonEnableUseCaseBean	br.com.sawcunhaos.organization.domain.access.status.specification.ReasonEnableService	externo	flow-organization-domain-1.0.0-SNAPSHOT.jar
br.com.sawcunhaos.organization.application.usecase.access.status.reasonenable.EnableReasonEnableUseCaseBean	java.lang.Class	jdk	java.base
br.com.sawcunhaos.organization.application.usecase.access.status.reasonenable.EnableReasonEnableUseCaseBean	java.lang.Long	jdk	java.base
br.com.sawcunhaos.organization.application.usecase.access.status.reasonenable.EnableReasonEnableUseCaseBean	java.lang.Object	jdk	java.base
br.com.sawcunhaos.organization.application.usecase.access.status.reasonenable.EnableReasonEnableUseCaseBean	java.lang.String	jdk	java.base
br.com.sawcunhaos.organization.application.usecase.access.status.reasonenable.EnableReasonEnableUseCaseBean	org.slf4j.Logger	externo	slf4j-api-2.0.18.jar
br.com.sawcunhaos.organization.application.usecase.access.status.reasonenable.EnableReasonEnableUseCaseBean	org.slf4j.LoggerFactory	externo	slf4j-api-2.0.18.jar
br.com.sawcunhaos.organization.application.usecase.access.status.reasonenable.EnableReasonEnableUseCaseBean	org.springframework.stereotype.Service	externo	spring-context-7.0.9.jar
br.com.sawcunhaos.organization.application.usecase.access.status.reasonenable.EnableReasonEnableUseCaseBean	org.springframework.transaction.annotation.Transactional	externo	spring-tx-7.0.9.jar
br.com.sawcunhaos.organization.application.usecase.access.status.reasonenable.FindAllReasonEnableUseCase	br.com.sawcunhaos.organization.api.dto.GetAllReasonEnableResponse	interno	classes
br.com.sawcunhaos.organization.application.usecase.access.status.reasonenable.FindAllReasonEnableUseCase	br.com.sawcunhaos.organization.api.dto.PaginationFilter	interno	classes
br.com.sawcunhaos.organization.application.usecase.access.status.reasonenable.FindAllReasonEnableUseCase	br.com.sawcunhaos.organization.api.dto.ReasonEntityType	interno	classes
br.com.sawcunhaos.organization.application.usecase.access.status.reasonenable.FindAllReasonEnableUseCase	java.lang.Boolean	jdk	java.base
br.com.sawcunhaos.organization.application.usecase.access.status.reasonenable.FindAllReasonEnableUseCase	java.lang.Object	jdk	java.base
br.com.sawcunhaos.organization.application.usecase.access.status.reasonenable.FindAllReasonEnableUseCaseBean	br.com.sawcunhaos.organization.api.dto.Direction	interno	classes
br.com.sawcunhaos.organization.application.usecase.access.status.reasonenable.FindAllReasonEnableUseCaseBean	br.com.sawcunhaos.organization.api.dto.GetAllReasonEnableResponse	interno	classes
br.com.sawcunhaos.organization.application.usecase.access.status.reasonenable.FindAllReasonEnableUseCaseBean	br.com.sawcunhaos.organization.api.dto.GetAllReasonEnableResponse$GetAllReasonEnableResponseBuilder	interno	classes
br.com.sawcunhaos.organization.application.usecase.access.status.reasonenable.FindAllReasonEnableUseCaseBean	br.com.sawcunhaos.organization.api.dto.PaginationFilter	interno	classes
br.com.sawcunhaos.organization.application.usecase.access.status.reasonenable.FindAllReasonEnableUseCaseBean	br.com.sawcunhaos.organization.api.dto.ReasonEnable	interno	classes
br.com.sawcunhaos.organization.application.usecase.access.status.reasonenable.FindAllReasonEnableUseCaseBean	br.com.sawcunhaos.organization.api.dto.ReasonEntityType	interno	classes
br.com.sawcunhaos.organization.application.usecase.access.status.reasonenable.FindAllReasonEnableUseCaseBean	br.com.sawcunhaos.organization.api.dto.ScosPaginated	interno	classes
br.com.sawcunhaos.organization.application.usecase.access.status.reasonenable.FindAllReasonEnableUseCaseBean	br.com.sawcunhaos.organization.application.usecase.access.status.reasonenable.FindAllReasonEnableUseCase	interno	classes
br.com.sawcunhaos.organization.application.usecase.access.status.reasonenable.FindAllReasonEnableUseCaseBean	br.com.sawcunhaos.organization.application.usecase.access.status.reasonenable.ReasonEnableApiMapper	interno	classes
br.com.sawcunhaos.organization.application.usecase.access.status.reasonenable.FindAllReasonEnableUseCaseBean	br.com.sawcunhaos.organization.application.usecase.utils.PaginatioUtils	interno	classes
br.com.sawcunhaos.organization.application.usecase.access.status.reasonenable.FindAllReasonEnableUseCaseBean	br.com.sawcunhaos.organization.domain.access.status.dto.ReasonEnableOutput	externo	flow-organization-domain-1.0.0-SNAPSHOT.jar
br.com.sawcunhaos.organization.application.usecase.access.status.reasonenable.FindAllReasonEnableUseCaseBean	br.com.sawcunhaos.organization.domain.access.status.internal.EntityType	externo	flow-organization-domain-1.0.0-SNAPSHOT.jar
br.com.sawcunhaos.organization.application.usecase.access.status.reasonenable.FindAllReasonEnableUseCaseBean	br.com.sawcunhaos.organization.domain.access.status.specification.ReasonEnableService	externo	flow-organization-domain-1.0.0-SNAPSHOT.jar
br.com.sawcunhaos.organization.application.usecase.access.status.reasonenable.FindAllReasonEnableUseCaseBean	java.lang.Boolean	jdk	java.base
br.com.sawcunhaos.organization.application.usecase.access.status.reasonenable.FindAllReasonEnableUseCaseBean	java.lang.Class	jdk	java.base
br.com.sawcunhaos.organization.application.usecase.access.status.reasonenable.FindAllReasonEnableUseCaseBean	java.lang.Integer	jdk	java.base
br.com.sawcunhaos.organization.application.usecase.access.status.reasonenable.FindAllReasonEnableUseCaseBean	java.lang.Object	jdk	java.base
br.com.sawcunhaos.organization.application.usecase.access.status.reasonenable.FindAllReasonEnableUseCaseBean	java.lang.String	jdk	java.base
br.com.sawcunhaos.organization.application.usecase.access.status.reasonenable.FindAllReasonEnableUseCaseBean	java.lang.invoke.CallSite	jdk	java.base
br.com.sawcunhaos.organization.application.usecase.access.status.reasonenable.FindAllReasonEnableUseCaseBean	java.lang.invoke.LambdaMetafactory	jdk	java.base
br.com.sawcunhaos.organization.application.usecase.access.status.reasonenable.FindAllReasonEnableUseCaseBean	java.lang.invoke.MethodHandle	jdk	java.base
br.com.sawcunhaos.organization.application.usecase.access.status.reasonenable.FindAllReasonEnableUseCaseBean	java.lang.invoke.MethodHandles	jdk	java.base
br.com.sawcunhaos.organization.application.usecase.access.status.reasonenable.FindAllReasonEnableUseCaseBean	java.lang.invoke.MethodHandles$Lookup	jdk	java.base
br.com.sawcunhaos.organization.application.usecase.access.status.reasonenable.FindAllReasonEnableUseCaseBean	java.lang.invoke.MethodType	jdk	java.base
br.com.sawcunhaos.organization.application.usecase.access.status.reasonenable.FindAllReasonEnableUseCaseBean	java.util.List	jdk	java.base
br.com.sawcunhaos.organization.application.usecase.access.status.reasonenable.FindAllReasonEnableUseCaseBean	java.util.function.Function	jdk	java.base
br.com.sawcunhaos.organization.application.usecase.access.status.reasonenable.FindAllReasonEnableUseCaseBean	java.util.stream.Stream	jdk	java.base
br.com.sawcunhaos.organization.application.usecase.access.status.reasonenable.FindAllReasonEnableUseCaseBean	org.slf4j.Logger	externo	slf4j-api-2.0.18.jar
br.com.sawcunhaos.organization.application.usecase.access.status.reasonenable.FindAllReasonEnableUseCaseBean	org.slf4j.LoggerFactory	externo	slf4j-api-2.0.18.jar
br.com.sawcunhaos.organization.application.usecase.access.status.reasonenable.FindAllReasonEnableUseCaseBean	org.springframework.data.domain.Page	externo	spring-data-commons-4.1.1.jar
br.com.sawcunhaos.organization.application.usecase.access.status.reasonenable.FindAllReasonEnableUseCaseBean	org.springframework.data.domain.Pageable	externo	spring-data-commons-4.1.1.jar
br.com.sawcunhaos.organization.application.usecase.access.status.reasonenable.FindAllReasonEnableUseCaseBean	org.springframework.stereotype.Service	externo	spring-context-7.0.9.jar
br.com.sawcunhaos.organization.application.usecase.access.status.reasonenable.FindAllReasonEnableUseCaseBean	org.springframework.transaction.annotation.Transactional	externo	spring-tx-7.0.9.jar
br.com.sawcunhaos.organization.application.usecase.access.status.reasonenable.FindReasonEnableUseCase	br.com.sawcunhaos.organization.api.dto.ReasonEnable	interno	classes
br.com.sawcunhaos.organization.application.usecase.access.status.reasonenable.FindReasonEnableUseCase	java.lang.Long	jdk	java.base
br.com.sawcunhaos.organization.application.usecase.access.status.reasonenable.FindReasonEnableUseCase	java.lang.Object	jdk	java.base
br.com.sawcunhaos.organization.application.usecase.access.status.reasonenable.FindReasonEnableUseCaseBean	br.com.sawcunhaos.organization.api.dto.ReasonEnable	interno	classes
br.com.sawcunhaos.organization.application.usecase.access.status.reasonenable.FindReasonEnableUseCaseBean	br.com.sawcunhaos.organization.application.usecase.access.status.reasonenable.FindReasonEnableUseCase	interno	classes
br.com.sawcunhaos.organization.application.usecase.access.status.reasonenable.FindReasonEnableUseCaseBean	br.com.sawcunhaos.organization.application.usecase.access.status.reasonenable.ReasonEnableApiMapper	interno	classes
br.com.sawcunhaos.organization.application.usecase.access.status.reasonenable.FindReasonEnableUseCaseBean	br.com.sawcunhaos.organization.domain.access.status.dto.ReasonEnableOutput	externo	flow-organization-domain-1.0.0-SNAPSHOT.jar
br.com.sawcunhaos.organization.application.usecase.access.status.reasonenable.FindReasonEnableUseCaseBean	br.com.sawcunhaos.organization.domain.access.status.specification.ReasonEnableService	externo	flow-organization-domain-1.0.0-SNAPSHOT.jar
br.com.sawcunhaos.organization.application.usecase.access.status.reasonenable.FindReasonEnableUseCaseBean	java.lang.Class	jdk	java.base
br.com.sawcunhaos.organization.application.usecase.access.status.reasonenable.FindReasonEnableUseCaseBean	java.lang.Long	jdk	java.base
br.com.sawcunhaos.organization.application.usecase.access.status.reasonenable.FindReasonEnableUseCaseBean	java.lang.Object	jdk	java.base
br.com.sawcunhaos.organization.application.usecase.access.status.reasonenable.FindReasonEnableUseCaseBean	java.lang.String	jdk	java.base
br.com.sawcunhaos.organization.application.usecase.access.status.reasonenable.FindReasonEnableUseCaseBean	org.slf4j.Logger	externo	slf4j-api-2.0.18.jar
br.com.sawcunhaos.organization.application.usecase.access.status.reasonenable.FindReasonEnableUseCaseBean	org.slf4j.LoggerFactory	externo	slf4j-api-2.0.18.jar
br.com.sawcunhaos.organization.application.usecase.access.status.reasonenable.FindReasonEnableUseCaseBean	org.springframework.stereotype.Service	externo	spring-context-7.0.9.jar
br.com.sawcunhaos.organization.application.usecase.access.status.reasonenable.FindReasonEnableUseCaseBean	org.springframework.transaction.annotation.Transactional	externo	spring-tx-7.0.9.jar
br.com.sawcunhaos.organization.application.usecase.access.status.reasonenable.ReasonEnableApiMapper	br.com.sawcunhaos.organization.api.dto.ReasonEnable	interno	classes
br.com.sawcunhaos.organization.application.usecase.access.status.reasonenable.ReasonEnableApiMapper	br.com.sawcunhaos.organization.api.dto.ReasonEnable$ReasonEnableBuilder	interno	classes
br.com.sawcunhaos.organization.application.usecase.access.status.reasonenable.ReasonEnableApiMapper	br.com.sawcunhaos.organization.api.dto.ReasonEntityType	interno	classes
br.com.sawcunhaos.organization.application.usecase.access.status.reasonenable.ReasonEnableApiMapper	br.com.sawcunhaos.organization.domain.access.status.dto.ReasonEnableOutput	externo	flow-organization-domain-1.0.0-SNAPSHOT.jar
br.com.sawcunhaos.organization.application.usecase.access.status.reasonenable.ReasonEnableApiMapper	br.com.sawcunhaos.organization.domain.access.status.internal.EntityType	externo	flow-organization-domain-1.0.0-SNAPSHOT.jar
br.com.sawcunhaos.organization.application.usecase.access.status.reasonenable.ReasonEnableApiMapper	java.lang.Boolean	jdk	java.base
br.com.sawcunhaos.organization.application.usecase.access.status.reasonenable.ReasonEnableApiMapper	java.lang.Long	jdk	java.base
br.com.sawcunhaos.organization.application.usecase.access.status.reasonenable.ReasonEnableApiMapper	java.lang.Object	jdk	java.base
br.com.sawcunhaos.organization.application.usecase.access.status.reasonenable.ReasonEnableApiMapper	java.lang.String	jdk	java.base
br.com.sawcunhaos.organization.application.usecase.access.status.reasonenable.UpdateReasonEnableUseCase	br.com.sawcunhaos.organization.api.dto.UpdateReasonEnableRequest	interno	classes
br.com.sawcunhaos.organization.application.usecase.access.status.reasonenable.UpdateReasonEnableUseCase	java.lang.Long	jdk	java.base
br.com.sawcunhaos.organization.application.usecase.access.status.reasonenable.UpdateReasonEnableUseCase	java.lang.Object	jdk	java.base
br.com.sawcunhaos.organization.application.usecase.access.status.reasonenable.UpdateReasonEnableUseCaseBean	br.com.sawcunhaos.organization.api.dto.ReasonEntityType	interno	classes
br.com.sawcunhaos.organization.application.usecase.access.status.reasonenable.UpdateReasonEnableUseCaseBean	br.com.sawcunhaos.organization.api.dto.UpdateReasonEnableRequest	interno	classes
br.com.sawcunhaos.organization.application.usecase.access.status.reasonenable.UpdateReasonEnableUseCaseBean	br.com.sawcunhaos.organization.application.usecase.access.status.reasonenable.ReasonEnableApiMapper	interno	classes
br.com.sawcunhaos.organization.application.usecase.access.status.reasonenable.UpdateReasonEnableUseCaseBean	br.com.sawcunhaos.organization.application.usecase.access.status.reasonenable.UpdateReasonEnableUseCase	interno	classes
br.com.sawcunhaos.organization.application.usecase.access.status.reasonenable.UpdateReasonEnableUseCaseBean	br.com.sawcunhaos.organization.domain.access.status.dto.ReasonEnableInput	externo	flow-organization-domain-1.0.0-SNAPSHOT.jar
br.com.sawcunhaos.organization.application.usecase.access.status.reasonenable.UpdateReasonEnableUseCaseBean	br.com.sawcunhaos.organization.domain.access.status.dto.ReasonEnableInput$ReasonEnableInputBuilder	externo	flow-organization-domain-1.0.0-SNAPSHOT.jar
br.com.sawcunhaos.organization.application.usecase.access.status.reasonenable.UpdateReasonEnableUseCaseBean	br.com.sawcunhaos.organization.domain.access.status.internal.EntityType	externo	flow-organization-domain-1.0.0-SNAPSHOT.jar
br.com.sawcunhaos.organization.application.usecase.access.status.reasonenable.UpdateReasonEnableUseCaseBean	br.com.sawcunhaos.organization.domain.access.status.specification.ReasonEnableService	externo	flow-organization-domain-1.0.0-SNAPSHOT.jar
br.com.sawcunhaos.organization.application.usecase.access.status.reasonenable.UpdateReasonEnableUseCaseBean	java.lang.Class	jdk	java.base
br.com.sawcunhaos.organization.application.usecase.access.status.reasonenable.UpdateReasonEnableUseCaseBean	java.lang.Long	jdk	java.base
br.com.sawcunhaos.organization.application.usecase.access.status.reasonenable.UpdateReasonEnableUseCaseBean	java.lang.Object	jdk	java.base
br.com.sawcunhaos.organization.application.usecase.access.status.reasonenable.UpdateReasonEnableUseCaseBean	java.lang.String	jdk	java.base
br.com.sawcunhaos.organization.application.usecase.access.status.reasonenable.UpdateReasonEnableUseCaseBean	org.slf4j.Logger	externo	slf4j-api-2.0.18.jar
br.com.sawcunhaos.organization.application.usecase.access.status.reasonenable.UpdateReasonEnableUseCaseBean	org.slf4j.LoggerFactory	externo	slf4j-api-2.0.18.jar
br.com.sawcunhaos.organization.application.usecase.access.status.reasonenable.UpdateReasonEnableUseCaseBean	org.springframework.stereotype.Service	externo	spring-context-7.0.9.jar
br.com.sawcunhaos.organization.application.usecase.access.status.reasonenable.UpdateReasonEnableUseCaseBean	org.springframework.transaction.annotation.Transactional	externo	spring-tx-7.0.9.jar
br.com.sawcunhaos.organization.application.usecase.access.status.reasoninactivate.CreateReasonInactivateUseCase	br.com.sawcunhaos.organization.api.dto.CreateReasonInactivateRequest	interno	classes
br.com.sawcunhaos.organization.application.usecase.access.status.reasoninactivate.CreateReasonInactivateUseCase	br.com.sawcunhaos.organization.api.dto.ReasonInactivate	interno	classes
br.com.sawcunhaos.organization.application.usecase.access.status.reasoninactivate.CreateReasonInactivateUseCase	java.lang.Object	jdk	java.base
br.com.sawcunhaos.organization.application.usecase.access.status.reasoninactivate.CreateReasonInactivateUseCaseBean	br.com.sawcunhaos.organization.api.dto.CreateReasonInactivateRequest	interno	classes
br.com.sawcunhaos.organization.application.usecase.access.status.reasoninactivate.CreateReasonInactivateUseCaseBean	br.com.sawcunhaos.organization.api.dto.ReasonEntityType	interno	classes
br.com.sawcunhaos.organization.application.usecase.access.status.reasoninactivate.CreateReasonInactivateUseCaseBean	br.com.sawcunhaos.organization.api.dto.ReasonInactivate	interno	classes
br.com.sawcunhaos.organization.application.usecase.access.status.reasoninactivate.CreateReasonInactivateUseCaseBean	br.com.sawcunhaos.organization.application.usecase.access.status.reasoninactivate.CreateReasonInactivateUseCase	interno	classes
br.com.sawcunhaos.organization.application.usecase.access.status.reasoninactivate.CreateReasonInactivateUseCaseBean	br.com.sawcunhaos.organization.application.usecase.access.status.reasoninactivate.ReasonInactivateApiMapper	interno	classes
br.com.sawcunhaos.organization.application.usecase.access.status.reasoninactivate.CreateReasonInactivateUseCaseBean	br.com.sawcunhaos.organization.domain.access.status.dto.ReasonInactivateInput	externo	flow-organization-domain-1.0.0-SNAPSHOT.jar
br.com.sawcunhaos.organization.application.usecase.access.status.reasoninactivate.CreateReasonInactivateUseCaseBean	br.com.sawcunhaos.organization.domain.access.status.dto.ReasonInactivateInput$ReasonInactivateInputBuilder	externo	flow-organization-domain-1.0.0-SNAPSHOT.jar
br.com.sawcunhaos.organization.application.usecase.access.status.reasoninactivate.CreateReasonInactivateUseCaseBean	br.com.sawcunhaos.organization.domain.access.status.dto.ReasonInactivateOutput	externo	flow-organization-domain-1.0.0-SNAPSHOT.jar
br.com.sawcunhaos.organization.application.usecase.access.status.reasoninactivate.CreateReasonInactivateUseCaseBean	br.com.sawcunhaos.organization.domain.access.status.internal.EntityType	externo	flow-organization-domain-1.0.0-SNAPSHOT.jar
br.com.sawcunhaos.organization.application.usecase.access.status.reasoninactivate.CreateReasonInactivateUseCaseBean	br.com.sawcunhaos.organization.domain.access.status.specification.ReasonInactivateService	externo	flow-organization-domain-1.0.0-SNAPSHOT.jar
br.com.sawcunhaos.organization.application.usecase.access.status.reasoninactivate.CreateReasonInactivateUseCaseBean	java.lang.Class	jdk	java.base
br.com.sawcunhaos.organization.application.usecase.access.status.reasoninactivate.CreateReasonInactivateUseCaseBean	java.lang.Object	jdk	java.base
br.com.sawcunhaos.organization.application.usecase.access.status.reasoninactivate.CreateReasonInactivateUseCaseBean	java.lang.String	jdk	java.base
br.com.sawcunhaos.organization.application.usecase.access.status.reasoninactivate.CreateReasonInactivateUseCaseBean	org.slf4j.Logger	externo	slf4j-api-2.0.18.jar
br.com.sawcunhaos.organization.application.usecase.access.status.reasoninactivate.CreateReasonInactivateUseCaseBean	org.slf4j.LoggerFactory	externo	slf4j-api-2.0.18.jar
br.com.sawcunhaos.organization.application.usecase.access.status.reasoninactivate.CreateReasonInactivateUseCaseBean	org.springframework.stereotype.Service	externo	spring-context-7.0.9.jar
br.com.sawcunhaos.organization.application.usecase.access.status.reasoninactivate.CreateReasonInactivateUseCaseBean	org.springframework.transaction.annotation.Transactional	externo	spring-tx-7.0.9.jar
br.com.sawcunhaos.organization.application.usecase.access.status.reasoninactivate.DisableReasonInactivateUseCase	java.lang.Long	jdk	java.base
br.com.sawcunhaos.organization.application.usecase.access.status.reasoninactivate.DisableReasonInactivateUseCase	java.lang.Object	jdk	java.base
br.com.sawcunhaos.organization.application.usecase.access.status.reasoninactivate.DisableReasonInactivateUseCaseBean	br.com.sawcunhaos.organization.application.usecase.access.status.reasoninactivate.DisableReasonInactivateUseCase	interno	classes
br.com.sawcunhaos.organization.application.usecase.access.status.reasoninactivate.DisableReasonInactivateUseCaseBean	br.com.sawcunhaos.organization.domain.access.status.specification.ReasonInactivateService	externo	flow-organization-domain-1.0.0-SNAPSHOT.jar
br.com.sawcunhaos.organization.application.usecase.access.status.reasoninactivate.DisableReasonInactivateUseCaseBean	java.lang.Class	jdk	java.base
br.com.sawcunhaos.organization.application.usecase.access.status.reasoninactivate.DisableReasonInactivateUseCaseBean	java.lang.Long	jdk	java.base
br.com.sawcunhaos.organization.application.usecase.access.status.reasoninactivate.DisableReasonInactivateUseCaseBean	java.lang.Object	jdk	java.base
br.com.sawcunhaos.organization.application.usecase.access.status.reasoninactivate.DisableReasonInactivateUseCaseBean	java.lang.String	jdk	java.base
br.com.sawcunhaos.organization.application.usecase.access.status.reasoninactivate.DisableReasonInactivateUseCaseBean	org.slf4j.Logger	externo	slf4j-api-2.0.18.jar
br.com.sawcunhaos.organization.application.usecase.access.status.reasoninactivate.DisableReasonInactivateUseCaseBean	org.slf4j.LoggerFactory	externo	slf4j-api-2.0.18.jar
br.com.sawcunhaos.organization.application.usecase.access.status.reasoninactivate.DisableReasonInactivateUseCaseBean	org.springframework.stereotype.Service	externo	spring-context-7.0.9.jar
br.com.sawcunhaos.organization.application.usecase.access.status.reasoninactivate.DisableReasonInactivateUseCaseBean	org.springframework.transaction.annotation.Transactional	externo	spring-tx-7.0.9.jar
br.com.sawcunhaos.organization.application.usecase.access.status.reasoninactivate.EnableReasonInactivateUseCase	java.lang.Long	jdk	java.base
br.com.sawcunhaos.organization.application.usecase.access.status.reasoninactivate.EnableReasonInactivateUseCase	java.lang.Object	jdk	java.base
br.com.sawcunhaos.organization.application.usecase.access.status.reasoninactivate.EnableReasonInactivateUseCaseBean	br.com.sawcunhaos.organization.application.usecase.access.status.reasoninactivate.EnableReasonInactivateUseCase	interno	classes
br.com.sawcunhaos.organization.application.usecase.access.status.reasoninactivate.EnableReasonInactivateUseCaseBean	br.com.sawcunhaos.organization.domain.access.status.specification.ReasonInactivateService	externo	flow-organization-domain-1.0.0-SNAPSHOT.jar
br.com.sawcunhaos.organization.application.usecase.access.status.reasoninactivate.EnableReasonInactivateUseCaseBean	java.lang.Class	jdk	java.base
br.com.sawcunhaos.organization.application.usecase.access.status.reasoninactivate.EnableReasonInactivateUseCaseBean	java.lang.Long	jdk	java.base
br.com.sawcunhaos.organization.application.usecase.access.status.reasoninactivate.EnableReasonInactivateUseCaseBean	java.lang.Object	jdk	java.base
br.com.sawcunhaos.organization.application.usecase.access.status.reasoninactivate.EnableReasonInactivateUseCaseBean	java.lang.String	jdk	java.base
br.com.sawcunhaos.organization.application.usecase.access.status.reasoninactivate.EnableReasonInactivateUseCaseBean	org.slf4j.Logger	externo	slf4j-api-2.0.18.jar
br.com.sawcunhaos.organization.application.usecase.access.status.reasoninactivate.EnableReasonInactivateUseCaseBean	org.slf4j.LoggerFactory	externo	slf4j-api-2.0.18.jar
br.com.sawcunhaos.organization.application.usecase.access.status.reasoninactivate.EnableReasonInactivateUseCaseBean	org.springframework.stereotype.Service	externo	spring-context-7.0.9.jar
br.com.sawcunhaos.organization.application.usecase.access.status.reasoninactivate.EnableReasonInactivateUseCaseBean	org.springframework.transaction.annotation.Transactional	externo	spring-tx-7.0.9.jar
br.com.sawcunhaos.organization.application.usecase.access.status.reasoninactivate.FindAllReasonInactivateUseCase	br.com.sawcunhaos.organization.api.dto.GetAllReasonInactivateResponse	interno	classes
br.com.sawcunhaos.organization.application.usecase.access.status.reasoninactivate.FindAllReasonInactivateUseCase	br.com.sawcunhaos.organization.api.dto.PaginationFilter	interno	classes
br.com.sawcunhaos.organization.application.usecase.access.status.reasoninactivate.FindAllReasonInactivateUseCase	br.com.sawcunhaos.organization.api.dto.ReasonEntityType	interno	classes
br.com.sawcunhaos.organization.application.usecase.access.status.reasoninactivate.FindAllReasonInactivateUseCase	java.lang.Boolean	jdk	java.base
br.com.sawcunhaos.organization.application.usecase.access.status.reasoninactivate.FindAllReasonInactivateUseCase	java.lang.Object	jdk	java.base
br.com.sawcunhaos.organization.application.usecase.access.status.reasoninactivate.FindAllReasonInactivateUseCaseBean	br.com.sawcunhaos.organization.api.dto.Direction	interno	classes
br.com.sawcunhaos.organization.application.usecase.access.status.reasoninactivate.FindAllReasonInactivateUseCaseBean	br.com.sawcunhaos.organization.api.dto.GetAllReasonInactivateResponse	interno	classes
br.com.sawcunhaos.organization.application.usecase.access.status.reasoninactivate.FindAllReasonInactivateUseCaseBean	br.com.sawcunhaos.organization.api.dto.GetAllReasonInactivateResponse$GetAllReasonInactivateResponseBuilder	interno	classes
br.com.sawcunhaos.organization.application.usecase.access.status.reasoninactivate.FindAllReasonInactivateUseCaseBean	br.com.sawcunhaos.organization.api.dto.PaginationFilter	interno	classes
br.com.sawcunhaos.organization.application.usecase.access.status.reasoninactivate.FindAllReasonInactivateUseCaseBean	br.com.sawcunhaos.organization.api.dto.ReasonEntityType	interno	classes
br.com.sawcunhaos.organization.application.usecase.access.status.reasoninactivate.FindAllReasonInactivateUseCaseBean	br.com.sawcunhaos.organization.api.dto.ReasonInactivate	interno	classes
br.com.sawcunhaos.organization.application.usecase.access.status.reasoninactivate.FindAllReasonInactivateUseCaseBean	br.com.sawcunhaos.organization.api.dto.ScosPaginated	interno	classes
br.com.sawcunhaos.organization.application.usecase.access.status.reasoninactivate.FindAllReasonInactivateUseCaseBean	br.com.sawcunhaos.organization.application.usecase.access.status.reasoninactivate.FindAllReasonInactivateUseCase	interno	classes
br.com.sawcunhaos.organization.application.usecase.access.status.reasoninactivate.FindAllReasonInactivateUseCaseBean	br.com.sawcunhaos.organization.application.usecase.access.status.reasoninactivate.ReasonInactivateApiMapper	interno	classes
br.com.sawcunhaos.organization.application.usecase.access.status.reasoninactivate.FindAllReasonInactivateUseCaseBean	br.com.sawcunhaos.organization.application.usecase.utils.PaginatioUtils	interno	classes
br.com.sawcunhaos.organization.application.usecase.access.status.reasoninactivate.FindAllReasonInactivateUseCaseBean	br.com.sawcunhaos.organization.domain.access.status.dto.ReasonInactivateOutput	externo	flow-organization-domain-1.0.0-SNAPSHOT.jar
br.com.sawcunhaos.organization.application.usecase.access.status.reasoninactivate.FindAllReasonInactivateUseCaseBean	br.com.sawcunhaos.organization.domain.access.status.internal.EntityType	externo	flow-organization-domain-1.0.0-SNAPSHOT.jar
br.com.sawcunhaos.organization.application.usecase.access.status.reasoninactivate.FindAllReasonInactivateUseCaseBean	br.com.sawcunhaos.organization.domain.access.status.specification.ReasonInactivateService	externo	flow-organization-domain-1.0.0-SNAPSHOT.jar
br.com.sawcunhaos.organization.application.usecase.access.status.reasoninactivate.FindAllReasonInactivateUseCaseBean	java.lang.Boolean	jdk	java.base
br.com.sawcunhaos.organization.application.usecase.access.status.reasoninactivate.FindAllReasonInactivateUseCaseBean	java.lang.Class	jdk	java.base
br.com.sawcunhaos.organization.application.usecase.access.status.reasoninactivate.FindAllReasonInactivateUseCaseBean	java.lang.Integer	jdk	java.base
br.com.sawcunhaos.organization.application.usecase.access.status.reasoninactivate.FindAllReasonInactivateUseCaseBean	java.lang.Object	jdk	java.base
br.com.sawcunhaos.organization.application.usecase.access.status.reasoninactivate.FindAllReasonInactivateUseCaseBean	java.lang.String	jdk	java.base
br.com.sawcunhaos.organization.application.usecase.access.status.reasoninactivate.FindAllReasonInactivateUseCaseBean	java.lang.invoke.CallSite	jdk	java.base
br.com.sawcunhaos.organization.application.usecase.access.status.reasoninactivate.FindAllReasonInactivateUseCaseBean	java.lang.invoke.LambdaMetafactory	jdk	java.base
br.com.sawcunhaos.organization.application.usecase.access.status.reasoninactivate.FindAllReasonInactivateUseCaseBean	java.lang.invoke.MethodHandle	jdk	java.base
br.com.sawcunhaos.organization.application.usecase.access.status.reasoninactivate.FindAllReasonInactivateUseCaseBean	java.lang.invoke.MethodHandles	jdk	java.base
br.com.sawcunhaos.organization.application.usecase.access.status.reasoninactivate.FindAllReasonInactivateUseCaseBean	java.lang.invoke.MethodHandles$Lookup	jdk	java.base
br.com.sawcunhaos.organization.application.usecase.access.status.reasoninactivate.FindAllReasonInactivateUseCaseBean	java.lang.invoke.MethodType	jdk	java.base
br.com.sawcunhaos.organization.application.usecase.access.status.reasoninactivate.FindAllReasonInactivateUseCaseBean	java.util.List	jdk	java.base
br.com.sawcunhaos.organization.application.usecase.access.status.reasoninactivate.FindAllReasonInactivateUseCaseBean	java.util.function.Function	jdk	java.base
br.com.sawcunhaos.organization.application.usecase.access.status.reasoninactivate.FindAllReasonInactivateUseCaseBean	java.util.stream.Stream	jdk	java.base
br.com.sawcunhaos.organization.application.usecase.access.status.reasoninactivate.FindAllReasonInactivateUseCaseBean	org.slf4j.Logger	externo	slf4j-api-2.0.18.jar
br.com.sawcunhaos.organization.application.usecase.access.status.reasoninactivate.FindAllReasonInactivateUseCaseBean	org.slf4j.LoggerFactory	externo	slf4j-api-2.0.18.jar
br.com.sawcunhaos.organization.application.usecase.access.status.reasoninactivate.FindAllReasonInactivateUseCaseBean	org.springframework.data.domain.Page	externo	spring-data-commons-4.1.1.jar
br.com.sawcunhaos.organization.application.usecase.access.status.reasoninactivate.FindAllReasonInactivateUseCaseBean	org.springframework.data.domain.Pageable	externo	spring-data-commons-4.1.1.jar
br.com.sawcunhaos.organization.application.usecase.access.status.reasoninactivate.FindAllReasonInactivateUseCaseBean	org.springframework.stereotype.Service	externo	spring-context-7.0.9.jar
br.com.sawcunhaos.organization.application.usecase.access.status.reasoninactivate.FindAllReasonInactivateUseCaseBean	org.springframework.transaction.annotation.Transactional	externo	spring-tx-7.0.9.jar
br.com.sawcunhaos.organization.application.usecase.access.status.reasoninactivate.FindReasonInactivateUseCase	br.com.sawcunhaos.organization.api.dto.ReasonInactivate	interno	classes
br.com.sawcunhaos.organization.application.usecase.access.status.reasoninactivate.FindReasonInactivateUseCase	java.lang.Long	jdk	java.base
br.com.sawcunhaos.organization.application.usecase.access.status.reasoninactivate.FindReasonInactivateUseCase	java.lang.Object	jdk	java.base
br.com.sawcunhaos.organization.application.usecase.access.status.reasoninactivate.FindReasonInactivateUseCaseBean	br.com.sawcunhaos.organization.api.dto.ReasonInactivate	interno	classes
br.com.sawcunhaos.organization.application.usecase.access.status.reasoninactivate.FindReasonInactivateUseCaseBean	br.com.sawcunhaos.organization.application.usecase.access.status.reasoninactivate.FindReasonInactivateUseCase	interno	classes
br.com.sawcunhaos.organization.application.usecase.access.status.reasoninactivate.FindReasonInactivateUseCaseBean	br.com.sawcunhaos.organization.application.usecase.access.status.reasoninactivate.ReasonInactivateApiMapper	interno	classes
br.com.sawcunhaos.organization.application.usecase.access.status.reasoninactivate.FindReasonInactivateUseCaseBean	br.com.sawcunhaos.organization.domain.access.status.dto.ReasonInactivateOutput	externo	flow-organization-domain-1.0.0-SNAPSHOT.jar
br.com.sawcunhaos.organization.application.usecase.access.status.reasoninactivate.FindReasonInactivateUseCaseBean	br.com.sawcunhaos.organization.domain.access.status.specification.ReasonInactivateService	externo	flow-organization-domain-1.0.0-SNAPSHOT.jar
br.com.sawcunhaos.organization.application.usecase.access.status.reasoninactivate.FindReasonInactivateUseCaseBean	java.lang.Class	jdk	java.base
br.com.sawcunhaos.organization.application.usecase.access.status.reasoninactivate.FindReasonInactivateUseCaseBean	java.lang.Long	jdk	java.base
br.com.sawcunhaos.organization.application.usecase.access.status.reasoninactivate.FindReasonInactivateUseCaseBean	java.lang.Object	jdk	java.base
br.com.sawcunhaos.organization.application.usecase.access.status.reasoninactivate.FindReasonInactivateUseCaseBean	java.lang.String	jdk	java.base
br.com.sawcunhaos.organization.application.usecase.access.status.reasoninactivate.FindReasonInactivateUseCaseBean	org.slf4j.Logger	externo	slf4j-api-2.0.18.jar
br.com.sawcunhaos.organization.application.usecase.access.status.reasoninactivate.FindReasonInactivateUseCaseBean	org.slf4j.LoggerFactory	externo	slf4j-api-2.0.18.jar
br.com.sawcunhaos.organization.application.usecase.access.status.reasoninactivate.FindReasonInactivateUseCaseBean	org.springframework.stereotype.Service	externo	spring-context-7.0.9.jar
br.com.sawcunhaos.organization.application.usecase.access.status.reasoninactivate.FindReasonInactivateUseCaseBean	org.springframework.transaction.annotation.Transactional	externo	spring-tx-7.0.9.jar
br.com.sawcunhaos.organization.application.usecase.access.status.reasoninactivate.ReasonInactivateApiMapper	br.com.sawcunhaos.organization.api.dto.ReasonEntityType	interno	classes
br.com.sawcunhaos.organization.application.usecase.access.status.reasoninactivate.ReasonInactivateApiMapper	br.com.sawcunhaos.organization.api.dto.ReasonInactivate	interno	classes
br.com.sawcunhaos.organization.application.usecase.access.status.reasoninactivate.ReasonInactivateApiMapper	br.com.sawcunhaos.organization.api.dto.ReasonInactivate$ReasonInactivateBuilder	interno	classes
br.com.sawcunhaos.organization.application.usecase.access.status.reasoninactivate.ReasonInactivateApiMapper	br.com.sawcunhaos.organization.domain.access.status.dto.ReasonInactivateOutput	externo	flow-organization-domain-1.0.0-SNAPSHOT.jar
br.com.sawcunhaos.organization.application.usecase.access.status.reasoninactivate.ReasonInactivateApiMapper	br.com.sawcunhaos.organization.domain.access.status.internal.EntityType	externo	flow-organization-domain-1.0.0-SNAPSHOT.jar
br.com.sawcunhaos.organization.application.usecase.access.status.reasoninactivate.ReasonInactivateApiMapper	java.lang.Boolean	jdk	java.base
br.com.sawcunhaos.organization.application.usecase.access.status.reasoninactivate.ReasonInactivateApiMapper	java.lang.Long	jdk	java.base
br.com.sawcunhaos.organization.application.usecase.access.status.reasoninactivate.ReasonInactivateApiMapper	java.lang.Object	jdk	java.base
br.com.sawcunhaos.organization.application.usecase.access.status.reasoninactivate.ReasonInactivateApiMapper	java.lang.String	jdk	java.base
br.com.sawcunhaos.organization.application.usecase.access.status.reasoninactivate.UpdateReasonInactivateUseCase	br.com.sawcunhaos.organization.api.dto.UpdateReasonInactivateRequest	interno	classes
br.com.sawcunhaos.organization.application.usecase.access.status.reasoninactivate.UpdateReasonInactivateUseCase	java.lang.Long	jdk	java.base
br.com.sawcunhaos.organization.application.usecase.access.status.reasoninactivate.UpdateReasonInactivateUseCase	java.lang.Object	jdk	java.base
br.com.sawcunhaos.organization.application.usecase.access.status.reasoninactivate.UpdateReasonInactivateUseCaseBean	br.com.sawcunhaos.organization.api.dto.ReasonEntityType	interno	classes
br.com.sawcunhaos.organization.application.usecase.access.status.reasoninactivate.UpdateReasonInactivateUseCaseBean	br.com.sawcunhaos.organization.api.dto.UpdateReasonInactivateRequest	interno	classes
br.com.sawcunhaos.organization.application.usecase.access.status.reasoninactivate.UpdateReasonInactivateUseCaseBean	br.com.sawcunhaos.organization.application.usecase.access.status.reasoninactivate.ReasonInactivateApiMapper	interno	classes
br.com.sawcunhaos.organization.application.usecase.access.status.reasoninactivate.UpdateReasonInactivateUseCaseBean	br.com.sawcunhaos.organization.application.usecase.access.status.reasoninactivate.UpdateReasonInactivateUseCase	interno	classes
br.com.sawcunhaos.organization.application.usecase.access.status.reasoninactivate.UpdateReasonInactivateUseCaseBean	br.com.sawcunhaos.organization.domain.access.status.dto.ReasonInactivateInput	externo	flow-organization-domain-1.0.0-SNAPSHOT.jar
br.com.sawcunhaos.organization.application.usecase.access.status.reasoninactivate.UpdateReasonInactivateUseCaseBean	br.com.sawcunhaos.organization.domain.access.status.dto.ReasonInactivateInput$ReasonInactivateInputBuilder	externo	flow-organization-domain-1.0.0-SNAPSHOT.jar
br.com.sawcunhaos.organization.application.usecase.access.status.reasoninactivate.UpdateReasonInactivateUseCaseBean	br.com.sawcunhaos.organization.domain.access.status.internal.EntityType	externo	flow-organization-domain-1.0.0-SNAPSHOT.jar
br.com.sawcunhaos.organization.application.usecase.access.status.reasoninactivate.UpdateReasonInactivateUseCaseBean	br.com.sawcunhaos.organization.domain.access.status.specification.ReasonInactivateService	externo	flow-organization-domain-1.0.0-SNAPSHOT.jar
br.com.sawcunhaos.organization.application.usecase.access.status.reasoninactivate.UpdateReasonInactivateUseCaseBean	java.lang.Class	jdk	java.base
br.com.sawcunhaos.organization.application.usecase.access.status.reasoninactivate.UpdateReasonInactivateUseCaseBean	java.lang.Long	jdk	java.base
br.com.sawcunhaos.organization.application.usecase.access.status.reasoninactivate.UpdateReasonInactivateUseCaseBean	java.lang.Object	jdk	java.base
br.com.sawcunhaos.organization.application.usecase.access.status.reasoninactivate.UpdateReasonInactivateUseCaseBean	java.lang.String	jdk	java.base
br.com.sawcunhaos.organization.application.usecase.access.status.reasoninactivate.UpdateReasonInactivateUseCaseBean	org.slf4j.Logger	externo	slf4j-api-2.0.18.jar
br.com.sawcunhaos.organization.application.usecase.access.status.reasoninactivate.UpdateReasonInactivateUseCaseBean	org.slf4j.LoggerFactory	externo	slf4j-api-2.0.18.jar
br.com.sawcunhaos.organization.application.usecase.access.status.reasoninactivate.UpdateReasonInactivateUseCaseBean	org.springframework.stereotype.Service	externo	spring-context-7.0.9.jar
br.com.sawcunhaos.organization.application.usecase.access.status.reasoninactivate.UpdateReasonInactivateUseCaseBean	org.springframework.transaction.annotation.Transactional	externo	spring-tx-7.0.9.jar
br.com.sawcunhaos.organization.application.usecase.access.system.registry.RegistrySystemInput	br.com.sawcunhaos.organization.application.usecase.access.system.registry.RegistrySystemInput$RegistrySystemInputBuilder	interno	classes
br.com.sawcunhaos.organization.application.usecase.access.system.registry.RegistrySystemInput	java.lang.Class	jdk	java.base
br.com.sawcunhaos.organization.application.usecase.access.system.registry.RegistrySystemInput	java.lang.Object	jdk	java.base
br.com.sawcunhaos.organization.application.usecase.access.system.registry.RegistrySystemInput	java.lang.Record	jdk	java.base
br.com.sawcunhaos.organization.application.usecase.access.system.registry.RegistrySystemInput	java.lang.String	jdk	java.base
br.com.sawcunhaos.organization.application.usecase.access.system.registry.RegistrySystemInput	java.lang.invoke.MethodHandle	jdk	java.base
br.com.sawcunhaos.organization.application.usecase.access.system.registry.RegistrySystemInput	java.lang.invoke.MethodHandles	jdk	java.base
br.com.sawcunhaos.organization.application.usecase.access.system.registry.RegistrySystemInput	java.lang.invoke.MethodHandles$Lookup	jdk	java.base
br.com.sawcunhaos.organization.application.usecase.access.system.registry.RegistrySystemInput	java.lang.invoke.TypeDescriptor	jdk	java.base
br.com.sawcunhaos.organization.application.usecase.access.system.registry.RegistrySystemInput	java.lang.runtime.ObjectMethods	jdk	java.base
br.com.sawcunhaos.organization.application.usecase.access.system.registry.RegistrySystemInput$RegistrySystemInputBuilder	br.com.sawcunhaos.organization.application.usecase.access.system.registry.RegistrySystemInput	interno	classes
br.com.sawcunhaos.organization.application.usecase.access.system.registry.RegistrySystemInput$RegistrySystemInputBuilder	java.lang.Object	jdk	java.base
br.com.sawcunhaos.organization.application.usecase.access.system.registry.RegistrySystemInput$RegistrySystemInputBuilder	java.lang.String	jdk	java.base
br.com.sawcunhaos.organization.application.usecase.access.system.registry.RegistrySystemInput$RegistrySystemInputBuilder	java.lang.invoke.CallSite	jdk	java.base
br.com.sawcunhaos.organization.application.usecase.access.system.registry.RegistrySystemInput$RegistrySystemInputBuilder	java.lang.invoke.MethodHandles	jdk	java.base
br.com.sawcunhaos.organization.application.usecase.access.system.registry.RegistrySystemInput$RegistrySystemInputBuilder	java.lang.invoke.MethodHandles$Lookup	jdk	java.base
br.com.sawcunhaos.organization.application.usecase.access.system.registry.RegistrySystemInput$RegistrySystemInputBuilder	java.lang.invoke.MethodType	jdk	java.base
br.com.sawcunhaos.organization.application.usecase.access.system.registry.RegistrySystemInput$RegistrySystemInputBuilder	java.lang.invoke.StringConcatFactory	jdk	java.base
br.com.sawcunhaos.organization.application.usecase.access.system.registry.RegistrySystemOutput	br.com.sawcunhaos.organization.application.usecase.access.system.registry.RegistrySystemOutput$RegistrySystemOutputBuilder	interno	classes
br.com.sawcunhaos.organization.application.usecase.access.system.registry.RegistrySystemOutput	java.lang.Class	jdk	java.base
br.com.sawcunhaos.organization.application.usecase.access.system.registry.RegistrySystemOutput	java.lang.Object	jdk	java.base
br.com.sawcunhaos.organization.application.usecase.access.system.registry.RegistrySystemOutput	java.lang.Record	jdk	java.base
br.com.sawcunhaos.organization.application.usecase.access.system.registry.RegistrySystemOutput	java.lang.String	jdk	java.base
br.com.sawcunhaos.organization.application.usecase.access.system.registry.RegistrySystemOutput	java.lang.invoke.MethodHandle	jdk	java.base
br.com.sawcunhaos.organization.application.usecase.access.system.registry.RegistrySystemOutput	java.lang.invoke.MethodHandles	jdk	java.base
br.com.sawcunhaos.organization.application.usecase.access.system.registry.RegistrySystemOutput	java.lang.invoke.MethodHandles$Lookup	jdk	java.base
br.com.sawcunhaos.organization.application.usecase.access.system.registry.RegistrySystemOutput	java.lang.invoke.TypeDescriptor	jdk	java.base
br.com.sawcunhaos.organization.application.usecase.access.system.registry.RegistrySystemOutput	java.lang.runtime.ObjectMethods	jdk	java.base
br.com.sawcunhaos.organization.application.usecase.access.system.registry.RegistrySystemOutput$RegistrySystemOutputBuilder	br.com.sawcunhaos.organization.application.usecase.access.system.registry.RegistrySystemOutput	interno	classes
br.com.sawcunhaos.organization.application.usecase.access.system.registry.RegistrySystemOutput$RegistrySystemOutputBuilder	java.lang.Object	jdk	java.base
br.com.sawcunhaos.organization.application.usecase.access.system.registry.RegistrySystemOutput$RegistrySystemOutputBuilder	java.lang.String	jdk	java.base
br.com.sawcunhaos.organization.application.usecase.access.system.registry.RegistrySystemOutput$RegistrySystemOutputBuilder	java.lang.invoke.CallSite	jdk	java.base
br.com.sawcunhaos.organization.application.usecase.access.system.registry.RegistrySystemOutput$RegistrySystemOutputBuilder	java.lang.invoke.MethodHandles	jdk	java.base
br.com.sawcunhaos.organization.application.usecase.access.system.registry.RegistrySystemOutput$RegistrySystemOutputBuilder	java.lang.invoke.MethodHandles$Lookup	jdk	java.base
br.com.sawcunhaos.organization.application.usecase.access.system.registry.RegistrySystemOutput$RegistrySystemOutputBuilder	java.lang.invoke.MethodType	jdk	java.base
br.com.sawcunhaos.organization.application.usecase.access.system.registry.RegistrySystemOutput$RegistrySystemOutputBuilder	java.lang.invoke.StringConcatFactory	jdk	java.base
br.com.sawcunhaos.organization.application.usecase.access.system.registry.RegistrySystemUseCase	br.com.sawcunhaos.organization.application.usecase.access.system.registry.RegistrySystemInput	interno	classes
br.com.sawcunhaos.organization.application.usecase.access.system.registry.RegistrySystemUseCase	br.com.sawcunhaos.organization.application.usecase.access.system.registry.RegistrySystemOutput	interno	classes
br.com.sawcunhaos.organization.application.usecase.access.system.registry.RegistrySystemUseCase	java.lang.Object	jdk	java.base
br.com.sawcunhaos.organization.application.usecase.access.system.registry.RegistrySystemUseCaseBean	br.com.sawcunhaos.organization.application.usecase.access.system.registry.RegistrySystemInput	interno	classes
br.com.sawcunhaos.organization.application.usecase.access.system.registry.RegistrySystemUseCaseBean	br.com.sawcunhaos.organization.application.usecase.access.system.registry.RegistrySystemOutput	interno	classes
br.com.sawcunhaos.organization.application.usecase.access.system.registry.RegistrySystemUseCaseBean	br.com.sawcunhaos.organization.application.usecase.access.system.registry.RegistrySystemOutput$RegistrySystemOutputBuilder	interno	classes
br.com.sawcunhaos.organization.application.usecase.access.system.registry.RegistrySystemUseCaseBean	br.com.sawcunhaos.organization.application.usecase.access.system.registry.RegistrySystemUseCase	interno	classes
br.com.sawcunhaos.organization.application.usecase.access.system.registry.RegistrySystemUseCaseBean	br.com.sawcunhaos.organization.domain.access.system.dto.RegisterScosSystemInput	externo	flow-organization-domain-1.0.0-SNAPSHOT.jar
br.com.sawcunhaos.organization.application.usecase.access.system.registry.RegistrySystemUseCaseBean	br.com.sawcunhaos.organization.domain.access.system.dto.RegisterScosSystemInput$RegisterScosSystemInputBuilder	externo	flow-organization-domain-1.0.0-SNAPSHOT.jar
br.com.sawcunhaos.organization.application.usecase.access.system.registry.RegistrySystemUseCaseBean	br.com.sawcunhaos.organization.domain.access.system.dto.ScosSystemOutput	externo	flow-organization-domain-1.0.0-SNAPSHOT.jar
br.com.sawcunhaos.organization.application.usecase.access.system.registry.RegistrySystemUseCaseBean	br.com.sawcunhaos.organization.domain.access.system.specification.ScosSystemService	externo	flow-organization-domain-1.0.0-SNAPSHOT.jar
br.com.sawcunhaos.organization.application.usecase.access.system.registry.RegistrySystemUseCaseBean	java.lang.Class	jdk	java.base
br.com.sawcunhaos.organization.application.usecase.access.system.registry.RegistrySystemUseCaseBean	java.lang.Object	jdk	java.base
br.com.sawcunhaos.organization.application.usecase.access.system.registry.RegistrySystemUseCaseBean	java.lang.String	jdk	java.base
br.com.sawcunhaos.organization.application.usecase.access.system.registry.RegistrySystemUseCaseBean	java.util.UUID	jdk	java.base
br.com.sawcunhaos.organization.application.usecase.access.system.registry.RegistrySystemUseCaseBean	org.slf4j.Logger	externo	slf4j-api-2.0.18.jar
br.com.sawcunhaos.organization.application.usecase.access.system.registry.RegistrySystemUseCaseBean	org.slf4j.LoggerFactory	externo	slf4j-api-2.0.18.jar
br.com.sawcunhaos.organization.application.usecase.access.system.registry.RegistrySystemUseCaseBean	org.springframework.stereotype.Service	externo	spring-context-7.0.9.jar
br.com.sawcunhaos.organization.application.usecase.access.system.registry.RegistrySystemUseCaseBean	org.springframework.transaction.annotation.Transactional	externo	spring-tx-7.0.9.jar
br.com.sawcunhaos.organization.application.usecase.configuration.FindAllConfigurationUseCase	br.com.sawcunhaos.organization.api.dto.ModelConfiguration	interno	classes
br.com.sawcunhaos.organization.application.usecase.configuration.FindAllConfigurationUseCase	java.lang.Object	jdk	java.base
br.com.sawcunhaos.organization.application.usecase.configuration.FindAllConfigurationUseCase	java.util.List	jdk	java.base
br.com.sawcunhaos.organization.application.usecase.configuration.FindAllConfigurationUseCaseBean	br.com.sawcunhaos.organization.api.dto.ConfigurationType	interno	classes
br.com.sawcunhaos.organization.application.usecase.configuration.FindAllConfigurationUseCaseBean	br.com.sawcunhaos.organization.api.dto.ModelConfiguration	interno	classes
br.com.sawcunhaos.organization.application.usecase.configuration.FindAllConfigurationUseCaseBean	br.com.sawcunhaos.organization.api.dto.ModelConfiguration$ModelConfigurationBuilder	interno	classes
br.com.sawcunhaos.organization.application.usecase.configuration.FindAllConfigurationUseCaseBean	br.com.sawcunhaos.organization.application.usecase.configuration.FindAllConfigurationUseCase	interno	classes
br.com.sawcunhaos.organization.application.usecase.configuration.FindAllConfigurationUseCaseBean	br.com.sawcunhaos.organization.domain.configuration.dto.ConfigurationOutput	externo	flow-organization-domain-1.0.0-SNAPSHOT.jar
br.com.sawcunhaos.organization.application.usecase.configuration.FindAllConfigurationUseCaseBean	br.com.sawcunhaos.organization.domain.configuration.specification.ConfigurationService	externo	flow-organization-domain-1.0.0-SNAPSHOT.jar
br.com.sawcunhaos.organization.application.usecase.configuration.FindAllConfigurationUseCaseBean	java.lang.Class	jdk	java.base
br.com.sawcunhaos.organization.application.usecase.configuration.FindAllConfigurationUseCaseBean	java.lang.Object	jdk	java.base
br.com.sawcunhaos.organization.application.usecase.configuration.FindAllConfigurationUseCaseBean	java.lang.String	jdk	java.base
br.com.sawcunhaos.organization.application.usecase.configuration.FindAllConfigurationUseCaseBean	java.lang.invoke.CallSite	jdk	java.base
br.com.sawcunhaos.organization.application.usecase.configuration.FindAllConfigurationUseCaseBean	java.lang.invoke.LambdaMetafactory	jdk	java.base
br.com.sawcunhaos.organization.application.usecase.configuration.FindAllConfigurationUseCaseBean	java.lang.invoke.MethodHandle	jdk	java.base
br.com.sawcunhaos.organization.application.usecase.configuration.FindAllConfigurationUseCaseBean	java.lang.invoke.MethodHandles	jdk	java.base
br.com.sawcunhaos.organization.application.usecase.configuration.FindAllConfigurationUseCaseBean	java.lang.invoke.MethodHandles$Lookup	jdk	java.base
br.com.sawcunhaos.organization.application.usecase.configuration.FindAllConfigurationUseCaseBean	java.lang.invoke.MethodType	jdk	java.base
br.com.sawcunhaos.organization.application.usecase.configuration.FindAllConfigurationUseCaseBean	java.util.List	jdk	java.base
br.com.sawcunhaos.organization.application.usecase.configuration.FindAllConfigurationUseCaseBean	java.util.function.Function	jdk	java.base
br.com.sawcunhaos.organization.application.usecase.configuration.FindAllConfigurationUseCaseBean	java.util.stream.Stream	jdk	java.base
br.com.sawcunhaos.organization.application.usecase.configuration.FindAllConfigurationUseCaseBean	org.slf4j.Logger	externo	slf4j-api-2.0.18.jar
br.com.sawcunhaos.organization.application.usecase.configuration.FindAllConfigurationUseCaseBean	org.slf4j.LoggerFactory	externo	slf4j-api-2.0.18.jar
br.com.sawcunhaos.organization.application.usecase.configuration.FindAllConfigurationUseCaseBean	org.springframework.stereotype.Service	externo	spring-context-7.0.9.jar
br.com.sawcunhaos.organization.application.usecase.configuration.FindAllConfigurationUseCaseBean	org.springframework.transaction.annotation.Transactional	externo	spring-tx-7.0.9.jar
br.com.sawcunhaos.organization.application.usecase.configuration.FindAllKeysConfigurationUseCase	br.com.sawcunhaos.organization.api.dto.KeyConfiguration	interno	classes
br.com.sawcunhaos.organization.application.usecase.configuration.FindAllKeysConfigurationUseCase	java.lang.Object	jdk	java.base
br.com.sawcunhaos.organization.application.usecase.configuration.FindAllKeysConfigurationUseCase	java.util.List	jdk	java.base
br.com.sawcunhaos.organization.application.usecase.configuration.FindAllKeysConfigurationUseCaseBean	br.com.sawcunhaos.organization.api.dto.ConfigurationType	interno	classes
br.com.sawcunhaos.organization.application.usecase.configuration.FindAllKeysConfigurationUseCaseBean	br.com.sawcunhaos.organization.api.dto.KeyConfiguration	interno	classes
br.com.sawcunhaos.organization.application.usecase.configuration.FindAllKeysConfigurationUseCaseBean	br.com.sawcunhaos.organization.api.dto.KeyConfiguration$KeyConfigurationBuilder	interno	classes
br.com.sawcunhaos.organization.application.usecase.configuration.FindAllKeysConfigurationUseCaseBean	br.com.sawcunhaos.organization.application.usecase.configuration.FindAllKeysConfigurationUseCase	interno	classes
br.com.sawcunhaos.organization.application.usecase.configuration.FindAllKeysConfigurationUseCaseBean	br.com.sawcunhaos.organization.domain.configuration.dto.KeyConfigurationOutput	externo	flow-organization-domain-1.0.0-SNAPSHOT.jar
br.com.sawcunhaos.organization.application.usecase.configuration.FindAllKeysConfigurationUseCaseBean	br.com.sawcunhaos.organization.domain.configuration.specification.ConfigurationService	externo	flow-organization-domain-1.0.0-SNAPSHOT.jar
br.com.sawcunhaos.organization.application.usecase.configuration.FindAllKeysConfigurationUseCaseBean	java.lang.Class	jdk	java.base
br.com.sawcunhaos.organization.application.usecase.configuration.FindAllKeysConfigurationUseCaseBean	java.lang.Object	jdk	java.base
br.com.sawcunhaos.organization.application.usecase.configuration.FindAllKeysConfigurationUseCaseBean	java.lang.String	jdk	java.base
br.com.sawcunhaos.organization.application.usecase.configuration.FindAllKeysConfigurationUseCaseBean	java.lang.invoke.CallSite	jdk	java.base
br.com.sawcunhaos.organization.application.usecase.configuration.FindAllKeysConfigurationUseCaseBean	java.lang.invoke.LambdaMetafactory	jdk	java.base
br.com.sawcunhaos.organization.application.usecase.configuration.FindAllKeysConfigurationUseCaseBean	java.lang.invoke.MethodHandle	jdk	java.base
br.com.sawcunhaos.organization.application.usecase.configuration.FindAllKeysConfigurationUseCaseBean	java.lang.invoke.MethodHandles	jdk	java.base
br.com.sawcunhaos.organization.application.usecase.configuration.FindAllKeysConfigurationUseCaseBean	java.lang.invoke.MethodHandles$Lookup	jdk	java.base
br.com.sawcunhaos.organization.application.usecase.configuration.FindAllKeysConfigurationUseCaseBean	java.lang.invoke.MethodType	jdk	java.base
br.com.sawcunhaos.organization.application.usecase.configuration.FindAllKeysConfigurationUseCaseBean	java.util.List	jdk	java.base
br.com.sawcunhaos.organization.application.usecase.configuration.FindAllKeysConfigurationUseCaseBean	java.util.function.Function	jdk	java.base
br.com.sawcunhaos.organization.application.usecase.configuration.FindAllKeysConfigurationUseCaseBean	java.util.stream.Stream	jdk	java.base
br.com.sawcunhaos.organization.application.usecase.configuration.FindAllKeysConfigurationUseCaseBean	org.slf4j.Logger	externo	slf4j-api-2.0.18.jar
br.com.sawcunhaos.organization.application.usecase.configuration.FindAllKeysConfigurationUseCaseBean	org.slf4j.LoggerFactory	externo	slf4j-api-2.0.18.jar
br.com.sawcunhaos.organization.application.usecase.configuration.FindAllKeysConfigurationUseCaseBean	org.springframework.stereotype.Service	externo	spring-context-7.0.9.jar
br.com.sawcunhaos.organization.application.usecase.configuration.FindAllKeysConfigurationUseCaseBean	org.springframework.transaction.annotation.Transactional	externo	spring-tx-7.0.9.jar
br.com.sawcunhaos.organization.application.usecase.configuration.FindConfigurationByKeyUseCase	br.com.sawcunhaos.organization.api.dto.ModelConfiguration	interno	classes
br.com.sawcunhaos.organization.application.usecase.configuration.FindConfigurationByKeyUseCase	java.lang.Object	jdk	java.base
br.com.sawcunhaos.organization.application.usecase.configuration.FindConfigurationByKeyUseCase	java.lang.String	jdk	java.base
br.com.sawcunhaos.organization.application.usecase.configuration.FindConfigurationByKeyUseCaseBean	br.com.sawcunhaos.organization.api.dto.ConfigurationType	interno	classes
br.com.sawcunhaos.organization.application.usecase.configuration.FindConfigurationByKeyUseCaseBean	br.com.sawcunhaos.organization.api.dto.ModelConfiguration	interno	classes
br.com.sawcunhaos.organization.application.usecase.configuration.FindConfigurationByKeyUseCaseBean	br.com.sawcunhaos.organization.api.dto.ModelConfiguration$ModelConfigurationBuilder	interno	classes
br.com.sawcunhaos.organization.application.usecase.configuration.FindConfigurationByKeyUseCaseBean	br.com.sawcunhaos.organization.application.usecase.configuration.FindConfigurationByKeyUseCase	interno	classes
br.com.sawcunhaos.organization.application.usecase.configuration.FindConfigurationByKeyUseCaseBean	br.com.sawcunhaos.organization.domain.configuration.dto.ConfigurationOutput	externo	flow-organization-domain-1.0.0-SNAPSHOT.jar
br.com.sawcunhaos.organization.application.usecase.configuration.FindConfigurationByKeyUseCaseBean	br.com.sawcunhaos.organization.domain.configuration.specification.ConfigurationService	externo	flow-organization-domain-1.0.0-SNAPSHOT.jar
br.com.sawcunhaos.organization.application.usecase.configuration.FindConfigurationByKeyUseCaseBean	java.lang.Class	jdk	java.base
br.com.sawcunhaos.organization.application.usecase.configuration.FindConfigurationByKeyUseCaseBean	java.lang.Object	jdk	java.base
br.com.sawcunhaos.organization.application.usecase.configuration.FindConfigurationByKeyUseCaseBean	java.lang.String	jdk	java.base
br.com.sawcunhaos.organization.application.usecase.configuration.FindConfigurationByKeyUseCaseBean	org.slf4j.Logger	externo	slf4j-api-2.0.18.jar
br.com.sawcunhaos.organization.application.usecase.configuration.FindConfigurationByKeyUseCaseBean	org.slf4j.LoggerFactory	externo	slf4j-api-2.0.18.jar
br.com.sawcunhaos.organization.application.usecase.configuration.FindConfigurationByKeyUseCaseBean	org.springframework.stereotype.Service	externo	spring-context-7.0.9.jar
br.com.sawcunhaos.organization.application.usecase.configuration.FindConfigurationByKeyUseCaseBean	org.springframework.transaction.annotation.Transactional	externo	spring-tx-7.0.9.jar
br.com.sawcunhaos.organization.application.usecase.configuration.UpdateConfigurationUseCase	java.lang.Object	jdk	java.base
br.com.sawcunhaos.organization.application.usecase.configuration.UpdateConfigurationUseCase	java.lang.String	jdk	java.base
br.com.sawcunhaos.organization.application.usecase.configuration.UpdateConfigurationUseCaseBean	br.com.sawcunhaos.organization.application.usecase.configuration.UpdateConfigurationUseCase	interno	classes
br.com.sawcunhaos.organization.application.usecase.configuration.UpdateConfigurationUseCaseBean	br.com.sawcunhaos.organization.domain.configuration.specification.ConfigurationService	externo	flow-organization-domain-1.0.0-SNAPSHOT.jar
br.com.sawcunhaos.organization.application.usecase.configuration.UpdateConfigurationUseCaseBean	java.lang.Class	jdk	java.base
br.com.sawcunhaos.organization.application.usecase.configuration.UpdateConfigurationUseCaseBean	java.lang.Object	jdk	java.base
br.com.sawcunhaos.organization.application.usecase.configuration.UpdateConfigurationUseCaseBean	java.lang.String	jdk	java.base
br.com.sawcunhaos.organization.application.usecase.configuration.UpdateConfigurationUseCaseBean	org.slf4j.Logger	externo	slf4j-api-2.0.18.jar
br.com.sawcunhaos.organization.application.usecase.configuration.UpdateConfigurationUseCaseBean	org.slf4j.LoggerFactory	externo	slf4j-api-2.0.18.jar
br.com.sawcunhaos.organization.application.usecase.configuration.UpdateConfigurationUseCaseBean	org.springframework.stereotype.Service	externo	spring-context-7.0.9.jar
br.com.sawcunhaos.organization.application.usecase.configuration.UpdateConfigurationUseCaseBean	org.springframework.transaction.annotation.Transactional	externo	spring-tx-7.0.9.jar
br.com.sawcunhaos.organization.application.usecase.corporate.catalog.addresstype.AddressTypeApiMapper	br.com.sawcunhaos.organization.api.dto.AddressType	interno	classes
br.com.sawcunhaos.organization.application.usecase.corporate.catalog.addresstype.AddressTypeApiMapper	br.com.sawcunhaos.organization.api.dto.AddressType$AddressTypeBuilder	interno	classes
br.com.sawcunhaos.organization.application.usecase.corporate.catalog.addresstype.AddressTypeApiMapper	br.com.sawcunhaos.organization.api.dto.CatalogEntityType	interno	classes
br.com.sawcunhaos.organization.application.usecase.corporate.catalog.addresstype.AddressTypeApiMapper	br.com.sawcunhaos.organization.domain.access.status.internal.EntityType	externo	flow-organization-domain-1.0.0-SNAPSHOT.jar
br.com.sawcunhaos.organization.application.usecase.corporate.catalog.addresstype.AddressTypeApiMapper	br.com.sawcunhaos.organization.domain.corporate.catalog.dto.AddressTypeOutput	externo	flow-organization-domain-1.0.0-SNAPSHOT.jar
br.com.sawcunhaos.organization.application.usecase.corporate.catalog.addresstype.AddressTypeApiMapper	java.lang.Boolean	jdk	java.base
br.com.sawcunhaos.organization.application.usecase.corporate.catalog.addresstype.AddressTypeApiMapper	java.lang.Long	jdk	java.base
br.com.sawcunhaos.organization.application.usecase.corporate.catalog.addresstype.AddressTypeApiMapper	java.lang.Object	jdk	java.base
br.com.sawcunhaos.organization.application.usecase.corporate.catalog.addresstype.AddressTypeApiMapper	java.lang.String	jdk	java.base
br.com.sawcunhaos.organization.application.usecase.corporate.catalog.addresstype.CreateAddressTypeUseCase	br.com.sawcunhaos.organization.api.dto.AddressType	interno	classes
br.com.sawcunhaos.organization.application.usecase.corporate.catalog.addresstype.CreateAddressTypeUseCase	br.com.sawcunhaos.organization.api.dto.CreateAddressTypeRequest	interno	classes
br.com.sawcunhaos.organization.application.usecase.corporate.catalog.addresstype.CreateAddressTypeUseCase	java.lang.Object	jdk	java.base
br.com.sawcunhaos.organization.application.usecase.corporate.catalog.addresstype.CreateAddressTypeUseCaseBean	br.com.sawcunhaos.organization.api.dto.AddressType	interno	classes
br.com.sawcunhaos.organization.application.usecase.corporate.catalog.addresstype.CreateAddressTypeUseCaseBean	br.com.sawcunhaos.organization.api.dto.CatalogEntityType	interno	classes
br.com.sawcunhaos.organization.application.usecase.corporate.catalog.addresstype.CreateAddressTypeUseCaseBean	br.com.sawcunhaos.organization.api.dto.CreateAddressTypeRequest	interno	classes
br.com.sawcunhaos.organization.application.usecase.corporate.catalog.addresstype.CreateAddressTypeUseCaseBean	br.com.sawcunhaos.organization.application.usecase.corporate.catalog.addresstype.AddressTypeApiMapper	interno	classes
br.com.sawcunhaos.organization.application.usecase.corporate.catalog.addresstype.CreateAddressTypeUseCaseBean	br.com.sawcunhaos.organization.application.usecase.corporate.catalog.addresstype.CreateAddressTypeUseCase	interno	classes
br.com.sawcunhaos.organization.application.usecase.corporate.catalog.addresstype.CreateAddressTypeUseCaseBean	br.com.sawcunhaos.organization.domain.access.status.internal.EntityType	externo	flow-organization-domain-1.0.0-SNAPSHOT.jar
br.com.sawcunhaos.organization.application.usecase.corporate.catalog.addresstype.CreateAddressTypeUseCaseBean	br.com.sawcunhaos.organization.domain.corporate.catalog.dto.AddressTypeInput	externo	flow-organization-domain-1.0.0-SNAPSHOT.jar
br.com.sawcunhaos.organization.application.usecase.corporate.catalog.addresstype.CreateAddressTypeUseCaseBean	br.com.sawcunhaos.organization.domain.corporate.catalog.dto.AddressTypeInput$AddressTypeInputBuilder	externo	flow-organization-domain-1.0.0-SNAPSHOT.jar
br.com.sawcunhaos.organization.application.usecase.corporate.catalog.addresstype.CreateAddressTypeUseCaseBean	br.com.sawcunhaos.organization.domain.corporate.catalog.dto.AddressTypeOutput	externo	flow-organization-domain-1.0.0-SNAPSHOT.jar
br.com.sawcunhaos.organization.application.usecase.corporate.catalog.addresstype.CreateAddressTypeUseCaseBean	br.com.sawcunhaos.organization.domain.corporate.catalog.specification.AddressTypeService	externo	flow-organization-domain-1.0.0-SNAPSHOT.jar
br.com.sawcunhaos.organization.application.usecase.corporate.catalog.addresstype.CreateAddressTypeUseCaseBean	java.lang.Class	jdk	java.base
br.com.sawcunhaos.organization.application.usecase.corporate.catalog.addresstype.CreateAddressTypeUseCaseBean	java.lang.Object	jdk	java.base
br.com.sawcunhaos.organization.application.usecase.corporate.catalog.addresstype.CreateAddressTypeUseCaseBean	java.lang.String	jdk	java.base
br.com.sawcunhaos.organization.application.usecase.corporate.catalog.addresstype.CreateAddressTypeUseCaseBean	org.slf4j.Logger	externo	slf4j-api-2.0.18.jar
br.com.sawcunhaos.organization.application.usecase.corporate.catalog.addresstype.CreateAddressTypeUseCaseBean	org.slf4j.LoggerFactory	externo	slf4j-api-2.0.18.jar
br.com.sawcunhaos.organization.application.usecase.corporate.catalog.addresstype.CreateAddressTypeUseCaseBean	org.springframework.stereotype.Service	externo	spring-context-7.0.9.jar
br.com.sawcunhaos.organization.application.usecase.corporate.catalog.addresstype.CreateAddressTypeUseCaseBean	org.springframework.transaction.annotation.Transactional	externo	spring-tx-7.0.9.jar
br.com.sawcunhaos.organization.application.usecase.corporate.catalog.addresstype.DisableAddressTypeUseCase	java.lang.Long	jdk	java.base
br.com.sawcunhaos.organization.application.usecase.corporate.catalog.addresstype.DisableAddressTypeUseCase	java.lang.Object	jdk	java.base
br.com.sawcunhaos.organization.application.usecase.corporate.catalog.addresstype.DisableAddressTypeUseCaseBean	br.com.sawcunhaos.organization.application.usecase.corporate.catalog.addresstype.DisableAddressTypeUseCase	interno	classes
br.com.sawcunhaos.organization.application.usecase.corporate.catalog.addresstype.DisableAddressTypeUseCaseBean	br.com.sawcunhaos.organization.domain.corporate.catalog.specification.AddressTypeService	externo	flow-organization-domain-1.0.0-SNAPSHOT.jar
br.com.sawcunhaos.organization.application.usecase.corporate.catalog.addresstype.DisableAddressTypeUseCaseBean	java.lang.Class	jdk	java.base
br.com.sawcunhaos.organization.application.usecase.corporate.catalog.addresstype.DisableAddressTypeUseCaseBean	java.lang.Long	jdk	java.base
br.com.sawcunhaos.organization.application.usecase.corporate.catalog.addresstype.DisableAddressTypeUseCaseBean	java.lang.Object	jdk	java.base
br.com.sawcunhaos.organization.application.usecase.corporate.catalog.addresstype.DisableAddressTypeUseCaseBean	java.lang.String	jdk	java.base
br.com.sawcunhaos.organization.application.usecase.corporate.catalog.addresstype.DisableAddressTypeUseCaseBean	org.slf4j.Logger	externo	slf4j-api-2.0.18.jar
br.com.sawcunhaos.organization.application.usecase.corporate.catalog.addresstype.DisableAddressTypeUseCaseBean	org.slf4j.LoggerFactory	externo	slf4j-api-2.0.18.jar
br.com.sawcunhaos.organization.application.usecase.corporate.catalog.addresstype.DisableAddressTypeUseCaseBean	org.springframework.stereotype.Service	externo	spring-context-7.0.9.jar
br.com.sawcunhaos.organization.application.usecase.corporate.catalog.addresstype.DisableAddressTypeUseCaseBean	org.springframework.transaction.annotation.Transactional	externo	spring-tx-7.0.9.jar
br.com.sawcunhaos.organization.application.usecase.corporate.catalog.addresstype.EnableAddressTypeUseCase	java.lang.Long	jdk	java.base
br.com.sawcunhaos.organization.application.usecase.corporate.catalog.addresstype.EnableAddressTypeUseCase	java.lang.Object	jdk	java.base
br.com.sawcunhaos.organization.application.usecase.corporate.catalog.addresstype.EnableAddressTypeUseCaseBean	br.com.sawcunhaos.organization.application.usecase.corporate.catalog.addresstype.EnableAddressTypeUseCase	interno	classes
br.com.sawcunhaos.organization.application.usecase.corporate.catalog.addresstype.EnableAddressTypeUseCaseBean	br.com.sawcunhaos.organization.domain.corporate.catalog.specification.AddressTypeService	externo	flow-organization-domain-1.0.0-SNAPSHOT.jar
br.com.sawcunhaos.organization.application.usecase.corporate.catalog.addresstype.EnableAddressTypeUseCaseBean	java.lang.Class	jdk	java.base
br.com.sawcunhaos.organization.application.usecase.corporate.catalog.addresstype.EnableAddressTypeUseCaseBean	java.lang.Long	jdk	java.base
br.com.sawcunhaos.organization.application.usecase.corporate.catalog.addresstype.EnableAddressTypeUseCaseBean	java.lang.Object	jdk	java.base
br.com.sawcunhaos.organization.application.usecase.corporate.catalog.addresstype.EnableAddressTypeUseCaseBean	java.lang.String	jdk	java.base
br.com.sawcunhaos.organization.application.usecase.corporate.catalog.addresstype.EnableAddressTypeUseCaseBean	org.slf4j.Logger	externo	slf4j-api-2.0.18.jar
br.com.sawcunhaos.organization.application.usecase.corporate.catalog.addresstype.EnableAddressTypeUseCaseBean	org.slf4j.LoggerFactory	externo	slf4j-api-2.0.18.jar
br.com.sawcunhaos.organization.application.usecase.corporate.catalog.addresstype.EnableAddressTypeUseCaseBean	org.springframework.stereotype.Service	externo	spring-context-7.0.9.jar
br.com.sawcunhaos.organization.application.usecase.corporate.catalog.addresstype.EnableAddressTypeUseCaseBean	org.springframework.transaction.annotation.Transactional	externo	spring-tx-7.0.9.jar
br.com.sawcunhaos.organization.application.usecase.corporate.catalog.addresstype.FindAddressTypeUseCase	br.com.sawcunhaos.organization.api.dto.AddressType	interno	classes
br.com.sawcunhaos.organization.application.usecase.corporate.catalog.addresstype.FindAddressTypeUseCase	java.lang.Long	jdk	java.base
br.com.sawcunhaos.organization.application.usecase.corporate.catalog.addresstype.FindAddressTypeUseCase	java.lang.Object	jdk	java.base
br.com.sawcunhaos.organization.application.usecase.corporate.catalog.addresstype.FindAddressTypeUseCaseBean	br.com.sawcunhaos.organization.api.dto.AddressType	interno	classes
br.com.sawcunhaos.organization.application.usecase.corporate.catalog.addresstype.FindAddressTypeUseCaseBean	br.com.sawcunhaos.organization.application.usecase.corporate.catalog.addresstype.AddressTypeApiMapper	interno	classes
br.com.sawcunhaos.organization.application.usecase.corporate.catalog.addresstype.FindAddressTypeUseCaseBean	br.com.sawcunhaos.organization.application.usecase.corporate.catalog.addresstype.FindAddressTypeUseCase	interno	classes
br.com.sawcunhaos.organization.application.usecase.corporate.catalog.addresstype.FindAddressTypeUseCaseBean	br.com.sawcunhaos.organization.domain.corporate.catalog.dto.AddressTypeOutput	externo	flow-organization-domain-1.0.0-SNAPSHOT.jar
br.com.sawcunhaos.organization.application.usecase.corporate.catalog.addresstype.FindAddressTypeUseCaseBean	br.com.sawcunhaos.organization.domain.corporate.catalog.specification.AddressTypeService	externo	flow-organization-domain-1.0.0-SNAPSHOT.jar
br.com.sawcunhaos.organization.application.usecase.corporate.catalog.addresstype.FindAddressTypeUseCaseBean	java.lang.Class	jdk	java.base
br.com.sawcunhaos.organization.application.usecase.corporate.catalog.addresstype.FindAddressTypeUseCaseBean	java.lang.Long	jdk	java.base
br.com.sawcunhaos.organization.application.usecase.corporate.catalog.addresstype.FindAddressTypeUseCaseBean	java.lang.Object	jdk	java.base
br.com.sawcunhaos.organization.application.usecase.corporate.catalog.addresstype.FindAddressTypeUseCaseBean	java.lang.String	jdk	java.base
br.com.sawcunhaos.organization.application.usecase.corporate.catalog.addresstype.FindAddressTypeUseCaseBean	org.slf4j.Logger	externo	slf4j-api-2.0.18.jar
br.com.sawcunhaos.organization.application.usecase.corporate.catalog.addresstype.FindAddressTypeUseCaseBean	org.slf4j.LoggerFactory	externo	slf4j-api-2.0.18.jar
br.com.sawcunhaos.organization.application.usecase.corporate.catalog.addresstype.FindAddressTypeUseCaseBean	org.springframework.stereotype.Service	externo	spring-context-7.0.9.jar
br.com.sawcunhaos.organization.application.usecase.corporate.catalog.addresstype.FindAddressTypeUseCaseBean	org.springframework.transaction.annotation.Transactional	externo	spring-tx-7.0.9.jar
br.com.sawcunhaos.organization.application.usecase.corporate.catalog.addresstype.FindAllAddressTypeUseCase	br.com.sawcunhaos.organization.api.dto.CatalogEntityType	interno	classes
br.com.sawcunhaos.organization.application.usecase.corporate.catalog.addresstype.FindAllAddressTypeUseCase	br.com.sawcunhaos.organization.api.dto.GetAllAddressTypesResponse	interno	classes
br.com.sawcunhaos.organization.application.usecase.corporate.catalog.addresstype.FindAllAddressTypeUseCase	br.com.sawcunhaos.organization.api.dto.PaginationFilter	interno	classes
br.com.sawcunhaos.organization.application.usecase.corporate.catalog.addresstype.FindAllAddressTypeUseCase	java.lang.Boolean	jdk	java.base
br.com.sawcunhaos.organization.application.usecase.corporate.catalog.addresstype.FindAllAddressTypeUseCase	java.lang.Object	jdk	java.base
br.com.sawcunhaos.organization.application.usecase.corporate.catalog.addresstype.FindAllAddressTypeUseCaseBean	br.com.sawcunhaos.organization.api.dto.AddressType	interno	classes
br.com.sawcunhaos.organization.application.usecase.corporate.catalog.addresstype.FindAllAddressTypeUseCaseBean	br.com.sawcunhaos.organization.api.dto.CatalogEntityType	interno	classes
br.com.sawcunhaos.organization.application.usecase.corporate.catalog.addresstype.FindAllAddressTypeUseCaseBean	br.com.sawcunhaos.organization.api.dto.Direction	interno	classes
br.com.sawcunhaos.organization.application.usecase.corporate.catalog.addresstype.FindAllAddressTypeUseCaseBean	br.com.sawcunhaos.organization.api.dto.GetAllAddressTypesResponse	interno	classes
br.com.sawcunhaos.organization.application.usecase.corporate.catalog.addresstype.FindAllAddressTypeUseCaseBean	br.com.sawcunhaos.organization.api.dto.GetAllAddressTypesResponse$GetAllAddressTypesResponseBuilder	interno	classes
br.com.sawcunhaos.organization.application.usecase.corporate.catalog.addresstype.FindAllAddressTypeUseCaseBean	br.com.sawcunhaos.organization.api.dto.PaginationFilter	interno	classes
br.com.sawcunhaos.organization.application.usecase.corporate.catalog.addresstype.FindAllAddressTypeUseCaseBean	br.com.sawcunhaos.organization.api.dto.ScosPaginated	interno	classes
br.com.sawcunhaos.organization.application.usecase.corporate.catalog.addresstype.FindAllAddressTypeUseCaseBean	br.com.sawcunhaos.organization.application.usecase.corporate.catalog.addresstype.AddressTypeApiMapper	interno	classes
br.com.sawcunhaos.organization.application.usecase.corporate.catalog.addresstype.FindAllAddressTypeUseCaseBean	br.com.sawcunhaos.organization.application.usecase.corporate.catalog.addresstype.FindAllAddressTypeUseCase	interno	classes
br.com.sawcunhaos.organization.application.usecase.corporate.catalog.addresstype.FindAllAddressTypeUseCaseBean	br.com.sawcunhaos.organization.application.usecase.utils.PaginatioUtils	interno	classes
br.com.sawcunhaos.organization.application.usecase.corporate.catalog.addresstype.FindAllAddressTypeUseCaseBean	br.com.sawcunhaos.organization.domain.access.status.internal.EntityType	externo	flow-organization-domain-1.0.0-SNAPSHOT.jar
br.com.sawcunhaos.organization.application.usecase.corporate.catalog.addresstype.FindAllAddressTypeUseCaseBean	br.com.sawcunhaos.organization.domain.corporate.catalog.dto.AddressTypeOutput	externo	flow-organization-domain-1.0.0-SNAPSHOT.jar
br.com.sawcunhaos.organization.application.usecase.corporate.catalog.addresstype.FindAllAddressTypeUseCaseBean	br.com.sawcunhaos.organization.domain.corporate.catalog.specification.AddressTypeService	externo	flow-organization-domain-1.0.0-SNAPSHOT.jar
br.com.sawcunhaos.organization.application.usecase.corporate.catalog.addresstype.FindAllAddressTypeUseCaseBean	java.lang.Boolean	jdk	java.base
br.com.sawcunhaos.organization.application.usecase.corporate.catalog.addresstype.FindAllAddressTypeUseCaseBean	java.lang.Class	jdk	java.base
br.com.sawcunhaos.organization.application.usecase.corporate.catalog.addresstype.FindAllAddressTypeUseCaseBean	java.lang.Integer	jdk	java.base
br.com.sawcunhaos.organization.application.usecase.corporate.catalog.addresstype.FindAllAddressTypeUseCaseBean	java.lang.Object	jdk	java.base
br.com.sawcunhaos.organization.application.usecase.corporate.catalog.addresstype.FindAllAddressTypeUseCaseBean	java.lang.String	jdk	java.base
br.com.sawcunhaos.organization.application.usecase.corporate.catalog.addresstype.FindAllAddressTypeUseCaseBean	java.lang.invoke.CallSite	jdk	java.base
br.com.sawcunhaos.organization.application.usecase.corporate.catalog.addresstype.FindAllAddressTypeUseCaseBean	java.lang.invoke.LambdaMetafactory	jdk	java.base
br.com.sawcunhaos.organization.application.usecase.corporate.catalog.addresstype.FindAllAddressTypeUseCaseBean	java.lang.invoke.MethodHandle	jdk	java.base
br.com.sawcunhaos.organization.application.usecase.corporate.catalog.addresstype.FindAllAddressTypeUseCaseBean	java.lang.invoke.MethodHandles	jdk	java.base
br.com.sawcunhaos.organization.application.usecase.corporate.catalog.addresstype.FindAllAddressTypeUseCaseBean	java.lang.invoke.MethodHandles$Lookup	jdk	java.base
br.com.sawcunhaos.organization.application.usecase.corporate.catalog.addresstype.FindAllAddressTypeUseCaseBean	java.lang.invoke.MethodType	jdk	java.base
br.com.sawcunhaos.organization.application.usecase.corporate.catalog.addresstype.FindAllAddressTypeUseCaseBean	java.util.List	jdk	java.base
br.com.sawcunhaos.organization.application.usecase.corporate.catalog.addresstype.FindAllAddressTypeUseCaseBean	java.util.function.Function	jdk	java.base
br.com.sawcunhaos.organization.application.usecase.corporate.catalog.addresstype.FindAllAddressTypeUseCaseBean	java.util.stream.Stream	jdk	java.base
br.com.sawcunhaos.organization.application.usecase.corporate.catalog.addresstype.FindAllAddressTypeUseCaseBean	org.slf4j.Logger	externo	slf4j-api-2.0.18.jar
br.com.sawcunhaos.organization.application.usecase.corporate.catalog.addresstype.FindAllAddressTypeUseCaseBean	org.slf4j.LoggerFactory	externo	slf4j-api-2.0.18.jar
br.com.sawcunhaos.organization.application.usecase.corporate.catalog.addresstype.FindAllAddressTypeUseCaseBean	org.springframework.data.domain.Page	externo	spring-data-commons-4.1.1.jar
br.com.sawcunhaos.organization.application.usecase.corporate.catalog.addresstype.FindAllAddressTypeUseCaseBean	org.springframework.data.domain.Pageable	externo	spring-data-commons-4.1.1.jar
br.com.sawcunhaos.organization.application.usecase.corporate.catalog.addresstype.FindAllAddressTypeUseCaseBean	org.springframework.stereotype.Service	externo	spring-context-7.0.9.jar
br.com.sawcunhaos.organization.application.usecase.corporate.catalog.addresstype.FindAllAddressTypeUseCaseBean	org.springframework.transaction.annotation.Transactional	externo	spring-tx-7.0.9.jar
br.com.sawcunhaos.organization.application.usecase.corporate.catalog.addresstype.UpdateAddressTypeUseCase	br.com.sawcunhaos.organization.api.dto.UpdateAddressTypeRequest	interno	classes
br.com.sawcunhaos.organization.application.usecase.corporate.catalog.addresstype.UpdateAddressTypeUseCase	java.lang.Long	jdk	java.base
br.com.sawcunhaos.organization.application.usecase.corporate.catalog.addresstype.UpdateAddressTypeUseCase	java.lang.Object	jdk	java.base
br.com.sawcunhaos.organization.application.usecase.corporate.catalog.addresstype.UpdateAddressTypeUseCaseBean	br.com.sawcunhaos.organization.api.dto.CatalogEntityType	interno	classes
br.com.sawcunhaos.organization.application.usecase.corporate.catalog.addresstype.UpdateAddressTypeUseCaseBean	br.com.sawcunhaos.organization.api.dto.UpdateAddressTypeRequest	interno	classes
br.com.sawcunhaos.organization.application.usecase.corporate.catalog.addresstype.UpdateAddressTypeUseCaseBean	br.com.sawcunhaos.organization.application.usecase.corporate.catalog.addresstype.AddressTypeApiMapper	interno	classes
br.com.sawcunhaos.organization.application.usecase.corporate.catalog.addresstype.UpdateAddressTypeUseCaseBean	br.com.sawcunhaos.organization.application.usecase.corporate.catalog.addresstype.UpdateAddressTypeUseCase	interno	classes
br.com.sawcunhaos.organization.application.usecase.corporate.catalog.addresstype.UpdateAddressTypeUseCaseBean	br.com.sawcunhaos.organization.domain.access.status.internal.EntityType	externo	flow-organization-domain-1.0.0-SNAPSHOT.jar
br.com.sawcunhaos.organization.application.usecase.corporate.catalog.addresstype.UpdateAddressTypeUseCaseBean	br.com.sawcunhaos.organization.domain.corporate.catalog.dto.AddressTypeInput	externo	flow-organization-domain-1.0.0-SNAPSHOT.jar
br.com.sawcunhaos.organization.application.usecase.corporate.catalog.addresstype.UpdateAddressTypeUseCaseBean	br.com.sawcunhaos.organization.domain.corporate.catalog.dto.AddressTypeInput$AddressTypeInputBuilder	externo	flow-organization-domain-1.0.0-SNAPSHOT.jar
br.com.sawcunhaos.organization.application.usecase.corporate.catalog.addresstype.UpdateAddressTypeUseCaseBean	br.com.sawcunhaos.organization.domain.corporate.catalog.specification.AddressTypeService	externo	flow-organization-domain-1.0.0-SNAPSHOT.jar
br.com.sawcunhaos.organization.application.usecase.corporate.catalog.addresstype.UpdateAddressTypeUseCaseBean	java.lang.Class	jdk	java.base
br.com.sawcunhaos.organization.application.usecase.corporate.catalog.addresstype.UpdateAddressTypeUseCaseBean	java.lang.Long	jdk	java.base
br.com.sawcunhaos.organization.application.usecase.corporate.catalog.addresstype.UpdateAddressTypeUseCaseBean	java.lang.Object	jdk	java.base
br.com.sawcunhaos.organization.application.usecase.corporate.catalog.addresstype.UpdateAddressTypeUseCaseBean	java.lang.String	jdk	java.base
br.com.sawcunhaos.organization.application.usecase.corporate.catalog.addresstype.UpdateAddressTypeUseCaseBean	org.slf4j.Logger	externo	slf4j-api-2.0.18.jar
br.com.sawcunhaos.organization.application.usecase.corporate.catalog.addresstype.UpdateAddressTypeUseCaseBean	org.slf4j.LoggerFactory	externo	slf4j-api-2.0.18.jar
br.com.sawcunhaos.organization.application.usecase.corporate.catalog.addresstype.UpdateAddressTypeUseCaseBean	org.springframework.stereotype.Service	externo	spring-context-7.0.9.jar
br.com.sawcunhaos.organization.application.usecase.corporate.catalog.addresstype.UpdateAddressTypeUseCaseBean	org.springframework.transaction.annotation.Transactional	externo	spring-tx-7.0.9.jar
br.com.sawcunhaos.organization.application.usecase.corporate.catalog.contacttype.ContactTypeApiMapper	br.com.sawcunhaos.organization.api.dto.CatalogEntityType	interno	classes
br.com.sawcunhaos.organization.application.usecase.corporate.catalog.contacttype.ContactTypeApiMapper	br.com.sawcunhaos.organization.api.dto.ContactType	interno	classes
br.com.sawcunhaos.organization.application.usecase.corporate.catalog.contacttype.ContactTypeApiMapper	br.com.sawcunhaos.organization.api.dto.ContactType$ContactTypeBuilder	interno	classes
br.com.sawcunhaos.organization.application.usecase.corporate.catalog.contacttype.ContactTypeApiMapper	br.com.sawcunhaos.organization.domain.access.status.internal.EntityType	externo	flow-organization-domain-1.0.0-SNAPSHOT.jar
br.com.sawcunhaos.organization.application.usecase.corporate.catalog.contacttype.ContactTypeApiMapper	br.com.sawcunhaos.organization.domain.corporate.catalog.dto.ContactTypeOutput	externo	flow-organization-domain-1.0.0-SNAPSHOT.jar
br.com.sawcunhaos.organization.application.usecase.corporate.catalog.contacttype.ContactTypeApiMapper	java.lang.Boolean	jdk	java.base
br.com.sawcunhaos.organization.application.usecase.corporate.catalog.contacttype.ContactTypeApiMapper	java.lang.Long	jdk	java.base
br.com.sawcunhaos.organization.application.usecase.corporate.catalog.contacttype.ContactTypeApiMapper	java.lang.Object	jdk	java.base
br.com.sawcunhaos.organization.application.usecase.corporate.catalog.contacttype.ContactTypeApiMapper	java.lang.String	jdk	java.base
br.com.sawcunhaos.organization.application.usecase.corporate.catalog.contacttype.CreateContactTypeUseCase	br.com.sawcunhaos.organization.api.dto.ContactType	interno	classes
br.com.sawcunhaos.organization.application.usecase.corporate.catalog.contacttype.CreateContactTypeUseCase	br.com.sawcunhaos.organization.api.dto.CreateContactTypeRequest	interno	classes
br.com.sawcunhaos.organization.application.usecase.corporate.catalog.contacttype.CreateContactTypeUseCase	java.lang.Object	jdk	java.base
br.com.sawcunhaos.organization.application.usecase.corporate.catalog.contacttype.CreateContactTypeUseCaseBean	br.com.sawcunhaos.organization.api.dto.CatalogEntityType	interno	classes
br.com.sawcunhaos.organization.application.usecase.corporate.catalog.contacttype.CreateContactTypeUseCaseBean	br.com.sawcunhaos.organization.api.dto.ContactType	interno	classes
br.com.sawcunhaos.organization.application.usecase.corporate.catalog.contacttype.CreateContactTypeUseCaseBean	br.com.sawcunhaos.organization.api.dto.CreateContactTypeRequest	interno	classes
br.com.sawcunhaos.organization.application.usecase.corporate.catalog.contacttype.CreateContactTypeUseCaseBean	br.com.sawcunhaos.organization.application.usecase.corporate.catalog.contacttype.ContactTypeApiMapper	interno	classes
br.com.sawcunhaos.organization.application.usecase.corporate.catalog.contacttype.CreateContactTypeUseCaseBean	br.com.sawcunhaos.organization.application.usecase.corporate.catalog.contacttype.CreateContactTypeUseCase	interno	classes
br.com.sawcunhaos.organization.application.usecase.corporate.catalog.contacttype.CreateContactTypeUseCaseBean	br.com.sawcunhaos.organization.domain.access.status.internal.EntityType	externo	flow-organization-domain-1.0.0-SNAPSHOT.jar
br.com.sawcunhaos.organization.application.usecase.corporate.catalog.contacttype.CreateContactTypeUseCaseBean	br.com.sawcunhaos.organization.domain.corporate.catalog.dto.ContactTypeInput	externo	flow-organization-domain-1.0.0-SNAPSHOT.jar
br.com.sawcunhaos.organization.application.usecase.corporate.catalog.contacttype.CreateContactTypeUseCaseBean	br.com.sawcunhaos.organization.domain.corporate.catalog.dto.ContactTypeInput$ContactTypeInputBuilder	externo	flow-organization-domain-1.0.0-SNAPSHOT.jar
br.com.sawcunhaos.organization.application.usecase.corporate.catalog.contacttype.CreateContactTypeUseCaseBean	br.com.sawcunhaos.organization.domain.corporate.catalog.dto.ContactTypeOutput	externo	flow-organization-domain-1.0.0-SNAPSHOT.jar
br.com.sawcunhaos.organization.application.usecase.corporate.catalog.contacttype.CreateContactTypeUseCaseBean	br.com.sawcunhaos.organization.domain.corporate.catalog.specification.ContactTypeService	externo	flow-organization-domain-1.0.0-SNAPSHOT.jar
br.com.sawcunhaos.organization.application.usecase.corporate.catalog.contacttype.CreateContactTypeUseCaseBean	java.lang.Class	jdk	java.base
br.com.sawcunhaos.organization.application.usecase.corporate.catalog.contacttype.CreateContactTypeUseCaseBean	java.lang.Object	jdk	java.base
br.com.sawcunhaos.organization.application.usecase.corporate.catalog.contacttype.CreateContactTypeUseCaseBean	java.lang.String	jdk	java.base
br.com.sawcunhaos.organization.application.usecase.corporate.catalog.contacttype.CreateContactTypeUseCaseBean	org.slf4j.Logger	externo	slf4j-api-2.0.18.jar
br.com.sawcunhaos.organization.application.usecase.corporate.catalog.contacttype.CreateContactTypeUseCaseBean	org.slf4j.LoggerFactory	externo	slf4j-api-2.0.18.jar
br.com.sawcunhaos.organization.application.usecase.corporate.catalog.contacttype.CreateContactTypeUseCaseBean	org.springframework.stereotype.Service	externo	spring-context-7.0.9.jar
br.com.sawcunhaos.organization.application.usecase.corporate.catalog.contacttype.CreateContactTypeUseCaseBean	org.springframework.transaction.annotation.Transactional	externo	spring-tx-7.0.9.jar
br.com.sawcunhaos.organization.application.usecase.corporate.catalog.contacttype.DisableContactTypeUseCase	java.lang.Long	jdk	java.base
br.com.sawcunhaos.organization.application.usecase.corporate.catalog.contacttype.DisableContactTypeUseCase	java.lang.Object	jdk	java.base
br.com.sawcunhaos.organization.application.usecase.corporate.catalog.contacttype.DisableContactTypeUseCaseBean	br.com.sawcunhaos.organization.application.usecase.corporate.catalog.contacttype.DisableContactTypeUseCase	interno	classes
br.com.sawcunhaos.organization.application.usecase.corporate.catalog.contacttype.DisableContactTypeUseCaseBean	br.com.sawcunhaos.organization.domain.corporate.catalog.specification.ContactTypeService	externo	flow-organization-domain-1.0.0-SNAPSHOT.jar
br.com.sawcunhaos.organization.application.usecase.corporate.catalog.contacttype.DisableContactTypeUseCaseBean	java.lang.Class	jdk	java.base
br.com.sawcunhaos.organization.application.usecase.corporate.catalog.contacttype.DisableContactTypeUseCaseBean	java.lang.Long	jdk	java.base
br.com.sawcunhaos.organization.application.usecase.corporate.catalog.contacttype.DisableContactTypeUseCaseBean	java.lang.Object	jdk	java.base
br.com.sawcunhaos.organization.application.usecase.corporate.catalog.contacttype.DisableContactTypeUseCaseBean	java.lang.String	jdk	java.base
br.com.sawcunhaos.organization.application.usecase.corporate.catalog.contacttype.DisableContactTypeUseCaseBean	org.slf4j.Logger	externo	slf4j-api-2.0.18.jar
br.com.sawcunhaos.organization.application.usecase.corporate.catalog.contacttype.DisableContactTypeUseCaseBean	org.slf4j.LoggerFactory	externo	slf4j-api-2.0.18.jar
br.com.sawcunhaos.organization.application.usecase.corporate.catalog.contacttype.DisableContactTypeUseCaseBean	org.springframework.stereotype.Service	externo	spring-context-7.0.9.jar
br.com.sawcunhaos.organization.application.usecase.corporate.catalog.contacttype.DisableContactTypeUseCaseBean	org.springframework.transaction.annotation.Transactional	externo	spring-tx-7.0.9.jar
br.com.sawcunhaos.organization.application.usecase.corporate.catalog.contacttype.EnableContactTypeUseCase	java.lang.Long	jdk	java.base
br.com.sawcunhaos.organization.application.usecase.corporate.catalog.contacttype.EnableContactTypeUseCase	java.lang.Object	jdk	java.base
br.com.sawcunhaos.organization.application.usecase.corporate.catalog.contacttype.EnableContactTypeUseCaseBean	br.com.sawcunhaos.organization.application.usecase.corporate.catalog.contacttype.EnableContactTypeUseCase	interno	classes
br.com.sawcunhaos.organization.application.usecase.corporate.catalog.contacttype.EnableContactTypeUseCaseBean	br.com.sawcunhaos.organization.domain.corporate.catalog.specification.ContactTypeService	externo	flow-organization-domain-1.0.0-SNAPSHOT.jar
br.com.sawcunhaos.organization.application.usecase.corporate.catalog.contacttype.EnableContactTypeUseCaseBean	java.lang.Class	jdk	java.base
br.com.sawcunhaos.organization.application.usecase.corporate.catalog.contacttype.EnableContactTypeUseCaseBean	java.lang.Long	jdk	java.base
br.com.sawcunhaos.organization.application.usecase.corporate.catalog.contacttype.EnableContactTypeUseCaseBean	java.lang.Object	jdk	java.base
br.com.sawcunhaos.organization.application.usecase.corporate.catalog.contacttype.EnableContactTypeUseCaseBean	java.lang.String	jdk	java.base
br.com.sawcunhaos.organization.application.usecase.corporate.catalog.contacttype.EnableContactTypeUseCaseBean	org.slf4j.Logger	externo	slf4j-api-2.0.18.jar
br.com.sawcunhaos.organization.application.usecase.corporate.catalog.contacttype.EnableContactTypeUseCaseBean	org.slf4j.LoggerFactory	externo	slf4j-api-2.0.18.jar
br.com.sawcunhaos.organization.application.usecase.corporate.catalog.contacttype.EnableContactTypeUseCaseBean	org.springframework.stereotype.Service	externo	spring-context-7.0.9.jar
br.com.sawcunhaos.organization.application.usecase.corporate.catalog.contacttype.EnableContactTypeUseCaseBean	org.springframework.transaction.annotation.Transactional	externo	spring-tx-7.0.9.jar
br.com.sawcunhaos.organization.application.usecase.corporate.catalog.contacttype.FindAllContactTypeUseCase	br.com.sawcunhaos.organization.api.dto.CatalogEntityType	interno	classes
br.com.sawcunhaos.organization.application.usecase.corporate.catalog.contacttype.FindAllContactTypeUseCase	br.com.sawcunhaos.organization.api.dto.GetAllContactTypesResponse	interno	classes
br.com.sawcunhaos.organization.application.usecase.corporate.catalog.contacttype.FindAllContactTypeUseCase	br.com.sawcunhaos.organization.api.dto.PaginationFilter	interno	classes
br.com.sawcunhaos.organization.application.usecase.corporate.catalog.contacttype.FindAllContactTypeUseCase	java.lang.Boolean	jdk	java.base
br.com.sawcunhaos.organization.application.usecase.corporate.catalog.contacttype.FindAllContactTypeUseCase	java.lang.Object	jdk	java.base
br.com.sawcunhaos.organization.application.usecase.corporate.catalog.contacttype.FindAllContactTypeUseCaseBean	br.com.sawcunhaos.organization.api.dto.CatalogEntityType	interno	classes
br.com.sawcunhaos.organization.application.usecase.corporate.catalog.contacttype.FindAllContactTypeUseCaseBean	br.com.sawcunhaos.organization.api.dto.ContactType	interno	classes
br.com.sawcunhaos.organization.application.usecase.corporate.catalog.contacttype.FindAllContactTypeUseCaseBean	br.com.sawcunhaos.organization.api.dto.Direction	interno	classes
br.com.sawcunhaos.organization.application.usecase.corporate.catalog.contacttype.FindAllContactTypeUseCaseBean	br.com.sawcunhaos.organization.api.dto.GetAllContactTypesResponse	interno	classes
br.com.sawcunhaos.organization.application.usecase.corporate.catalog.contacttype.FindAllContactTypeUseCaseBean	br.com.sawcunhaos.organization.api.dto.GetAllContactTypesResponse$GetAllContactTypesResponseBuilder	interno	classes
br.com.sawcunhaos.organization.application.usecase.corporate.catalog.contacttype.FindAllContactTypeUseCaseBean	br.com.sawcunhaos.organization.api.dto.PaginationFilter	interno	classes
br.com.sawcunhaos.organization.application.usecase.corporate.catalog.contacttype.FindAllContactTypeUseCaseBean	br.com.sawcunhaos.organization.api.dto.ScosPaginated	interno	classes
br.com.sawcunhaos.organization.application.usecase.corporate.catalog.contacttype.FindAllContactTypeUseCaseBean	br.com.sawcunhaos.organization.application.usecase.corporate.catalog.contacttype.ContactTypeApiMapper	interno	classes
br.com.sawcunhaos.organization.application.usecase.corporate.catalog.contacttype.FindAllContactTypeUseCaseBean	br.com.sawcunhaos.organization.application.usecase.corporate.catalog.contacttype.FindAllContactTypeUseCase	interno	classes
br.com.sawcunhaos.organization.application.usecase.corporate.catalog.contacttype.FindAllContactTypeUseCaseBean	br.com.sawcunhaos.organization.application.usecase.utils.PaginatioUtils	interno	classes
br.com.sawcunhaos.organization.application.usecase.corporate.catalog.contacttype.FindAllContactTypeUseCaseBean	br.com.sawcunhaos.organization.domain.access.status.internal.EntityType	externo	flow-organization-domain-1.0.0-SNAPSHOT.jar
br.com.sawcunhaos.organization.application.usecase.corporate.catalog.contacttype.FindAllContactTypeUseCaseBean	br.com.sawcunhaos.organization.domain.corporate.catalog.dto.ContactTypeOutput	externo	flow-organization-domain-1.0.0-SNAPSHOT.jar
br.com.sawcunhaos.organization.application.usecase.corporate.catalog.contacttype.FindAllContactTypeUseCaseBean	br.com.sawcunhaos.organization.domain.corporate.catalog.specification.ContactTypeService	externo	flow-organization-domain-1.0.0-SNAPSHOT.jar
br.com.sawcunhaos.organization.application.usecase.corporate.catalog.contacttype.FindAllContactTypeUseCaseBean	java.lang.Boolean	jdk	java.base
br.com.sawcunhaos.organization.application.usecase.corporate.catalog.contacttype.FindAllContactTypeUseCaseBean	java.lang.Class	jdk	java.base
br.com.sawcunhaos.organization.application.usecase.corporate.catalog.contacttype.FindAllContactTypeUseCaseBean	java.lang.Integer	jdk	java.base
br.com.sawcunhaos.organization.application.usecase.corporate.catalog.contacttype.FindAllContactTypeUseCaseBean	java.lang.Object	jdk	java.base
br.com.sawcunhaos.organization.application.usecase.corporate.catalog.contacttype.FindAllContactTypeUseCaseBean	java.lang.String	jdk	java.base
br.com.sawcunhaos.organization.application.usecase.corporate.catalog.contacttype.FindAllContactTypeUseCaseBean	java.lang.invoke.CallSite	jdk	java.base
br.com.sawcunhaos.organization.application.usecase.corporate.catalog.contacttype.FindAllContactTypeUseCaseBean	java.lang.invoke.LambdaMetafactory	jdk	java.base
br.com.sawcunhaos.organization.application.usecase.corporate.catalog.contacttype.FindAllContactTypeUseCaseBean	java.lang.invoke.MethodHandle	jdk	java.base
br.com.sawcunhaos.organization.application.usecase.corporate.catalog.contacttype.FindAllContactTypeUseCaseBean	java.lang.invoke.MethodHandles	jdk	java.base
br.com.sawcunhaos.organization.application.usecase.corporate.catalog.contacttype.FindAllContactTypeUseCaseBean	java.lang.invoke.MethodHandles$Lookup	jdk	java.base
br.com.sawcunhaos.organization.application.usecase.corporate.catalog.contacttype.FindAllContactTypeUseCaseBean	java.lang.invoke.MethodType	jdk	java.base
br.com.sawcunhaos.organization.application.usecase.corporate.catalog.contacttype.FindAllContactTypeUseCaseBean	java.util.List	jdk	java.base
br.com.sawcunhaos.organization.application.usecase.corporate.catalog.contacttype.FindAllContactTypeUseCaseBean	java.util.function.Function	jdk	java.base
br.com.sawcunhaos.organization.application.usecase.corporate.catalog.contacttype.FindAllContactTypeUseCaseBean	java.util.stream.Stream	jdk	java.base
br.com.sawcunhaos.organization.application.usecase.corporate.catalog.contacttype.FindAllContactTypeUseCaseBean	org.slf4j.Logger	externo	slf4j-api-2.0.18.jar
br.com.sawcunhaos.organization.application.usecase.corporate.catalog.contacttype.FindAllContactTypeUseCaseBean	org.slf4j.LoggerFactory	externo	slf4j-api-2.0.18.jar
br.com.sawcunhaos.organization.application.usecase.corporate.catalog.contacttype.FindAllContactTypeUseCaseBean	org.springframework.data.domain.Page	externo	spring-data-commons-4.1.1.jar
br.com.sawcunhaos.organization.application.usecase.corporate.catalog.contacttype.FindAllContactTypeUseCaseBean	org.springframework.data.domain.Pageable	externo	spring-data-commons-4.1.1.jar
br.com.sawcunhaos.organization.application.usecase.corporate.catalog.contacttype.FindAllContactTypeUseCaseBean	org.springframework.stereotype.Service	externo	spring-context-7.0.9.jar
br.com.sawcunhaos.organization.application.usecase.corporate.catalog.contacttype.FindAllContactTypeUseCaseBean	org.springframework.transaction.annotation.Transactional	externo	spring-tx-7.0.9.jar
br.com.sawcunhaos.organization.application.usecase.corporate.catalog.contacttype.FindContactTypeUseCase	br.com.sawcunhaos.organization.api.dto.ContactType	interno	classes
br.com.sawcunhaos.organization.application.usecase.corporate.catalog.contacttype.FindContactTypeUseCase	java.lang.Long	jdk	java.base
br.com.sawcunhaos.organization.application.usecase.corporate.catalog.contacttype.FindContactTypeUseCase	java.lang.Object	jdk	java.base
br.com.sawcunhaos.organization.application.usecase.corporate.catalog.contacttype.FindContactTypeUseCaseBean	br.com.sawcunhaos.organization.api.dto.ContactType	interno	classes
br.com.sawcunhaos.organization.application.usecase.corporate.catalog.contacttype.FindContactTypeUseCaseBean	br.com.sawcunhaos.organization.application.usecase.corporate.catalog.contacttype.ContactTypeApiMapper	interno	classes
br.com.sawcunhaos.organization.application.usecase.corporate.catalog.contacttype.FindContactTypeUseCaseBean	br.com.sawcunhaos.organization.application.usecase.corporate.catalog.contacttype.FindContactTypeUseCase	interno	classes
br.com.sawcunhaos.organization.application.usecase.corporate.catalog.contacttype.FindContactTypeUseCaseBean	br.com.sawcunhaos.organization.domain.corporate.catalog.dto.ContactTypeOutput	externo	flow-organization-domain-1.0.0-SNAPSHOT.jar
br.com.sawcunhaos.organization.application.usecase.corporate.catalog.contacttype.FindContactTypeUseCaseBean	br.com.sawcunhaos.organization.domain.corporate.catalog.specification.ContactTypeService	externo	flow-organization-domain-1.0.0-SNAPSHOT.jar
br.com.sawcunhaos.organization.application.usecase.corporate.catalog.contacttype.FindContactTypeUseCaseBean	java.lang.Class	jdk	java.base
br.com.sawcunhaos.organization.application.usecase.corporate.catalog.contacttype.FindContactTypeUseCaseBean	java.lang.Long	jdk	java.base
br.com.sawcunhaos.organization.application.usecase.corporate.catalog.contacttype.FindContactTypeUseCaseBean	java.lang.Object	jdk	java.base
br.com.sawcunhaos.organization.application.usecase.corporate.catalog.contacttype.FindContactTypeUseCaseBean	java.lang.String	jdk	java.base
br.com.sawcunhaos.organization.application.usecase.corporate.catalog.contacttype.FindContactTypeUseCaseBean	org.slf4j.Logger	externo	slf4j-api-2.0.18.jar
br.com.sawcunhaos.organization.application.usecase.corporate.catalog.contacttype.FindContactTypeUseCaseBean	org.slf4j.LoggerFactory	externo	slf4j-api-2.0.18.jar
br.com.sawcunhaos.organization.application.usecase.corporate.catalog.contacttype.FindContactTypeUseCaseBean	org.springframework.stereotype.Service	externo	spring-context-7.0.9.jar
br.com.sawcunhaos.organization.application.usecase.corporate.catalog.contacttype.FindContactTypeUseCaseBean	org.springframework.transaction.annotation.Transactional	externo	spring-tx-7.0.9.jar
br.com.sawcunhaos.organization.application.usecase.corporate.catalog.contacttype.UpdateContactTypeUseCase	br.com.sawcunhaos.organization.api.dto.UpdateContactTypeRequest	interno	classes
br.com.sawcunhaos.organization.application.usecase.corporate.catalog.contacttype.UpdateContactTypeUseCase	java.lang.Long	jdk	java.base
br.com.sawcunhaos.organization.application.usecase.corporate.catalog.contacttype.UpdateContactTypeUseCase	java.lang.Object	jdk	java.base
br.com.sawcunhaos.organization.application.usecase.corporate.catalog.contacttype.UpdateContactTypeUseCaseBean	br.com.sawcunhaos.organization.api.dto.CatalogEntityType	interno	classes
br.com.sawcunhaos.organization.application.usecase.corporate.catalog.contacttype.UpdateContactTypeUseCaseBean	br.com.sawcunhaos.organization.api.dto.UpdateContactTypeRequest	interno	classes
br.com.sawcunhaos.organization.application.usecase.corporate.catalog.contacttype.UpdateContactTypeUseCaseBean	br.com.sawcunhaos.organization.application.usecase.corporate.catalog.contacttype.ContactTypeApiMapper	interno	classes
br.com.sawcunhaos.organization.application.usecase.corporate.catalog.contacttype.UpdateContactTypeUseCaseBean	br.com.sawcunhaos.organization.application.usecase.corporate.catalog.contacttype.UpdateContactTypeUseCase	interno	classes
br.com.sawcunhaos.organization.application.usecase.corporate.catalog.contacttype.UpdateContactTypeUseCaseBean	br.com.sawcunhaos.organization.domain.access.status.internal.EntityType	externo	flow-organization-domain-1.0.0-SNAPSHOT.jar
br.com.sawcunhaos.organization.application.usecase.corporate.catalog.contacttype.UpdateContactTypeUseCaseBean	br.com.sawcunhaos.organization.domain.corporate.catalog.dto.ContactTypeInput	externo	flow-organization-domain-1.0.0-SNAPSHOT.jar
br.com.sawcunhaos.organization.application.usecase.corporate.catalog.contacttype.UpdateContactTypeUseCaseBean	br.com.sawcunhaos.organization.domain.corporate.catalog.dto.ContactTypeInput$ContactTypeInputBuilder	externo	flow-organization-domain-1.0.0-SNAPSHOT.jar
br.com.sawcunhaos.organization.application.usecase.corporate.catalog.contacttype.UpdateContactTypeUseCaseBean	br.com.sawcunhaos.organization.domain.corporate.catalog.specification.ContactTypeService	externo	flow-organization-domain-1.0.0-SNAPSHOT.jar
br.com.sawcunhaos.organization.application.usecase.corporate.catalog.contacttype.UpdateContactTypeUseCaseBean	java.lang.Class	jdk	java.base
br.com.sawcunhaos.organization.application.usecase.corporate.catalog.contacttype.UpdateContactTypeUseCaseBean	java.lang.Long	jdk	java.base
br.com.sawcunhaos.organization.application.usecase.corporate.catalog.contacttype.UpdateContactTypeUseCaseBean	java.lang.Object	jdk	java.base
br.com.sawcunhaos.organization.application.usecase.corporate.catalog.contacttype.UpdateContactTypeUseCaseBean	java.lang.String	jdk	java.base
br.com.sawcunhaos.organization.application.usecase.corporate.catalog.contacttype.UpdateContactTypeUseCaseBean	org.slf4j.Logger	externo	slf4j-api-2.0.18.jar
br.com.sawcunhaos.organization.application.usecase.corporate.catalog.contacttype.UpdateContactTypeUseCaseBean	org.slf4j.LoggerFactory	externo	slf4j-api-2.0.18.jar
br.com.sawcunhaos.organization.application.usecase.corporate.catalog.contacttype.UpdateContactTypeUseCaseBean	org.springframework.stereotype.Service	externo	spring-context-7.0.9.jar
br.com.sawcunhaos.organization.application.usecase.corporate.catalog.contacttype.UpdateContactTypeUseCaseBean	org.springframework.transaction.annotation.Transactional	externo	spring-tx-7.0.9.jar
br.com.sawcunhaos.organization.application.usecase.corporate.company.ActivateCompanyUseCase	br.com.sawcunhaos.organization.api.dto.CompanyStatusTransitionRequest	interno	classes
br.com.sawcunhaos.organization.application.usecase.corporate.company.ActivateCompanyUseCase	java.lang.Long	jdk	java.base
br.com.sawcunhaos.organization.application.usecase.corporate.company.ActivateCompanyUseCase	java.lang.Object	jdk	java.base
br.com.sawcunhaos.organization.application.usecase.corporate.company.ActivateCompanyUseCaseBean	br.com.sawcunhaos.organization.api.dto.CompanyStatusTransitionRequest	interno	classes
br.com.sawcunhaos.organization.application.usecase.corporate.company.ActivateCompanyUseCaseBean	br.com.sawcunhaos.organization.application.usecase.corporate.company.ActivateCompanyUseCase	interno	classes
br.com.sawcunhaos.organization.application.usecase.corporate.company.ActivateCompanyUseCaseBean	br.com.sawcunhaos.organization.domain.corporate.company.specification.CompanyService	externo	flow-organization-domain-1.0.0-SNAPSHOT.jar
br.com.sawcunhaos.organization.application.usecase.corporate.company.ActivateCompanyUseCaseBean	java.lang.Class	jdk	java.base
br.com.sawcunhaos.organization.application.usecase.corporate.company.ActivateCompanyUseCaseBean	java.lang.Long	jdk	java.base
br.com.sawcunhaos.organization.application.usecase.corporate.company.ActivateCompanyUseCaseBean	java.lang.Object	jdk	java.base
br.com.sawcunhaos.organization.application.usecase.corporate.company.ActivateCompanyUseCaseBean	java.lang.String	jdk	java.base
br.com.sawcunhaos.organization.application.usecase.corporate.company.ActivateCompanyUseCaseBean	org.slf4j.Logger	externo	slf4j-api-2.0.18.jar
br.com.sawcunhaos.organization.application.usecase.corporate.company.ActivateCompanyUseCaseBean	org.slf4j.LoggerFactory	externo	slf4j-api-2.0.18.jar
br.com.sawcunhaos.organization.application.usecase.corporate.company.ActivateCompanyUseCaseBean	org.springframework.stereotype.Service	externo	spring-context-7.0.9.jar
br.com.sawcunhaos.organization.application.usecase.corporate.company.ActivateCompanyUseCaseBean	org.springframework.transaction.annotation.Transactional	externo	spring-tx-7.0.9.jar
br.com.sawcunhaos.organization.application.usecase.corporate.company.BlockCompanyUseCase	br.com.sawcunhaos.organization.api.dto.CompanyStatusTransitionRequest	interno	classes
br.com.sawcunhaos.organization.application.usecase.corporate.company.BlockCompanyUseCase	java.lang.Long	jdk	java.base
br.com.sawcunhaos.organization.application.usecase.corporate.company.BlockCompanyUseCase	java.lang.Object	jdk	java.base
br.com.sawcunhaos.organization.application.usecase.corporate.company.BlockCompanyUseCaseBean	br.com.sawcunhaos.organization.api.dto.CompanyStatusTransitionRequest	interno	classes
br.com.sawcunhaos.organization.application.usecase.corporate.company.BlockCompanyUseCaseBean	br.com.sawcunhaos.organization.application.usecase.corporate.company.BlockCompanyUseCase	interno	classes
br.com.sawcunhaos.organization.application.usecase.corporate.company.BlockCompanyUseCaseBean	br.com.sawcunhaos.organization.domain.corporate.company.specification.CompanyService	externo	flow-organization-domain-1.0.0-SNAPSHOT.jar
br.com.sawcunhaos.organization.application.usecase.corporate.company.BlockCompanyUseCaseBean	java.lang.Class	jdk	java.base
br.com.sawcunhaos.organization.application.usecase.corporate.company.BlockCompanyUseCaseBean	java.lang.Long	jdk	java.base
br.com.sawcunhaos.organization.application.usecase.corporate.company.BlockCompanyUseCaseBean	java.lang.Object	jdk	java.base
br.com.sawcunhaos.organization.application.usecase.corporate.company.BlockCompanyUseCaseBean	java.lang.String	jdk	java.base
br.com.sawcunhaos.organization.application.usecase.corporate.company.BlockCompanyUseCaseBean	org.slf4j.Logger	externo	slf4j-api-2.0.18.jar
br.com.sawcunhaos.organization.application.usecase.corporate.company.BlockCompanyUseCaseBean	org.slf4j.LoggerFactory	externo	slf4j-api-2.0.18.jar
br.com.sawcunhaos.organization.application.usecase.corporate.company.BlockCompanyUseCaseBean	org.springframework.stereotype.Service	externo	spring-context-7.0.9.jar
br.com.sawcunhaos.organization.application.usecase.corporate.company.BlockCompanyUseCaseBean	org.springframework.transaction.annotation.Transactional	externo	spring-tx-7.0.9.jar
br.com.sawcunhaos.organization.application.usecase.corporate.company.CompanyApiMapper	br.com.sawcunhaos.organization.api.dto.Companies	interno	classes
br.com.sawcunhaos.organization.application.usecase.corporate.company.CompanyApiMapper	br.com.sawcunhaos.organization.api.dto.Companies$CompaniesBuilder	interno	classes
br.com.sawcunhaos.organization.application.usecase.corporate.company.CompanyApiMapper	br.com.sawcunhaos.organization.api.dto.Company	interno	classes
br.com.sawcunhaos.organization.application.usecase.corporate.company.CompanyApiMapper	br.com.sawcunhaos.organization.api.dto.Company$CompanyBuilder	interno	classes
br.com.sawcunhaos.organization.application.usecase.corporate.company.CompanyApiMapper	br.com.sawcunhaos.organization.api.dto.ParentCompany	interno	classes
br.com.sawcunhaos.organization.application.usecase.corporate.company.CompanyApiMapper	br.com.sawcunhaos.organization.api.dto.ParentCompany$ParentCompanyBuilder	interno	classes
br.com.sawcunhaos.organization.application.usecase.corporate.company.CompanyApiMapper	br.com.sawcunhaos.organization.api.dto.StatusCompany	interno	classes
br.com.sawcunhaos.organization.application.usecase.corporate.company.CompanyApiMapper	br.com.sawcunhaos.organization.domain.corporate.company.dto.CompanyOutput	externo	flow-organization-domain-1.0.0-SNAPSHOT.jar
br.com.sawcunhaos.organization.application.usecase.corporate.company.CompanyApiMapper	br.com.sawcunhaos.organization.domain.corporate.company.dto.ParentCompanyOutput	externo	flow-organization-domain-1.0.0-SNAPSHOT.jar
br.com.sawcunhaos.organization.application.usecase.corporate.company.CompanyApiMapper	br.com.sawcunhaos.organization.domain.corporate.company.internal.StatusCompany	externo	flow-organization-domain-1.0.0-SNAPSHOT.jar
br.com.sawcunhaos.organization.application.usecase.corporate.company.CompanyApiMapper	java.lang.Long	jdk	java.base
br.com.sawcunhaos.organization.application.usecase.corporate.company.CompanyApiMapper	java.lang.Object	jdk	java.base
br.com.sawcunhaos.organization.application.usecase.corporate.company.CompanyApiMapper	java.lang.String	jdk	java.base
br.com.sawcunhaos.organization.application.usecase.corporate.company.CompanyApiMapper	java.time.LocalDate	jdk	java.base
br.com.sawcunhaos.organization.application.usecase.corporate.company.CreateCompanyUseCase	br.com.sawcunhaos.organization.api.dto.Company	interno	classes
br.com.sawcunhaos.organization.application.usecase.corporate.company.CreateCompanyUseCase	br.com.sawcunhaos.organization.api.dto.CreateCompanyRequest	interno	classes
br.com.sawcunhaos.organization.application.usecase.corporate.company.CreateCompanyUseCase	java.lang.Object	jdk	java.base
br.com.sawcunhaos.organization.application.usecase.corporate.company.CreateCompanyUseCaseBean	br.com.sawcunhaos.organization.api.dto.Company	interno	classes
br.com.sawcunhaos.organization.application.usecase.corporate.company.CreateCompanyUseCaseBean	br.com.sawcunhaos.organization.api.dto.CreateCompanyRequest	interno	classes
br.com.sawcunhaos.organization.application.usecase.corporate.company.CreateCompanyUseCaseBean	br.com.sawcunhaos.organization.application.usecase.corporate.company.CompanyApiMapper	interno	classes
br.com.sawcunhaos.organization.application.usecase.corporate.company.CreateCompanyUseCaseBean	br.com.sawcunhaos.organization.application.usecase.corporate.company.CreateCompanyUseCase	interno	classes
br.com.sawcunhaos.organization.application.usecase.corporate.company.CreateCompanyUseCaseBean	br.com.sawcunhaos.organization.domain.corporate.company.dto.CompanyInput	externo	flow-organization-domain-1.0.0-SNAPSHOT.jar
br.com.sawcunhaos.organization.application.usecase.corporate.company.CreateCompanyUseCaseBean	br.com.sawcunhaos.organization.domain.corporate.company.dto.CompanyInput$CompanyInputBuilder	externo	flow-organization-domain-1.0.0-SNAPSHOT.jar
br.com.sawcunhaos.organization.application.usecase.corporate.company.CreateCompanyUseCaseBean	br.com.sawcunhaos.organization.domain.corporate.company.dto.CompanyOutput	externo	flow-organization-domain-1.0.0-SNAPSHOT.jar
br.com.sawcunhaos.organization.application.usecase.corporate.company.CreateCompanyUseCaseBean	br.com.sawcunhaos.organization.domain.corporate.company.specification.CompanyService	externo	flow-organization-domain-1.0.0-SNAPSHOT.jar
br.com.sawcunhaos.organization.application.usecase.corporate.company.CreateCompanyUseCaseBean	java.lang.Class	jdk	java.base
br.com.sawcunhaos.organization.application.usecase.corporate.company.CreateCompanyUseCaseBean	java.lang.Long	jdk	java.base
br.com.sawcunhaos.organization.application.usecase.corporate.company.CreateCompanyUseCaseBean	java.lang.Object	jdk	java.base
br.com.sawcunhaos.organization.application.usecase.corporate.company.CreateCompanyUseCaseBean	java.lang.String	jdk	java.base
br.com.sawcunhaos.organization.application.usecase.corporate.company.CreateCompanyUseCaseBean	java.time.LocalDate	jdk	java.base
br.com.sawcunhaos.organization.application.usecase.corporate.company.CreateCompanyUseCaseBean	org.slf4j.Logger	externo	slf4j-api-2.0.18.jar
br.com.sawcunhaos.organization.application.usecase.corporate.company.CreateCompanyUseCaseBean	org.slf4j.LoggerFactory	externo	slf4j-api-2.0.18.jar
br.com.sawcunhaos.organization.application.usecase.corporate.company.CreateCompanyUseCaseBean	org.springframework.stereotype.Service	externo	spring-context-7.0.9.jar
br.com.sawcunhaos.organization.application.usecase.corporate.company.CreateCompanyUseCaseBean	org.springframework.transaction.annotation.Transactional	externo	spring-tx-7.0.9.jar
br.com.sawcunhaos.organization.application.usecase.corporate.company.FindAllCompanyUseCase	br.com.sawcunhaos.organization.api.dto.GetAllCompaniesResponse	interno	classes
br.com.sawcunhaos.organization.application.usecase.corporate.company.FindAllCompanyUseCase	br.com.sawcunhaos.organization.api.dto.PaginationFilter	interno	classes
br.com.sawcunhaos.organization.application.usecase.corporate.company.FindAllCompanyUseCase	br.com.sawcunhaos.organization.api.dto.StatusCompany	interno	classes
br.com.sawcunhaos.organization.application.usecase.corporate.company.FindAllCompanyUseCase	java.lang.Object	jdk	java.base
br.com.sawcunhaos.organization.application.usecase.corporate.company.FindAllCompanyUseCase	java.lang.String	jdk	java.base
br.com.sawcunhaos.organization.application.usecase.corporate.company.FindAllCompanyUseCaseBean	br.com.sawcunhaos.organization.api.dto.Companies	interno	classes
br.com.sawcunhaos.organization.application.usecase.corporate.company.FindAllCompanyUseCaseBean	br.com.sawcunhaos.organization.api.dto.GetAllCompaniesResponse	interno	classes
br.com.sawcunhaos.organization.application.usecase.corporate.company.FindAllCompanyUseCaseBean	br.com.sawcunhaos.organization.api.dto.GetAllCompaniesResponse$GetAllCompaniesResponseBuilder	interno	classes
br.com.sawcunhaos.organization.application.usecase.corporate.company.FindAllCompanyUseCaseBean	br.com.sawcunhaos.organization.api.dto.PaginationFilter	interno	classes
br.com.sawcunhaos.organization.application.usecase.corporate.company.FindAllCompanyUseCaseBean	br.com.sawcunhaos.organization.api.dto.ScosPaginated	interno	classes
br.com.sawcunhaos.organization.application.usecase.corporate.company.FindAllCompanyUseCaseBean	br.com.sawcunhaos.organization.api.dto.StatusCompany	interno	classes
br.com.sawcunhaos.organization.application.usecase.corporate.company.FindAllCompanyUseCaseBean	br.com.sawcunhaos.organization.application.usecase.corporate.company.CompanyApiMapper	interno	classes
br.com.sawcunhaos.organization.application.usecase.corporate.company.FindAllCompanyUseCaseBean	br.com.sawcunhaos.organization.application.usecase.corporate.company.FindAllCompanyUseCase	interno	classes
br.com.sawcunhaos.organization.application.usecase.corporate.company.FindAllCompanyUseCaseBean	br.com.sawcunhaos.organization.application.usecase.utils.PaginatioUtils	interno	classes
br.com.sawcunhaos.organization.application.usecase.corporate.company.FindAllCompanyUseCaseBean	br.com.sawcunhaos.organization.domain.corporate.company.dto.CompanyOutput	externo	flow-organization-domain-1.0.0-SNAPSHOT.jar
br.com.sawcunhaos.organization.application.usecase.corporate.company.FindAllCompanyUseCaseBean	br.com.sawcunhaos.organization.domain.corporate.company.internal.StatusCompany	externo	flow-organization-domain-1.0.0-SNAPSHOT.jar
br.com.sawcunhaos.organization.application.usecase.corporate.company.FindAllCompanyUseCaseBean	br.com.sawcunhaos.organization.domain.corporate.company.specification.CompanyService	externo	flow-organization-domain-1.0.0-SNAPSHOT.jar
br.com.sawcunhaos.organization.application.usecase.corporate.company.FindAllCompanyUseCaseBean	java.lang.Class	jdk	java.base
br.com.sawcunhaos.organization.application.usecase.corporate.company.FindAllCompanyUseCaseBean	java.lang.Integer	jdk	java.base
br.com.sawcunhaos.organization.application.usecase.corporate.company.FindAllCompanyUseCaseBean	java.lang.Object	jdk	java.base
br.com.sawcunhaos.organization.application.usecase.corporate.company.FindAllCompanyUseCaseBean	java.lang.String	jdk	java.base
br.com.sawcunhaos.organization.application.usecase.corporate.company.FindAllCompanyUseCaseBean	java.lang.invoke.CallSite	jdk	java.base
br.com.sawcunhaos.organization.application.usecase.corporate.company.FindAllCompanyUseCaseBean	java.lang.invoke.LambdaMetafactory	jdk	java.base
br.com.sawcunhaos.organization.application.usecase.corporate.company.FindAllCompanyUseCaseBean	java.lang.invoke.MethodHandle	jdk	java.base
br.com.sawcunhaos.organization.application.usecase.corporate.company.FindAllCompanyUseCaseBean	java.lang.invoke.MethodHandles	jdk	java.base
br.com.sawcunhaos.organization.application.usecase.corporate.company.FindAllCompanyUseCaseBean	java.lang.invoke.MethodHandles$Lookup	jdk	java.base
br.com.sawcunhaos.organization.application.usecase.corporate.company.FindAllCompanyUseCaseBean	java.lang.invoke.MethodType	jdk	java.base
br.com.sawcunhaos.organization.application.usecase.corporate.company.FindAllCompanyUseCaseBean	java.util.List	jdk	java.base
br.com.sawcunhaos.organization.application.usecase.corporate.company.FindAllCompanyUseCaseBean	java.util.function.Function	jdk	java.base
br.com.sawcunhaos.organization.application.usecase.corporate.company.FindAllCompanyUseCaseBean	java.util.stream.Stream	jdk	java.base
br.com.sawcunhaos.organization.application.usecase.corporate.company.FindAllCompanyUseCaseBean	org.slf4j.Logger	externo	slf4j-api-2.0.18.jar
br.com.sawcunhaos.organization.application.usecase.corporate.company.FindAllCompanyUseCaseBean	org.slf4j.LoggerFactory	externo	slf4j-api-2.0.18.jar
br.com.sawcunhaos.organization.application.usecase.corporate.company.FindAllCompanyUseCaseBean	org.springframework.data.domain.Page	externo	spring-data-commons-4.1.1.jar
br.com.sawcunhaos.organization.application.usecase.corporate.company.FindAllCompanyUseCaseBean	org.springframework.data.domain.Pageable	externo	spring-data-commons-4.1.1.jar
br.com.sawcunhaos.organization.application.usecase.corporate.company.FindAllCompanyUseCaseBean	org.springframework.stereotype.Service	externo	spring-context-7.0.9.jar
br.com.sawcunhaos.organization.application.usecase.corporate.company.FindAllCompanyUseCaseBean	org.springframework.transaction.annotation.Transactional	externo	spring-tx-7.0.9.jar
br.com.sawcunhaos.organization.application.usecase.corporate.company.FindCompanyUseCase	br.com.sawcunhaos.organization.api.dto.Company	interno	classes
br.com.sawcunhaos.organization.application.usecase.corporate.company.FindCompanyUseCase	java.lang.Long	jdk	java.base
br.com.sawcunhaos.organization.application.usecase.corporate.company.FindCompanyUseCase	java.lang.Object	jdk	java.base
br.com.sawcunhaos.organization.application.usecase.corporate.company.FindCompanyUseCaseBean	br.com.sawcunhaos.organization.api.dto.Company	interno	classes
br.com.sawcunhaos.organization.application.usecase.corporate.company.FindCompanyUseCaseBean	br.com.sawcunhaos.organization.application.usecase.corporate.company.CompanyApiMapper	interno	classes
br.com.sawcunhaos.organization.application.usecase.corporate.company.FindCompanyUseCaseBean	br.com.sawcunhaos.organization.application.usecase.corporate.company.FindCompanyUseCase	interno	classes
br.com.sawcunhaos.organization.application.usecase.corporate.company.FindCompanyUseCaseBean	br.com.sawcunhaos.organization.domain.corporate.company.dto.CompanyOutput	externo	flow-organization-domain-1.0.0-SNAPSHOT.jar
br.com.sawcunhaos.organization.application.usecase.corporate.company.FindCompanyUseCaseBean	br.com.sawcunhaos.organization.domain.corporate.company.specification.CompanyService	externo	flow-organization-domain-1.0.0-SNAPSHOT.jar
br.com.sawcunhaos.organization.application.usecase.corporate.company.FindCompanyUseCaseBean	java.lang.Class	jdk	java.base
br.com.sawcunhaos.organization.application.usecase.corporate.company.FindCompanyUseCaseBean	java.lang.Long	jdk	java.base
br.com.sawcunhaos.organization.application.usecase.corporate.company.FindCompanyUseCaseBean	java.lang.Object	jdk	java.base
br.com.sawcunhaos.organization.application.usecase.corporate.company.FindCompanyUseCaseBean	java.lang.String	jdk	java.base
br.com.sawcunhaos.organization.application.usecase.corporate.company.FindCompanyUseCaseBean	org.slf4j.Logger	externo	slf4j-api-2.0.18.jar
br.com.sawcunhaos.organization.application.usecase.corporate.company.FindCompanyUseCaseBean	org.slf4j.LoggerFactory	externo	slf4j-api-2.0.18.jar
br.com.sawcunhaos.organization.application.usecase.corporate.company.FindCompanyUseCaseBean	org.springframework.stereotype.Service	externo	spring-context-7.0.9.jar
br.com.sawcunhaos.organization.application.usecase.corporate.company.FindCompanyUseCaseBean	org.springframework.transaction.annotation.Transactional	externo	spring-tx-7.0.9.jar
br.com.sawcunhaos.organization.application.usecase.corporate.company.InactivateCompanyUseCase	br.com.sawcunhaos.organization.api.dto.CompanyStatusTransitionRequest	interno	classes
br.com.sawcunhaos.organization.application.usecase.corporate.company.InactivateCompanyUseCase	java.lang.Long	jdk	java.base
br.com.sawcunhaos.organization.application.usecase.corporate.company.InactivateCompanyUseCase	java.lang.Object	jdk	java.base
br.com.sawcunhaos.organization.application.usecase.corporate.company.InactivateCompanyUseCaseBean	br.com.sawcunhaos.organization.api.dto.CompanyStatusTransitionRequest	interno	classes
br.com.sawcunhaos.organization.application.usecase.corporate.company.InactivateCompanyUseCaseBean	br.com.sawcunhaos.organization.application.usecase.corporate.company.InactivateCompanyUseCase	interno	classes
br.com.sawcunhaos.organization.application.usecase.corporate.company.InactivateCompanyUseCaseBean	br.com.sawcunhaos.organization.domain.corporate.company.specification.CompanyService	externo	flow-organization-domain-1.0.0-SNAPSHOT.jar
br.com.sawcunhaos.organization.application.usecase.corporate.company.InactivateCompanyUseCaseBean	java.lang.Class	jdk	java.base
br.com.sawcunhaos.organization.application.usecase.corporate.company.InactivateCompanyUseCaseBean	java.lang.Long	jdk	java.base
br.com.sawcunhaos.organization.application.usecase.corporate.company.InactivateCompanyUseCaseBean	java.lang.Object	jdk	java.base
br.com.sawcunhaos.organization.application.usecase.corporate.company.InactivateCompanyUseCaseBean	java.lang.String	jdk	java.base
br.com.sawcunhaos.organization.application.usecase.corporate.company.InactivateCompanyUseCaseBean	org.slf4j.Logger	externo	slf4j-api-2.0.18.jar
br.com.sawcunhaos.organization.application.usecase.corporate.company.InactivateCompanyUseCaseBean	org.slf4j.LoggerFactory	externo	slf4j-api-2.0.18.jar
br.com.sawcunhaos.organization.application.usecase.corporate.company.InactivateCompanyUseCaseBean	org.springframework.stereotype.Service	externo	spring-context-7.0.9.jar
br.com.sawcunhaos.organization.application.usecase.corporate.company.InactivateCompanyUseCaseBean	org.springframework.transaction.annotation.Transactional	externo	spring-tx-7.0.9.jar
br.com.sawcunhaos.organization.application.usecase.corporate.company.UnblockCompanyUseCase	br.com.sawcunhaos.organization.api.dto.CompanyStatusTransitionRequest	interno	classes
br.com.sawcunhaos.organization.application.usecase.corporate.company.UnblockCompanyUseCase	java.lang.Long	jdk	java.base
br.com.sawcunhaos.organization.application.usecase.corporate.company.UnblockCompanyUseCase	java.lang.Object	jdk	java.base
br.com.sawcunhaos.organization.application.usecase.corporate.company.UnblockCompanyUseCaseBean	br.com.sawcunhaos.organization.api.dto.CompanyStatusTransitionRequest	interno	classes
br.com.sawcunhaos.organization.application.usecase.corporate.company.UnblockCompanyUseCaseBean	br.com.sawcunhaos.organization.application.usecase.corporate.company.UnblockCompanyUseCase	interno	classes
br.com.sawcunhaos.organization.application.usecase.corporate.company.UnblockCompanyUseCaseBean	br.com.sawcunhaos.organization.domain.corporate.company.specification.CompanyService	externo	flow-organization-domain-1.0.0-SNAPSHOT.jar
br.com.sawcunhaos.organization.application.usecase.corporate.company.UnblockCompanyUseCaseBean	java.lang.Class	jdk	java.base
br.com.sawcunhaos.organization.application.usecase.corporate.company.UnblockCompanyUseCaseBean	java.lang.Long	jdk	java.base
br.com.sawcunhaos.organization.application.usecase.corporate.company.UnblockCompanyUseCaseBean	java.lang.Object	jdk	java.base
br.com.sawcunhaos.organization.application.usecase.corporate.company.UnblockCompanyUseCaseBean	java.lang.String	jdk	java.base
br.com.sawcunhaos.organization.application.usecase.corporate.company.UnblockCompanyUseCaseBean	org.slf4j.Logger	externo	slf4j-api-2.0.18.jar
br.com.sawcunhaos.organization.application.usecase.corporate.company.UnblockCompanyUseCaseBean	org.slf4j.LoggerFactory	externo	slf4j-api-2.0.18.jar
br.com.sawcunhaos.organization.application.usecase.corporate.company.UnblockCompanyUseCaseBean	org.springframework.stereotype.Service	externo	spring-context-7.0.9.jar
br.com.sawcunhaos.organization.application.usecase.corporate.company.UnblockCompanyUseCaseBean	org.springframework.transaction.annotation.Transactional	externo	spring-tx-7.0.9.jar
br.com.sawcunhaos.organization.application.usecase.corporate.company.UpdateCompanyUseCase	br.com.sawcunhaos.organization.api.dto.UpdateCompanyRequest	interno	classes
br.com.sawcunhaos.organization.application.usecase.corporate.company.UpdateCompanyUseCase	java.lang.Long	jdk	java.base
br.com.sawcunhaos.organization.application.usecase.corporate.company.UpdateCompanyUseCase	java.lang.Object	jdk	java.base
br.com.sawcunhaos.organization.application.usecase.corporate.company.UpdateCompanyUseCaseBean	br.com.sawcunhaos.organization.api.dto.UpdateCompanyRequest	interno	classes
br.com.sawcunhaos.organization.application.usecase.corporate.company.UpdateCompanyUseCaseBean	br.com.sawcunhaos.organization.application.usecase.corporate.company.UpdateCompanyUseCase	interno	classes
br.com.sawcunhaos.organization.application.usecase.corporate.company.UpdateCompanyUseCaseBean	br.com.sawcunhaos.organization.domain.corporate.company.dto.CompanyInput	externo	flow-organization-domain-1.0.0-SNAPSHOT.jar
br.com.sawcunhaos.organization.application.usecase.corporate.company.UpdateCompanyUseCaseBean	br.com.sawcunhaos.organization.domain.corporate.company.dto.CompanyInput$CompanyInputBuilder	externo	flow-organization-domain-1.0.0-SNAPSHOT.jar
br.com.sawcunhaos.organization.application.usecase.corporate.company.UpdateCompanyUseCaseBean	br.com.sawcunhaos.organization.domain.corporate.company.specification.CompanyService	externo	flow-organization-domain-1.0.0-SNAPSHOT.jar
br.com.sawcunhaos.organization.application.usecase.corporate.company.UpdateCompanyUseCaseBean	java.lang.Class	jdk	java.base
br.com.sawcunhaos.organization.application.usecase.corporate.company.UpdateCompanyUseCaseBean	java.lang.Long	jdk	java.base
br.com.sawcunhaos.organization.application.usecase.corporate.company.UpdateCompanyUseCaseBean	java.lang.Object	jdk	java.base
br.com.sawcunhaos.organization.application.usecase.corporate.company.UpdateCompanyUseCaseBean	java.lang.String	jdk	java.base
br.com.sawcunhaos.organization.application.usecase.corporate.company.UpdateCompanyUseCaseBean	java.time.LocalDate	jdk	java.base
br.com.sawcunhaos.organization.application.usecase.corporate.company.UpdateCompanyUseCaseBean	org.slf4j.Logger	externo	slf4j-api-2.0.18.jar
br.com.sawcunhaos.organization.application.usecase.corporate.company.UpdateCompanyUseCaseBean	org.slf4j.LoggerFactory	externo	slf4j-api-2.0.18.jar
br.com.sawcunhaos.organization.application.usecase.corporate.company.UpdateCompanyUseCaseBean	org.springframework.stereotype.Service	externo	spring-context-7.0.9.jar
br.com.sawcunhaos.organization.application.usecase.corporate.company.UpdateCompanyUseCaseBean	org.springframework.transaction.annotation.Transactional	externo	spring-tx-7.0.9.jar
br.com.sawcunhaos.organization.application.usecase.corporate.company.fiscal.cnae.CnaeApiMapper	br.com.sawcunhaos.organization.api.dto.Cnae	interno	classes
br.com.sawcunhaos.organization.application.usecase.corporate.company.fiscal.cnae.CnaeApiMapper	br.com.sawcunhaos.organization.api.dto.Cnae$CnaeBuilder	interno	classes
br.com.sawcunhaos.organization.application.usecase.corporate.company.fiscal.cnae.CnaeApiMapper	br.com.sawcunhaos.organization.domain.corporate.company.dto.CnaeOutput	externo	flow-organization-domain-1.0.0-SNAPSHOT.jar
br.com.sawcunhaos.organization.application.usecase.corporate.company.fiscal.cnae.CnaeApiMapper	java.lang.Long	jdk	java.base
br.com.sawcunhaos.organization.application.usecase.corporate.company.fiscal.cnae.CnaeApiMapper	java.lang.Object	jdk	java.base
br.com.sawcunhaos.organization.application.usecase.corporate.company.fiscal.cnae.CnaeApiMapper	java.lang.String	jdk	java.base
br.com.sawcunhaos.organization.application.usecase.corporate.company.fiscal.cnae.CreateCnaeUseCase	br.com.sawcunhaos.organization.api.dto.Cnae	interno	classes
br.com.sawcunhaos.organization.application.usecase.corporate.company.fiscal.cnae.CreateCnaeUseCase	br.com.sawcunhaos.organization.api.dto.CreateCnaeRequest	interno	classes
br.com.sawcunhaos.organization.application.usecase.corporate.company.fiscal.cnae.CreateCnaeUseCase	java.lang.Object	jdk	java.base
br.com.sawcunhaos.organization.application.usecase.corporate.company.fiscal.cnae.CreateCnaeUseCaseBean	br.com.sawcunhaos.organization.api.dto.Cnae	interno	classes
br.com.sawcunhaos.organization.application.usecase.corporate.company.fiscal.cnae.CreateCnaeUseCaseBean	br.com.sawcunhaos.organization.api.dto.CreateCnaeRequest	interno	classes
br.com.sawcunhaos.organization.application.usecase.corporate.company.fiscal.cnae.CreateCnaeUseCaseBean	br.com.sawcunhaos.organization.application.usecase.corporate.company.fiscal.cnae.CnaeApiMapper	interno	classes
br.com.sawcunhaos.organization.application.usecase.corporate.company.fiscal.cnae.CreateCnaeUseCaseBean	br.com.sawcunhaos.organization.application.usecase.corporate.company.fiscal.cnae.CreateCnaeUseCase	interno	classes
br.com.sawcunhaos.organization.application.usecase.corporate.company.fiscal.cnae.CreateCnaeUseCaseBean	br.com.sawcunhaos.organization.domain.corporate.company.dto.CnaeInput	externo	flow-organization-domain-1.0.0-SNAPSHOT.jar
br.com.sawcunhaos.organization.application.usecase.corporate.company.fiscal.cnae.CreateCnaeUseCaseBean	br.com.sawcunhaos.organization.domain.corporate.company.dto.CnaeInput$CnaeInputBuilder	externo	flow-organization-domain-1.0.0-SNAPSHOT.jar
br.com.sawcunhaos.organization.application.usecase.corporate.company.fiscal.cnae.CreateCnaeUseCaseBean	br.com.sawcunhaos.organization.domain.corporate.company.dto.CnaeOutput	externo	flow-organization-domain-1.0.0-SNAPSHOT.jar
br.com.sawcunhaos.organization.application.usecase.corporate.company.fiscal.cnae.CreateCnaeUseCaseBean	br.com.sawcunhaos.organization.domain.corporate.company.specification.CnaeService	externo	flow-organization-domain-1.0.0-SNAPSHOT.jar
br.com.sawcunhaos.organization.application.usecase.corporate.company.fiscal.cnae.CreateCnaeUseCaseBean	java.lang.Class	jdk	java.base
br.com.sawcunhaos.organization.application.usecase.corporate.company.fiscal.cnae.CreateCnaeUseCaseBean	java.lang.Object	jdk	java.base
br.com.sawcunhaos.organization.application.usecase.corporate.company.fiscal.cnae.CreateCnaeUseCaseBean	java.lang.String	jdk	java.base
br.com.sawcunhaos.organization.application.usecase.corporate.company.fiscal.cnae.CreateCnaeUseCaseBean	org.slf4j.Logger	externo	slf4j-api-2.0.18.jar
br.com.sawcunhaos.organization.application.usecase.corporate.company.fiscal.cnae.CreateCnaeUseCaseBean	org.slf4j.LoggerFactory	externo	slf4j-api-2.0.18.jar
br.com.sawcunhaos.organization.application.usecase.corporate.company.fiscal.cnae.CreateCnaeUseCaseBean	org.springframework.stereotype.Service	externo	spring-context-7.0.9.jar
br.com.sawcunhaos.organization.application.usecase.corporate.company.fiscal.cnae.CreateCnaeUseCaseBean	org.springframework.transaction.annotation.Transactional	externo	spring-tx-7.0.9.jar
br.com.sawcunhaos.organization.application.usecase.corporate.company.fiscal.cnae.DeleteCnaeUseCase	java.lang.Long	jdk	java.base
br.com.sawcunhaos.organization.application.usecase.corporate.company.fiscal.cnae.DeleteCnaeUseCase	java.lang.Object	jdk	java.base
br.com.sawcunhaos.organization.application.usecase.corporate.company.fiscal.cnae.DeleteCnaeUseCaseBean	br.com.sawcunhaos.organization.application.usecase.corporate.company.fiscal.cnae.DeleteCnaeUseCase	interno	classes
br.com.sawcunhaos.organization.application.usecase.corporate.company.fiscal.cnae.DeleteCnaeUseCaseBean	br.com.sawcunhaos.organization.domain.corporate.company.specification.CnaeService	externo	flow-organization-domain-1.0.0-SNAPSHOT.jar
br.com.sawcunhaos.organization.application.usecase.corporate.company.fiscal.cnae.DeleteCnaeUseCaseBean	java.lang.Class	jdk	java.base
br.com.sawcunhaos.organization.application.usecase.corporate.company.fiscal.cnae.DeleteCnaeUseCaseBean	java.lang.Long	jdk	java.base
br.com.sawcunhaos.organization.application.usecase.corporate.company.fiscal.cnae.DeleteCnaeUseCaseBean	java.lang.Object	jdk	java.base
br.com.sawcunhaos.organization.application.usecase.corporate.company.fiscal.cnae.DeleteCnaeUseCaseBean	java.lang.String	jdk	java.base
br.com.sawcunhaos.organization.application.usecase.corporate.company.fiscal.cnae.DeleteCnaeUseCaseBean	org.slf4j.Logger	externo	slf4j-api-2.0.18.jar
br.com.sawcunhaos.organization.application.usecase.corporate.company.fiscal.cnae.DeleteCnaeUseCaseBean	org.slf4j.LoggerFactory	externo	slf4j-api-2.0.18.jar
br.com.sawcunhaos.organization.application.usecase.corporate.company.fiscal.cnae.DeleteCnaeUseCaseBean	org.springframework.stereotype.Service	externo	spring-context-7.0.9.jar
br.com.sawcunhaos.organization.application.usecase.corporate.company.fiscal.cnae.DeleteCnaeUseCaseBean	org.springframework.transaction.annotation.Transactional	externo	spring-tx-7.0.9.jar
br.com.sawcunhaos.organization.application.usecase.corporate.company.fiscal.cnae.FindAllCnaeUseCase	br.com.sawcunhaos.organization.api.dto.GetAllCnaesResponse	interno	classes
br.com.sawcunhaos.organization.application.usecase.corporate.company.fiscal.cnae.FindAllCnaeUseCase	br.com.sawcunhaos.organization.api.dto.PaginationFilter	interno	classes
br.com.sawcunhaos.organization.application.usecase.corporate.company.fiscal.cnae.FindAllCnaeUseCase	java.lang.Object	jdk	java.base
br.com.sawcunhaos.organization.application.usecase.corporate.company.fiscal.cnae.FindAllCnaeUseCaseBean	br.com.sawcunhaos.organization.api.dto.Cnae	interno	classes
br.com.sawcunhaos.organization.application.usecase.corporate.company.fiscal.cnae.FindAllCnaeUseCaseBean	br.com.sawcunhaos.organization.api.dto.Direction	interno	classes
br.com.sawcunhaos.organization.application.usecase.corporate.company.fiscal.cnae.FindAllCnaeUseCaseBean	br.com.sawcunhaos.organization.api.dto.GetAllCnaesResponse	interno	classes
br.com.sawcunhaos.organization.application.usecase.corporate.company.fiscal.cnae.FindAllCnaeUseCaseBean	br.com.sawcunhaos.organization.api.dto.GetAllCnaesResponse$GetAllCnaesResponseBuilder	interno	classes
br.com.sawcunhaos.organization.application.usecase.corporate.company.fiscal.cnae.FindAllCnaeUseCaseBean	br.com.sawcunhaos.organization.api.dto.PaginationFilter	interno	classes
br.com.sawcunhaos.organization.application.usecase.corporate.company.fiscal.cnae.FindAllCnaeUseCaseBean	br.com.sawcunhaos.organization.api.dto.ScosPaginated	interno	classes
br.com.sawcunhaos.organization.application.usecase.corporate.company.fiscal.cnae.FindAllCnaeUseCaseBean	br.com.sawcunhaos.organization.application.usecase.corporate.company.fiscal.cnae.CnaeApiMapper	interno	classes
br.com.sawcunhaos.organization.application.usecase.corporate.company.fiscal.cnae.FindAllCnaeUseCaseBean	br.com.sawcunhaos.organization.application.usecase.corporate.company.fiscal.cnae.FindAllCnaeUseCase	interno	classes
br.com.sawcunhaos.organization.application.usecase.corporate.company.fiscal.cnae.FindAllCnaeUseCaseBean	br.com.sawcunhaos.organization.application.usecase.utils.PaginatioUtils	interno	classes
br.com.sawcunhaos.organization.application.usecase.corporate.company.fiscal.cnae.FindAllCnaeUseCaseBean	br.com.sawcunhaos.organization.domain.corporate.company.dto.CnaeOutput	externo	flow-organization-domain-1.0.0-SNAPSHOT.jar
br.com.sawcunhaos.organization.application.usecase.corporate.company.fiscal.cnae.FindAllCnaeUseCaseBean	br.com.sawcunhaos.organization.domain.corporate.company.specification.CnaeService	externo	flow-organization-domain-1.0.0-SNAPSHOT.jar
br.com.sawcunhaos.organization.application.usecase.corporate.company.fiscal.cnae.FindAllCnaeUseCaseBean	java.lang.Class	jdk	java.base
br.com.sawcunhaos.organization.application.usecase.corporate.company.fiscal.cnae.FindAllCnaeUseCaseBean	java.lang.Integer	jdk	java.base
br.com.sawcunhaos.organization.application.usecase.corporate.company.fiscal.cnae.FindAllCnaeUseCaseBean	java.lang.Object	jdk	java.base
br.com.sawcunhaos.organization.application.usecase.corporate.company.fiscal.cnae.FindAllCnaeUseCaseBean	java.lang.String	jdk	java.base
br.com.sawcunhaos.organization.application.usecase.corporate.company.fiscal.cnae.FindAllCnaeUseCaseBean	java.lang.invoke.CallSite	jdk	java.base
br.com.sawcunhaos.organization.application.usecase.corporate.company.fiscal.cnae.FindAllCnaeUseCaseBean	java.lang.invoke.LambdaMetafactory	jdk	java.base
br.com.sawcunhaos.organization.application.usecase.corporate.company.fiscal.cnae.FindAllCnaeUseCaseBean	java.lang.invoke.MethodHandle	jdk	java.base
br.com.sawcunhaos.organization.application.usecase.corporate.company.fiscal.cnae.FindAllCnaeUseCaseBean	java.lang.invoke.MethodHandles	jdk	java.base
br.com.sawcunhaos.organization.application.usecase.corporate.company.fiscal.cnae.FindAllCnaeUseCaseBean	java.lang.invoke.MethodHandles$Lookup	jdk	java.base
br.com.sawcunhaos.organization.application.usecase.corporate.company.fiscal.cnae.FindAllCnaeUseCaseBean	java.lang.invoke.MethodType	jdk	java.base
br.com.sawcunhaos.organization.application.usecase.corporate.company.fiscal.cnae.FindAllCnaeUseCaseBean	java.util.List	jdk	java.base
br.com.sawcunhaos.organization.application.usecase.corporate.company.fiscal.cnae.FindAllCnaeUseCaseBean	java.util.function.Function	jdk	java.base
br.com.sawcunhaos.organization.application.usecase.corporate.company.fiscal.cnae.FindAllCnaeUseCaseBean	java.util.stream.Stream	jdk	java.base
br.com.sawcunhaos.organization.application.usecase.corporate.company.fiscal.cnae.FindAllCnaeUseCaseBean	org.slf4j.Logger	externo	slf4j-api-2.0.18.jar
br.com.sawcunhaos.organization.application.usecase.corporate.company.fiscal.cnae.FindAllCnaeUseCaseBean	org.slf4j.LoggerFactory	externo	slf4j-api-2.0.18.jar
br.com.sawcunhaos.organization.application.usecase.corporate.company.fiscal.cnae.FindAllCnaeUseCaseBean	org.springframework.data.domain.Page	externo	spring-data-commons-4.1.1.jar
br.com.sawcunhaos.organization.application.usecase.corporate.company.fiscal.cnae.FindAllCnaeUseCaseBean	org.springframework.data.domain.Pageable	externo	spring-data-commons-4.1.1.jar
br.com.sawcunhaos.organization.application.usecase.corporate.company.fiscal.cnae.FindAllCnaeUseCaseBean	org.springframework.stereotype.Service	externo	spring-context-7.0.9.jar
br.com.sawcunhaos.organization.application.usecase.corporate.company.fiscal.cnae.FindAllCnaeUseCaseBean	org.springframework.transaction.annotation.Transactional	externo	spring-tx-7.0.9.jar
br.com.sawcunhaos.organization.application.usecase.corporate.company.fiscal.cnae.FindCnaeUseCase	br.com.sawcunhaos.organization.api.dto.Cnae	interno	classes
br.com.sawcunhaos.organization.application.usecase.corporate.company.fiscal.cnae.FindCnaeUseCase	java.lang.Long	jdk	java.base
br.com.sawcunhaos.organization.application.usecase.corporate.company.fiscal.cnae.FindCnaeUseCase	java.lang.Object	jdk	java.base
br.com.sawcunhaos.organization.application.usecase.corporate.company.fiscal.cnae.FindCnaeUseCaseBean	br.com.sawcunhaos.organization.api.dto.Cnae	interno	classes
br.com.sawcunhaos.organization.application.usecase.corporate.company.fiscal.cnae.FindCnaeUseCaseBean	br.com.sawcunhaos.organization.application.usecase.corporate.company.fiscal.cnae.CnaeApiMapper	interno	classes
br.com.sawcunhaos.organization.application.usecase.corporate.company.fiscal.cnae.FindCnaeUseCaseBean	br.com.sawcunhaos.organization.application.usecase.corporate.company.fiscal.cnae.FindCnaeUseCase	interno	classes
br.com.sawcunhaos.organization.application.usecase.corporate.company.fiscal.cnae.FindCnaeUseCaseBean	br.com.sawcunhaos.organization.domain.corporate.company.dto.CnaeOutput	externo	flow-organization-domain-1.0.0-SNAPSHOT.jar
br.com.sawcunhaos.organization.application.usecase.corporate.company.fiscal.cnae.FindCnaeUseCaseBean	br.com.sawcunhaos.organization.domain.corporate.company.specification.CnaeService	externo	flow-organization-domain-1.0.0-SNAPSHOT.jar
br.com.sawcunhaos.organization.application.usecase.corporate.company.fiscal.cnae.FindCnaeUseCaseBean	java.lang.Class	jdk	java.base
br.com.sawcunhaos.organization.application.usecase.corporate.company.fiscal.cnae.FindCnaeUseCaseBean	java.lang.Long	jdk	java.base
br.com.sawcunhaos.organization.application.usecase.corporate.company.fiscal.cnae.FindCnaeUseCaseBean	java.lang.Object	jdk	java.base
br.com.sawcunhaos.organization.application.usecase.corporate.company.fiscal.cnae.FindCnaeUseCaseBean	java.lang.String	jdk	java.base
br.com.sawcunhaos.organization.application.usecase.corporate.company.fiscal.cnae.FindCnaeUseCaseBean	org.slf4j.Logger	externo	slf4j-api-2.0.18.jar
br.com.sawcunhaos.organization.application.usecase.corporate.company.fiscal.cnae.FindCnaeUseCaseBean	org.slf4j.LoggerFactory	externo	slf4j-api-2.0.18.jar
br.com.sawcunhaos.organization.application.usecase.corporate.company.fiscal.cnae.FindCnaeUseCaseBean	org.springframework.stereotype.Service	externo	spring-context-7.0.9.jar
br.com.sawcunhaos.organization.application.usecase.corporate.company.fiscal.cnae.FindCnaeUseCaseBean	org.springframework.transaction.annotation.Transactional	externo	spring-tx-7.0.9.jar
br.com.sawcunhaos.organization.application.usecase.corporate.company.fiscal.cnae.UpdateCnaeUseCase	br.com.sawcunhaos.organization.api.dto.UpdateCnaeRequest	interno	classes
br.com.sawcunhaos.organization.application.usecase.corporate.company.fiscal.cnae.UpdateCnaeUseCase	java.lang.Long	jdk	java.base
br.com.sawcunhaos.organization.application.usecase.corporate.company.fiscal.cnae.UpdateCnaeUseCase	java.lang.Object	jdk	java.base
br.com.sawcunhaos.organization.application.usecase.corporate.company.fiscal.cnae.UpdateCnaeUseCaseBean	br.com.sawcunhaos.organization.api.dto.UpdateCnaeRequest	interno	classes
br.com.sawcunhaos.organization.application.usecase.corporate.company.fiscal.cnae.UpdateCnaeUseCaseBean	br.com.sawcunhaos.organization.application.usecase.corporate.company.fiscal.cnae.UpdateCnaeUseCase	interno	classes
br.com.sawcunhaos.organization.application.usecase.corporate.company.fiscal.cnae.UpdateCnaeUseCaseBean	br.com.sawcunhaos.organization.domain.corporate.company.dto.CnaeInput	externo	flow-organization-domain-1.0.0-SNAPSHOT.jar
br.com.sawcunhaos.organization.application.usecase.corporate.company.fiscal.cnae.UpdateCnaeUseCaseBean	br.com.sawcunhaos.organization.domain.corporate.company.dto.CnaeInput$CnaeInputBuilder	externo	flow-organization-domain-1.0.0-SNAPSHOT.jar
br.com.sawcunhaos.organization.application.usecase.corporate.company.fiscal.cnae.UpdateCnaeUseCaseBean	br.com.sawcunhaos.organization.domain.corporate.company.specification.CnaeService	externo	flow-organization-domain-1.0.0-SNAPSHOT.jar
br.com.sawcunhaos.organization.application.usecase.corporate.company.fiscal.cnae.UpdateCnaeUseCaseBean	java.lang.Class	jdk	java.base
br.com.sawcunhaos.organization.application.usecase.corporate.company.fiscal.cnae.UpdateCnaeUseCaseBean	java.lang.Long	jdk	java.base
br.com.sawcunhaos.organization.application.usecase.corporate.company.fiscal.cnae.UpdateCnaeUseCaseBean	java.lang.Object	jdk	java.base
br.com.sawcunhaos.organization.application.usecase.corporate.company.fiscal.cnae.UpdateCnaeUseCaseBean	java.lang.String	jdk	java.base
br.com.sawcunhaos.organization.application.usecase.corporate.company.fiscal.cnae.UpdateCnaeUseCaseBean	org.slf4j.Logger	externo	slf4j-api-2.0.18.jar
br.com.sawcunhaos.organization.application.usecase.corporate.company.fiscal.cnae.UpdateCnaeUseCaseBean	org.slf4j.LoggerFactory	externo	slf4j-api-2.0.18.jar
br.com.sawcunhaos.organization.application.usecase.corporate.company.fiscal.cnae.UpdateCnaeUseCaseBean	org.springframework.stereotype.Service	externo	spring-context-7.0.9.jar
br.com.sawcunhaos.organization.application.usecase.corporate.company.fiscal.cnae.UpdateCnaeUseCaseBean	org.springframework.transaction.annotation.Transactional	externo	spring-tx-7.0.9.jar
br.com.sawcunhaos.organization.application.usecase.corporate.company.fiscal.legalnature.CreateLegalNatureUseCase	br.com.sawcunhaos.organization.api.dto.CreateLegalNatureRequest	interno	classes
br.com.sawcunhaos.organization.application.usecase.corporate.company.fiscal.legalnature.CreateLegalNatureUseCase	br.com.sawcunhaos.organization.api.dto.LegalNature	interno	classes
br.com.sawcunhaos.organization.application.usecase.corporate.company.fiscal.legalnature.CreateLegalNatureUseCase	java.lang.Object	jdk	java.base
br.com.sawcunhaos.organization.application.usecase.corporate.company.fiscal.legalnature.CreateLegalNatureUseCaseBean	br.com.sawcunhaos.organization.api.dto.CreateLegalNatureRequest	interno	classes
br.com.sawcunhaos.organization.application.usecase.corporate.company.fiscal.legalnature.CreateLegalNatureUseCaseBean	br.com.sawcunhaos.organization.api.dto.LegalNature	interno	classes
br.com.sawcunhaos.organization.application.usecase.corporate.company.fiscal.legalnature.CreateLegalNatureUseCaseBean	br.com.sawcunhaos.organization.application.usecase.corporate.company.fiscal.legalnature.CreateLegalNatureUseCase	interno	classes
br.com.sawcunhaos.organization.application.usecase.corporate.company.fiscal.legalnature.CreateLegalNatureUseCaseBean	br.com.sawcunhaos.organization.application.usecase.corporate.company.fiscal.legalnature.LegalNatureApiMapper	interno	classes
br.com.sawcunhaos.organization.application.usecase.corporate.company.fiscal.legalnature.CreateLegalNatureUseCaseBean	br.com.sawcunhaos.organization.domain.corporate.company.dto.LegalNatureInput	externo	flow-organization-domain-1.0.0-SNAPSHOT.jar
br.com.sawcunhaos.organization.application.usecase.corporate.company.fiscal.legalnature.CreateLegalNatureUseCaseBean	br.com.sawcunhaos.organization.domain.corporate.company.dto.LegalNatureInput$LegalNatureInputBuilder	externo	flow-organization-domain-1.0.0-SNAPSHOT.jar
br.com.sawcunhaos.organization.application.usecase.corporate.company.fiscal.legalnature.CreateLegalNatureUseCaseBean	br.com.sawcunhaos.organization.domain.corporate.company.dto.LegalNatureOutput	externo	flow-organization-domain-1.0.0-SNAPSHOT.jar
br.com.sawcunhaos.organization.application.usecase.corporate.company.fiscal.legalnature.CreateLegalNatureUseCaseBean	br.com.sawcunhaos.organization.domain.corporate.company.specification.LegalNatureService	externo	flow-organization-domain-1.0.0-SNAPSHOT.jar
br.com.sawcunhaos.organization.application.usecase.corporate.company.fiscal.legalnature.CreateLegalNatureUseCaseBean	java.lang.Class	jdk	java.base
br.com.sawcunhaos.organization.application.usecase.corporate.company.fiscal.legalnature.CreateLegalNatureUseCaseBean	java.lang.Object	jdk	java.base
br.com.sawcunhaos.organization.application.usecase.corporate.company.fiscal.legalnature.CreateLegalNatureUseCaseBean	java.lang.String	jdk	java.base
br.com.sawcunhaos.organization.application.usecase.corporate.company.fiscal.legalnature.CreateLegalNatureUseCaseBean	org.slf4j.Logger	externo	slf4j-api-2.0.18.jar
br.com.sawcunhaos.organization.application.usecase.corporate.company.fiscal.legalnature.CreateLegalNatureUseCaseBean	org.slf4j.LoggerFactory	externo	slf4j-api-2.0.18.jar
br.com.sawcunhaos.organization.application.usecase.corporate.company.fiscal.legalnature.CreateLegalNatureUseCaseBean	org.springframework.stereotype.Service	externo	spring-context-7.0.9.jar
br.com.sawcunhaos.organization.application.usecase.corporate.company.fiscal.legalnature.CreateLegalNatureUseCaseBean	org.springframework.transaction.annotation.Transactional	externo	spring-tx-7.0.9.jar
br.com.sawcunhaos.organization.application.usecase.corporate.company.fiscal.legalnature.DeleteLegalNatureUseCase	java.lang.Long	jdk	java.base
br.com.sawcunhaos.organization.application.usecase.corporate.company.fiscal.legalnature.DeleteLegalNatureUseCase	java.lang.Object	jdk	java.base
br.com.sawcunhaos.organization.application.usecase.corporate.company.fiscal.legalnature.DeleteLegalNatureUseCaseBean	br.com.sawcunhaos.organization.application.usecase.corporate.company.fiscal.legalnature.DeleteLegalNatureUseCase	interno	classes
br.com.sawcunhaos.organization.application.usecase.corporate.company.fiscal.legalnature.DeleteLegalNatureUseCaseBean	br.com.sawcunhaos.organization.domain.corporate.company.specification.LegalNatureService	externo	flow-organization-domain-1.0.0-SNAPSHOT.jar
br.com.sawcunhaos.organization.application.usecase.corporate.company.fiscal.legalnature.DeleteLegalNatureUseCaseBean	java.lang.Class	jdk	java.base
br.com.sawcunhaos.organization.application.usecase.corporate.company.fiscal.legalnature.DeleteLegalNatureUseCaseBean	java.lang.Long	jdk	java.base
br.com.sawcunhaos.organization.application.usecase.corporate.company.fiscal.legalnature.DeleteLegalNatureUseCaseBean	java.lang.Object	jdk	java.base
br.com.sawcunhaos.organization.application.usecase.corporate.company.fiscal.legalnature.DeleteLegalNatureUseCaseBean	java.lang.String	jdk	java.base
br.com.sawcunhaos.organization.application.usecase.corporate.company.fiscal.legalnature.DeleteLegalNatureUseCaseBean	org.slf4j.Logger	externo	slf4j-api-2.0.18.jar
br.com.sawcunhaos.organization.application.usecase.corporate.company.fiscal.legalnature.DeleteLegalNatureUseCaseBean	org.slf4j.LoggerFactory	externo	slf4j-api-2.0.18.jar
br.com.sawcunhaos.organization.application.usecase.corporate.company.fiscal.legalnature.DeleteLegalNatureUseCaseBean	org.springframework.stereotype.Service	externo	spring-context-7.0.9.jar
br.com.sawcunhaos.organization.application.usecase.corporate.company.fiscal.legalnature.DeleteLegalNatureUseCaseBean	org.springframework.transaction.annotation.Transactional	externo	spring-tx-7.0.9.jar
br.com.sawcunhaos.organization.application.usecase.corporate.company.fiscal.legalnature.FindAllLegalNatureUseCase	br.com.sawcunhaos.organization.api.dto.GetAllLegalNaturesResponse	interno	classes
br.com.sawcunhaos.organization.application.usecase.corporate.company.fiscal.legalnature.FindAllLegalNatureUseCase	br.com.sawcunhaos.organization.api.dto.PaginationFilter	interno	classes
br.com.sawcunhaos.organization.application.usecase.corporate.company.fiscal.legalnature.FindAllLegalNatureUseCase	java.lang.Object	jdk	java.base
br.com.sawcunhaos.organization.application.usecase.corporate.company.fiscal.legalnature.FindAllLegalNatureUseCaseBean	br.com.sawcunhaos.organization.api.dto.Direction	interno	classes
br.com.sawcunhaos.organization.application.usecase.corporate.company.fiscal.legalnature.FindAllLegalNatureUseCaseBean	br.com.sawcunhaos.organization.api.dto.GetAllLegalNaturesResponse	interno	classes
br.com.sawcunhaos.organization.application.usecase.corporate.company.fiscal.legalnature.FindAllLegalNatureUseCaseBean	br.com.sawcunhaos.organization.api.dto.GetAllLegalNaturesResponse$GetAllLegalNaturesResponseBuilder	interno	classes
br.com.sawcunhaos.organization.application.usecase.corporate.company.fiscal.legalnature.FindAllLegalNatureUseCaseBean	br.com.sawcunhaos.organization.api.dto.LegalNature	interno	classes
br.com.sawcunhaos.organization.application.usecase.corporate.company.fiscal.legalnature.FindAllLegalNatureUseCaseBean	br.com.sawcunhaos.organization.api.dto.PaginationFilter	interno	classes
br.com.sawcunhaos.organization.application.usecase.corporate.company.fiscal.legalnature.FindAllLegalNatureUseCaseBean	br.com.sawcunhaos.organization.api.dto.ScosPaginated	interno	classes
br.com.sawcunhaos.organization.application.usecase.corporate.company.fiscal.legalnature.FindAllLegalNatureUseCaseBean	br.com.sawcunhaos.organization.application.usecase.corporate.company.fiscal.legalnature.FindAllLegalNatureUseCase	interno	classes
br.com.sawcunhaos.organization.application.usecase.corporate.company.fiscal.legalnature.FindAllLegalNatureUseCaseBean	br.com.sawcunhaos.organization.application.usecase.corporate.company.fiscal.legalnature.LegalNatureApiMapper	interno	classes
br.com.sawcunhaos.organization.application.usecase.corporate.company.fiscal.legalnature.FindAllLegalNatureUseCaseBean	br.com.sawcunhaos.organization.application.usecase.utils.PaginatioUtils	interno	classes
br.com.sawcunhaos.organization.application.usecase.corporate.company.fiscal.legalnature.FindAllLegalNatureUseCaseBean	br.com.sawcunhaos.organization.domain.corporate.company.dto.LegalNatureOutput	externo	flow-organization-domain-1.0.0-SNAPSHOT.jar
br.com.sawcunhaos.organization.application.usecase.corporate.company.fiscal.legalnature.FindAllLegalNatureUseCaseBean	br.com.sawcunhaos.organization.domain.corporate.company.specification.LegalNatureService	externo	flow-organization-domain-1.0.0-SNAPSHOT.jar
br.com.sawcunhaos.organization.application.usecase.corporate.company.fiscal.legalnature.FindAllLegalNatureUseCaseBean	java.lang.Class	jdk	java.base
br.com.sawcunhaos.organization.application.usecase.corporate.company.fiscal.legalnature.FindAllLegalNatureUseCaseBean	java.lang.Integer	jdk	java.base
br.com.sawcunhaos.organization.application.usecase.corporate.company.fiscal.legalnature.FindAllLegalNatureUseCaseBean	java.lang.Object	jdk	java.base
br.com.sawcunhaos.organization.application.usecase.corporate.company.fiscal.legalnature.FindAllLegalNatureUseCaseBean	java.lang.String	jdk	java.base
br.com.sawcunhaos.organization.application.usecase.corporate.company.fiscal.legalnature.FindAllLegalNatureUseCaseBean	java.lang.invoke.CallSite	jdk	java.base
br.com.sawcunhaos.organization.application.usecase.corporate.company.fiscal.legalnature.FindAllLegalNatureUseCaseBean	java.lang.invoke.LambdaMetafactory	jdk	java.base
br.com.sawcunhaos.organization.application.usecase.corporate.company.fiscal.legalnature.FindAllLegalNatureUseCaseBean	java.lang.invoke.MethodHandle	jdk	java.base
br.com.sawcunhaos.organization.application.usecase.corporate.company.fiscal.legalnature.FindAllLegalNatureUseCaseBean	java.lang.invoke.MethodHandles	jdk	java.base
br.com.sawcunhaos.organization.application.usecase.corporate.company.fiscal.legalnature.FindAllLegalNatureUseCaseBean	java.lang.invoke.MethodHandles$Lookup	jdk	java.base
br.com.sawcunhaos.organization.application.usecase.corporate.company.fiscal.legalnature.FindAllLegalNatureUseCaseBean	java.lang.invoke.MethodType	jdk	java.base
br.com.sawcunhaos.organization.application.usecase.corporate.company.fiscal.legalnature.FindAllLegalNatureUseCaseBean	java.util.List	jdk	java.base
br.com.sawcunhaos.organization.application.usecase.corporate.company.fiscal.legalnature.FindAllLegalNatureUseCaseBean	java.util.function.Function	jdk	java.base
br.com.sawcunhaos.organization.application.usecase.corporate.company.fiscal.legalnature.FindAllLegalNatureUseCaseBean	java.util.stream.Stream	jdk	java.base
br.com.sawcunhaos.organization.application.usecase.corporate.company.fiscal.legalnature.FindAllLegalNatureUseCaseBean	org.slf4j.Logger	externo	slf4j-api-2.0.18.jar
br.com.sawcunhaos.organization.application.usecase.corporate.company.fiscal.legalnature.FindAllLegalNatureUseCaseBean	org.slf4j.LoggerFactory	externo	slf4j-api-2.0.18.jar
br.com.sawcunhaos.organization.application.usecase.corporate.company.fiscal.legalnature.FindAllLegalNatureUseCaseBean	org.springframework.data.domain.Page	externo	spring-data-commons-4.1.1.jar
br.com.sawcunhaos.organization.application.usecase.corporate.company.fiscal.legalnature.FindAllLegalNatureUseCaseBean	org.springframework.data.domain.Pageable	externo	spring-data-commons-4.1.1.jar
br.com.sawcunhaos.organization.application.usecase.corporate.company.fiscal.legalnature.FindAllLegalNatureUseCaseBean	org.springframework.stereotype.Service	externo	spring-context-7.0.9.jar
br.com.sawcunhaos.organization.application.usecase.corporate.company.fiscal.legalnature.FindAllLegalNatureUseCaseBean	org.springframework.transaction.annotation.Transactional	externo	spring-tx-7.0.9.jar
br.com.sawcunhaos.organization.application.usecase.corporate.company.fiscal.legalnature.FindLegalNatureUseCase	br.com.sawcunhaos.organization.api.dto.LegalNature	interno	classes
br.com.sawcunhaos.organization.application.usecase.corporate.company.fiscal.legalnature.FindLegalNatureUseCase	java.lang.Long	jdk	java.base
br.com.sawcunhaos.organization.application.usecase.corporate.company.fiscal.legalnature.FindLegalNatureUseCase	java.lang.Object	jdk	java.base
br.com.sawcunhaos.organization.application.usecase.corporate.company.fiscal.legalnature.FindLegalNatureUseCaseBean	br.com.sawcunhaos.organization.api.dto.LegalNature	interno	classes
br.com.sawcunhaos.organization.application.usecase.corporate.company.fiscal.legalnature.FindLegalNatureUseCaseBean	br.com.sawcunhaos.organization.application.usecase.corporate.company.fiscal.legalnature.FindLegalNatureUseCase	interno	classes
br.com.sawcunhaos.organization.application.usecase.corporate.company.fiscal.legalnature.FindLegalNatureUseCaseBean	br.com.sawcunhaos.organization.application.usecase.corporate.company.fiscal.legalnature.LegalNatureApiMapper	interno	classes
br.com.sawcunhaos.organization.application.usecase.corporate.company.fiscal.legalnature.FindLegalNatureUseCaseBean	br.com.sawcunhaos.organization.domain.corporate.company.dto.LegalNatureOutput	externo	flow-organization-domain-1.0.0-SNAPSHOT.jar
br.com.sawcunhaos.organization.application.usecase.corporate.company.fiscal.legalnature.FindLegalNatureUseCaseBean	br.com.sawcunhaos.organization.domain.corporate.company.specification.LegalNatureService	externo	flow-organization-domain-1.0.0-SNAPSHOT.jar
br.com.sawcunhaos.organization.application.usecase.corporate.company.fiscal.legalnature.FindLegalNatureUseCaseBean	java.lang.Class	jdk	java.base
br.com.sawcunhaos.organization.application.usecase.corporate.company.fiscal.legalnature.FindLegalNatureUseCaseBean	java.lang.Long	jdk	java.base
br.com.sawcunhaos.organization.application.usecase.corporate.company.fiscal.legalnature.FindLegalNatureUseCaseBean	java.lang.Object	jdk	java.base
br.com.sawcunhaos.organization.application.usecase.corporate.company.fiscal.legalnature.FindLegalNatureUseCaseBean	java.lang.String	jdk	java.base
br.com.sawcunhaos.organization.application.usecase.corporate.company.fiscal.legalnature.FindLegalNatureUseCaseBean	org.slf4j.Logger	externo	slf4j-api-2.0.18.jar
br.com.sawcunhaos.organization.application.usecase.corporate.company.fiscal.legalnature.FindLegalNatureUseCaseBean	org.slf4j.LoggerFactory	externo	slf4j-api-2.0.18.jar
br.com.sawcunhaos.organization.application.usecase.corporate.company.fiscal.legalnature.FindLegalNatureUseCaseBean	org.springframework.stereotype.Service	externo	spring-context-7.0.9.jar
br.com.sawcunhaos.organization.application.usecase.corporate.company.fiscal.legalnature.FindLegalNatureUseCaseBean	org.springframework.transaction.annotation.Transactional	externo	spring-tx-7.0.9.jar
br.com.sawcunhaos.organization.application.usecase.corporate.company.fiscal.legalnature.LegalNatureApiMapper	br.com.sawcunhaos.organization.api.dto.LegalNature	interno	classes
br.com.sawcunhaos.organization.application.usecase.corporate.company.fiscal.legalnature.LegalNatureApiMapper	br.com.sawcunhaos.organization.api.dto.LegalNature$LegalNatureBuilder	interno	classes
br.com.sawcunhaos.organization.application.usecase.corporate.company.fiscal.legalnature.LegalNatureApiMapper	br.com.sawcunhaos.organization.domain.corporate.company.dto.LegalNatureOutput	externo	flow-organization-domain-1.0.0-SNAPSHOT.jar
br.com.sawcunhaos.organization.application.usecase.corporate.company.fiscal.legalnature.LegalNatureApiMapper	java.lang.Long	jdk	java.base
br.com.sawcunhaos.organization.application.usecase.corporate.company.fiscal.legalnature.LegalNatureApiMapper	java.lang.Object	jdk	java.base
br.com.sawcunhaos.organization.application.usecase.corporate.company.fiscal.legalnature.LegalNatureApiMapper	java.lang.String	jdk	java.base
br.com.sawcunhaos.organization.application.usecase.corporate.company.fiscal.legalnature.UpdateLegalNatureUseCase	br.com.sawcunhaos.organization.api.dto.UpdateLegalNatureRequest	interno	classes
br.com.sawcunhaos.organization.application.usecase.corporate.company.fiscal.legalnature.UpdateLegalNatureUseCase	java.lang.Long	jdk	java.base
br.com.sawcunhaos.organization.application.usecase.corporate.company.fiscal.legalnature.UpdateLegalNatureUseCase	java.lang.Object	jdk	java.base
br.com.sawcunhaos.organization.application.usecase.corporate.company.fiscal.legalnature.UpdateLegalNatureUseCaseBean	br.com.sawcunhaos.organization.api.dto.UpdateLegalNatureRequest	interno	classes
br.com.sawcunhaos.organization.application.usecase.corporate.company.fiscal.legalnature.UpdateLegalNatureUseCaseBean	br.com.sawcunhaos.organization.application.usecase.corporate.company.fiscal.legalnature.UpdateLegalNatureUseCase	interno	classes
br.com.sawcunhaos.organization.application.usecase.corporate.company.fiscal.legalnature.UpdateLegalNatureUseCaseBean	br.com.sawcunhaos.organization.domain.corporate.company.dto.LegalNatureInput	externo	flow-organization-domain-1.0.0-SNAPSHOT.jar
br.com.sawcunhaos.organization.application.usecase.corporate.company.fiscal.legalnature.UpdateLegalNatureUseCaseBean	br.com.sawcunhaos.organization.domain.corporate.company.dto.LegalNatureInput$LegalNatureInputBuilder	externo	flow-organization-domain-1.0.0-SNAPSHOT.jar
br.com.sawcunhaos.organization.application.usecase.corporate.company.fiscal.legalnature.UpdateLegalNatureUseCaseBean	br.com.sawcunhaos.organization.domain.corporate.company.specification.LegalNatureService	externo	flow-organization-domain-1.0.0-SNAPSHOT.jar
br.com.sawcunhaos.organization.application.usecase.corporate.company.fiscal.legalnature.UpdateLegalNatureUseCaseBean	java.lang.Class	jdk	java.base
br.com.sawcunhaos.organization.application.usecase.corporate.company.fiscal.legalnature.UpdateLegalNatureUseCaseBean	java.lang.Long	jdk	java.base
br.com.sawcunhaos.organization.application.usecase.corporate.company.fiscal.legalnature.UpdateLegalNatureUseCaseBean	java.lang.Object	jdk	java.base
br.com.sawcunhaos.organization.application.usecase.corporate.company.fiscal.legalnature.UpdateLegalNatureUseCaseBean	java.lang.String	jdk	java.base
br.com.sawcunhaos.organization.application.usecase.corporate.company.fiscal.legalnature.UpdateLegalNatureUseCaseBean	org.slf4j.Logger	externo	slf4j-api-2.0.18.jar
br.com.sawcunhaos.organization.application.usecase.corporate.company.fiscal.legalnature.UpdateLegalNatureUseCaseBean	org.slf4j.LoggerFactory	externo	slf4j-api-2.0.18.jar
br.com.sawcunhaos.organization.application.usecase.corporate.company.fiscal.legalnature.UpdateLegalNatureUseCaseBean	org.springframework.stereotype.Service	externo	spring-context-7.0.9.jar
br.com.sawcunhaos.organization.application.usecase.corporate.company.fiscal.legalnature.UpdateLegalNatureUseCaseBean	org.springframework.transaction.annotation.Transactional	externo	spring-tx-7.0.9.jar
br.com.sawcunhaos.organization.application.usecase.corporate.department.CreateDepartmentUseCase	br.com.sawcunhaos.organization.api.dto.CreateDepartmentRequest	interno	classes
br.com.sawcunhaos.organization.application.usecase.corporate.department.CreateDepartmentUseCase	br.com.sawcunhaos.organization.api.dto.Department	interno	classes
br.com.sawcunhaos.organization.application.usecase.corporate.department.CreateDepartmentUseCase	java.lang.Object	jdk	java.base
br.com.sawcunhaos.organization.application.usecase.corporate.department.CreateDepartmentUseCaseBean	br.com.sawcunhaos.organization.api.dto.CreateDepartmentRequest	interno	classes
br.com.sawcunhaos.organization.application.usecase.corporate.department.CreateDepartmentUseCaseBean	br.com.sawcunhaos.organization.api.dto.Department	interno	classes
br.com.sawcunhaos.organization.application.usecase.corporate.department.CreateDepartmentUseCaseBean	br.com.sawcunhaos.organization.api.dto.Department$DepartmentBuilder	interno	classes
br.com.sawcunhaos.organization.application.usecase.corporate.department.CreateDepartmentUseCaseBean	br.com.sawcunhaos.organization.application.usecase.corporate.department.CreateDepartmentUseCase	interno	classes
br.com.sawcunhaos.organization.application.usecase.corporate.department.CreateDepartmentUseCaseBean	br.com.sawcunhaos.organization.domain.corporate.department.dto.DepartmentInput	externo	flow-organization-domain-1.0.0-SNAPSHOT.jar
br.com.sawcunhaos.organization.application.usecase.corporate.department.CreateDepartmentUseCaseBean	br.com.sawcunhaos.organization.domain.corporate.department.dto.DepartmentInput$DepartmentInputBuilder	externo	flow-organization-domain-1.0.0-SNAPSHOT.jar
br.com.sawcunhaos.organization.application.usecase.corporate.department.CreateDepartmentUseCaseBean	br.com.sawcunhaos.organization.domain.corporate.department.dto.DepartmentOutput	externo	flow-organization-domain-1.0.0-SNAPSHOT.jar
br.com.sawcunhaos.organization.application.usecase.corporate.department.CreateDepartmentUseCaseBean	br.com.sawcunhaos.organization.domain.corporate.department.specification.DepartmentService	externo	flow-organization-domain-1.0.0-SNAPSHOT.jar
br.com.sawcunhaos.organization.application.usecase.corporate.department.CreateDepartmentUseCaseBean	java.lang.Boolean	jdk	java.base
br.com.sawcunhaos.organization.application.usecase.corporate.department.CreateDepartmentUseCaseBean	java.lang.Class	jdk	java.base
br.com.sawcunhaos.organization.application.usecase.corporate.department.CreateDepartmentUseCaseBean	java.lang.Long	jdk	java.base
br.com.sawcunhaos.organization.application.usecase.corporate.department.CreateDepartmentUseCaseBean	java.lang.Object	jdk	java.base
br.com.sawcunhaos.organization.application.usecase.corporate.department.CreateDepartmentUseCaseBean	java.lang.String	jdk	java.base
br.com.sawcunhaos.organization.application.usecase.corporate.department.CreateDepartmentUseCaseBean	org.slf4j.Logger	externo	slf4j-api-2.0.18.jar
br.com.sawcunhaos.organization.application.usecase.corporate.department.CreateDepartmentUseCaseBean	org.slf4j.LoggerFactory	externo	slf4j-api-2.0.18.jar
br.com.sawcunhaos.organization.application.usecase.corporate.department.CreateDepartmentUseCaseBean	org.springframework.stereotype.Service	externo	spring-context-7.0.9.jar
br.com.sawcunhaos.organization.application.usecase.corporate.department.CreateDepartmentUseCaseBean	org.springframework.transaction.annotation.Transactional	externo	spring-tx-7.0.9.jar
br.com.sawcunhaos.organization.application.usecase.corporate.department.DisableDepartmentUseCase	java.lang.Long	jdk	java.base
br.com.sawcunhaos.organization.application.usecase.corporate.department.DisableDepartmentUseCase	java.lang.Object	jdk	java.base
br.com.sawcunhaos.organization.application.usecase.corporate.department.DisableDepartmentUseCaseBean	br.com.sawcunhaos.organization.application.usecase.corporate.department.DisableDepartmentUseCase	interno	classes
br.com.sawcunhaos.organization.application.usecase.corporate.department.DisableDepartmentUseCaseBean	br.com.sawcunhaos.organization.domain.corporate.department.specification.DepartmentService	externo	flow-organization-domain-1.0.0-SNAPSHOT.jar
br.com.sawcunhaos.organization.application.usecase.corporate.department.DisableDepartmentUseCaseBean	java.lang.Class	jdk	java.base
br.com.sawcunhaos.organization.application.usecase.corporate.department.DisableDepartmentUseCaseBean	java.lang.Long	jdk	java.base
br.com.sawcunhaos.organization.application.usecase.corporate.department.DisableDepartmentUseCaseBean	java.lang.Object	jdk	java.base
br.com.sawcunhaos.organization.application.usecase.corporate.department.DisableDepartmentUseCaseBean	java.lang.String	jdk	java.base
br.com.sawcunhaos.organization.application.usecase.corporate.department.DisableDepartmentUseCaseBean	org.slf4j.Logger	externo	slf4j-api-2.0.18.jar
br.com.sawcunhaos.organization.application.usecase.corporate.department.DisableDepartmentUseCaseBean	org.slf4j.LoggerFactory	externo	slf4j-api-2.0.18.jar
br.com.sawcunhaos.organization.application.usecase.corporate.department.DisableDepartmentUseCaseBean	org.springframework.stereotype.Service	externo	spring-context-7.0.9.jar
br.com.sawcunhaos.organization.application.usecase.corporate.department.DisableDepartmentUseCaseBean	org.springframework.transaction.annotation.Transactional	externo	spring-tx-7.0.9.jar
br.com.sawcunhaos.organization.application.usecase.corporate.department.EnableDepartmentUseCase	java.lang.Long	jdk	java.base
br.com.sawcunhaos.organization.application.usecase.corporate.department.EnableDepartmentUseCase	java.lang.Object	jdk	java.base
br.com.sawcunhaos.organization.application.usecase.corporate.department.EnableDepartmentUseCaseBean	br.com.sawcunhaos.organization.application.usecase.corporate.department.EnableDepartmentUseCase	interno	classes
br.com.sawcunhaos.organization.application.usecase.corporate.department.EnableDepartmentUseCaseBean	br.com.sawcunhaos.organization.domain.corporate.department.specification.DepartmentService	externo	flow-organization-domain-1.0.0-SNAPSHOT.jar
br.com.sawcunhaos.organization.application.usecase.corporate.department.EnableDepartmentUseCaseBean	java.lang.Class	jdk	java.base
br.com.sawcunhaos.organization.application.usecase.corporate.department.EnableDepartmentUseCaseBean	java.lang.Long	jdk	java.base
br.com.sawcunhaos.organization.application.usecase.corporate.department.EnableDepartmentUseCaseBean	java.lang.Object	jdk	java.base
br.com.sawcunhaos.organization.application.usecase.corporate.department.EnableDepartmentUseCaseBean	java.lang.String	jdk	java.base
br.com.sawcunhaos.organization.application.usecase.corporate.department.EnableDepartmentUseCaseBean	org.slf4j.Logger	externo	slf4j-api-2.0.18.jar
br.com.sawcunhaos.organization.application.usecase.corporate.department.EnableDepartmentUseCaseBean	org.slf4j.LoggerFactory	externo	slf4j-api-2.0.18.jar
br.com.sawcunhaos.organization.application.usecase.corporate.department.EnableDepartmentUseCaseBean	org.springframework.stereotype.Service	externo	spring-context-7.0.9.jar
br.com.sawcunhaos.organization.application.usecase.corporate.department.EnableDepartmentUseCaseBean	org.springframework.transaction.annotation.Transactional	externo	spring-tx-7.0.9.jar
br.com.sawcunhaos.organization.application.usecase.corporate.department.FindAllDepartmentUseCase	br.com.sawcunhaos.organization.api.dto.GetAllDepartmentsResponse	interno	classes
br.com.sawcunhaos.organization.application.usecase.corporate.department.FindAllDepartmentUseCase	br.com.sawcunhaos.organization.api.dto.PaginationFilter	interno	classes
br.com.sawcunhaos.organization.application.usecase.corporate.department.FindAllDepartmentUseCase	java.lang.Boolean	jdk	java.base
br.com.sawcunhaos.organization.application.usecase.corporate.department.FindAllDepartmentUseCase	java.lang.Object	jdk	java.base
br.com.sawcunhaos.organization.application.usecase.corporate.department.FindAllDepartmentUseCaseBean	br.com.sawcunhaos.organization.api.dto.Department	interno	classes
br.com.sawcunhaos.organization.application.usecase.corporate.department.FindAllDepartmentUseCaseBean	br.com.sawcunhaos.organization.api.dto.Department$DepartmentBuilder	interno	classes
br.com.sawcunhaos.organization.application.usecase.corporate.department.FindAllDepartmentUseCaseBean	br.com.sawcunhaos.organization.api.dto.Direction	interno	classes
br.com.sawcunhaos.organization.application.usecase.corporate.department.FindAllDepartmentUseCaseBean	br.com.sawcunhaos.organization.api.dto.GetAllDepartmentsResponse	interno	classes
br.com.sawcunhaos.organization.application.usecase.corporate.department.FindAllDepartmentUseCaseBean	br.com.sawcunhaos.organization.api.dto.GetAllDepartmentsResponse$GetAllDepartmentsResponseBuilder	interno	classes
br.com.sawcunhaos.organization.application.usecase.corporate.department.FindAllDepartmentUseCaseBean	br.com.sawcunhaos.organization.api.dto.PaginationFilter	interno	classes
br.com.sawcunhaos.organization.application.usecase.corporate.department.FindAllDepartmentUseCaseBean	br.com.sawcunhaos.organization.api.dto.ScosPaginated	interno	classes
br.com.sawcunhaos.organization.application.usecase.corporate.department.FindAllDepartmentUseCaseBean	br.com.sawcunhaos.organization.application.usecase.corporate.department.FindAllDepartmentUseCase	interno	classes
br.com.sawcunhaos.organization.application.usecase.corporate.department.FindAllDepartmentUseCaseBean	br.com.sawcunhaos.organization.application.usecase.utils.PaginatioUtils	interno	classes
br.com.sawcunhaos.organization.application.usecase.corporate.department.FindAllDepartmentUseCaseBean	br.com.sawcunhaos.organization.domain.corporate.department.dto.DepartmentOutput	externo	flow-organization-domain-1.0.0-SNAPSHOT.jar
br.com.sawcunhaos.organization.application.usecase.corporate.department.FindAllDepartmentUseCaseBean	br.com.sawcunhaos.organization.domain.corporate.department.specification.DepartmentService	externo	flow-organization-domain-1.0.0-SNAPSHOT.jar
br.com.sawcunhaos.organization.application.usecase.corporate.department.FindAllDepartmentUseCaseBean	java.lang.Boolean	jdk	java.base
br.com.sawcunhaos.organization.application.usecase.corporate.department.FindAllDepartmentUseCaseBean	java.lang.Class	jdk	java.base
br.com.sawcunhaos.organization.application.usecase.corporate.department.FindAllDepartmentUseCaseBean	java.lang.Integer	jdk	java.base
br.com.sawcunhaos.organization.application.usecase.corporate.department.FindAllDepartmentUseCaseBean	java.lang.Long	jdk	java.base
br.com.sawcunhaos.organization.application.usecase.corporate.department.FindAllDepartmentUseCaseBean	java.lang.Object	jdk	java.base
br.com.sawcunhaos.organization.application.usecase.corporate.department.FindAllDepartmentUseCaseBean	java.lang.String	jdk	java.base
br.com.sawcunhaos.organization.application.usecase.corporate.department.FindAllDepartmentUseCaseBean	java.lang.invoke.CallSite	jdk	java.base
br.com.sawcunhaos.organization.application.usecase.corporate.department.FindAllDepartmentUseCaseBean	java.lang.invoke.LambdaMetafactory	jdk	java.base
br.com.sawcunhaos.organization.application.usecase.corporate.department.FindAllDepartmentUseCaseBean	java.lang.invoke.MethodHandle	jdk	java.base
br.com.sawcunhaos.organization.application.usecase.corporate.department.FindAllDepartmentUseCaseBean	java.lang.invoke.MethodHandles	jdk	java.base
br.com.sawcunhaos.organization.application.usecase.corporate.department.FindAllDepartmentUseCaseBean	java.lang.invoke.MethodHandles$Lookup	jdk	java.base
br.com.sawcunhaos.organization.application.usecase.corporate.department.FindAllDepartmentUseCaseBean	java.lang.invoke.MethodType	jdk	java.base
br.com.sawcunhaos.organization.application.usecase.corporate.department.FindAllDepartmentUseCaseBean	java.util.List	jdk	java.base
br.com.sawcunhaos.organization.application.usecase.corporate.department.FindAllDepartmentUseCaseBean	java.util.function.Function	jdk	java.base
br.com.sawcunhaos.organization.application.usecase.corporate.department.FindAllDepartmentUseCaseBean	java.util.stream.Stream	jdk	java.base
br.com.sawcunhaos.organization.application.usecase.corporate.department.FindAllDepartmentUseCaseBean	org.slf4j.Logger	externo	slf4j-api-2.0.18.jar
br.com.sawcunhaos.organization.application.usecase.corporate.department.FindAllDepartmentUseCaseBean	org.slf4j.LoggerFactory	externo	slf4j-api-2.0.18.jar
br.com.sawcunhaos.organization.application.usecase.corporate.department.FindAllDepartmentUseCaseBean	org.springframework.data.domain.Page	externo	spring-data-commons-4.1.1.jar
br.com.sawcunhaos.organization.application.usecase.corporate.department.FindAllDepartmentUseCaseBean	org.springframework.data.domain.Pageable	externo	spring-data-commons-4.1.1.jar
br.com.sawcunhaos.organization.application.usecase.corporate.department.FindAllDepartmentUseCaseBean	org.springframework.stereotype.Service	externo	spring-context-7.0.9.jar
br.com.sawcunhaos.organization.application.usecase.corporate.department.FindAllDepartmentUseCaseBean	org.springframework.transaction.annotation.Transactional	externo	spring-tx-7.0.9.jar
br.com.sawcunhaos.organization.application.usecase.corporate.department.FindDepartmentUseCase	br.com.sawcunhaos.organization.api.dto.Department	interno	classes
br.com.sawcunhaos.organization.application.usecase.corporate.department.FindDepartmentUseCase	java.lang.Long	jdk	java.base
br.com.sawcunhaos.organization.application.usecase.corporate.department.FindDepartmentUseCase	java.lang.Object	jdk	java.base
br.com.sawcunhaos.organization.application.usecase.corporate.department.FindDepartmentUseCaseBean	br.com.sawcunhaos.organization.api.dto.Department	interno	classes
br.com.sawcunhaos.organization.application.usecase.corporate.department.FindDepartmentUseCaseBean	br.com.sawcunhaos.organization.api.dto.Department$DepartmentBuilder	interno	classes
br.com.sawcunhaos.organization.application.usecase.corporate.department.FindDepartmentUseCaseBean	br.com.sawcunhaos.organization.application.usecase.corporate.department.FindDepartmentUseCase	interno	classes
br.com.sawcunhaos.organization.application.usecase.corporate.department.FindDepartmentUseCaseBean	br.com.sawcunhaos.organization.domain.corporate.department.dto.DepartmentOutput	externo	flow-organization-domain-1.0.0-SNAPSHOT.jar
br.com.sawcunhaos.organization.application.usecase.corporate.department.FindDepartmentUseCaseBean	br.com.sawcunhaos.organization.domain.corporate.department.specification.DepartmentService	externo	flow-organization-domain-1.0.0-SNAPSHOT.jar
br.com.sawcunhaos.organization.application.usecase.corporate.department.FindDepartmentUseCaseBean	java.lang.Boolean	jdk	java.base
br.com.sawcunhaos.organization.application.usecase.corporate.department.FindDepartmentUseCaseBean	java.lang.Class	jdk	java.base
br.com.sawcunhaos.organization.application.usecase.corporate.department.FindDepartmentUseCaseBean	java.lang.Long	jdk	java.base
br.com.sawcunhaos.organization.application.usecase.corporate.department.FindDepartmentUseCaseBean	java.lang.Object	jdk	java.base
br.com.sawcunhaos.organization.application.usecase.corporate.department.FindDepartmentUseCaseBean	java.lang.String	jdk	java.base
br.com.sawcunhaos.organization.application.usecase.corporate.department.FindDepartmentUseCaseBean	org.slf4j.Logger	externo	slf4j-api-2.0.18.jar
br.com.sawcunhaos.organization.application.usecase.corporate.department.FindDepartmentUseCaseBean	org.slf4j.LoggerFactory	externo	slf4j-api-2.0.18.jar
br.com.sawcunhaos.organization.application.usecase.corporate.department.FindDepartmentUseCaseBean	org.springframework.stereotype.Service	externo	spring-context-7.0.9.jar
br.com.sawcunhaos.organization.application.usecase.corporate.department.FindDepartmentUseCaseBean	org.springframework.transaction.annotation.Transactional	externo	spring-tx-7.0.9.jar
br.com.sawcunhaos.organization.application.usecase.corporate.department.UpdateDepartmentUseCase	br.com.sawcunhaos.organization.api.dto.UpdateDepartmentRequest	interno	classes
br.com.sawcunhaos.organization.application.usecase.corporate.department.UpdateDepartmentUseCase	java.lang.Long	jdk	java.base
br.com.sawcunhaos.organization.application.usecase.corporate.department.UpdateDepartmentUseCase	java.lang.Object	jdk	java.base
br.com.sawcunhaos.organization.application.usecase.corporate.department.UpdateDepartmentUseCaseBean	br.com.sawcunhaos.organization.api.dto.UpdateDepartmentRequest	interno	classes
br.com.sawcunhaos.organization.application.usecase.corporate.department.UpdateDepartmentUseCaseBean	br.com.sawcunhaos.organization.application.usecase.corporate.department.UpdateDepartmentUseCase	interno	classes
br.com.sawcunhaos.organization.application.usecase.corporate.department.UpdateDepartmentUseCaseBean	br.com.sawcunhaos.organization.domain.corporate.department.dto.DepartmentInput	externo	flow-organization-domain-1.0.0-SNAPSHOT.jar
br.com.sawcunhaos.organization.application.usecase.corporate.department.UpdateDepartmentUseCaseBean	br.com.sawcunhaos.organization.domain.corporate.department.dto.DepartmentInput$DepartmentInputBuilder	externo	flow-organization-domain-1.0.0-SNAPSHOT.jar
br.com.sawcunhaos.organization.application.usecase.corporate.department.UpdateDepartmentUseCaseBean	br.com.sawcunhaos.organization.domain.corporate.department.specification.DepartmentService	externo	flow-organization-domain-1.0.0-SNAPSHOT.jar
br.com.sawcunhaos.organization.application.usecase.corporate.department.UpdateDepartmentUseCaseBean	java.lang.Class	jdk	java.base
br.com.sawcunhaos.organization.application.usecase.corporate.department.UpdateDepartmentUseCaseBean	java.lang.Long	jdk	java.base
br.com.sawcunhaos.organization.application.usecase.corporate.department.UpdateDepartmentUseCaseBean	java.lang.Object	jdk	java.base
br.com.sawcunhaos.organization.application.usecase.corporate.department.UpdateDepartmentUseCaseBean	java.lang.String	jdk	java.base
br.com.sawcunhaos.organization.application.usecase.corporate.department.UpdateDepartmentUseCaseBean	org.slf4j.Logger	externo	slf4j-api-2.0.18.jar
br.com.sawcunhaos.organization.application.usecase.corporate.department.UpdateDepartmentUseCaseBean	org.slf4j.LoggerFactory	externo	slf4j-api-2.0.18.jar
br.com.sawcunhaos.organization.application.usecase.corporate.department.UpdateDepartmentUseCaseBean	org.springframework.stereotype.Service	externo	spring-context-7.0.9.jar
br.com.sawcunhaos.organization.application.usecase.corporate.department.UpdateDepartmentUseCaseBean	org.springframework.transaction.annotation.Transactional	externo	spring-tx-7.0.9.jar
br.com.sawcunhaos.organization.application.usecase.corporate.employee.ActivateEmployeeUseCase	br.com.sawcunhaos.organization.api.dto.EmployeeStatusTransitionRequest	interno	classes
br.com.sawcunhaos.organization.application.usecase.corporate.employee.ActivateEmployeeUseCase	java.lang.Long	jdk	java.base
br.com.sawcunhaos.organization.application.usecase.corporate.employee.ActivateEmployeeUseCase	java.lang.Object	jdk	java.base
br.com.sawcunhaos.organization.application.usecase.corporate.employee.ActivateEmployeeUseCaseBean	br.com.sawcunhaos.organization.api.dto.EmployeeStatusTransitionRequest	interno	classes
br.com.sawcunhaos.organization.application.usecase.corporate.employee.ActivateEmployeeUseCaseBean	br.com.sawcunhaos.organization.application.usecase.corporate.employee.ActivateEmployeeUseCase	interno	classes
br.com.sawcunhaos.organization.application.usecase.corporate.employee.ActivateEmployeeUseCaseBean	br.com.sawcunhaos.organization.domain.corporate.employee.specification.EmployeeService	externo	flow-organization-domain-1.0.0-SNAPSHOT.jar
br.com.sawcunhaos.organization.application.usecase.corporate.employee.ActivateEmployeeUseCaseBean	java.lang.Class	jdk	java.base
br.com.sawcunhaos.organization.application.usecase.corporate.employee.ActivateEmployeeUseCaseBean	java.lang.Long	jdk	java.base
br.com.sawcunhaos.organization.application.usecase.corporate.employee.ActivateEmployeeUseCaseBean	java.lang.Object	jdk	java.base
br.com.sawcunhaos.organization.application.usecase.corporate.employee.ActivateEmployeeUseCaseBean	java.lang.String	jdk	java.base
br.com.sawcunhaos.organization.application.usecase.corporate.employee.ActivateEmployeeUseCaseBean	org.slf4j.Logger	externo	slf4j-api-2.0.18.jar
br.com.sawcunhaos.organization.application.usecase.corporate.employee.ActivateEmployeeUseCaseBean	org.slf4j.LoggerFactory	externo	slf4j-api-2.0.18.jar
br.com.sawcunhaos.organization.application.usecase.corporate.employee.ActivateEmployeeUseCaseBean	org.springframework.stereotype.Service	externo	spring-context-7.0.9.jar
br.com.sawcunhaos.organization.application.usecase.corporate.employee.ActivateEmployeeUseCaseBean	org.springframework.transaction.annotation.Transactional	externo	spring-tx-7.0.9.jar
br.com.sawcunhaos.organization.application.usecase.corporate.employee.BlockEmployeeUseCase	br.com.sawcunhaos.organization.api.dto.EmployeeStatusTransitionRequest	interno	classes
br.com.sawcunhaos.organization.application.usecase.corporate.employee.BlockEmployeeUseCase	java.lang.Long	jdk	java.base
br.com.sawcunhaos.organization.application.usecase.corporate.employee.BlockEmployeeUseCase	java.lang.Object	jdk	java.base
br.com.sawcunhaos.organization.application.usecase.corporate.employee.BlockEmployeeUseCaseBean	br.com.sawcunhaos.organization.api.dto.EmployeeStatusTransitionRequest	interno	classes
br.com.sawcunhaos.organization.application.usecase.corporate.employee.BlockEmployeeUseCaseBean	br.com.sawcunhaos.organization.application.usecase.corporate.employee.BlockEmployeeUseCase	interno	classes
br.com.sawcunhaos.organization.application.usecase.corporate.employee.BlockEmployeeUseCaseBean	br.com.sawcunhaos.organization.domain.corporate.employee.specification.EmployeeService	externo	flow-organization-domain-1.0.0-SNAPSHOT.jar
br.com.sawcunhaos.organization.application.usecase.corporate.employee.BlockEmployeeUseCaseBean	java.lang.Class	jdk	java.base
br.com.sawcunhaos.organization.application.usecase.corporate.employee.BlockEmployeeUseCaseBean	java.lang.Long	jdk	java.base
br.com.sawcunhaos.organization.application.usecase.corporate.employee.BlockEmployeeUseCaseBean	java.lang.Object	jdk	java.base
br.com.sawcunhaos.organization.application.usecase.corporate.employee.BlockEmployeeUseCaseBean	java.lang.String	jdk	java.base
br.com.sawcunhaos.organization.application.usecase.corporate.employee.BlockEmployeeUseCaseBean	org.slf4j.Logger	externo	slf4j-api-2.0.18.jar
br.com.sawcunhaos.organization.application.usecase.corporate.employee.BlockEmployeeUseCaseBean	org.slf4j.LoggerFactory	externo	slf4j-api-2.0.18.jar
br.com.sawcunhaos.organization.application.usecase.corporate.employee.BlockEmployeeUseCaseBean	org.springframework.stereotype.Service	externo	spring-context-7.0.9.jar
br.com.sawcunhaos.organization.application.usecase.corporate.employee.BlockEmployeeUseCaseBean	org.springframework.transaction.annotation.Transactional	externo	spring-tx-7.0.9.jar
br.com.sawcunhaos.organization.application.usecase.corporate.employee.CreateEmployeeUseCase	br.com.sawcunhaos.organization.api.dto.CreateEmployeeRequest	interno	classes
br.com.sawcunhaos.organization.application.usecase.corporate.employee.CreateEmployeeUseCase	java.lang.Long	jdk	java.base
br.com.sawcunhaos.organization.application.usecase.corporate.employee.CreateEmployeeUseCase	java.lang.Object	jdk	java.base
br.com.sawcunhaos.organization.application.usecase.corporate.employee.CreateEmployeeUseCaseBean	br.com.sawcunhaos.organization.api.dto.CreateEmployeeRequest	interno	classes
br.com.sawcunhaos.organization.application.usecase.corporate.employee.CreateEmployeeUseCaseBean	br.com.sawcunhaos.organization.api.dto.EmployeeContractType	interno	classes
br.com.sawcunhaos.organization.application.usecase.corporate.employee.CreateEmployeeUseCaseBean	br.com.sawcunhaos.organization.application.usecase.corporate.employee.CreateEmployeeUseCase	interno	classes
br.com.sawcunhaos.organization.application.usecase.corporate.employee.CreateEmployeeUseCaseBean	br.com.sawcunhaos.organization.domain.corporate.employee.dto.EmployeeInput	externo	flow-organization-domain-1.0.0-SNAPSHOT.jar
br.com.sawcunhaos.organization.application.usecase.corporate.employee.CreateEmployeeUseCaseBean	br.com.sawcunhaos.organization.domain.corporate.employee.dto.EmployeeInput$EmployeeInputBuilder	externo	flow-organization-domain-1.0.0-SNAPSHOT.jar
br.com.sawcunhaos.organization.application.usecase.corporate.employee.CreateEmployeeUseCaseBean	br.com.sawcunhaos.organization.domain.corporate.employee.dto.EmployeeOutput	externo	flow-organization-domain-1.0.0-SNAPSHOT.jar
br.com.sawcunhaos.organization.application.usecase.corporate.employee.CreateEmployeeUseCaseBean	br.com.sawcunhaos.organization.domain.corporate.employee.internal.EmployeeContractType	externo	flow-organization-domain-1.0.0-SNAPSHOT.jar
br.com.sawcunhaos.organization.application.usecase.corporate.employee.CreateEmployeeUseCaseBean	br.com.sawcunhaos.organization.domain.corporate.employee.specification.EmployeeService	externo	flow-organization-domain-1.0.0-SNAPSHOT.jar
br.com.sawcunhaos.organization.application.usecase.corporate.employee.CreateEmployeeUseCaseBean	java.lang.Class	jdk	java.base
br.com.sawcunhaos.organization.application.usecase.corporate.employee.CreateEmployeeUseCaseBean	java.lang.Long	jdk	java.base
br.com.sawcunhaos.organization.application.usecase.corporate.employee.CreateEmployeeUseCaseBean	java.lang.Object	jdk	java.base
br.com.sawcunhaos.organization.application.usecase.corporate.employee.CreateEmployeeUseCaseBean	java.lang.String	jdk	java.base
br.com.sawcunhaos.organization.application.usecase.corporate.employee.CreateEmployeeUseCaseBean	java.time.LocalDate	jdk	java.base
br.com.sawcunhaos.organization.application.usecase.corporate.employee.CreateEmployeeUseCaseBean	org.slf4j.Logger	externo	slf4j-api-2.0.18.jar
br.com.sawcunhaos.organization.application.usecase.corporate.employee.CreateEmployeeUseCaseBean	org.slf4j.LoggerFactory	externo	slf4j-api-2.0.18.jar
br.com.sawcunhaos.organization.application.usecase.corporate.employee.CreateEmployeeUseCaseBean	org.springframework.stereotype.Service	externo	spring-context-7.0.9.jar
br.com.sawcunhaos.organization.application.usecase.corporate.employee.CreateEmployeeUseCaseBean	org.springframework.transaction.annotation.Transactional	externo	spring-tx-7.0.9.jar
br.com.sawcunhaos.organization.application.usecase.corporate.employee.EmployeeApiMapper	br.com.sawcunhaos.organization.api.dto.Department	interno	classes
br.com.sawcunhaos.organization.application.usecase.corporate.employee.EmployeeApiMapper	br.com.sawcunhaos.organization.api.dto.Department$DepartmentBuilder	interno	classes
br.com.sawcunhaos.organization.application.usecase.corporate.employee.EmployeeApiMapper	br.com.sawcunhaos.organization.api.dto.Employee	interno	classes
br.com.sawcunhaos.organization.application.usecase.corporate.employee.EmployeeApiMapper	br.com.sawcunhaos.organization.api.dto.Employee$EmployeeBuilder	interno	classes
br.com.sawcunhaos.organization.application.usecase.corporate.employee.EmployeeApiMapper	br.com.sawcunhaos.organization.api.dto.EmployeeCompany	interno	classes
br.com.sawcunhaos.organization.application.usecase.corporate.employee.EmployeeApiMapper	br.com.sawcunhaos.organization.api.dto.EmployeeCompany$EmployeeCompanyBuilder	interno	classes
br.com.sawcunhaos.organization.application.usecase.corporate.employee.EmployeeApiMapper	br.com.sawcunhaos.organization.api.dto.EmployeeContractType	interno	classes
br.com.sawcunhaos.organization.application.usecase.corporate.employee.EmployeeApiMapper	br.com.sawcunhaos.organization.api.dto.EmployeeStatus	interno	classes
br.com.sawcunhaos.organization.application.usecase.corporate.employee.EmployeeApiMapper	br.com.sawcunhaos.organization.api.dto.Employees	interno	classes
br.com.sawcunhaos.organization.application.usecase.corporate.employee.EmployeeApiMapper	br.com.sawcunhaos.organization.api.dto.Employees$EmployeesBuilder	interno	classes
br.com.sawcunhaos.organization.application.usecase.corporate.employee.EmployeeApiMapper	br.com.sawcunhaos.organization.api.dto.Position	interno	classes
br.com.sawcunhaos.organization.application.usecase.corporate.employee.EmployeeApiMapper	br.com.sawcunhaos.organization.api.dto.Position$PositionBuilder	interno	classes
br.com.sawcunhaos.organization.application.usecase.corporate.employee.EmployeeApiMapper	br.com.sawcunhaos.organization.api.dto.Supervisor	interno	classes
br.com.sawcunhaos.organization.application.usecase.corporate.employee.EmployeeApiMapper	br.com.sawcunhaos.organization.api.dto.Supervisor$SupervisorBuilder	interno	classes
br.com.sawcunhaos.organization.application.usecase.corporate.employee.EmployeeApiMapper	br.com.sawcunhaos.organization.domain.corporate.company.dto.CompanyOutput	externo	flow-organization-domain-1.0.0-SNAPSHOT.jar
br.com.sawcunhaos.organization.application.usecase.corporate.employee.EmployeeApiMapper	br.com.sawcunhaos.organization.domain.corporate.department.dto.DepartmentOutput	externo	flow-organization-domain-1.0.0-SNAPSHOT.jar
br.com.sawcunhaos.organization.application.usecase.corporate.employee.EmployeeApiMapper	br.com.sawcunhaos.organization.domain.corporate.employee.dto.EmployeeOutput	externo	flow-organization-domain-1.0.0-SNAPSHOT.jar
br.com.sawcunhaos.organization.application.usecase.corporate.employee.EmployeeApiMapper	br.com.sawcunhaos.organization.domain.corporate.employee.internal.EmployeeContractType	externo	flow-organization-domain-1.0.0-SNAPSHOT.jar
br.com.sawcunhaos.organization.application.usecase.corporate.employee.EmployeeApiMapper	br.com.sawcunhaos.organization.domain.corporate.employee.internal.StatusEmployee	externo	flow-organization-domain-1.0.0-SNAPSHOT.jar
br.com.sawcunhaos.organization.application.usecase.corporate.employee.EmployeeApiMapper	br.com.sawcunhaos.organization.domain.corporate.position.dto.PositionOutput	externo	flow-organization-domain-1.0.0-SNAPSHOT.jar
br.com.sawcunhaos.organization.application.usecase.corporate.employee.EmployeeApiMapper	java.lang.Boolean	jdk	java.base
br.com.sawcunhaos.organization.application.usecase.corporate.employee.EmployeeApiMapper	java.lang.Long	jdk	java.base
br.com.sawcunhaos.organization.application.usecase.corporate.employee.EmployeeApiMapper	java.lang.Object	jdk	java.base
br.com.sawcunhaos.organization.application.usecase.corporate.employee.EmployeeApiMapper	java.lang.String	jdk	java.base
br.com.sawcunhaos.organization.application.usecase.corporate.employee.EmployeeApiMapper	java.time.LocalDate	jdk	java.base
br.com.sawcunhaos.organization.application.usecase.corporate.employee.FindAllEmployeeUseCase	br.com.sawcunhaos.organization.api.dto.EmployeeStatus	interno	classes
br.com.sawcunhaos.organization.application.usecase.corporate.employee.FindAllEmployeeUseCase	br.com.sawcunhaos.organization.api.dto.GetAllEmployeesResponse	interno	classes
br.com.sawcunhaos.organization.application.usecase.corporate.employee.FindAllEmployeeUseCase	br.com.sawcunhaos.organization.api.dto.PaginationFilter	interno	classes
br.com.sawcunhaos.organization.application.usecase.corporate.employee.FindAllEmployeeUseCase	java.lang.Long	jdk	java.base
br.com.sawcunhaos.organization.application.usecase.corporate.employee.FindAllEmployeeUseCase	java.lang.Object	jdk	java.base
br.com.sawcunhaos.organization.application.usecase.corporate.employee.FindAllEmployeeUseCaseBean	br.com.sawcunhaos.organization.api.dto.EmployeeStatus	interno	classes
br.com.sawcunhaos.organization.application.usecase.corporate.employee.FindAllEmployeeUseCaseBean	br.com.sawcunhaos.organization.api.dto.Employees	interno	classes
br.com.sawcunhaos.organization.application.usecase.corporate.employee.FindAllEmployeeUseCaseBean	br.com.sawcunhaos.organization.api.dto.GetAllEmployeesResponse	interno	classes
br.com.sawcunhaos.organization.application.usecase.corporate.employee.FindAllEmployeeUseCaseBean	br.com.sawcunhaos.organization.api.dto.GetAllEmployeesResponse$GetAllEmployeesResponseBuilder	interno	classes
br.com.sawcunhaos.organization.application.usecase.corporate.employee.FindAllEmployeeUseCaseBean	br.com.sawcunhaos.organization.api.dto.PaginationFilter	interno	classes
br.com.sawcunhaos.organization.application.usecase.corporate.employee.FindAllEmployeeUseCaseBean	br.com.sawcunhaos.organization.api.dto.ScosPaginated	interno	classes
br.com.sawcunhaos.organization.application.usecase.corporate.employee.FindAllEmployeeUseCaseBean	br.com.sawcunhaos.organization.application.usecase.corporate.employee.EmployeeApiMapper	interno	classes
br.com.sawcunhaos.organization.application.usecase.corporate.employee.FindAllEmployeeUseCaseBean	br.com.sawcunhaos.organization.application.usecase.corporate.employee.FindAllEmployeeUseCase	interno	classes
br.com.sawcunhaos.organization.application.usecase.corporate.employee.FindAllEmployeeUseCaseBean	br.com.sawcunhaos.organization.application.usecase.utils.PaginatioUtils	interno	classes
br.com.sawcunhaos.organization.application.usecase.corporate.employee.FindAllEmployeeUseCaseBean	br.com.sawcunhaos.organization.domain.corporate.employee.dto.EmployeeOutput	externo	flow-organization-domain-1.0.0-SNAPSHOT.jar
br.com.sawcunhaos.organization.application.usecase.corporate.employee.FindAllEmployeeUseCaseBean	br.com.sawcunhaos.organization.domain.corporate.employee.internal.StatusEmployee	externo	flow-organization-domain-1.0.0-SNAPSHOT.jar
br.com.sawcunhaos.organization.application.usecase.corporate.employee.FindAllEmployeeUseCaseBean	br.com.sawcunhaos.organization.domain.corporate.employee.specification.EmployeeService	externo	flow-organization-domain-1.0.0-SNAPSHOT.jar
br.com.sawcunhaos.organization.application.usecase.corporate.employee.FindAllEmployeeUseCaseBean	java.lang.Class	jdk	java.base
br.com.sawcunhaos.organization.application.usecase.corporate.employee.FindAllEmployeeUseCaseBean	java.lang.Integer	jdk	java.base
br.com.sawcunhaos.organization.application.usecase.corporate.employee.FindAllEmployeeUseCaseBean	java.lang.Long	jdk	java.base
br.com.sawcunhaos.organization.application.usecase.corporate.employee.FindAllEmployeeUseCaseBean	java.lang.Object	jdk	java.base
br.com.sawcunhaos.organization.application.usecase.corporate.employee.FindAllEmployeeUseCaseBean	java.lang.String	jdk	java.base
br.com.sawcunhaos.organization.application.usecase.corporate.employee.FindAllEmployeeUseCaseBean	java.lang.invoke.CallSite	jdk	java.base
br.com.sawcunhaos.organization.application.usecase.corporate.employee.FindAllEmployeeUseCaseBean	java.lang.invoke.LambdaMetafactory	jdk	java.base
br.com.sawcunhaos.organization.application.usecase.corporate.employee.FindAllEmployeeUseCaseBean	java.lang.invoke.MethodHandle	jdk	java.base
br.com.sawcunhaos.organization.application.usecase.corporate.employee.FindAllEmployeeUseCaseBean	java.lang.invoke.MethodHandles	jdk	java.base
br.com.sawcunhaos.organization.application.usecase.corporate.employee.FindAllEmployeeUseCaseBean	java.lang.invoke.MethodHandles$Lookup	jdk	java.base
br.com.sawcunhaos.organization.application.usecase.corporate.employee.FindAllEmployeeUseCaseBean	java.lang.invoke.MethodType	jdk	java.base
br.com.sawcunhaos.organization.application.usecase.corporate.employee.FindAllEmployeeUseCaseBean	java.util.List	jdk	java.base
br.com.sawcunhaos.organization.application.usecase.corporate.employee.FindAllEmployeeUseCaseBean	java.util.function.Function	jdk	java.base
br.com.sawcunhaos.organization.application.usecase.corporate.employee.FindAllEmployeeUseCaseBean	java.util.stream.Stream	jdk	java.base
br.com.sawcunhaos.organization.application.usecase.corporate.employee.FindAllEmployeeUseCaseBean	org.slf4j.Logger	externo	slf4j-api-2.0.18.jar
br.com.sawcunhaos.organization.application.usecase.corporate.employee.FindAllEmployeeUseCaseBean	org.slf4j.LoggerFactory	externo	slf4j-api-2.0.18.jar
br.com.sawcunhaos.organization.application.usecase.corporate.employee.FindAllEmployeeUseCaseBean	org.springframework.data.domain.Page	externo	spring-data-commons-4.1.1.jar
br.com.sawcunhaos.organization.application.usecase.corporate.employee.FindAllEmployeeUseCaseBean	org.springframework.data.domain.Pageable	externo	spring-data-commons-4.1.1.jar
br.com.sawcunhaos.organization.application.usecase.corporate.employee.FindAllEmployeeUseCaseBean	org.springframework.stereotype.Service	externo	spring-context-7.0.9.jar
br.com.sawcunhaos.organization.application.usecase.corporate.employee.FindAllEmployeeUseCaseBean	org.springframework.transaction.annotation.Transactional	externo	spring-tx-7.0.9.jar
br.com.sawcunhaos.organization.application.usecase.corporate.employee.FindEmployeeUseCase	br.com.sawcunhaos.organization.api.dto.Employee	interno	classes
br.com.sawcunhaos.organization.application.usecase.corporate.employee.FindEmployeeUseCase	java.lang.Long	jdk	java.base
br.com.sawcunhaos.organization.application.usecase.corporate.employee.FindEmployeeUseCase	java.lang.Object	jdk	java.base
br.com.sawcunhaos.organization.application.usecase.corporate.employee.FindEmployeeUseCaseBean	br.com.sawcunhaos.organization.api.dto.Employee	interno	classes
br.com.sawcunhaos.organization.application.usecase.corporate.employee.FindEmployeeUseCaseBean	br.com.sawcunhaos.organization.application.usecase.corporate.employee.EmployeeApiMapper	interno	classes
br.com.sawcunhaos.organization.application.usecase.corporate.employee.FindEmployeeUseCaseBean	br.com.sawcunhaos.organization.application.usecase.corporate.employee.FindEmployeeUseCase	interno	classes
br.com.sawcunhaos.organization.application.usecase.corporate.employee.FindEmployeeUseCaseBean	br.com.sawcunhaos.organization.domain.corporate.company.dto.CompanyOutput	externo	flow-organization-domain-1.0.0-SNAPSHOT.jar
br.com.sawcunhaos.organization.application.usecase.corporate.employee.FindEmployeeUseCaseBean	br.com.sawcunhaos.organization.domain.corporate.company.specification.CompanyService	externo	flow-organization-domain-1.0.0-SNAPSHOT.jar
br.com.sawcunhaos.organization.application.usecase.corporate.employee.FindEmployeeUseCaseBean	br.com.sawcunhaos.organization.domain.corporate.employee.dto.EmployeeOutput	externo	flow-organization-domain-1.0.0-SNAPSHOT.jar
br.com.sawcunhaos.organization.application.usecase.corporate.employee.FindEmployeeUseCaseBean	br.com.sawcunhaos.organization.domain.corporate.employee.specification.EmployeeService	externo	flow-organization-domain-1.0.0-SNAPSHOT.jar
br.com.sawcunhaos.organization.application.usecase.corporate.employee.FindEmployeeUseCaseBean	br.com.sawcunhaos.organization.domain.corporate.position.dto.PositionOutput	externo	flow-organization-domain-1.0.0-SNAPSHOT.jar
br.com.sawcunhaos.organization.application.usecase.corporate.employee.FindEmployeeUseCaseBean	br.com.sawcunhaos.organization.domain.corporate.position.specification.PositionService	externo	flow-organization-domain-1.0.0-SNAPSHOT.jar
br.com.sawcunhaos.organization.application.usecase.corporate.employee.FindEmployeeUseCaseBean	java.lang.Class	jdk	java.base
br.com.sawcunhaos.organization.application.usecase.corporate.employee.FindEmployeeUseCaseBean	java.lang.Long	jdk	java.base
br.com.sawcunhaos.organization.application.usecase.corporate.employee.FindEmployeeUseCaseBean	java.lang.Object	jdk	java.base
br.com.sawcunhaos.organization.application.usecase.corporate.employee.FindEmployeeUseCaseBean	java.lang.String	jdk	java.base
br.com.sawcunhaos.organization.application.usecase.corporate.employee.FindEmployeeUseCaseBean	org.slf4j.Logger	externo	slf4j-api-2.0.18.jar
br.com.sawcunhaos.organization.application.usecase.corporate.employee.FindEmployeeUseCaseBean	org.slf4j.LoggerFactory	externo	slf4j-api-2.0.18.jar
br.com.sawcunhaos.organization.application.usecase.corporate.employee.FindEmployeeUseCaseBean	org.springframework.stereotype.Service	externo	spring-context-7.0.9.jar
br.com.sawcunhaos.organization.application.usecase.corporate.employee.FindEmployeeUseCaseBean	org.springframework.transaction.annotation.Transactional	externo	spring-tx-7.0.9.jar
br.com.sawcunhaos.organization.application.usecase.corporate.employee.InactivateEmployeeUseCase	br.com.sawcunhaos.organization.api.dto.EmployeeStatusTransitionRequest	interno	classes
br.com.sawcunhaos.organization.application.usecase.corporate.employee.InactivateEmployeeUseCase	java.lang.Long	jdk	java.base
br.com.sawcunhaos.organization.application.usecase.corporate.employee.InactivateEmployeeUseCase	java.lang.Object	jdk	java.base
br.com.sawcunhaos.organization.application.usecase.corporate.employee.InactivateEmployeeUseCaseBean	br.com.sawcunhaos.organization.api.dto.EmployeeStatusTransitionRequest	interno	classes
br.com.sawcunhaos.organization.application.usecase.corporate.employee.InactivateEmployeeUseCaseBean	br.com.sawcunhaos.organization.application.usecase.corporate.employee.InactivateEmployeeUseCase	interno	classes
br.com.sawcunhaos.organization.application.usecase.corporate.employee.InactivateEmployeeUseCaseBean	br.com.sawcunhaos.organization.domain.corporate.employee.specification.EmployeeService	externo	flow-organization-domain-1.0.0-SNAPSHOT.jar
br.com.sawcunhaos.organization.application.usecase.corporate.employee.InactivateEmployeeUseCaseBean	java.lang.Class	jdk	java.base
br.com.sawcunhaos.organization.application.usecase.corporate.employee.InactivateEmployeeUseCaseBean	java.lang.Long	jdk	java.base
br.com.sawcunhaos.organization.application.usecase.corporate.employee.InactivateEmployeeUseCaseBean	java.lang.Object	jdk	java.base
br.com.sawcunhaos.organization.application.usecase.corporate.employee.InactivateEmployeeUseCaseBean	java.lang.String	jdk	java.base
br.com.sawcunhaos.organization.application.usecase.corporate.employee.InactivateEmployeeUseCaseBean	java.time.LocalDate	jdk	java.base
br.com.sawcunhaos.organization.application.usecase.corporate.employee.InactivateEmployeeUseCaseBean	org.slf4j.Logger	externo	slf4j-api-2.0.18.jar
br.com.sawcunhaos.organization.application.usecase.corporate.employee.InactivateEmployeeUseCaseBean	org.slf4j.LoggerFactory	externo	slf4j-api-2.0.18.jar
br.com.sawcunhaos.organization.application.usecase.corporate.employee.InactivateEmployeeUseCaseBean	org.springframework.stereotype.Service	externo	spring-context-7.0.9.jar
br.com.sawcunhaos.organization.application.usecase.corporate.employee.InactivateEmployeeUseCaseBean	org.springframework.transaction.annotation.Transactional	externo	spring-tx-7.0.9.jar
br.com.sawcunhaos.organization.application.usecase.corporate.employee.RehireEmployeeUseCase	br.com.sawcunhaos.organization.api.dto.Employee	interno	classes
br.com.sawcunhaos.organization.application.usecase.corporate.employee.RehireEmployeeUseCase	br.com.sawcunhaos.organization.api.dto.RehireEmployeeRequest	interno	classes
br.com.sawcunhaos.organization.application.usecase.corporate.employee.RehireEmployeeUseCase	java.lang.Object	jdk	java.base
br.com.sawcunhaos.organization.application.usecase.corporate.employee.RehireEmployeeUseCaseBean	br.com.sawcunhaos.organization.api.dto.Employee	interno	classes
br.com.sawcunhaos.organization.application.usecase.corporate.employee.RehireEmployeeUseCaseBean	br.com.sawcunhaos.organization.api.dto.EmployeeContractType	interno	classes
br.com.sawcunhaos.organization.application.usecase.corporate.employee.RehireEmployeeUseCaseBean	br.com.sawcunhaos.organization.api.dto.RehireEmployeeRequest	interno	classes
br.com.sawcunhaos.organization.application.usecase.corporate.employee.RehireEmployeeUseCaseBean	br.com.sawcunhaos.organization.application.usecase.corporate.employee.EmployeeApiMapper	interno	classes
br.com.sawcunhaos.organization.application.usecase.corporate.employee.RehireEmployeeUseCaseBean	br.com.sawcunhaos.organization.application.usecase.corporate.employee.RehireEmployeeUseCase	interno	classes
br.com.sawcunhaos.organization.application.usecase.corporate.employee.RehireEmployeeUseCaseBean	br.com.sawcunhaos.organization.domain.corporate.company.dto.CompanyOutput	externo	flow-organization-domain-1.0.0-SNAPSHOT.jar
br.com.sawcunhaos.organization.application.usecase.corporate.employee.RehireEmployeeUseCaseBean	br.com.sawcunhaos.organization.domain.corporate.company.specification.CompanyService	externo	flow-organization-domain-1.0.0-SNAPSHOT.jar
br.com.sawcunhaos.organization.application.usecase.corporate.employee.RehireEmployeeUseCaseBean	br.com.sawcunhaos.organization.domain.corporate.employee.dto.EmployeeOutput	externo	flow-organization-domain-1.0.0-SNAPSHOT.jar
br.com.sawcunhaos.organization.application.usecase.corporate.employee.RehireEmployeeUseCaseBean	br.com.sawcunhaos.organization.domain.corporate.employee.dto.RehireEmployeeInput	externo	flow-organization-domain-1.0.0-SNAPSHOT.jar
br.com.sawcunhaos.organization.application.usecase.corporate.employee.RehireEmployeeUseCaseBean	br.com.sawcunhaos.organization.domain.corporate.employee.dto.RehireEmployeeInput$RehireEmployeeInputBuilder	externo	flow-organization-domain-1.0.0-SNAPSHOT.jar
br.com.sawcunhaos.organization.application.usecase.corporate.employee.RehireEmployeeUseCaseBean	br.com.sawcunhaos.organization.domain.corporate.employee.internal.EmployeeContractType	externo	flow-organization-domain-1.0.0-SNAPSHOT.jar
br.com.sawcunhaos.organization.application.usecase.corporate.employee.RehireEmployeeUseCaseBean	br.com.sawcunhaos.organization.domain.corporate.employee.specification.EmployeeService	externo	flow-organization-domain-1.0.0-SNAPSHOT.jar
br.com.sawcunhaos.organization.application.usecase.corporate.employee.RehireEmployeeUseCaseBean	br.com.sawcunhaos.organization.domain.corporate.position.dto.PositionOutput	externo	flow-organization-domain-1.0.0-SNAPSHOT.jar
br.com.sawcunhaos.organization.application.usecase.corporate.employee.RehireEmployeeUseCaseBean	br.com.sawcunhaos.organization.domain.corporate.position.specification.PositionService	externo	flow-organization-domain-1.0.0-SNAPSHOT.jar
br.com.sawcunhaos.organization.application.usecase.corporate.employee.RehireEmployeeUseCaseBean	java.lang.Class	jdk	java.base
br.com.sawcunhaos.organization.application.usecase.corporate.employee.RehireEmployeeUseCaseBean	java.lang.Long	jdk	java.base
br.com.sawcunhaos.organization.application.usecase.corporate.employee.RehireEmployeeUseCaseBean	java.lang.Object	jdk	java.base
br.com.sawcunhaos.organization.application.usecase.corporate.employee.RehireEmployeeUseCaseBean	java.lang.String	jdk	java.base
br.com.sawcunhaos.organization.application.usecase.corporate.employee.RehireEmployeeUseCaseBean	java.time.LocalDate	jdk	java.base
br.com.sawcunhaos.organization.application.usecase.corporate.employee.RehireEmployeeUseCaseBean	org.slf4j.Logger	externo	slf4j-api-2.0.18.jar
br.com.sawcunhaos.organization.application.usecase.corporate.employee.RehireEmployeeUseCaseBean	org.slf4j.LoggerFactory	externo	slf4j-api-2.0.18.jar
br.com.sawcunhaos.organization.application.usecase.corporate.employee.RehireEmployeeUseCaseBean	org.springframework.stereotype.Service	externo	spring-context-7.0.9.jar
br.com.sawcunhaos.organization.application.usecase.corporate.employee.RehireEmployeeUseCaseBean	org.springframework.transaction.annotation.Transactional	externo	spring-tx-7.0.9.jar
br.com.sawcunhaos.organization.application.usecase.corporate.employee.UnblockEmployeeUseCase	br.com.sawcunhaos.organization.api.dto.EmployeeStatusTransitionRequest	interno	classes
br.com.sawcunhaos.organization.application.usecase.corporate.employee.UnblockEmployeeUseCase	java.lang.Long	jdk	java.base
br.com.sawcunhaos.organization.application.usecase.corporate.employee.UnblockEmployeeUseCase	java.lang.Object	jdk	java.base
br.com.sawcunhaos.organization.application.usecase.corporate.employee.UnblockEmployeeUseCaseBean	br.com.sawcunhaos.organization.api.dto.EmployeeStatusTransitionRequest	interno	classes
br.com.sawcunhaos.organization.application.usecase.corporate.employee.UnblockEmployeeUseCaseBean	br.com.sawcunhaos.organization.application.usecase.corporate.employee.UnblockEmployeeUseCase	interno	classes
br.com.sawcunhaos.organization.application.usecase.corporate.employee.UnblockEmployeeUseCaseBean	br.com.sawcunhaos.organization.domain.corporate.employee.specification.EmployeeService	externo	flow-organization-domain-1.0.0-SNAPSHOT.jar
br.com.sawcunhaos.organization.application.usecase.corporate.employee.UnblockEmployeeUseCaseBean	java.lang.Class	jdk	java.base
br.com.sawcunhaos.organization.application.usecase.corporate.employee.UnblockEmployeeUseCaseBean	java.lang.Long	jdk	java.base
br.com.sawcunhaos.organization.application.usecase.corporate.employee.UnblockEmployeeUseCaseBean	java.lang.Object	jdk	java.base
br.com.sawcunhaos.organization.application.usecase.corporate.employee.UnblockEmployeeUseCaseBean	java.lang.String	jdk	java.base
br.com.sawcunhaos.organization.application.usecase.corporate.employee.UnblockEmployeeUseCaseBean	org.slf4j.Logger	externo	slf4j-api-2.0.18.jar
br.com.sawcunhaos.organization.application.usecase.corporate.employee.UnblockEmployeeUseCaseBean	org.slf4j.LoggerFactory	externo	slf4j-api-2.0.18.jar
br.com.sawcunhaos.organization.application.usecase.corporate.employee.UnblockEmployeeUseCaseBean	org.springframework.stereotype.Service	externo	spring-context-7.0.9.jar
br.com.sawcunhaos.organization.application.usecase.corporate.employee.UnblockEmployeeUseCaseBean	org.springframework.transaction.annotation.Transactional	externo	spring-tx-7.0.9.jar
br.com.sawcunhaos.organization.application.usecase.corporate.position.CreatePositionUseCase	br.com.sawcunhaos.organization.api.dto.CreatePositionRequest	interno	classes
br.com.sawcunhaos.organization.application.usecase.corporate.position.CreatePositionUseCase	br.com.sawcunhaos.organization.api.dto.Position	interno	classes
br.com.sawcunhaos.organization.application.usecase.corporate.position.CreatePositionUseCase	java.lang.Object	jdk	java.base
br.com.sawcunhaos.organization.application.usecase.corporate.position.CreatePositionUseCaseBean	br.com.sawcunhaos.organization.api.dto.CreatePositionRequest	interno	classes
br.com.sawcunhaos.organization.application.usecase.corporate.position.CreatePositionUseCaseBean	br.com.sawcunhaos.organization.api.dto.Position	interno	classes
br.com.sawcunhaos.organization.application.usecase.corporate.position.CreatePositionUseCaseBean	br.com.sawcunhaos.organization.application.usecase.corporate.position.CreatePositionUseCase	interno	classes
br.com.sawcunhaos.organization.application.usecase.corporate.position.CreatePositionUseCaseBean	br.com.sawcunhaos.organization.application.usecase.corporate.position.PositionApiMapper	interno	classes
br.com.sawcunhaos.organization.application.usecase.corporate.position.CreatePositionUseCaseBean	br.com.sawcunhaos.organization.domain.corporate.position.dto.PositionInput	externo	flow-organization-domain-1.0.0-SNAPSHOT.jar
br.com.sawcunhaos.organization.application.usecase.corporate.position.CreatePositionUseCaseBean	br.com.sawcunhaos.organization.domain.corporate.position.dto.PositionInput$PositionInputBuilder	externo	flow-organization-domain-1.0.0-SNAPSHOT.jar
br.com.sawcunhaos.organization.application.usecase.corporate.position.CreatePositionUseCaseBean	br.com.sawcunhaos.organization.domain.corporate.position.dto.PositionOutput	externo	flow-organization-domain-1.0.0-SNAPSHOT.jar
br.com.sawcunhaos.organization.application.usecase.corporate.position.CreatePositionUseCaseBean	br.com.sawcunhaos.organization.domain.corporate.position.specification.PositionService	externo	flow-organization-domain-1.0.0-SNAPSHOT.jar
br.com.sawcunhaos.organization.application.usecase.corporate.position.CreatePositionUseCaseBean	java.lang.Boolean	jdk	java.base
br.com.sawcunhaos.organization.application.usecase.corporate.position.CreatePositionUseCaseBean	java.lang.Class	jdk	java.base
br.com.sawcunhaos.organization.application.usecase.corporate.position.CreatePositionUseCaseBean	java.lang.Long	jdk	java.base
br.com.sawcunhaos.organization.application.usecase.corporate.position.CreatePositionUseCaseBean	java.lang.Object	jdk	java.base
br.com.sawcunhaos.organization.application.usecase.corporate.position.CreatePositionUseCaseBean	java.lang.String	jdk	java.base
br.com.sawcunhaos.organization.application.usecase.corporate.position.CreatePositionUseCaseBean	org.slf4j.Logger	externo	slf4j-api-2.0.18.jar
br.com.sawcunhaos.organization.application.usecase.corporate.position.CreatePositionUseCaseBean	org.slf4j.LoggerFactory	externo	slf4j-api-2.0.18.jar
br.com.sawcunhaos.organization.application.usecase.corporate.position.CreatePositionUseCaseBean	org.springframework.stereotype.Service	externo	spring-context-7.0.9.jar
br.com.sawcunhaos.organization.application.usecase.corporate.position.CreatePositionUseCaseBean	org.springframework.transaction.annotation.Transactional	externo	spring-tx-7.0.9.jar
br.com.sawcunhaos.organization.application.usecase.corporate.position.CreatePositionWorkScheduleUseCase	br.com.sawcunhaos.organization.api.dto.CreatePositionWorkScheduleRequest	interno	classes
br.com.sawcunhaos.organization.application.usecase.corporate.position.CreatePositionWorkScheduleUseCase	java.lang.Long	jdk	java.base
br.com.sawcunhaos.organization.application.usecase.corporate.position.CreatePositionWorkScheduleUseCase	java.lang.Object	jdk	java.base
br.com.sawcunhaos.organization.application.usecase.corporate.position.CreatePositionWorkScheduleUseCaseBean	br.com.sawcunhaos.organization.api.dto.CreatePositionWorkScheduleRequest	interno	classes
br.com.sawcunhaos.organization.application.usecase.corporate.position.CreatePositionWorkScheduleUseCaseBean	br.com.sawcunhaos.organization.api.dto.DayOfWeek	interno	classes
br.com.sawcunhaos.organization.application.usecase.corporate.position.CreatePositionWorkScheduleUseCaseBean	br.com.sawcunhaos.organization.application.usecase.corporate.position.CreatePositionWorkScheduleUseCase	interno	classes
br.com.sawcunhaos.organization.application.usecase.corporate.position.CreatePositionWorkScheduleUseCaseBean	br.com.sawcunhaos.organization.domain.corporate.position.dto.PositionWorkScheduleInput	externo	flow-organization-domain-1.0.0-SNAPSHOT.jar
br.com.sawcunhaos.organization.application.usecase.corporate.position.CreatePositionWorkScheduleUseCaseBean	br.com.sawcunhaos.organization.domain.corporate.position.dto.PositionWorkScheduleInput$PositionWorkScheduleInputBuilder	externo	flow-organization-domain-1.0.0-SNAPSHOT.jar
br.com.sawcunhaos.organization.application.usecase.corporate.position.CreatePositionWorkScheduleUseCaseBean	br.com.sawcunhaos.organization.domain.corporate.position.dto.PositionWorkScheduleOutput	externo	flow-organization-domain-1.0.0-SNAPSHOT.jar
br.com.sawcunhaos.organization.application.usecase.corporate.position.CreatePositionWorkScheduleUseCaseBean	br.com.sawcunhaos.organization.domain.corporate.position.internal.DayOfWeek	externo	flow-organization-domain-1.0.0-SNAPSHOT.jar
br.com.sawcunhaos.organization.application.usecase.corporate.position.CreatePositionWorkScheduleUseCaseBean	br.com.sawcunhaos.organization.domain.corporate.position.specification.PositionWorkScheduleService	externo	flow-organization-domain-1.0.0-SNAPSHOT.jar
br.com.sawcunhaos.organization.application.usecase.corporate.position.CreatePositionWorkScheduleUseCaseBean	java.lang.Class	jdk	java.base
br.com.sawcunhaos.organization.application.usecase.corporate.position.CreatePositionWorkScheduleUseCaseBean	java.lang.Long	jdk	java.base
br.com.sawcunhaos.organization.application.usecase.corporate.position.CreatePositionWorkScheduleUseCaseBean	java.lang.Object	jdk	java.base
br.com.sawcunhaos.organization.application.usecase.corporate.position.CreatePositionWorkScheduleUseCaseBean	java.lang.String	jdk	java.base
br.com.sawcunhaos.organization.application.usecase.corporate.position.CreatePositionWorkScheduleUseCaseBean	java.time.LocalTime	jdk	java.base
br.com.sawcunhaos.organization.application.usecase.corporate.position.CreatePositionWorkScheduleUseCaseBean	org.slf4j.Logger	externo	slf4j-api-2.0.18.jar
br.com.sawcunhaos.organization.application.usecase.corporate.position.CreatePositionWorkScheduleUseCaseBean	org.slf4j.LoggerFactory	externo	slf4j-api-2.0.18.jar
br.com.sawcunhaos.organization.application.usecase.corporate.position.CreatePositionWorkScheduleUseCaseBean	org.springframework.stereotype.Service	externo	spring-context-7.0.9.jar
br.com.sawcunhaos.organization.application.usecase.corporate.position.CreatePositionWorkScheduleUseCaseBean	org.springframework.transaction.annotation.Transactional	externo	spring-tx-7.0.9.jar
br.com.sawcunhaos.organization.application.usecase.corporate.position.DeletePositionWorkScheduleUseCase	br.com.sawcunhaos.organization.api.dto.DayOfWeek	interno	classes
br.com.sawcunhaos.organization.application.usecase.corporate.position.DeletePositionWorkScheduleUseCase	java.lang.Long	jdk	java.base
br.com.sawcunhaos.organization.application.usecase.corporate.position.DeletePositionWorkScheduleUseCase	java.lang.Object	jdk	java.base
br.com.sawcunhaos.organization.application.usecase.corporate.position.DeletePositionWorkScheduleUseCaseBean	br.com.sawcunhaos.organization.api.dto.DayOfWeek	interno	classes
br.com.sawcunhaos.organization.application.usecase.corporate.position.DeletePositionWorkScheduleUseCaseBean	br.com.sawcunhaos.organization.application.usecase.corporate.position.DeletePositionWorkScheduleUseCase	interno	classes
br.com.sawcunhaos.organization.application.usecase.corporate.position.DeletePositionWorkScheduleUseCaseBean	br.com.sawcunhaos.organization.domain.corporate.position.internal.DayOfWeek	externo	flow-organization-domain-1.0.0-SNAPSHOT.jar
br.com.sawcunhaos.organization.application.usecase.corporate.position.DeletePositionWorkScheduleUseCaseBean	br.com.sawcunhaos.organization.domain.corporate.position.specification.PositionWorkScheduleService	externo	flow-organization-domain-1.0.0-SNAPSHOT.jar
br.com.sawcunhaos.organization.application.usecase.corporate.position.DeletePositionWorkScheduleUseCaseBean	java.lang.Class	jdk	java.base
br.com.sawcunhaos.organization.application.usecase.corporate.position.DeletePositionWorkScheduleUseCaseBean	java.lang.Long	jdk	java.base
br.com.sawcunhaos.organization.application.usecase.corporate.position.DeletePositionWorkScheduleUseCaseBean	java.lang.Object	jdk	java.base
br.com.sawcunhaos.organization.application.usecase.corporate.position.DeletePositionWorkScheduleUseCaseBean	java.lang.String	jdk	java.base
br.com.sawcunhaos.organization.application.usecase.corporate.position.DeletePositionWorkScheduleUseCaseBean	org.slf4j.Logger	externo	slf4j-api-2.0.18.jar
br.com.sawcunhaos.organization.application.usecase.corporate.position.DeletePositionWorkScheduleUseCaseBean	org.slf4j.LoggerFactory	externo	slf4j-api-2.0.18.jar
br.com.sawcunhaos.organization.application.usecase.corporate.position.DeletePositionWorkScheduleUseCaseBean	org.springframework.stereotype.Service	externo	spring-context-7.0.9.jar
br.com.sawcunhaos.organization.application.usecase.corporate.position.DeletePositionWorkScheduleUseCaseBean	org.springframework.transaction.annotation.Transactional	externo	spring-tx-7.0.9.jar
br.com.sawcunhaos.organization.application.usecase.corporate.position.DisablePositionUseCase	java.lang.Long	jdk	java.base
br.com.sawcunhaos.organization.application.usecase.corporate.position.DisablePositionUseCase	java.lang.Object	jdk	java.base
br.com.sawcunhaos.organization.application.usecase.corporate.position.DisablePositionUseCaseBean	br.com.sawcunhaos.organization.application.usecase.corporate.position.DisablePositionUseCase	interno	classes
br.com.sawcunhaos.organization.application.usecase.corporate.position.DisablePositionUseCaseBean	br.com.sawcunhaos.organization.domain.corporate.position.specification.PositionService	externo	flow-organization-domain-1.0.0-SNAPSHOT.jar
br.com.sawcunhaos.organization.application.usecase.corporate.position.DisablePositionUseCaseBean	java.lang.Class	jdk	java.base
br.com.sawcunhaos.organization.application.usecase.corporate.position.DisablePositionUseCaseBean	java.lang.Long	jdk	java.base
br.com.sawcunhaos.organization.application.usecase.corporate.position.DisablePositionUseCaseBean	java.lang.Object	jdk	java.base
br.com.sawcunhaos.organization.application.usecase.corporate.position.DisablePositionUseCaseBean	java.lang.String	jdk	java.base
br.com.sawcunhaos.organization.application.usecase.corporate.position.DisablePositionUseCaseBean	org.slf4j.Logger	externo	slf4j-api-2.0.18.jar
br.com.sawcunhaos.organization.application.usecase.corporate.position.DisablePositionUseCaseBean	org.slf4j.LoggerFactory	externo	slf4j-api-2.0.18.jar
br.com.sawcunhaos.organization.application.usecase.corporate.position.DisablePositionUseCaseBean	org.springframework.stereotype.Service	externo	spring-context-7.0.9.jar
br.com.sawcunhaos.organization.application.usecase.corporate.position.DisablePositionUseCaseBean	org.springframework.transaction.annotation.Transactional	externo	spring-tx-7.0.9.jar
br.com.sawcunhaos.organization.application.usecase.corporate.position.EnablePositionUseCase	java.lang.Long	jdk	java.base
br.com.sawcunhaos.organization.application.usecase.corporate.position.EnablePositionUseCase	java.lang.Object	jdk	java.base
br.com.sawcunhaos.organization.application.usecase.corporate.position.EnablePositionUseCaseBean	br.com.sawcunhaos.organization.application.usecase.corporate.position.EnablePositionUseCase	interno	classes
br.com.sawcunhaos.organization.application.usecase.corporate.position.EnablePositionUseCaseBean	br.com.sawcunhaos.organization.domain.corporate.position.specification.PositionService	externo	flow-organization-domain-1.0.0-SNAPSHOT.jar
br.com.sawcunhaos.organization.application.usecase.corporate.position.EnablePositionUseCaseBean	java.lang.Class	jdk	java.base
br.com.sawcunhaos.organization.application.usecase.corporate.position.EnablePositionUseCaseBean	java.lang.Long	jdk	java.base
br.com.sawcunhaos.organization.application.usecase.corporate.position.EnablePositionUseCaseBean	java.lang.Object	jdk	java.base
br.com.sawcunhaos.organization.application.usecase.corporate.position.EnablePositionUseCaseBean	java.lang.String	jdk	java.base
br.com.sawcunhaos.organization.application.usecase.corporate.position.EnablePositionUseCaseBean	org.slf4j.Logger	externo	slf4j-api-2.0.18.jar
br.com.sawcunhaos.organization.application.usecase.corporate.position.EnablePositionUseCaseBean	org.slf4j.LoggerFactory	externo	slf4j-api-2.0.18.jar
br.com.sawcunhaos.organization.application.usecase.corporate.position.EnablePositionUseCaseBean	org.springframework.stereotype.Service	externo	spring-context-7.0.9.jar
br.com.sawcunhaos.organization.application.usecase.corporate.position.EnablePositionUseCaseBean	org.springframework.transaction.annotation.Transactional	externo	spring-tx-7.0.9.jar
br.com.sawcunhaos.organization.application.usecase.corporate.position.FindAllPositionUseCase	br.com.sawcunhaos.organization.api.dto.GetAllPositionsResponse	interno	classes
br.com.sawcunhaos.organization.application.usecase.corporate.position.FindAllPositionUseCase	br.com.sawcunhaos.organization.api.dto.PaginationFilter	interno	classes
br.com.sawcunhaos.organization.application.usecase.corporate.position.FindAllPositionUseCase	java.lang.Boolean	jdk	java.base
br.com.sawcunhaos.organization.application.usecase.corporate.position.FindAllPositionUseCase	java.lang.Long	jdk	java.base
br.com.sawcunhaos.organization.application.usecase.corporate.position.FindAllPositionUseCase	java.lang.Object	jdk	java.base
br.com.sawcunhaos.organization.application.usecase.corporate.position.FindAllPositionUseCaseBean	br.com.sawcunhaos.organization.api.dto.Direction	interno	classes
br.com.sawcunhaos.organization.application.usecase.corporate.position.FindAllPositionUseCaseBean	br.com.sawcunhaos.organization.api.dto.GetAllPositionsResponse	interno	classes
br.com.sawcunhaos.organization.application.usecase.corporate.position.FindAllPositionUseCaseBean	br.com.sawcunhaos.organization.api.dto.GetAllPositionsResponse$GetAllPositionsResponseBuilder	interno	classes
br.com.sawcunhaos.organization.application.usecase.corporate.position.FindAllPositionUseCaseBean	br.com.sawcunhaos.organization.api.dto.PaginationFilter	interno	classes
br.com.sawcunhaos.organization.application.usecase.corporate.position.FindAllPositionUseCaseBean	br.com.sawcunhaos.organization.api.dto.Position	interno	classes
br.com.sawcunhaos.organization.application.usecase.corporate.position.FindAllPositionUseCaseBean	br.com.sawcunhaos.organization.api.dto.ScosPaginated	interno	classes
br.com.sawcunhaos.organization.application.usecase.corporate.position.FindAllPositionUseCaseBean	br.com.sawcunhaos.organization.application.usecase.corporate.position.FindAllPositionUseCase	interno	classes
br.com.sawcunhaos.organization.application.usecase.corporate.position.FindAllPositionUseCaseBean	br.com.sawcunhaos.organization.application.usecase.corporate.position.PositionApiMapper	interno	classes
br.com.sawcunhaos.organization.application.usecase.corporate.position.FindAllPositionUseCaseBean	br.com.sawcunhaos.organization.application.usecase.utils.PaginatioUtils	interno	classes
br.com.sawcunhaos.organization.application.usecase.corporate.position.FindAllPositionUseCaseBean	br.com.sawcunhaos.organization.domain.corporate.position.dto.PositionOutput	externo	flow-organization-domain-1.0.0-SNAPSHOT.jar
br.com.sawcunhaos.organization.application.usecase.corporate.position.FindAllPositionUseCaseBean	br.com.sawcunhaos.organization.domain.corporate.position.specification.PositionService	externo	flow-organization-domain-1.0.0-SNAPSHOT.jar
br.com.sawcunhaos.organization.application.usecase.corporate.position.FindAllPositionUseCaseBean	java.lang.Boolean	jdk	java.base
br.com.sawcunhaos.organization.application.usecase.corporate.position.FindAllPositionUseCaseBean	java.lang.Class	jdk	java.base
br.com.sawcunhaos.organization.application.usecase.corporate.position.FindAllPositionUseCaseBean	java.lang.Integer	jdk	java.base
br.com.sawcunhaos.organization.application.usecase.corporate.position.FindAllPositionUseCaseBean	java.lang.Long	jdk	java.base
br.com.sawcunhaos.organization.application.usecase.corporate.position.FindAllPositionUseCaseBean	java.lang.Object	jdk	java.base
br.com.sawcunhaos.organization.application.usecase.corporate.position.FindAllPositionUseCaseBean	java.lang.String	jdk	java.base
br.com.sawcunhaos.organization.application.usecase.corporate.position.FindAllPositionUseCaseBean	java.lang.invoke.CallSite	jdk	java.base
br.com.sawcunhaos.organization.application.usecase.corporate.position.FindAllPositionUseCaseBean	java.lang.invoke.LambdaMetafactory	jdk	java.base
br.com.sawcunhaos.organization.application.usecase.corporate.position.FindAllPositionUseCaseBean	java.lang.invoke.MethodHandle	jdk	java.base
br.com.sawcunhaos.organization.application.usecase.corporate.position.FindAllPositionUseCaseBean	java.lang.invoke.MethodHandles	jdk	java.base
br.com.sawcunhaos.organization.application.usecase.corporate.position.FindAllPositionUseCaseBean	java.lang.invoke.MethodHandles$Lookup	jdk	java.base
br.com.sawcunhaos.organization.application.usecase.corporate.position.FindAllPositionUseCaseBean	java.lang.invoke.MethodType	jdk	java.base
br.com.sawcunhaos.organization.application.usecase.corporate.position.FindAllPositionUseCaseBean	java.util.List	jdk	java.base
br.com.sawcunhaos.organization.application.usecase.corporate.position.FindAllPositionUseCaseBean	java.util.function.Function	jdk	java.base
br.com.sawcunhaos.organization.application.usecase.corporate.position.FindAllPositionUseCaseBean	java.util.stream.Stream	jdk	java.base
br.com.sawcunhaos.organization.application.usecase.corporate.position.FindAllPositionUseCaseBean	org.slf4j.Logger	externo	slf4j-api-2.0.18.jar
br.com.sawcunhaos.organization.application.usecase.corporate.position.FindAllPositionUseCaseBean	org.slf4j.LoggerFactory	externo	slf4j-api-2.0.18.jar
br.com.sawcunhaos.organization.application.usecase.corporate.position.FindAllPositionUseCaseBean	org.springframework.data.domain.Page	externo	spring-data-commons-4.1.1.jar
br.com.sawcunhaos.organization.application.usecase.corporate.position.FindAllPositionUseCaseBean	org.springframework.data.domain.Pageable	externo	spring-data-commons-4.1.1.jar
br.com.sawcunhaos.organization.application.usecase.corporate.position.FindAllPositionUseCaseBean	org.springframework.stereotype.Service	externo	spring-context-7.0.9.jar
br.com.sawcunhaos.organization.application.usecase.corporate.position.FindAllPositionUseCaseBean	org.springframework.transaction.annotation.Transactional	externo	spring-tx-7.0.9.jar
br.com.sawcunhaos.organization.application.usecase.corporate.position.FindPositionUseCase	br.com.sawcunhaos.organization.api.dto.Position	interno	classes
br.com.sawcunhaos.organization.application.usecase.corporate.position.FindPositionUseCase	java.lang.Long	jdk	java.base
br.com.sawcunhaos.organization.application.usecase.corporate.position.FindPositionUseCase	java.lang.Object	jdk	java.base
br.com.sawcunhaos.organization.application.usecase.corporate.position.FindPositionUseCaseBean	br.com.sawcunhaos.organization.api.dto.Position	interno	classes
br.com.sawcunhaos.organization.application.usecase.corporate.position.FindPositionUseCaseBean	br.com.sawcunhaos.organization.application.usecase.corporate.position.FindPositionUseCase	interno	classes
br.com.sawcunhaos.organization.application.usecase.corporate.position.FindPositionUseCaseBean	br.com.sawcunhaos.organization.application.usecase.corporate.position.PositionApiMapper	interno	classes
br.com.sawcunhaos.organization.application.usecase.corporate.position.FindPositionUseCaseBean	br.com.sawcunhaos.organization.domain.corporate.position.dto.PositionOutput	externo	flow-organization-domain-1.0.0-SNAPSHOT.jar
br.com.sawcunhaos.organization.application.usecase.corporate.position.FindPositionUseCaseBean	br.com.sawcunhaos.organization.domain.corporate.position.specification.PositionService	externo	flow-organization-domain-1.0.0-SNAPSHOT.jar
br.com.sawcunhaos.organization.application.usecase.corporate.position.FindPositionUseCaseBean	java.lang.Class	jdk	java.base
br.com.sawcunhaos.organization.application.usecase.corporate.position.FindPositionUseCaseBean	java.lang.Long	jdk	java.base
br.com.sawcunhaos.organization.application.usecase.corporate.position.FindPositionUseCaseBean	java.lang.Object	jdk	java.base
br.com.sawcunhaos.organization.application.usecase.corporate.position.FindPositionUseCaseBean	java.lang.String	jdk	java.base
br.com.sawcunhaos.organization.application.usecase.corporate.position.FindPositionUseCaseBean	org.slf4j.Logger	externo	slf4j-api-2.0.18.jar
br.com.sawcunhaos.organization.application.usecase.corporate.position.FindPositionUseCaseBean	org.slf4j.LoggerFactory	externo	slf4j-api-2.0.18.jar
br.com.sawcunhaos.organization.application.usecase.corporate.position.FindPositionUseCaseBean	org.springframework.stereotype.Service	externo	spring-context-7.0.9.jar
br.com.sawcunhaos.organization.application.usecase.corporate.position.FindPositionUseCaseBean	org.springframework.transaction.annotation.Transactional	externo	spring-tx-7.0.9.jar
br.com.sawcunhaos.organization.application.usecase.corporate.position.GetAllPositionWorkScheduleUseCase	br.com.sawcunhaos.organization.api.dto.PositionWorkSchedule	interno	classes
br.com.sawcunhaos.organization.application.usecase.corporate.position.GetAllPositionWorkScheduleUseCase	java.lang.Long	jdk	java.base
br.com.sawcunhaos.organization.application.usecase.corporate.position.GetAllPositionWorkScheduleUseCase	java.lang.Object	jdk	java.base
br.com.sawcunhaos.organization.application.usecase.corporate.position.GetAllPositionWorkScheduleUseCase	java.util.List	jdk	java.base
br.com.sawcunhaos.organization.application.usecase.corporate.position.GetAllPositionWorkScheduleUseCaseBean	br.com.sawcunhaos.organization.api.dto.PositionWorkSchedule	interno	classes
br.com.sawcunhaos.organization.application.usecase.corporate.position.GetAllPositionWorkScheduleUseCaseBean	br.com.sawcunhaos.organization.application.usecase.corporate.position.GetAllPositionWorkScheduleUseCase	interno	classes
br.com.sawcunhaos.organization.application.usecase.corporate.position.GetAllPositionWorkScheduleUseCaseBean	br.com.sawcunhaos.organization.application.usecase.corporate.position.PositionApiMapper	interno	classes
br.com.sawcunhaos.organization.application.usecase.corporate.position.GetAllPositionWorkScheduleUseCaseBean	br.com.sawcunhaos.organization.domain.corporate.position.dto.PositionWorkScheduleOutput	externo	flow-organization-domain-1.0.0-SNAPSHOT.jar
br.com.sawcunhaos.organization.application.usecase.corporate.position.GetAllPositionWorkScheduleUseCaseBean	br.com.sawcunhaos.organization.domain.corporate.position.specification.PositionWorkScheduleService	externo	flow-organization-domain-1.0.0-SNAPSHOT.jar
br.com.sawcunhaos.organization.application.usecase.corporate.position.GetAllPositionWorkScheduleUseCaseBean	java.lang.Class	jdk	java.base
br.com.sawcunhaos.organization.application.usecase.corporate.position.GetAllPositionWorkScheduleUseCaseBean	java.lang.Long	jdk	java.base
br.com.sawcunhaos.organization.application.usecase.corporate.position.GetAllPositionWorkScheduleUseCaseBean	java.lang.Object	jdk	java.base
br.com.sawcunhaos.organization.application.usecase.corporate.position.GetAllPositionWorkScheduleUseCaseBean	java.lang.String	jdk	java.base
br.com.sawcunhaos.organization.application.usecase.corporate.position.GetAllPositionWorkScheduleUseCaseBean	java.lang.invoke.CallSite	jdk	java.base
br.com.sawcunhaos.organization.application.usecase.corporate.position.GetAllPositionWorkScheduleUseCaseBean	java.lang.invoke.LambdaMetafactory	jdk	java.base
br.com.sawcunhaos.organization.application.usecase.corporate.position.GetAllPositionWorkScheduleUseCaseBean	java.lang.invoke.MethodHandle	jdk	java.base
br.com.sawcunhaos.organization.application.usecase.corporate.position.GetAllPositionWorkScheduleUseCaseBean	java.lang.invoke.MethodHandles	jdk	java.base
br.com.sawcunhaos.organization.application.usecase.corporate.position.GetAllPositionWorkScheduleUseCaseBean	java.lang.invoke.MethodHandles$Lookup	jdk	java.base
br.com.sawcunhaos.organization.application.usecase.corporate.position.GetAllPositionWorkScheduleUseCaseBean	java.lang.invoke.MethodType	jdk	java.base
br.com.sawcunhaos.organization.application.usecase.corporate.position.GetAllPositionWorkScheduleUseCaseBean	java.util.List	jdk	java.base
br.com.sawcunhaos.organization.application.usecase.corporate.position.GetAllPositionWorkScheduleUseCaseBean	java.util.function.Function	jdk	java.base
br.com.sawcunhaos.organization.application.usecase.corporate.position.GetAllPositionWorkScheduleUseCaseBean	java.util.stream.Stream	jdk	java.base
br.com.sawcunhaos.organization.application.usecase.corporate.position.GetAllPositionWorkScheduleUseCaseBean	org.slf4j.Logger	externo	slf4j-api-2.0.18.jar
br.com.sawcunhaos.organization.application.usecase.corporate.position.GetAllPositionWorkScheduleUseCaseBean	org.slf4j.LoggerFactory	externo	slf4j-api-2.0.18.jar
br.com.sawcunhaos.organization.application.usecase.corporate.position.GetAllPositionWorkScheduleUseCaseBean	org.springframework.stereotype.Service	externo	spring-context-7.0.9.jar
br.com.sawcunhaos.organization.application.usecase.corporate.position.GetAllPositionWorkScheduleUseCaseBean	org.springframework.transaction.annotation.Transactional	externo	spring-tx-7.0.9.jar
br.com.sawcunhaos.organization.application.usecase.corporate.position.PositionApiMapper	br.com.sawcunhaos.organization.api.dto.DayOfWeek	interno	classes
br.com.sawcunhaos.organization.application.usecase.corporate.position.PositionApiMapper	br.com.sawcunhaos.organization.api.dto.Department	interno	classes
br.com.sawcunhaos.organization.application.usecase.corporate.position.PositionApiMapper	br.com.sawcunhaos.organization.api.dto.Department$DepartmentBuilder	interno	classes
br.com.sawcunhaos.organization.application.usecase.corporate.position.PositionApiMapper	br.com.sawcunhaos.organization.api.dto.Position	interno	classes
br.com.sawcunhaos.organization.application.usecase.corporate.position.PositionApiMapper	br.com.sawcunhaos.organization.api.dto.Position$PositionBuilder	interno	classes
br.com.sawcunhaos.organization.application.usecase.corporate.position.PositionApiMapper	br.com.sawcunhaos.organization.api.dto.PositionWorkSchedule	interno	classes
br.com.sawcunhaos.organization.application.usecase.corporate.position.PositionApiMapper	br.com.sawcunhaos.organization.api.dto.PositionWorkSchedule$PositionWorkScheduleBuilder	interno	classes
br.com.sawcunhaos.organization.application.usecase.corporate.position.PositionApiMapper	br.com.sawcunhaos.organization.domain.corporate.department.dto.DepartmentOutput	externo	flow-organization-domain-1.0.0-SNAPSHOT.jar
br.com.sawcunhaos.organization.application.usecase.corporate.position.PositionApiMapper	br.com.sawcunhaos.organization.domain.corporate.position.dto.PositionOutput	externo	flow-organization-domain-1.0.0-SNAPSHOT.jar
br.com.sawcunhaos.organization.application.usecase.corporate.position.PositionApiMapper	br.com.sawcunhaos.organization.domain.corporate.position.dto.PositionWorkScheduleOutput	externo	flow-organization-domain-1.0.0-SNAPSHOT.jar
br.com.sawcunhaos.organization.application.usecase.corporate.position.PositionApiMapper	br.com.sawcunhaos.organization.domain.corporate.position.internal.DayOfWeek	externo	flow-organization-domain-1.0.0-SNAPSHOT.jar
br.com.sawcunhaos.organization.application.usecase.corporate.position.PositionApiMapper	java.lang.Boolean	jdk	java.base
br.com.sawcunhaos.organization.application.usecase.corporate.position.PositionApiMapper	java.lang.Long	jdk	java.base
br.com.sawcunhaos.organization.application.usecase.corporate.position.PositionApiMapper	java.lang.Object	jdk	java.base
br.com.sawcunhaos.organization.application.usecase.corporate.position.PositionApiMapper	java.lang.String	jdk	java.base
br.com.sawcunhaos.organization.application.usecase.corporate.position.PositionApiMapper	java.time.LocalTime	jdk	java.base
br.com.sawcunhaos.organization.application.usecase.corporate.position.UpdatePositionUseCase	br.com.sawcunhaos.organization.api.dto.UpdatePositionRequest	interno	classes
br.com.sawcunhaos.organization.application.usecase.corporate.position.UpdatePositionUseCase	java.lang.Long	jdk	java.base
br.com.sawcunhaos.organization.application.usecase.corporate.position.UpdatePositionUseCase	java.lang.Object	jdk	java.base
br.com.sawcunhaos.organization.application.usecase.corporate.position.UpdatePositionUseCaseBean	br.com.sawcunhaos.organization.api.dto.UpdatePositionRequest	interno	classes
br.com.sawcunhaos.organization.application.usecase.corporate.position.UpdatePositionUseCaseBean	br.com.sawcunhaos.organization.application.usecase.corporate.position.UpdatePositionUseCase	interno	classes
br.com.sawcunhaos.organization.application.usecase.corporate.position.UpdatePositionUseCaseBean	br.com.sawcunhaos.organization.domain.corporate.position.dto.PositionInput	externo	flow-organization-domain-1.0.0-SNAPSHOT.jar
br.com.sawcunhaos.organization.application.usecase.corporate.position.UpdatePositionUseCaseBean	br.com.sawcunhaos.organization.domain.corporate.position.dto.PositionInput$PositionInputBuilder	externo	flow-organization-domain-1.0.0-SNAPSHOT.jar
br.com.sawcunhaos.organization.application.usecase.corporate.position.UpdatePositionUseCaseBean	br.com.sawcunhaos.organization.domain.corporate.position.specification.PositionService	externo	flow-organization-domain-1.0.0-SNAPSHOT.jar
br.com.sawcunhaos.organization.application.usecase.corporate.position.UpdatePositionUseCaseBean	java.lang.Boolean	jdk	java.base
br.com.sawcunhaos.organization.application.usecase.corporate.position.UpdatePositionUseCaseBean	java.lang.Class	jdk	java.base
br.com.sawcunhaos.organization.application.usecase.corporate.position.UpdatePositionUseCaseBean	java.lang.Long	jdk	java.base
br.com.sawcunhaos.organization.application.usecase.corporate.position.UpdatePositionUseCaseBean	java.lang.Object	jdk	java.base
br.com.sawcunhaos.organization.application.usecase.corporate.position.UpdatePositionUseCaseBean	java.lang.String	jdk	java.base
br.com.sawcunhaos.organization.application.usecase.corporate.position.UpdatePositionUseCaseBean	org.slf4j.Logger	externo	slf4j-api-2.0.18.jar
br.com.sawcunhaos.organization.application.usecase.corporate.position.UpdatePositionUseCaseBean	org.slf4j.LoggerFactory	externo	slf4j-api-2.0.18.jar
br.com.sawcunhaos.organization.application.usecase.corporate.position.UpdatePositionUseCaseBean	org.springframework.stereotype.Service	externo	spring-context-7.0.9.jar
br.com.sawcunhaos.organization.application.usecase.corporate.position.UpdatePositionUseCaseBean	org.springframework.transaction.annotation.Transactional	externo	spring-tx-7.0.9.jar
br.com.sawcunhaos.organization.application.usecase.corporate.position.UpdatePositionWorkScheduleUseCase	br.com.sawcunhaos.organization.api.dto.DayOfWeek	interno	classes
br.com.sawcunhaos.organization.application.usecase.corporate.position.UpdatePositionWorkScheduleUseCase	br.com.sawcunhaos.organization.api.dto.UpdatePositionWorkScheduleRequest	interno	classes
br.com.sawcunhaos.organization.application.usecase.corporate.position.UpdatePositionWorkScheduleUseCase	java.lang.Long	jdk	java.base
br.com.sawcunhaos.organization.application.usecase.corporate.position.UpdatePositionWorkScheduleUseCase	java.lang.Object	jdk	java.base
br.com.sawcunhaos.organization.application.usecase.corporate.position.UpdatePositionWorkScheduleUseCaseBean	br.com.sawcunhaos.organization.api.dto.DayOfWeek	interno	classes
br.com.sawcunhaos.organization.application.usecase.corporate.position.UpdatePositionWorkScheduleUseCaseBean	br.com.sawcunhaos.organization.api.dto.UpdatePositionWorkScheduleRequest	interno	classes
br.com.sawcunhaos.organization.application.usecase.corporate.position.UpdatePositionWorkScheduleUseCaseBean	br.com.sawcunhaos.organization.application.usecase.corporate.position.UpdatePositionWorkScheduleUseCase	interno	classes
br.com.sawcunhaos.organization.application.usecase.corporate.position.UpdatePositionWorkScheduleUseCaseBean	br.com.sawcunhaos.organization.domain.corporate.position.dto.PositionWorkScheduleInput	externo	flow-organization-domain-1.0.0-SNAPSHOT.jar
br.com.sawcunhaos.organization.application.usecase.corporate.position.UpdatePositionWorkScheduleUseCaseBean	br.com.sawcunhaos.organization.domain.corporate.position.dto.PositionWorkScheduleInput$PositionWorkScheduleInputBuilder	externo	flow-organization-domain-1.0.0-SNAPSHOT.jar
br.com.sawcunhaos.organization.application.usecase.corporate.position.UpdatePositionWorkScheduleUseCaseBean	br.com.sawcunhaos.organization.domain.corporate.position.internal.DayOfWeek	externo	flow-organization-domain-1.0.0-SNAPSHOT.jar
br.com.sawcunhaos.organization.application.usecase.corporate.position.UpdatePositionWorkScheduleUseCaseBean	br.com.sawcunhaos.organization.domain.corporate.position.specification.PositionWorkScheduleService	externo	flow-organization-domain-1.0.0-SNAPSHOT.jar
br.com.sawcunhaos.organization.application.usecase.corporate.position.UpdatePositionWorkScheduleUseCaseBean	java.lang.Class	jdk	java.base
br.com.sawcunhaos.organization.application.usecase.corporate.position.UpdatePositionWorkScheduleUseCaseBean	java.lang.Long	jdk	java.base
br.com.sawcunhaos.organization.application.usecase.corporate.position.UpdatePositionWorkScheduleUseCaseBean	java.lang.Object	jdk	java.base
br.com.sawcunhaos.organization.application.usecase.corporate.position.UpdatePositionWorkScheduleUseCaseBean	java.lang.String	jdk	java.base
br.com.sawcunhaos.organization.application.usecase.corporate.position.UpdatePositionWorkScheduleUseCaseBean	java.time.LocalTime	jdk	java.base
br.com.sawcunhaos.organization.application.usecase.corporate.position.UpdatePositionWorkScheduleUseCaseBean	org.slf4j.Logger	externo	slf4j-api-2.0.18.jar
br.com.sawcunhaos.organization.application.usecase.corporate.position.UpdatePositionWorkScheduleUseCaseBean	org.slf4j.LoggerFactory	externo	slf4j-api-2.0.18.jar
br.com.sawcunhaos.organization.application.usecase.corporate.position.UpdatePositionWorkScheduleUseCaseBean	org.springframework.stereotype.Service	externo	spring-context-7.0.9.jar
br.com.sawcunhaos.organization.application.usecase.corporate.position.UpdatePositionWorkScheduleUseCaseBean	org.springframework.transaction.annotation.Transactional	externo	spring-tx-7.0.9.jar
br.com.sawcunhaos.organization.application.usecase.utils.PaginatioUtils	br.com.sawcunhaos.foundation.core.sort.PropertiesOrder	externo	scos-foundation-core-1.2.0-SNAPSHOT.jar
br.com.sawcunhaos.organization.application.usecase.utils.PaginatioUtils	br.com.sawcunhaos.foundation.web.PaginationUtils	externo	scos-foundation-web-1.2.0-SNAPSHOT.jar
br.com.sawcunhaos.organization.application.usecase.utils.PaginatioUtils	br.com.sawcunhaos.organization.api.dto.Direction	interno	classes
br.com.sawcunhaos.organization.application.usecase.utils.PaginatioUtils	br.com.sawcunhaos.organization.api.dto.PaginationFilter	interno	classes
br.com.sawcunhaos.organization.application.usecase.utils.PaginatioUtils	br.com.sawcunhaos.organization.api.dto.ScosPaginated	interno	classes
br.com.sawcunhaos.organization.application.usecase.utils.PaginatioUtils	br.com.sawcunhaos.organization.api.dto.ScosPaginated$ScosPaginatedBuilder	interno	classes
br.com.sawcunhaos.organization.application.usecase.utils.PaginatioUtils	java.lang.Integer	jdk	java.base
br.com.sawcunhaos.organization.application.usecase.utils.PaginatioUtils	java.lang.Long	jdk	java.base
br.com.sawcunhaos.organization.application.usecase.utils.PaginatioUtils	java.lang.Object	jdk	java.base
br.com.sawcunhaos.organization.application.usecase.utils.PaginatioUtils	java.lang.String	jdk	java.base
br.com.sawcunhaos.organization.application.usecase.utils.PaginatioUtils	java.util.List	jdk	java.base
br.com.sawcunhaos.organization.application.usecase.utils.PaginatioUtils	java.util.Objects	jdk	java.base
br.com.sawcunhaos.organization.application.usecase.utils.PaginatioUtils	org.springframework.data.domain.Page	externo	spring-data-commons-4.1.1.jar
br.com.sawcunhaos.organization.application.usecase.utils.PaginatioUtils	org.springframework.data.domain.Pageable	externo	spring-data-commons-4.1.1.jar
br.com.sawcunhaos.organization.application.usecase.utils.PaginatioUtils	org.springframework.data.domain.Sort	externo	spring-data-commons-4.1.1.jar
br.com.sawcunhaos.organization.application.usecase.utils.PaginatioUtils	org.springframework.data.domain.Sort$Direction	externo	spring-data-commons-4.1.1.jar
